Country Code,Year,literacy_rate
AFG,1960,N/A
AGO,1960,N/A
ALB,1960,N/A
ARE,1960,N/A
ARG,1960,N/A
ARM,1960,N/A
ASM,1960,N/A
ATG,1960,N/A
AUS,1960,N/A
AUT,1960,N/A
AZE,1960,N/A
BDI,1960,N/A
BEL,1960,N/A
BEN,1960,N/A
BFA,1960,N/A
BGD,1960,N/A
BGR,1960,N/A
BHR,1960,N/A
BHS,1960,N/A
BIH,1960,N/A
BLR,1960,N/A
BLZ,1960,N/A
BMU,1960,N/A
BOL,1960,N/A
BRA,1960,N/A
BRB,1960,N/A
BRN,1960,N/A
BTN,1960,N/A
BWA,1960,N/A
CAF,1960,N/A
CAN,1960,N/A
CHE,1960,N/A
CHL,1960,N/A
CHN,1960,N/A
CIV,1960,N/A
CMR,1960,N/A
COD,1960,N/A
COG,1960,N/A
COL,1960,N/A
COM,1960,N/A
CPV,1960,N/A
CRI,1960,N/A
CUB,1960,N/A
CYM,1960,N/A
CYP,1960,N/A
CZE,1960,N/A
DEU,1960,N/A
DJI,1960,N/A
DMA,1960,N/A
DNK,1960,N/A
DOM,1960,N/A
DZA,1960,N/A
ECU,1960,N/A
EGY,1960,N/A
ERI,1960,N/A
ESP,1960,N/A
EST,1960,N/A
ETH,1960,N/A
FIN,1960,N/A
FJI,1960,N/A
FRA,1960,N/A
FSM,1960,N/A
GAB,1960,N/A
GBR,1960,N/A
GEO,1960,N/A
GHA,1960,N/A
GIN,1960,N/A
GMB,1960,N/A
GNB,1960,N/A
GNQ,1960,N/A
GRC,1960,N/A
GRD,1960,N/A
GTM,1960,N/A
GUM,1960,N/A
GUY,1960,N/A
HKG,1960,N/A
HND,1960,N/A
HRV,1960,N/A
HTI,1960,N/A
HUN,1960,N/A
IDN,1960,N/A
IND,1960,N/A
IRL,1960,N/A
IRN,1960,N/A
IRQ,1960,N/A
ISL,1960,N/A
ISR,1960,N/A
ITA,1960,N/A
JAM,1960,N/A
JOR,1960,N/A
JPN,1960,N/A
KAZ,1960,N/A
KEN,1960,N/A
KGZ,1960,N/A
KHM,1960,N/A
KIR,1960,N/A
KNA,1960,N/A
KOR,1960,N/A
KWT,1960,N/A
LAO,1960,N/A
LBN,1960,N/A
LBR,1960,N/A
LBY,1960,N/A
LCA,1960,N/A
LIE,1960,N/A
LKA,1960,N/A
LSO,1960,N/A
LTU,1960,N/A
LUX,1960,N/A
LVA,1960,N/A
MAC,1960,N/A
MAF,1960,N/A
MAR,1960,N/A
MDA,1960,N/A
MDG,1960,N/A
MDV,1960,N/A
MEX,1960,N/A
MHL,1960,N/A
MKD,1960,N/A
MLI,1960,N/A
MLT,1960,N/A
MMR,1960,N/A
MNE,1960,N/A
MNG,1960,N/A
MNP,1960,N/A
MOZ,1960,N/A
MRT,1960,N/A
MUS,1960,N/A
MWI,1960,N/A
MYS,1960,N/A
NAM,1960,N/A
NCL,1960,N/A
NER,1960,N/A
NGA,1960,N/A
NIC,1960,N/A
NLD,1960,N/A
NOR,1960,N/A
NPL,1960,N/A
NZL,1960,N/A
OMN,1960,N/A
PAK,1960,N/A
PAN,1960,N/A
PER,1960,N/A
PHL,1960,N/A
PLW,1960,N/A
PNG,1960,N/A
POL,1960,N/A
PRI,1960,N/A
PRK,1960,N/A
PRT,1960,N/A
PRY,1960,N/A
PSE,1960,N/A
PYF,1960,N/A
QAT,1960,N/A
ROU,1960,N/A
RUS,1960,N/A
RWA,1960,N/A
SAU,1960,N/A
SDN,1960,N/A
SEN,1960,N/A
SGP,1960,N/A
SLB,1960,N/A
SLE,1960,N/A
SLV,1960,N/A
SOM,1960,N/A
SRB,1960,N/A
SSD,1960,N/A
STP,1960,N/A
SUR,1960,N/A
SVK,1960,N/A
SVN,1960,N/A
SWE,1960,N/A
SWZ,1960,N/A
SXM,1960,N/A
SYC,1960,N/A
SYR,1960,N/A
TCA,1960,N/A
TCD,1960,N/A
TGO,1960,N/A
THA,1960,N/A
TJK,1960,N/A
TKM,1960,N/A
TLS,1960,N/A
TON,1960,N/A
TTO,1960,N/A
TUN,1960,N/A
TUR,1960,N/A
TUV,1960,N/A
TZA,1960,N/A
UGA,1960,N/A
UKR,1960,N/A
URY,1960,N/A
USA,1960,N/A
UZB,1960,N/A
VCT,1960,N/A
VEN,1960,N/A
VGB,1960,N/A
VIR,1960,N/A
VNM,1960,N/A
VUT,1960,N/A
WSM,1960,N/A
YEM,1960,N/A
ZAF,1960,N/A
ZMB,1960,N/A
ZWE,1960,N/A
AFG,1961,N/A
AGO,1961,N/A
ALB,1961,N/A
ARE,1961,N/A
ARG,1961,N/A
ARM,1961,N/A
ASM,1961,N/A
ATG,1961,N/A
AUS,1961,N/A
AUT,1961,N/A
AZE,1961,N/A
BDI,1961,N/A
BEL,1961,N/A
BEN,1961,N/A
BFA,1961,N/A
BGD,1961,N/A
BGR,1961,N/A
BHR,1961,N/A
BHS,1961,N/A
BIH,1961,N/A
BLR,1961,N/A
BLZ,1961,N/A
BMU,1961,N/A
BOL,1961,N/A
BRA,1961,N/A
BRB,1961,N/A
BRN,1961,N/A
BTN,1961,N/A
BWA,1961,N/A
CAF,1961,N/A
CAN,1961,N/A
CHE,1961,N/A
CHL,1961,N/A
CHN,1961,N/A
CIV,1961,N/A
CMR,1961,N/A
COD,1961,N/A
COG,1961,N/A
COL,1961,N/A
COM,1961,N/A
CPV,1961,N/A
CRI,1961,N/A
CUB,1961,N/A
CYM,1961,N/A
CYP,1961,N/A
CZE,1961,N/A
DEU,1961,N/A
DJI,1961,N/A
DMA,1961,N/A
DNK,1961,N/A
DOM,1961,N/A
DZA,1961,N/A
ECU,1961,N/A
EGY,1961,N/A
ERI,1961,N/A
ESP,1961,N/A
EST,1961,N/A
ETH,1961,N/A
FIN,1961,N/A
FJI,1961,N/A
FRA,1961,N/A
FSM,1961,N/A
GAB,1961,N/A
GBR,1961,N/A
GEO,1961,N/A
GHA,1961,N/A
GIN,1961,N/A
GMB,1961,N/A
GNB,1961,N/A
GNQ,1961,N/A
GRC,1961,N/A
GRD,1961,N/A
GTM,1961,N/A
GUM,1961,N/A
GUY,1961,N/A
HKG,1961,N/A
HND,1961,N/A
HRV,1961,N/A
HTI,1961,N/A
HUN,1961,N/A
IDN,1961,N/A
IND,1961,N/A
IRL,1961,N/A
IRN,1961,N/A
IRQ,1961,N/A
ISL,1961,N/A
ISR,1961,N/A
ITA,1961,N/A
JAM,1961,N/A
JOR,1961,N/A
JPN,1961,N/A
KAZ,1961,N/A
KEN,1961,N/A
KGZ,1961,N/A
KHM,1961,N/A
KIR,1961,N/A
KNA,1961,N/A
KOR,1961,N/A
KWT,1961,N/A
LAO,1961,N/A
LBN,1961,N/A
LBR,1961,N/A
LBY,1961,N/A
LCA,1961,N/A
LIE,1961,N/A
LKA,1961,N/A
LSO,1961,N/A
LTU,1961,N/A
LUX,1961,N/A
LVA,1961,N/A
MAC,1961,N/A
MAF,1961,N/A
MAR,1961,N/A
MDA,1961,N/A
MDG,1961,N/A
MDV,1961,N/A
MEX,1961,N/A
MHL,1961,N/A
MKD,1961,N/A
MLI,1961,N/A
MLT,1961,N/A
MMR,1961,N/A
MNE,1961,N/A
MNG,1961,N/A
MNP,1961,N/A
MOZ,1961,N/A
MRT,1961,N/A
MUS,1961,N/A
MWI,1961,N/A
MYS,1961,N/A
NAM,1961,N/A
NCL,1961,N/A
NER,1961,N/A
NGA,1961,N/A
NIC,1961,N/A
NLD,1961,N/A
NOR,1961,N/A
NPL,1961,N/A
NZL,1961,N/A
OMN,1961,N/A
PAK,1961,N/A
PAN,1961,N/A
PER,1961,N/A
PHL,1961,N/A
PLW,1961,N/A
PNG,1961,N/A
POL,1961,N/A
PRI,1961,N/A
PRK,1961,N/A
PRT,1961,N/A
PRY,1961,N/A
PSE,1961,N/A
PYF,1961,N/A
QAT,1961,N/A
ROU,1961,N/A
RUS,1961,N/A
RWA,1961,N/A
SAU,1961,N/A
SDN,1961,N/A
SEN,1961,N/A
SGP,1961,N/A
SLB,1961,N/A
SLE,1961,N/A
SLV,1961,N/A
SOM,1961,N/A
SRB,1961,N/A
SSD,1961,N/A
STP,1961,N/A
SUR,1961,N/A
SVK,1961,N/A
SVN,1961,N/A
SWE,1961,N/A
SWZ,1961,N/A
SXM,1961,N/A
SYC,1961,N/A
SYR,1961,N/A
TCA,1961,N/A
TCD,1961,N/A
TGO,1961,N/A
THA,1961,N/A
TJK,1961,N/A
TKM,1961,N/A
TLS,1961,N/A
TON,1961,N/A
TTO,1961,N/A
TUN,1961,N/A
TUR,1961,N/A
TUV,1961,N/A
TZA,1961,N/A
UGA,1961,N/A
UKR,1961,N/A
URY,1961,N/A
USA,1961,N/A
UZB,1961,N/A
VCT,1961,N/A
VEN,1961,N/A
VGB,1961,N/A
VIR,1961,N/A
VNM,1961,N/A
VUT,1961,N/A
WSM,1961,N/A
YEM,1961,N/A
ZAF,1961,N/A
ZMB,1961,N/A
ZWE,1961,N/A
AFG,1962,N/A
AGO,1962,N/A
ALB,1962,N/A
ARE,1962,N/A
ARG,1962,N/A
ARM,1962,N/A
ASM,1962,N/A
ATG,1962,N/A
AUS,1962,N/A
AUT,1962,N/A
AZE,1962,N/A
BDI,1962,N/A
BEL,1962,N/A
BEN,1962,N/A
BFA,1962,N/A
BGD,1962,N/A
BGR,1962,N/A
BHR,1962,N/A
BHS,1962,N/A
BIH,1962,N/A
BLR,1962,N/A
BLZ,1962,N/A
BMU,1962,N/A
BOL,1962,N/A
BRA,1962,N/A
BRB,1962,N/A
BRN,1962,N/A
BTN,1962,N/A
BWA,1962,N/A
CAF,1962,N/A
CAN,1962,N/A
CHE,1962,N/A
CHL,1962,N/A
CHN,1962,N/A
CIV,1962,N/A
CMR,1962,N/A
COD,1962,N/A
COG,1962,N/A
COL,1962,N/A
COM,1962,N/A
CPV,1962,N/A
CRI,1962,N/A
CUB,1962,N/A
CYM,1962,N/A
CYP,1962,N/A
CZE,1962,N/A
DEU,1962,N/A
DJI,1962,N/A
DMA,1962,N/A
DNK,1962,N/A
DOM,1962,N/A
DZA,1962,N/A
ECU,1962,N/A
EGY,1962,N/A
ERI,1962,N/A
ESP,1962,N/A
EST,1962,N/A
ETH,1962,N/A
FIN,1962,N/A
FJI,1962,N/A
FRA,1962,N/A
FSM,1962,N/A
GAB,1962,N/A
GBR,1962,N/A
GEO,1962,N/A
GHA,1962,N/A
GIN,1962,N/A
GMB,1962,N/A
GNB,1962,N/A
GNQ,1962,N/A
GRC,1962,N/A
GRD,1962,N/A
GTM,1962,N/A
GUM,1962,N/A
GUY,1962,N/A
HKG,1962,N/A
HND,1962,N/A
HRV,1962,N/A
HTI,1962,N/A
HUN,1962,N/A
IDN,1962,N/A
IND,1962,N/A
IRL,1962,N/A
IRN,1962,N/A
IRQ,1962,N/A
ISL,1962,N/A
ISR,1962,N/A
ITA,1962,N/A
JAM,1962,N/A
JOR,1962,N/A
JPN,1962,N/A
KAZ,1962,N/A
KEN,1962,N/A
KGZ,1962,N/A
KHM,1962,N/A
KIR,1962,N/A
KNA,1962,N/A
KOR,1962,N/A
KWT,1962,N/A
LAO,1962,N/A
LBN,1962,N/A
LBR,1962,N/A
LBY,1962,N/A
LCA,1962,N/A
LIE,1962,N/A
LKA,1962,N/A
LSO,1962,N/A
LTU,1962,N/A
LUX,1962,N/A
LVA,1962,N/A
MAC,1962,N/A
MAF,1962,N/A
MAR,1962,N/A
MDA,1962,N/A
MDG,1962,N/A
MDV,1962,N/A
MEX,1962,N/A
MHL,1962,N/A
MKD,1962,N/A
MLI,1962,N/A
MLT,1962,N/A
MMR,1962,N/A
MNE,1962,N/A
MNG,1962,N/A
MNP,1962,N/A
MOZ,1962,N/A
MRT,1962,N/A
MUS,1962,N/A
MWI,1962,N/A
MYS,1962,N/A
NAM,1962,N/A
NCL,1962,N/A
NER,1962,N/A
NGA,1962,N/A
NIC,1962,N/A
NLD,1962,N/A
NOR,1962,N/A
NPL,1962,N/A
NZL,1962,N/A
OMN,1962,N/A
PAK,1962,N/A
PAN,1962,N/A
PER,1962,N/A
PHL,1962,N/A
PLW,1962,N/A
PNG,1962,N/A
POL,1962,N/A
PRI,1962,N/A
PRK,1962,N/A
PRT,1962,N/A
PRY,1962,N/A
PSE,1962,N/A
PYF,1962,N/A
QAT,1962,N/A
ROU,1962,N/A
RUS,1962,N/A
RWA,1962,N/A
SAU,1962,N/A
SDN,1962,N/A
SEN,1962,N/A
SGP,1962,N/A
SLB,1962,N/A
SLE,1962,N/A
SLV,1962,N/A
SOM,1962,N/A
SRB,1962,N/A
SSD,1962,N/A
STP,1962,N/A
SUR,1962,N/A
SVK,1962,N/A
SVN,1962,N/A
SWE,1962,N/A
SWZ,1962,N/A
SXM,1962,N/A
SYC,1962,N/A
SYR,1962,N/A
TCA,1962,N/A
TCD,1962,N/A
TGO,1962,N/A
THA,1962,N/A
TJK,1962,N/A
TKM,1962,N/A
TLS,1962,N/A
TON,1962,N/A
TTO,1962,N/A
TUN,1962,N/A
TUR,1962,N/A
TUV,1962,N/A
TZA,1962,N/A
UGA,1962,N/A
UKR,1962,N/A
URY,1962,N/A
USA,1962,N/A
UZB,1962,N/A
VCT,1962,N/A
VEN,1962,N/A
VGB,1962,N/A
VIR,1962,N/A
VNM,1962,N/A
VUT,1962,N/A
WSM,1962,N/A
YEM,1962,N/A
ZAF,1962,N/A
ZMB,1962,N/A
ZWE,1962,N/A
AFG,1963,N/A
AGO,1963,N/A
ALB,1963,N/A
ARE,1963,N/A
ARG,1963,N/A
ARM,1963,N/A
ASM,1963,N/A
ATG,1963,N/A
AUS,1963,N/A
AUT,1963,N/A
AZE,1963,N/A
BDI,1963,N/A
BEL,1963,N/A
BEN,1963,N/A
BFA,1963,N/A
BGD,1963,N/A
BGR,1963,N/A
BHR,1963,N/A
BHS,1963,N/A
BIH,1963,N/A
BLR,1963,N/A
BLZ,1963,N/A
BMU,1963,N/A
BOL,1963,N/A
BRA,1963,N/A
BRB,1963,N/A
BRN,1963,N/A
BTN,1963,N/A
BWA,1963,N/A
CAF,1963,N/A
CAN,1963,N/A
CHE,1963,N/A
CHL,1963,N/A
CHN,1963,N/A
CIV,1963,N/A
CMR,1963,N/A
COD,1963,N/A
COG,1963,N/A
COL,1963,N/A
COM,1963,N/A
CPV,1963,N/A
CRI,1963,N/A
CUB,1963,N/A
CYM,1963,N/A
CYP,1963,N/A
CZE,1963,N/A
DEU,1963,N/A
DJI,1963,N/A
DMA,1963,N/A
DNK,1963,N/A
DOM,1963,N/A
DZA,1963,N/A
ECU,1963,N/A
EGY,1963,N/A
ERI,1963,N/A
ESP,1963,N/A
EST,1963,N/A
ETH,1963,N/A
FIN,1963,N/A
FJI,1963,N/A
FRA,1963,N/A
FSM,1963,N/A
GAB,1963,N/A
GBR,1963,N/A
GEO,1963,N/A
GHA,1963,N/A
GIN,1963,N/A
GMB,1963,N/A
GNB,1963,N/A
GNQ,1963,N/A
GRC,1963,N/A
GRD,1963,N/A
GTM,1963,N/A
GUM,1963,N/A
GUY,1963,N/A
HKG,1963,N/A
HND,1963,N/A
HRV,1963,N/A
HTI,1963,N/A
HUN,1963,N/A
IDN,1963,N/A
IND,1963,N/A
IRL,1963,N/A
IRN,1963,N/A
IRQ,1963,N/A
ISL,1963,N/A
ISR,1963,N/A
ITA,1963,N/A
JAM,1963,N/A
JOR,1963,N/A
JPN,1963,N/A
KAZ,1963,N/A
KEN,1963,N/A
KGZ,1963,N/A
KHM,1963,N/A
KIR,1963,N/A
KNA,1963,N/A
KOR,1963,N/A
KWT,1963,N/A
LAO,1963,N/A
LBN,1963,N/A
LBR,1963,N/A
LBY,1963,N/A
LCA,1963,N/A
LIE,1963,N/A
LKA,1963,N/A
LSO,1963,N/A
LTU,1963,N/A
LUX,1963,N/A
LVA,1963,N/A
MAC,1963,N/A
MAF,1963,N/A
MAR,1963,N/A
MDA,1963,N/A
MDG,1963,N/A
MDV,1963,N/A
MEX,1963,N/A
MHL,1963,N/A
MKD,1963,N/A
MLI,1963,N/A
MLT,1963,N/A
MMR,1963,N/A
MNE,1963,N/A
MNG,1963,N/A
MNP,1963,N/A
MOZ,1963,N/A
MRT,1963,N/A
MUS,1963,N/A
MWI,1963,N/A
MYS,1963,N/A
NAM,1963,N/A
NCL,1963,N/A
NER,1963,N/A
NGA,1963,N/A
NIC,1963,N/A
NLD,1963,N/A
NOR,1963,N/A
NPL,1963,N/A
NZL,1963,N/A
OMN,1963,N/A
PAK,1963,N/A
PAN,1963,N/A
PER,1963,N/A
PHL,1963,N/A
PLW,1963,N/A
PNG,1963,N/A
POL,1963,N/A
PRI,1963,N/A
PRK,1963,N/A
PRT,1963,N/A
PRY,1963,N/A
PSE,1963,N/A
PYF,1963,N/A
QAT,1963,N/A
ROU,1963,N/A
RUS,1963,N/A
RWA,1963,N/A
SAU,1963,N/A
SDN,1963,N/A
SEN,1963,N/A
SGP,1963,N/A
SLB,1963,N/A
SLE,1963,N/A
SLV,1963,N/A
SOM,1963,N/A
SRB,1963,N/A
SSD,1963,N/A
STP,1963,N/A
SUR,1963,N/A
SVK,1963,N/A
SVN,1963,N/A
SWE,1963,N/A
SWZ,1963,N/A
SXM,1963,N/A
SYC,1963,N/A
SYR,1963,N/A
TCA,1963,N/A
TCD,1963,N/A
TGO,1963,N/A
THA,1963,N/A
TJK,1963,N/A
TKM,1963,N/A
TLS,1963,N/A
TON,1963,N/A
TTO,1963,N/A
TUN,1963,N/A
TUR,1963,N/A
TUV,1963,N/A
TZA,1963,N/A
UGA,1963,N/A
UKR,1963,N/A
URY,1963,N/A
USA,1963,N/A
UZB,1963,N/A
VCT,1963,N/A
VEN,1963,N/A
VGB,1963,N/A
VIR,1963,N/A
VNM,1963,N/A
VUT,1963,N/A
WSM,1963,N/A
YEM,1963,N/A
ZAF,1963,N/A
ZMB,1963,N/A
ZWE,1963,N/A
AFG,1964,N/A
AGO,1964,N/A
ALB,1964,N/A
ARE,1964,N/A
ARG,1964,N/A
ARM,1964,N/A
ASM,1964,N/A
ATG,1964,N/A
AUS,1964,N/A
AUT,1964,N/A
AZE,1964,N/A
BDI,1964,N/A
BEL,1964,N/A
BEN,1964,N/A
BFA,1964,N/A
BGD,1964,N/A
BGR,1964,N/A
BHR,1964,N/A
BHS,1964,N/A
BIH,1964,N/A
BLR,1964,N/A
BLZ,1964,N/A
BMU,1964,N/A
BOL,1964,N/A
BRA,1964,N/A
BRB,1964,N/A
BRN,1964,N/A
BTN,1964,N/A
BWA,1964,N/A
CAF,1964,N/A
CAN,1964,N/A
CHE,1964,N/A
CHL,1964,N/A
CHN,1964,N/A
CIV,1964,N/A
CMR,1964,N/A
COD,1964,N/A
COG,1964,N/A
COL,1964,N/A
COM,1964,N/A
CPV,1964,N/A
CRI,1964,N/A
CUB,1964,N/A
CYM,1964,N/A
CYP,1964,N/A
CZE,1964,N/A
DEU,1964,N/A
DJI,1964,N/A
DMA,1964,N/A
DNK,1964,N/A
DOM,1964,N/A
DZA,1964,N/A
ECU,1964,N/A
EGY,1964,N/A
ERI,1964,N/A
ESP,1964,N/A
EST,1964,N/A
ETH,1964,N/A
FIN,1964,N/A
FJI,1964,N/A
FRA,1964,N/A
FSM,1964,N/A
GAB,1964,N/A
GBR,1964,N/A
GEO,1964,N/A
GHA,1964,N/A
GIN,1964,N/A
GMB,1964,N/A
GNB,1964,N/A
GNQ,1964,N/A
GRC,1964,N/A
GRD,1964,N/A
GTM,1964,N/A
GUM,1964,N/A
GUY,1964,N/A
HKG,1964,N/A
HND,1964,N/A
HRV,1964,N/A
HTI,1964,N/A
HUN,1964,N/A
IDN,1964,N/A
IND,1964,N/A
IRL,1964,N/A
IRN,1964,N/A
IRQ,1964,N/A
ISL,1964,N/A
ISR,1964,N/A
ITA,1964,N/A
JAM,1964,N/A
JOR,1964,N/A
JPN,1964,N/A
KAZ,1964,N/A
KEN,1964,N/A
KGZ,1964,N/A
KHM,1964,N/A
KIR,1964,N/A
KNA,1964,N/A
KOR,1964,N/A
KWT,1964,N/A
LAO,1964,N/A
LBN,1964,N/A
LBR,1964,N/A
LBY,1964,N/A
LCA,1964,N/A
LIE,1964,N/A
LKA,1964,N/A
LSO,1964,N/A
LTU,1964,N/A
LUX,1964,N/A
LVA,1964,N/A
MAC,1964,N/A
MAF,1964,N/A
MAR,1964,N/A
MDA,1964,N/A
MDG,1964,N/A
MDV,1964,N/A
MEX,1964,N/A
MHL,1964,N/A
MKD,1964,N/A
MLI,1964,N/A
MLT,1964,N/A
MMR,1964,N/A
MNE,1964,N/A
MNG,1964,N/A
MNP,1964,N/A
MOZ,1964,N/A
MRT,1964,N/A
MUS,1964,N/A
MWI,1964,N/A
MYS,1964,N/A
NAM,1964,N/A
NCL,1964,N/A
NER,1964,N/A
NGA,1964,N/A
NIC,1964,N/A
NLD,1964,N/A
NOR,1964,N/A
NPL,1964,N/A
NZL,1964,N/A
OMN,1964,N/A
PAK,1964,N/A
PAN,1964,N/A
PER,1964,N/A
PHL,1964,N/A
PLW,1964,N/A
PNG,1964,N/A
POL,1964,N/A
PRI,1964,N/A
PRK,1964,N/A
PRT,1964,N/A
PRY,1964,N/A
PSE,1964,N/A
PYF,1964,N/A
QAT,1964,N/A
ROU,1964,N/A
RUS,1964,N/A
RWA,1964,N/A
SAU,1964,N/A
SDN,1964,N/A
SEN,1964,N/A
SGP,1964,N/A
SLB,1964,N/A
SLE,1964,N/A
SLV,1964,N/A
SOM,1964,N/A
SRB,1964,N/A
SSD,1964,N/A
STP,1964,N/A
SUR,1964,N/A
SVK,1964,N/A
SVN,1964,N/A
SWE,1964,N/A
SWZ,1964,N/A
SXM,1964,N/A
SYC,1964,N/A
SYR,1964,N/A
TCA,1964,N/A
TCD,1964,N/A
TGO,1964,N/A
THA,1964,N/A
TJK,1964,N/A
TKM,1964,N/A
TLS,1964,N/A
TON,1964,N/A
TTO,1964,N/A
TUN,1964,N/A
TUR,1964,N/A
TUV,1964,N/A
TZA,1964,N/A
UGA,1964,N/A
UKR,1964,N/A
URY,1964,N/A
USA,1964,N/A
UZB,1964,N/A
VCT,1964,N/A
VEN,1964,N/A
VGB,1964,N/A
VIR,1964,N/A
VNM,1964,N/A
VUT,1964,N/A
WSM,1964,N/A
YEM,1964,N/A
ZAF,1964,N/A
ZMB,1964,N/A
ZWE,1964,N/A
AFG,1965,N/A
AGO,1965,N/A
ALB,1965,N/A
ARE,1965,N/A
ARG,1965,N/A
ARM,1965,N/A
ASM,1965,N/A
ATG,1965,N/A
AUS,1965,N/A
AUT,1965,N/A
AZE,1965,N/A
BDI,1965,N/A
BEL,1965,N/A
BEN,1965,N/A
BFA,1965,N/A
BGD,1965,N/A
BGR,1965,N/A
BHR,1965,N/A
BHS,1965,N/A
BIH,1965,N/A
BLR,1965,N/A
BLZ,1965,N/A
BMU,1965,N/A
BOL,1965,N/A
BRA,1965,N/A
BRB,1965,N/A
BRN,1965,N/A
BTN,1965,N/A
BWA,1965,N/A
CAF,1965,N/A
CAN,1965,N/A
CHE,1965,N/A
CHL,1965,N/A
CHN,1965,N/A
CIV,1965,N/A
CMR,1965,N/A
COD,1965,N/A
COG,1965,N/A
COL,1965,N/A
COM,1965,N/A
CPV,1965,N/A
CRI,1965,N/A
CUB,1965,N/A
CYM,1965,N/A
CYP,1965,N/A
CZE,1965,N/A
DEU,1965,N/A
DJI,1965,N/A
DMA,1965,N/A
DNK,1965,N/A
DOM,1965,N/A
DZA,1965,N/A
ECU,1965,N/A
EGY,1965,N/A
ERI,1965,N/A
ESP,1965,N/A
EST,1965,N/A
ETH,1965,N/A
FIN,1965,N/A
FJI,1965,N/A
FRA,1965,N/A
FSM,1965,N/A
GAB,1965,N/A
GBR,1965,N/A
GEO,1965,N/A
GHA,1965,N/A
GIN,1965,N/A
GMB,1965,N/A
GNB,1965,N/A
GNQ,1965,N/A
GRC,1965,N/A
GRD,1965,N/A
GTM,1965,N/A
GUM,1965,N/A
GUY,1965,N/A
HKG,1965,N/A
HND,1965,N/A
HRV,1965,N/A
HTI,1965,N/A
HUN,1965,N/A
IDN,1965,N/A
IND,1965,N/A
IRL,1965,N/A
IRN,1965,N/A
IRQ,1965,N/A
ISL,1965,N/A
ISR,1965,N/A
ITA,1965,N/A
JAM,1965,N/A
JOR,1965,N/A
JPN,1965,N/A
KAZ,1965,N/A
KEN,1965,N/A
KGZ,1965,N/A
KHM,1965,N/A
KIR,1965,N/A
KNA,1965,N/A
KOR,1965,N/A
KWT,1965,N/A
LAO,1965,N/A
LBN,1965,N/A
LBR,1965,N/A
LBY,1965,N/A
LCA,1965,N/A
LIE,1965,N/A
LKA,1965,N/A
LSO,1965,N/A
LTU,1965,N/A
LUX,1965,N/A
LVA,1965,N/A
MAC,1965,N/A
MAF,1965,N/A
MAR,1965,N/A
MDA,1965,N/A
MDG,1965,N/A
MDV,1965,N/A
MEX,1965,N/A
MHL,1965,N/A
MKD,1965,N/A
MLI,1965,N/A
MLT,1965,N/A
MMR,1965,N/A
MNE,1965,N/A
MNG,1965,N/A
MNP,1965,N/A
MOZ,1965,N/A
MRT,1965,N/A
MUS,1965,N/A
MWI,1965,N/A
MYS,1965,N/A
NAM,1965,N/A
NCL,1965,N/A
NER,1965,N/A
NGA,1965,N/A
NIC,1965,N/A
NLD,1965,N/A
NOR,1965,N/A
NPL,1965,N/A
NZL,1965,N/A
OMN,1965,N/A
PAK,1965,N/A
PAN,1965,N/A
PER,1965,N/A
PHL,1965,N/A
PLW,1965,N/A
PNG,1965,N/A
POL,1965,N/A
PRI,1965,N/A
PRK,1965,N/A
PRT,1965,N/A
PRY,1965,N/A
PSE,1965,N/A
PYF,1965,N/A
QAT,1965,N/A
ROU,1965,N/A
RUS,1965,N/A
RWA,1965,N/A
SAU,1965,N/A
SDN,1965,N/A
SEN,1965,N/A
SGP,1965,N/A
SLB,1965,N/A
SLE,1965,N/A
SLV,1965,N/A
SOM,1965,N/A
SRB,1965,N/A
SSD,1965,N/A
STP,1965,N/A
SUR,1965,N/A
SVK,1965,N/A
SVN,1965,N/A
SWE,1965,N/A
SWZ,1965,N/A
SXM,1965,N/A
SYC,1965,N/A
SYR,1965,N/A
TCA,1965,N/A
TCD,1965,N/A
TGO,1965,N/A
THA,1965,N/A
TJK,1965,N/A
TKM,1965,N/A
TLS,1965,N/A
TON,1965,N/A
TTO,1965,N/A
TUN,1965,N/A
TUR,1965,N/A
TUV,1965,N/A
TZA,1965,N/A
UGA,1965,N/A
UKR,1965,N/A
URY,1965,N/A
USA,1965,N/A
UZB,1965,N/A
VCT,1965,N/A
VEN,1965,N/A
VGB,1965,N/A
VIR,1965,N/A
VNM,1965,N/A
VUT,1965,N/A
WSM,1965,N/A
YEM,1965,N/A
ZAF,1965,N/A
ZMB,1965,N/A
ZWE,1965,N/A
AFG,1966,N/A
AGO,1966,N/A
ALB,1966,N/A
ARE,1966,N/A
ARG,1966,N/A
ARM,1966,N/A
ASM,1966,N/A
ATG,1966,N/A
AUS,1966,N/A
AUT,1966,N/A
AZE,1966,N/A
BDI,1966,N/A
BEL,1966,N/A
BEN,1966,N/A
BFA,1966,N/A
BGD,1966,N/A
BGR,1966,N/A
BHR,1966,N/A
BHS,1966,N/A
BIH,1966,N/A
BLR,1966,N/A
BLZ,1966,N/A
BMU,1966,N/A
BOL,1966,N/A
BRA,1966,N/A
BRB,1966,N/A
BRN,1966,N/A
BTN,1966,N/A
BWA,1966,N/A
CAF,1966,N/A
CAN,1966,N/A
CHE,1966,N/A
CHL,1966,N/A
CHN,1966,N/A
CIV,1966,N/A
CMR,1966,N/A
COD,1966,N/A
COG,1966,N/A
COL,1966,N/A
COM,1966,N/A
CPV,1966,N/A
CRI,1966,N/A
CUB,1966,N/A
CYM,1966,N/A
CYP,1966,N/A
CZE,1966,N/A
DEU,1966,N/A
DJI,1966,N/A
DMA,1966,N/A
DNK,1966,N/A
DOM,1966,N/A
DZA,1966,N/A
ECU,1966,N/A
EGY,1966,N/A
ERI,1966,N/A
ESP,1966,N/A
EST,1966,N/A
ETH,1966,N/A
FIN,1966,N/A
FJI,1966,N/A
FRA,1966,N/A
FSM,1966,N/A
GAB,1966,N/A
GBR,1966,N/A
GEO,1966,N/A
GHA,1966,N/A
GIN,1966,N/A
GMB,1966,N/A
GNB,1966,N/A
GNQ,1966,N/A
GRC,1966,N/A
GRD,1966,N/A
GTM,1966,N/A
GUM,1966,N/A
GUY,1966,N/A
HKG,1966,N/A
HND,1966,N/A
HRV,1966,N/A
HTI,1966,N/A
HUN,1966,N/A
IDN,1966,N/A
IND,1966,N/A
IRL,1966,N/A
IRN,1966,N/A
IRQ,1966,N/A
ISL,1966,N/A
ISR,1966,N/A
ITA,1966,N/A
JAM,1966,N/A
JOR,1966,N/A
JPN,1966,N/A
KAZ,1966,N/A
KEN,1966,N/A
KGZ,1966,N/A
KHM,1966,N/A
KIR,1966,N/A
KNA,1966,N/A
KOR,1966,N/A
KWT,1966,N/A
LAO,1966,N/A
LBN,1966,N/A
LBR,1966,N/A
LBY,1966,N/A
LCA,1966,N/A
LIE,1966,N/A
LKA,1966,N/A
LSO,1966,N/A
LTU,1966,N/A
LUX,1966,N/A
LVA,1966,N/A
MAC,1966,N/A
MAF,1966,N/A
MAR,1966,N/A
MDA,1966,N/A
MDG,1966,N/A
MDV,1966,N/A
MEX,1966,N/A
MHL,1966,N/A
MKD,1966,N/A
MLI,1966,N/A
MLT,1966,N/A
MMR,1966,N/A
MNE,1966,N/A
MNG,1966,N/A
MNP,1966,N/A
MOZ,1966,N/A
MRT,1966,N/A
MUS,1966,N/A
MWI,1966,N/A
MYS,1966,N/A
NAM,1966,N/A
NCL,1966,N/A
NER,1966,N/A
NGA,1966,N/A
NIC,1966,N/A
NLD,1966,N/A
NOR,1966,N/A
NPL,1966,N/A
NZL,1966,N/A
OMN,1966,N/A
PAK,1966,N/A
PAN,1966,N/A
PER,1966,N/A
PHL,1966,N/A
PLW,1966,N/A
PNG,1966,N/A
POL,1966,N/A
PRI,1966,N/A
PRK,1966,N/A
PRT,1966,N/A
PRY,1966,N/A
PSE,1966,N/A
PYF,1966,N/A
QAT,1966,N/A
ROU,1966,N/A
RUS,1966,N/A
RWA,1966,N/A
SAU,1966,N/A
SDN,1966,N/A
SEN,1966,N/A
SGP,1966,N/A
SLB,1966,N/A
SLE,1966,N/A
SLV,1966,N/A
SOM,1966,N/A
SRB,1966,N/A
SSD,1966,N/A
STP,1966,N/A
SUR,1966,N/A
SVK,1966,N/A
SVN,1966,N/A
SWE,1966,N/A
SWZ,1966,N/A
SXM,1966,N/A
SYC,1966,N/A
SYR,1966,N/A
TCA,1966,N/A
TCD,1966,N/A
TGO,1966,N/A
THA,1966,N/A
TJK,1966,N/A
TKM,1966,N/A
TLS,1966,N/A
TON,1966,N/A
TTO,1966,N/A
TUN,1966,N/A
TUR,1966,N/A
TUV,1966,N/A
TZA,1966,N/A
UGA,1966,N/A
UKR,1966,N/A
URY,1966,N/A
USA,1966,N/A
UZB,1966,N/A
VCT,1966,N/A
VEN,1966,N/A
VGB,1966,N/A
VIR,1966,N/A
VNM,1966,N/A
VUT,1966,N/A
WSM,1966,N/A
YEM,1966,N/A
ZAF,1966,N/A
ZMB,1966,N/A
ZWE,1966,N/A
AFG,1967,N/A
AGO,1967,N/A
ALB,1967,N/A
ARE,1967,N/A
ARG,1967,N/A
ARM,1967,N/A
ASM,1967,N/A
ATG,1967,N/A
AUS,1967,N/A
AUT,1967,N/A
AZE,1967,N/A
BDI,1967,N/A
BEL,1967,N/A
BEN,1967,N/A
BFA,1967,N/A
BGD,1967,N/A
BGR,1967,N/A
BHR,1967,N/A
BHS,1967,N/A
BIH,1967,N/A
BLR,1967,N/A
BLZ,1967,N/A
BMU,1967,N/A
BOL,1967,N/A
BRA,1967,N/A
BRB,1967,N/A
BRN,1967,N/A
BTN,1967,N/A
BWA,1967,N/A
CAF,1967,N/A
CAN,1967,N/A
CHE,1967,N/A
CHL,1967,N/A
CHN,1967,N/A
CIV,1967,N/A
CMR,1967,N/A
COD,1967,N/A
COG,1967,N/A
COL,1967,N/A
COM,1967,N/A
CPV,1967,N/A
CRI,1967,N/A
CUB,1967,N/A
CYM,1967,N/A
CYP,1967,N/A
CZE,1967,N/A
DEU,1967,N/A
DJI,1967,N/A
DMA,1967,N/A
DNK,1967,N/A
DOM,1967,N/A
DZA,1967,N/A
ECU,1967,N/A
EGY,1967,N/A
ERI,1967,N/A
ESP,1967,N/A
EST,1967,N/A
ETH,1967,N/A
FIN,1967,N/A
FJI,1967,N/A
FRA,1967,N/A
FSM,1967,N/A
GAB,1967,N/A
GBR,1967,N/A
GEO,1967,N/A
GHA,1967,N/A
GIN,1967,N/A
GMB,1967,N/A
GNB,1967,N/A
GNQ,1967,N/A
GRC,1967,N/A
GRD,1967,N/A
GTM,1967,N/A
GUM,1967,N/A
GUY,1967,N/A
HKG,1967,N/A
HND,1967,N/A
HRV,1967,N/A
HTI,1967,N/A
HUN,1967,N/A
IDN,1967,N/A
IND,1967,N/A
IRL,1967,N/A
IRN,1967,N/A
IRQ,1967,N/A
ISL,1967,N/A
ISR,1967,N/A
ITA,1967,N/A
JAM,1967,N/A
JOR,1967,N/A
JPN,1967,N/A
KAZ,1967,N/A
KEN,1967,N/A
KGZ,1967,N/A
KHM,1967,N/A
KIR,1967,N/A
KNA,1967,N/A
KOR,1967,N/A
KWT,1967,N/A
LAO,1967,N/A
LBN,1967,N/A
LBR,1967,N/A
LBY,1967,N/A
LCA,1967,N/A
LIE,1967,N/A
LKA,1967,N/A
LSO,1967,N/A
LTU,1967,N/A
LUX,1967,N/A
LVA,1967,N/A
MAC,1967,N/A
MAF,1967,N/A
MAR,1967,N/A
MDA,1967,N/A
MDG,1967,N/A
MDV,1967,N/A
MEX,1967,N/A
MHL,1967,N/A
MKD,1967,N/A
MLI,1967,N/A
MLT,1967,N/A
MMR,1967,N/A
MNE,1967,N/A
MNG,1967,N/A
MNP,1967,N/A
MOZ,1967,N/A
MRT,1967,N/A
MUS,1967,N/A
MWI,1967,N/A
MYS,1967,N/A
NAM,1967,N/A
NCL,1967,N/A
NER,1967,N/A
NGA,1967,N/A
NIC,1967,N/A
NLD,1967,N/A
NOR,1967,N/A
NPL,1967,N/A
NZL,1967,N/A
OMN,1967,N/A
PAK,1967,N/A
PAN,1967,N/A
PER,1967,N/A
PHL,1967,N/A
PLW,1967,N/A
PNG,1967,N/A
POL,1967,N/A
PRI,1967,N/A
PRK,1967,N/A
PRT,1967,N/A
PRY,1967,N/A
PSE,1967,N/A
PYF,1967,N/A
QAT,1967,N/A
ROU,1967,N/A
RUS,1967,N/A
RWA,1967,N/A
SAU,1967,N/A
SDN,1967,N/A
SEN,1967,N/A
SGP,1967,N/A
SLB,1967,N/A
SLE,1967,N/A
SLV,1967,N/A
SOM,1967,N/A
SRB,1967,N/A
SSD,1967,N/A
STP,1967,N/A
SUR,1967,N/A
SVK,1967,N/A
SVN,1967,N/A
SWE,1967,N/A
SWZ,1967,N/A
SXM,1967,N/A
SYC,1967,N/A
SYR,1967,N/A
TCA,1967,N/A
TCD,1967,N/A
TGO,1967,N/A
THA,1967,N/A
TJK,1967,N/A
TKM,1967,N/A
TLS,1967,N/A
TON,1967,N/A
TTO,1967,N/A
TUN,1967,N/A
TUR,1967,N/A
TUV,1967,N/A
TZA,1967,N/A
UGA,1967,N/A
UKR,1967,N/A
URY,1967,N/A
USA,1967,N/A
UZB,1967,N/A
VCT,1967,N/A
VEN,1967,N/A
VGB,1967,N/A
VIR,1967,N/A
VNM,1967,N/A
VUT,1967,N/A
WSM,1967,N/A
YEM,1967,N/A
ZAF,1967,N/A
ZMB,1967,N/A
ZWE,1967,N/A
AFG,1968,N/A
AGO,1968,N/A
ALB,1968,N/A
ARE,1968,N/A
ARG,1968,N/A
ARM,1968,N/A
ASM,1968,N/A
ATG,1968,N/A
AUS,1968,N/A
AUT,1968,N/A
AZE,1968,N/A
BDI,1968,N/A
BEL,1968,N/A
BEN,1968,N/A
BFA,1968,N/A
BGD,1968,N/A
BGR,1968,N/A
BHR,1968,N/A
BHS,1968,N/A
BIH,1968,N/A
BLR,1968,N/A
BLZ,1968,N/A
BMU,1968,N/A
BOL,1968,N/A
BRA,1968,N/A
BRB,1968,N/A
BRN,1968,N/A
BTN,1968,N/A
BWA,1968,N/A
CAF,1968,N/A
CAN,1968,N/A
CHE,1968,N/A
CHL,1968,N/A
CHN,1968,N/A
CIV,1968,N/A
CMR,1968,N/A
COD,1968,N/A
COG,1968,N/A
COL,1968,N/A
COM,1968,N/A
CPV,1968,N/A
CRI,1968,N/A
CUB,1968,N/A
CYM,1968,N/A
CYP,1968,N/A
CZE,1968,N/A
DEU,1968,N/A
DJI,1968,N/A
DMA,1968,N/A
DNK,1968,N/A
DOM,1968,N/A
DZA,1968,N/A
ECU,1968,N/A
EGY,1968,N/A
ERI,1968,N/A
ESP,1968,N/A
EST,1968,N/A
ETH,1968,N/A
FIN,1968,N/A
FJI,1968,N/A
FRA,1968,N/A
FSM,1968,N/A
GAB,1968,N/A
GBR,1968,N/A
GEO,1968,N/A
GHA,1968,N/A
GIN,1968,N/A
GMB,1968,N/A
GNB,1968,N/A
GNQ,1968,N/A
GRC,1968,N/A
GRD,1968,N/A
GTM,1968,N/A
GUM,1968,N/A
GUY,1968,N/A
HKG,1968,N/A
HND,1968,N/A
HRV,1968,N/A
HTI,1968,N/A
HUN,1968,N/A
IDN,1968,N/A
IND,1968,N/A
IRL,1968,N/A
IRN,1968,N/A
IRQ,1968,N/A
ISL,1968,N/A
ISR,1968,N/A
ITA,1968,N/A
JAM,1968,N/A
JOR,1968,N/A
JPN,1968,N/A
KAZ,1968,N/A
KEN,1968,N/A
KGZ,1968,N/A
KHM,1968,N/A
KIR,1968,N/A
KNA,1968,N/A
KOR,1968,N/A
KWT,1968,N/A
LAO,1968,N/A
LBN,1968,N/A
LBR,1968,N/A
LBY,1968,N/A
LCA,1968,N/A
LIE,1968,N/A
LKA,1968,N/A
LSO,1968,N/A
LTU,1968,N/A
LUX,1968,N/A
LVA,1968,N/A
MAC,1968,N/A
MAF,1968,N/A
MAR,1968,N/A
MDA,1968,N/A
MDG,1968,N/A
MDV,1968,N/A
MEX,1968,N/A
MHL,1968,N/A
MKD,1968,N/A
MLI,1968,N/A
MLT,1968,N/A
MMR,1968,N/A
MNE,1968,N/A
MNG,1968,N/A
MNP,1968,N/A
MOZ,1968,N/A
MRT,1968,N/A
MUS,1968,N/A
MWI,1968,N/A
MYS,1968,N/A
NAM,1968,N/A
NCL,1968,N/A
NER,1968,N/A
NGA,1968,N/A
NIC,1968,N/A
NLD,1968,N/A
NOR,1968,N/A
NPL,1968,N/A
NZL,1968,N/A
OMN,1968,N/A
PAK,1968,N/A
PAN,1968,N/A
PER,1968,N/A
PHL,1968,N/A
PLW,1968,N/A
PNG,1968,N/A
POL,1968,N/A
PRI,1968,N/A
PRK,1968,N/A
PRT,1968,N/A
PRY,1968,N/A
PSE,1968,N/A
PYF,1968,N/A
QAT,1968,N/A
ROU,1968,N/A
RUS,1968,N/A
RWA,1968,N/A
SAU,1968,N/A
SDN,1968,N/A
SEN,1968,N/A
SGP,1968,N/A
SLB,1968,N/A
SLE,1968,N/A
SLV,1968,N/A
SOM,1968,N/A
SRB,1968,N/A
SSD,1968,N/A
STP,1968,N/A
SUR,1968,N/A
SVK,1968,N/A
SVN,1968,N/A
SWE,1968,N/A
SWZ,1968,N/A
SXM,1968,N/A
SYC,1968,N/A
SYR,1968,N/A
TCA,1968,N/A
TCD,1968,N/A
TGO,1968,N/A
THA,1968,N/A
TJK,1968,N/A
TKM,1968,N/A
TLS,1968,N/A
TON,1968,N/A
TTO,1968,N/A
TUN,1968,N/A
TUR,1968,N/A
TUV,1968,N/A
TZA,1968,N/A
UGA,1968,N/A
UKR,1968,N/A
URY,1968,N/A
USA,1968,N/A
UZB,1968,N/A
VCT,1968,N/A
VEN,1968,N/A
VGB,1968,N/A
VIR,1968,N/A
VNM,1968,N/A
VUT,1968,N/A
WSM,1968,N/A
YEM,1968,N/A
ZAF,1968,N/A
ZMB,1968,N/A
ZWE,1968,N/A
AFG,1969,N/A
AGO,1969,N/A
ALB,1969,N/A
ARE,1969,N/A
ARG,1969,N/A
ARM,1969,N/A
ASM,1969,N/A
ATG,1969,N/A
AUS,1969,N/A
AUT,1969,N/A
AZE,1969,N/A
BDI,1969,N/A
BEL,1969,N/A
BEN,1969,N/A
BFA,1969,N/A
BGD,1969,N/A
BGR,1969,N/A
BHR,1969,N/A
BHS,1969,N/A
BIH,1969,N/A
BLR,1969,N/A
BLZ,1969,N/A
BMU,1969,N/A
BOL,1969,N/A
BRA,1969,N/A
BRB,1969,N/A
BRN,1969,N/A
BTN,1969,N/A
BWA,1969,N/A
CAF,1969,N/A
CAN,1969,N/A
CHE,1969,N/A
CHL,1969,N/A
CHN,1969,N/A
CIV,1969,N/A
CMR,1969,N/A
COD,1969,N/A
COG,1969,N/A
COL,1969,N/A
COM,1969,N/A
CPV,1969,N/A
CRI,1969,N/A
CUB,1969,N/A
CYM,1969,N/A
CYP,1969,N/A
CZE,1969,N/A
DEU,1969,N/A
DJI,1969,N/A
DMA,1969,N/A
DNK,1969,N/A
DOM,1969,N/A
DZA,1969,N/A
ECU,1969,N/A
EGY,1969,N/A
ERI,1969,N/A
ESP,1969,N/A
EST,1969,N/A
ETH,1969,N/A
FIN,1969,N/A
FJI,1969,N/A
FRA,1969,N/A
FSM,1969,N/A
GAB,1969,N/A
GBR,1969,N/A
GEO,1969,N/A
GHA,1969,N/A
GIN,1969,N/A
GMB,1969,N/A
GNB,1969,N/A
GNQ,1969,N/A
GRC,1969,N/A
GRD,1969,N/A
GTM,1969,N/A
GUM,1969,N/A
GUY,1969,N/A
HKG,1969,N/A
HND,1969,N/A
HRV,1969,N/A
HTI,1969,N/A
HUN,1969,N/A
IDN,1969,N/A
IND,1969,N/A
IRL,1969,N/A
IRN,1969,N/A
IRQ,1969,N/A
ISL,1969,N/A
ISR,1969,N/A
ITA,1969,N/A
JAM,1969,N/A
JOR,1969,N/A
JPN,1969,N/A
KAZ,1969,N/A
KEN,1969,N/A
KGZ,1969,N/A
KHM,1969,N/A
KIR,1969,N/A
KNA,1969,N/A
KOR,1969,N/A
KWT,1969,N/A
LAO,1969,N/A
LBN,1969,N/A
LBR,1969,N/A
LBY,1969,N/A
LCA,1969,N/A
LIE,1969,N/A
LKA,1969,N/A
LSO,1969,N/A
LTU,1969,N/A
LUX,1969,N/A
LVA,1969,N/A
MAC,1969,N/A
MAF,1969,N/A
MAR,1969,N/A
MDA,1969,N/A
MDG,1969,N/A
MDV,1969,N/A
MEX,1969,N/A
MHL,1969,N/A
MKD,1969,N/A
MLI,1969,N/A
MLT,1969,N/A
MMR,1969,N/A
MNE,1969,N/A
MNG,1969,N/A
MNP,1969,N/A
MOZ,1969,N/A
MRT,1969,N/A
MUS,1969,N/A
MWI,1969,N/A
MYS,1969,N/A
NAM,1969,N/A
NCL,1969,N/A
NER,1969,N/A
NGA,1969,N/A
NIC,1969,N/A
NLD,1969,N/A
NOR,1969,N/A
NPL,1969,N/A
NZL,1969,N/A
OMN,1969,N/A
PAK,1969,N/A
PAN,1969,N/A
PER,1969,N/A
PHL,1969,N/A
PLW,1969,N/A
PNG,1969,N/A
POL,1969,N/A
PRI,1969,N/A
PRK,1969,N/A
PRT,1969,N/A
PRY,1969,N/A
PSE,1969,N/A
PYF,1969,N/A
QAT,1969,N/A
ROU,1969,N/A
RUS,1969,N/A
RWA,1969,N/A
SAU,1969,N/A
SDN,1969,N/A
SEN,1969,N/A
SGP,1969,N/A
SLB,1969,N/A
SLE,1969,N/A
SLV,1969,N/A
SOM,1969,N/A
SRB,1969,N/A
SSD,1969,N/A
STP,1969,N/A
SUR,1969,N/A
SVK,1969,N/A
SVN,1969,N/A
SWE,1969,N/A
SWZ,1969,N/A
SXM,1969,N/A
SYC,1969,N/A
SYR,1969,N/A
TCA,1969,N/A
TCD,1969,N/A
TGO,1969,N/A
THA,1969,N/A
TJK,1969,N/A
TKM,1969,N/A
TLS,1969,N/A
TON,1969,N/A
TTO,1969,N/A
TUN,1969,N/A
TUR,1969,N/A
TUV,1969,N/A
TZA,1969,N/A
UGA,1969,N/A
UKR,1969,N/A
URY,1969,N/A
USA,1969,N/A
UZB,1969,N/A
VCT,1969,N/A
VEN,1969,N/A
VGB,1969,N/A
VIR,1969,N/A
VNM,1969,N/A
VUT,1969,N/A
WSM,1969,N/A
YEM,1969,N/A
ZAF,1969,N/A
ZMB,1969,N/A
ZWE,1969,N/A
AFG,1970,N/A
AGO,1970,N/A
ALB,1970,N/A
ARE,1970,N/A
ARG,1970,N/A
ARM,1970,N/A
ASM,1970,N/A
ATG,1970,N/A
AUS,1970,N/A
AUT,1970,N/A
AZE,1970,N/A
BDI,1970,N/A
BEL,1970,N/A
BEN,1970,N/A
BFA,1970,N/A
BGD,1970,N/A
BGR,1970,N/A
BHR,1970,N/A
BHS,1970,N/A
BIH,1970,N/A
BLR,1970,N/A
BLZ,1970,N/A
BMU,1970,N/A
BOL,1970,N/A
BRA,1970,N/A
BRB,1970,99.0
BRN,1970,N/A
BTN,1970,N/A
BWA,1970,N/A
CAF,1970,N/A
CAN,1970,N/A
CHE,1970,N/A
CHL,1970,N/A
CHN,1970,N/A
CIV,1970,N/A
CMR,1970,N/A
COD,1970,N/A
COG,1970,N/A
COL,1970,N/A
COM,1970,N/A
CPV,1970,N/A
CRI,1970,N/A
CUB,1970,N/A
CYM,1970,N/A
CYP,1970,N/A
CZE,1970,N/A
DEU,1970,N/A
DJI,1970,N/A
DMA,1970,N/A
DNK,1970,N/A
DOM,1970,N/A
DZA,1970,N/A
ECU,1970,N/A
EGY,1970,N/A
ERI,1970,N/A
ESP,1970,N/A
EST,1970,N/A
ETH,1970,N/A
FIN,1970,N/A
FJI,1970,N/A
FRA,1970,N/A
FSM,1970,N/A
GAB,1970,N/A
GBR,1970,N/A
GEO,1970,N/A
GHA,1970,N/A
GIN,1970,N/A
GMB,1970,N/A
GNB,1970,N/A
GNQ,1970,N/A
GRC,1970,N/A
GRD,1970,98.0
GTM,1970,N/A
GUM,1970,N/A
GUY,1970,N/A
HKG,1970,N/A
HND,1970,N/A
HRV,1970,N/A
HTI,1970,N/A
HUN,1970,N/A
IDN,1970,N/A
IND,1970,N/A
IRL,1970,N/A
IRN,1970,N/A
IRQ,1970,N/A
ISL,1970,N/A
ISR,1970,N/A
ITA,1970,N/A
JAM,1970,N/A
JOR,1970,N/A
JPN,1970,N/A
KAZ,1970,N/A
KEN,1970,N/A
KGZ,1970,N/A
KHM,1970,N/A
KIR,1970,N/A
KNA,1970,N/A
KOR,1970,N/A
KWT,1970,N/A
LAO,1970,N/A
LBN,1970,N/A
LBR,1970,N/A
LBY,1970,N/A
LCA,1970,N/A
LIE,1970,N/A
LKA,1970,N/A
LSO,1970,N/A
LTU,1970,N/A
LUX,1970,N/A
LVA,1970,N/A
MAC,1970,N/A
MAF,1970,N/A
MAR,1970,N/A
MDA,1970,N/A
MDG,1970,N/A
MDV,1970,N/A
MEX,1970,N/A
MHL,1970,N/A
MKD,1970,N/A
MLI,1970,N/A
MLT,1970,N/A
MMR,1970,N/A
MNE,1970,N/A
MNG,1970,N/A
MNP,1970,N/A
MOZ,1970,N/A
MRT,1970,N/A
MUS,1970,N/A
MWI,1970,N/A
MYS,1970,N/A
NAM,1970,N/A
NCL,1970,N/A
NER,1970,N/A
NGA,1970,N/A
NIC,1970,N/A
NLD,1970,N/A
NOR,1970,N/A
NPL,1970,N/A
NZL,1970,N/A
OMN,1970,N/A
PAK,1970,N/A
PAN,1970,N/A
PER,1970,N/A
PHL,1970,N/A
PLW,1970,N/A
PNG,1970,N/A
POL,1970,N/A
PRI,1970,N/A
PRK,1970,N/A
PRT,1970,N/A
PRY,1970,N/A
PSE,1970,N/A
PYF,1970,N/A
QAT,1970,N/A
ROU,1970,N/A
RUS,1970,N/A
RWA,1970,N/A
SAU,1970,N/A
SDN,1970,N/A
SEN,1970,N/A
SGP,1970,N/A
SLB,1970,N/A
SLE,1970,N/A
SLV,1970,N/A
SOM,1970,N/A
SRB,1970,N/A
SSD,1970,N/A
STP,1970,N/A
SUR,1970,N/A
SVK,1970,N/A
SVN,1970,N/A
SWE,1970,N/A
SWZ,1970,N/A
SXM,1970,N/A
SYC,1970,N/A
SYR,1970,N/A
TCA,1970,N/A
TCD,1970,N/A
TGO,1970,N/A
THA,1970,N/A
TJK,1970,N/A
TKM,1970,N/A
TLS,1970,N/A
TON,1970,N/A
TTO,1970,N/A
TUN,1970,N/A
TUR,1970,N/A
TUV,1970,N/A
TZA,1970,N/A
UGA,1970,N/A
UKR,1970,N/A
URY,1970,N/A
USA,1970,N/A
UZB,1970,N/A
VCT,1970,96.0
VEN,1970,N/A
VGB,1970,N/A
VIR,1970,N/A
VNM,1970,N/A
VUT,1970,N/A
WSM,1970,N/A
YEM,1970,N/A
ZAF,1970,N/A
ZMB,1970,N/A
ZWE,1970,N/A
AFG,1971,N/A
AGO,1971,N/A
ALB,1971,N/A
ARE,1971,N/A
ARG,1971,N/A
ARM,1971,N/A
ASM,1971,N/A
ATG,1971,N/A
AUS,1971,N/A
AUT,1971,N/A
AZE,1971,N/A
BDI,1971,N/A
BEL,1971,N/A
BEN,1971,N/A
BFA,1971,N/A
BGD,1971,N/A
BGR,1971,N/A
BHR,1971,N/A
BHS,1971,N/A
BIH,1971,N/A
BLR,1971,N/A
BLZ,1971,N/A
BMU,1971,N/A
BOL,1971,N/A
BRA,1971,N/A
BRB,1971,N/A
BRN,1971,N/A
BTN,1971,N/A
BWA,1971,N/A
CAF,1971,N/A
CAN,1971,N/A
CHE,1971,N/A
CHL,1971,N/A
CHN,1971,N/A
CIV,1971,N/A
CMR,1971,N/A
COD,1971,N/A
COG,1971,N/A
COL,1971,N/A
COM,1971,N/A
CPV,1971,N/A
CRI,1971,N/A
CUB,1971,N/A
CYM,1971,N/A
CYP,1971,N/A
CZE,1971,N/A
DEU,1971,N/A
DJI,1971,N/A
DMA,1971,N/A
DNK,1971,N/A
DOM,1971,N/A
DZA,1971,N/A
ECU,1971,N/A
EGY,1971,N/A
ERI,1971,N/A
ESP,1971,N/A
EST,1971,N/A
ETH,1971,N/A
FIN,1971,N/A
FJI,1971,N/A
FRA,1971,N/A
FSM,1971,N/A
GAB,1971,N/A
GBR,1971,N/A
GEO,1971,N/A
GHA,1971,N/A
GIN,1971,N/A
GMB,1971,N/A
GNB,1971,N/A
GNQ,1971,N/A
GRC,1971,N/A
GRD,1971,N/A
GTM,1971,N/A
GUM,1971,N/A
GUY,1971,N/A
HKG,1971,N/A
HND,1971,N/A
HRV,1971,N/A
HTI,1971,N/A
HUN,1971,N/A
IDN,1971,N/A
IND,1971,N/A
IRL,1971,N/A
IRN,1971,N/A
IRQ,1971,N/A
ISL,1971,N/A
ISR,1971,N/A
ITA,1971,N/A
JAM,1971,N/A
JOR,1971,N/A
JPN,1971,N/A
KAZ,1971,N/A
KEN,1971,N/A
KGZ,1971,N/A
KHM,1971,N/A
KIR,1971,N/A
KNA,1971,N/A
KOR,1971,N/A
KWT,1971,N/A
LAO,1971,N/A
LBN,1971,N/A
LBR,1971,N/A
LBY,1971,N/A
LCA,1971,N/A
LIE,1971,N/A
LKA,1971,N/A
LSO,1971,N/A
LTU,1971,N/A
LUX,1971,N/A
LVA,1971,N/A
MAC,1971,N/A
MAF,1971,N/A
MAR,1971,N/A
MDA,1971,N/A
MDG,1971,N/A
MDV,1971,N/A
MEX,1971,N/A
MHL,1971,N/A
MKD,1971,N/A
MLI,1971,N/A
MLT,1971,N/A
MMR,1971,N/A
MNE,1971,N/A
MNG,1971,N/A
MNP,1971,N/A
MOZ,1971,N/A
MRT,1971,N/A
MUS,1971,N/A
MWI,1971,N/A
MYS,1971,N/A
NAM,1971,N/A
NCL,1971,N/A
NER,1971,N/A
NGA,1971,N/A
NIC,1971,N/A
NLD,1971,N/A
NOR,1971,N/A
NPL,1971,N/A
NZL,1971,N/A
OMN,1971,N/A
PAK,1971,N/A
PAN,1971,N/A
PER,1971,N/A
PHL,1971,N/A
PLW,1971,N/A
PNG,1971,N/A
POL,1971,N/A
PRI,1971,N/A
PRK,1971,N/A
PRT,1971,N/A
PRY,1971,N/A
PSE,1971,N/A
PYF,1971,N/A
QAT,1971,N/A
ROU,1971,N/A
RUS,1971,N/A
RWA,1971,N/A
SAU,1971,N/A
SDN,1971,N/A
SEN,1971,N/A
SGP,1971,N/A
SLB,1971,N/A
SLE,1971,N/A
SLV,1971,N/A
SOM,1971,N/A
SRB,1971,N/A
SSD,1971,N/A
STP,1971,N/A
SUR,1971,N/A
SVK,1971,N/A
SVN,1971,N/A
SWE,1971,N/A
SWZ,1971,N/A
SXM,1971,N/A
SYC,1971,N/A
SYR,1971,N/A
TCA,1971,N/A
TCD,1971,N/A
TGO,1971,N/A
THA,1971,N/A
TJK,1971,N/A
TKM,1971,N/A
TLS,1971,N/A
TON,1971,N/A
TTO,1971,N/A
TUN,1971,N/A
TUR,1971,N/A
TUV,1971,N/A
TZA,1971,N/A
UGA,1971,N/A
UKR,1971,N/A
URY,1971,N/A
USA,1971,N/A
UZB,1971,N/A
VCT,1971,N/A
VEN,1971,N/A
VGB,1971,N/A
VIR,1971,N/A
VNM,1971,N/A
VUT,1971,N/A
WSM,1971,N/A
YEM,1971,N/A
ZAF,1971,N/A
ZMB,1971,N/A
ZWE,1971,N/A
AFG,1972,N/A
AGO,1972,N/A
ALB,1972,N/A
ARE,1972,N/A
ARG,1972,N/A
ARM,1972,N/A
ASM,1972,N/A
ATG,1972,N/A
AUS,1972,N/A
AUT,1972,N/A
AZE,1972,N/A
BDI,1972,N/A
BEL,1972,N/A
BEN,1972,N/A
BFA,1972,N/A
BGD,1972,N/A
BGR,1972,N/A
BHR,1972,N/A
BHS,1972,N/A
BIH,1972,N/A
BLR,1972,N/A
BLZ,1972,N/A
BMU,1972,N/A
BOL,1972,N/A
BRA,1972,N/A
BRB,1972,N/A
BRN,1972,N/A
BTN,1972,N/A
BWA,1972,N/A
CAF,1972,N/A
CAN,1972,N/A
CHE,1972,N/A
CHL,1972,N/A
CHN,1972,N/A
CIV,1972,N/A
CMR,1972,N/A
COD,1972,N/A
COG,1972,N/A
COL,1972,N/A
COM,1972,N/A
CPV,1972,N/A
CRI,1972,N/A
CUB,1972,N/A
CYM,1972,N/A
CYP,1972,N/A
CZE,1972,N/A
DEU,1972,N/A
DJI,1972,N/A
DMA,1972,N/A
DNK,1972,N/A
DOM,1972,N/A
DZA,1972,N/A
ECU,1972,N/A
EGY,1972,N/A
ERI,1972,N/A
ESP,1972,N/A
EST,1972,N/A
ETH,1972,N/A
FIN,1972,N/A
FJI,1972,N/A
FRA,1972,N/A
FSM,1972,N/A
GAB,1972,N/A
GBR,1972,N/A
GEO,1972,N/A
GHA,1972,N/A
GIN,1972,N/A
GMB,1972,N/A
GNB,1972,N/A
GNQ,1972,N/A
GRC,1972,N/A
GRD,1972,N/A
GTM,1972,N/A
GUM,1972,N/A
GUY,1972,N/A
HKG,1972,N/A
HND,1972,N/A
HRV,1972,N/A
HTI,1972,N/A
HUN,1972,N/A
IDN,1972,N/A
IND,1972,N/A
IRL,1972,N/A
IRN,1972,N/A
IRQ,1972,N/A
ISL,1972,N/A
ISR,1972,N/A
ITA,1972,N/A
JAM,1972,N/A
JOR,1972,N/A
JPN,1972,N/A
KAZ,1972,N/A
KEN,1972,N/A
KGZ,1972,N/A
KHM,1972,N/A
KIR,1972,N/A
KNA,1972,N/A
KOR,1972,N/A
KWT,1972,N/A
LAO,1972,N/A
LBN,1972,N/A
LBR,1972,N/A
LBY,1972,N/A
LCA,1972,N/A
LIE,1972,N/A
LKA,1972,N/A
LSO,1972,N/A
LTU,1972,N/A
LUX,1972,N/A
LVA,1972,N/A
MAC,1972,N/A
MAF,1972,N/A
MAR,1972,N/A
MDA,1972,N/A
MDG,1972,N/A
MDV,1972,N/A
MEX,1972,N/A
MHL,1972,N/A
MKD,1972,N/A
MLI,1972,N/A
MLT,1972,N/A
MMR,1972,N/A
MNE,1972,N/A
MNG,1972,N/A
MNP,1972,N/A
MOZ,1972,N/A
MRT,1972,N/A
MUS,1972,N/A
MWI,1972,N/A
MYS,1972,N/A
NAM,1972,N/A
NCL,1972,N/A
NER,1972,N/A
NGA,1972,N/A
NIC,1972,N/A
NLD,1972,N/A
NOR,1972,N/A
NPL,1972,N/A
NZL,1972,N/A
OMN,1972,N/A
PAK,1972,N/A
PAN,1972,N/A
PER,1972,N/A
PHL,1972,N/A
PLW,1972,N/A
PNG,1972,N/A
POL,1972,N/A
PRI,1972,N/A
PRK,1972,N/A
PRT,1972,N/A
PRY,1972,N/A
PSE,1972,N/A
PYF,1972,N/A
QAT,1972,N/A
ROU,1972,N/A
RUS,1972,N/A
RWA,1972,N/A
SAU,1972,N/A
SDN,1972,N/A
SEN,1972,N/A
SGP,1972,N/A
SLB,1972,N/A
SLE,1972,N/A
SLV,1972,N/A
SOM,1972,5.40465021133423
SRB,1972,N/A
SSD,1972,N/A
STP,1972,N/A
SUR,1972,N/A
SVK,1972,N/A
SVN,1972,N/A
SWE,1972,N/A
SWZ,1972,N/A
SXM,1972,N/A
SYC,1972,N/A
SYR,1972,N/A
TCA,1972,N/A
TCD,1972,N/A
TGO,1972,N/A
THA,1972,N/A
TJK,1972,N/A
TKM,1972,N/A
TLS,1972,N/A
TON,1972,N/A
TTO,1972,N/A
TUN,1972,N/A
TUR,1972,N/A
TUV,1972,N/A
TZA,1972,N/A
UGA,1972,N/A
UKR,1972,N/A
URY,1972,N/A
USA,1972,N/A
UZB,1972,N/A
VCT,1972,N/A
VEN,1972,N/A
VGB,1972,N/A
VIR,1972,N/A
VNM,1972,N/A
VUT,1972,N/A
WSM,1972,N/A
YEM,1972,N/A
ZAF,1972,N/A
ZMB,1972,N/A
ZWE,1972,N/A
AFG,1973,N/A
AGO,1973,N/A
ALB,1973,N/A
ARE,1973,N/A
ARG,1973,N/A
ARM,1973,N/A
ASM,1973,N/A
ATG,1973,N/A
AUS,1973,N/A
AUT,1973,N/A
AZE,1973,N/A
BDI,1973,N/A
BEL,1973,N/A
BEN,1973,N/A
BFA,1973,N/A
BGD,1973,N/A
BGR,1973,N/A
BHR,1973,N/A
BHS,1973,N/A
BIH,1973,N/A
BLR,1973,N/A
BLZ,1973,N/A
BMU,1973,N/A
BOL,1973,N/A
BRA,1973,N/A
BRB,1973,N/A
BRN,1973,N/A
BTN,1973,N/A
BWA,1973,N/A
CAF,1973,N/A
CAN,1973,N/A
CHE,1973,N/A
CHL,1973,N/A
CHN,1973,N/A
CIV,1973,N/A
CMR,1973,N/A
COD,1973,N/A
COG,1973,N/A
COL,1973,N/A
COM,1973,N/A
CPV,1973,N/A
CRI,1973,N/A
CUB,1973,N/A
CYM,1973,N/A
CYP,1973,N/A
CZE,1973,N/A
DEU,1973,N/A
DJI,1973,N/A
DMA,1973,N/A
DNK,1973,N/A
DOM,1973,N/A
DZA,1973,N/A
ECU,1973,N/A
EGY,1973,N/A
ERI,1973,N/A
ESP,1973,N/A
EST,1973,N/A
ETH,1973,N/A
FIN,1973,N/A
FJI,1973,N/A
FRA,1973,N/A
FSM,1973,N/A
GAB,1973,N/A
GBR,1973,N/A
GEO,1973,N/A
GHA,1973,N/A
GIN,1973,N/A
GMB,1973,N/A
GNB,1973,N/A
GNQ,1973,N/A
GRC,1973,N/A
GRD,1973,N/A
GTM,1973,N/A
GUM,1973,N/A
GUY,1973,N/A
HKG,1973,N/A
HND,1973,N/A
HRV,1973,N/A
HTI,1973,N/A
HUN,1973,N/A
IDN,1973,N/A
IND,1973,N/A
IRL,1973,N/A
IRN,1973,N/A
IRQ,1973,N/A
ISL,1973,N/A
ISR,1973,N/A
ITA,1973,N/A
JAM,1973,N/A
JOR,1973,N/A
JPN,1973,N/A
KAZ,1973,N/A
KEN,1973,N/A
KGZ,1973,N/A
KHM,1973,N/A
KIR,1973,N/A
KNA,1973,N/A
KOR,1973,N/A
KWT,1973,N/A
LAO,1973,N/A
LBN,1973,N/A
LBR,1973,N/A
LBY,1973,N/A
LCA,1973,N/A
LIE,1973,N/A
LKA,1973,N/A
LSO,1973,N/A
LTU,1973,N/A
LUX,1973,N/A
LVA,1973,N/A
MAC,1973,N/A
MAF,1973,N/A
MAR,1973,N/A
MDA,1973,N/A
MDG,1973,N/A
MDV,1973,N/A
MEX,1973,N/A
MHL,1973,N/A
MKD,1973,N/A
MLI,1973,N/A
MLT,1973,N/A
MMR,1973,N/A
MNE,1973,N/A
MNG,1973,N/A
MNP,1973,N/A
MOZ,1973,N/A
MRT,1973,N/A
MUS,1973,N/A
MWI,1973,N/A
MYS,1973,N/A
NAM,1973,N/A
NCL,1973,N/A
NER,1973,N/A
NGA,1973,N/A
NIC,1973,N/A
NLD,1973,N/A
NOR,1973,N/A
NPL,1973,N/A
NZL,1973,N/A
OMN,1973,N/A
PAK,1973,N/A
PAN,1973,N/A
PER,1973,N/A
PHL,1973,N/A
PLW,1973,N/A
PNG,1973,N/A
POL,1973,N/A
PRI,1973,N/A
PRK,1973,N/A
PRT,1973,N/A
PRY,1973,N/A
PSE,1973,N/A
PYF,1973,N/A
QAT,1973,N/A
ROU,1973,N/A
RUS,1973,N/A
RWA,1973,N/A
SAU,1973,N/A
SDN,1973,N/A
SEN,1973,N/A
SGP,1973,N/A
SLB,1973,N/A
SLE,1973,N/A
SLV,1973,N/A
SOM,1973,N/A
SRB,1973,N/A
SSD,1973,N/A
STP,1973,N/A
SUR,1973,N/A
SVK,1973,N/A
SVN,1973,N/A
SWE,1973,N/A
SWZ,1973,N/A
SXM,1973,N/A
SYC,1973,N/A
SYR,1973,N/A
TCA,1973,N/A
TCD,1973,N/A
TGO,1973,N/A
THA,1973,N/A
TJK,1973,N/A
TKM,1973,N/A
TLS,1973,N/A
TON,1973,N/A
TTO,1973,N/A
TUN,1973,N/A
TUR,1973,N/A
TUV,1973,N/A
TZA,1973,N/A
UGA,1973,N/A
UKR,1973,N/A
URY,1973,N/A
USA,1973,N/A
UZB,1973,N/A
VCT,1973,N/A
VEN,1973,N/A
VGB,1973,N/A
VIR,1973,N/A
VNM,1973,N/A
VUT,1973,N/A
WSM,1973,N/A
YEM,1973,N/A
ZAF,1973,N/A
ZMB,1973,N/A
ZWE,1973,N/A
AFG,1974,N/A
AGO,1974,N/A
ALB,1974,N/A
ARE,1974,N/A
ARG,1974,N/A
ARM,1974,N/A
ASM,1974,N/A
ATG,1974,N/A
AUS,1974,N/A
AUT,1974,N/A
AZE,1974,N/A
BDI,1974,N/A
BEL,1974,N/A
BEN,1974,N/A
BFA,1974,N/A
BGD,1974,N/A
BGR,1974,N/A
BHR,1974,N/A
BHS,1974,N/A
BIH,1974,N/A
BLR,1974,N/A
BLZ,1974,N/A
BMU,1974,N/A
BOL,1974,N/A
BRA,1974,N/A
BRB,1974,N/A
BRN,1974,N/A
BTN,1974,N/A
BWA,1974,N/A
CAF,1974,N/A
CAN,1974,N/A
CHE,1974,N/A
CHL,1974,N/A
CHN,1974,N/A
CIV,1974,N/A
CMR,1974,N/A
COD,1974,N/A
COG,1974,N/A
COL,1974,N/A
COM,1974,N/A
CPV,1974,N/A
CRI,1974,N/A
CUB,1974,N/A
CYM,1974,N/A
CYP,1974,N/A
CZE,1974,N/A
DEU,1974,N/A
DJI,1974,N/A
DMA,1974,N/A
DNK,1974,N/A
DOM,1974,N/A
DZA,1974,N/A
ECU,1974,N/A
EGY,1974,N/A
ERI,1974,N/A
ESP,1974,N/A
EST,1974,N/A
ETH,1974,N/A
FIN,1974,N/A
FJI,1974,N/A
FRA,1974,N/A
FSM,1974,N/A
GAB,1974,N/A
GBR,1974,N/A
GEO,1974,N/A
GHA,1974,N/A
GIN,1974,N/A
GMB,1974,N/A
GNB,1974,N/A
GNQ,1974,N/A
GRC,1974,N/A
GRD,1974,N/A
GTM,1974,N/A
GUM,1974,N/A
GUY,1974,N/A
HKG,1974,N/A
HND,1974,N/A
HRV,1974,N/A
HTI,1974,N/A
HUN,1974,N/A
IDN,1974,N/A
IND,1974,N/A
IRL,1974,N/A
IRN,1974,N/A
IRQ,1974,N/A
ISL,1974,N/A
ISR,1974,N/A
ITA,1974,N/A
JAM,1974,N/A
JOR,1974,N/A
JPN,1974,N/A
KAZ,1974,N/A
KEN,1974,N/A
KGZ,1974,N/A
KHM,1974,N/A
KIR,1974,N/A
KNA,1974,N/A
KOR,1974,N/A
KWT,1974,N/A
LAO,1974,N/A
LBN,1974,N/A
LBR,1974,N/A
LBY,1974,N/A
LCA,1974,N/A
LIE,1974,N/A
LKA,1974,N/A
LSO,1974,N/A
LTU,1974,N/A
LUX,1974,N/A
LVA,1974,N/A
MAC,1974,N/A
MAF,1974,N/A
MAR,1974,N/A
MDA,1974,N/A
MDG,1974,N/A
MDV,1974,N/A
MEX,1974,N/A
MHL,1974,N/A
MKD,1974,N/A
MLI,1974,N/A
MLT,1974,N/A
MMR,1974,N/A
MNE,1974,N/A
MNG,1974,N/A
MNP,1974,N/A
MOZ,1974,N/A
MRT,1974,N/A
MUS,1974,N/A
MWI,1974,N/A
MYS,1974,N/A
NAM,1974,N/A
NCL,1974,N/A
NER,1974,N/A
NGA,1974,N/A
NIC,1974,N/A
NLD,1974,N/A
NOR,1974,N/A
NPL,1974,N/A
NZL,1974,N/A
OMN,1974,N/A
PAK,1974,N/A
PAN,1974,N/A
PER,1974,N/A
PHL,1974,N/A
PLW,1974,N/A
PNG,1974,N/A
POL,1974,N/A
PRI,1974,N/A
PRK,1974,N/A
PRT,1974,N/A
PRY,1974,N/A
PSE,1974,N/A
PYF,1974,N/A
QAT,1974,N/A
ROU,1974,N/A
RUS,1974,N/A
RWA,1974,N/A
SAU,1974,N/A
SDN,1974,N/A
SEN,1974,N/A
SGP,1974,N/A
SLB,1974,N/A
SLE,1974,N/A
SLV,1974,N/A
SOM,1974,N/A
SRB,1974,N/A
SSD,1974,N/A
STP,1974,N/A
SUR,1974,N/A
SVK,1974,N/A
SVN,1974,N/A
SWE,1974,N/A
SWZ,1974,N/A
SXM,1974,N/A
SYC,1974,N/A
SYR,1974,N/A
TCA,1974,N/A
TCD,1974,N/A
TGO,1974,N/A
THA,1974,N/A
TJK,1974,N/A
TKM,1974,N/A
TLS,1974,N/A
TON,1974,N/A
TTO,1974,N/A
TUN,1974,N/A
TUR,1974,N/A
TUV,1974,N/A
TZA,1974,N/A
UGA,1974,N/A
UKR,1974,N/A
URY,1974,N/A
USA,1974,N/A
UZB,1974,N/A
VCT,1974,N/A
VEN,1974,N/A
VGB,1974,N/A
VIR,1974,N/A
VNM,1974,N/A
VUT,1974,N/A
WSM,1974,N/A
YEM,1974,N/A
ZAF,1974,N/A
ZMB,1974,N/A
ZWE,1974,N/A
AFG,1975,N/A
AGO,1975,N/A
ALB,1975,N/A
ARE,1975,54.0
ARG,1975,N/A
ARM,1975,N/A
ASM,1975,N/A
ATG,1975,N/A
AUS,1975,N/A
AUT,1975,N/A
AZE,1975,N/A
BDI,1975,N/A
BEL,1975,N/A
BEN,1975,N/A
BFA,1975,9.0
BGD,1975,N/A
BGR,1975,N/A
BHR,1975,N/A
BHS,1975,N/A
BIH,1975,N/A
BLR,1975,N/A
BLZ,1975,N/A
BMU,1975,N/A
BOL,1975,N/A
BRA,1975,N/A
BRB,1975,N/A
BRN,1975,N/A
BTN,1975,N/A
BWA,1975,N/A
CAF,1975,18.0
CAN,1975,N/A
CHE,1975,N/A
CHL,1975,N/A
CHN,1975,N/A
CIV,1975,N/A
CMR,1975,N/A
COD,1975,N/A
COG,1975,N/A
COL,1975,N/A
COM,1975,N/A
CPV,1975,N/A
CRI,1975,N/A
CUB,1975,N/A
CYM,1975,N/A
CYP,1975,N/A
CZE,1975,N/A
DEU,1975,N/A
DJI,1975,N/A
DMA,1975,N/A
DNK,1975,N/A
DOM,1975,N/A
DZA,1975,N/A
ECU,1975,N/A
EGY,1975,N/A
ERI,1975,N/A
ESP,1975,N/A
EST,1975,N/A
ETH,1975,N/A
FIN,1975,N/A
FJI,1975,N/A
FRA,1975,N/A
FSM,1975,N/A
GAB,1975,N/A
GBR,1975,N/A
GEO,1975,N/A
GHA,1975,N/A
GIN,1975,N/A
GMB,1975,N/A
GNB,1975,N/A
GNQ,1975,N/A
GRC,1975,N/A
GRD,1975,N/A
GTM,1975,N/A
GUM,1975,N/A
GUY,1975,N/A
HKG,1975,N/A
HND,1975,N/A
HRV,1975,N/A
HTI,1975,N/A
HUN,1975,N/A
IDN,1975,N/A
IND,1975,N/A
IRL,1975,N/A
IRN,1975,N/A
IRQ,1975,N/A
ISL,1975,N/A
ISR,1975,N/A
ITA,1975,N/A
JAM,1975,N/A
JOR,1975,N/A
JPN,1975,N/A
KAZ,1975,N/A
KEN,1975,N/A
KGZ,1975,N/A
KHM,1975,N/A
KIR,1975,N/A
KNA,1975,N/A
KOR,1975,N/A
KWT,1975,60.0
LAO,1975,N/A
LBN,1975,N/A
LBR,1975,N/A
LBY,1975,N/A
LCA,1975,N/A
LIE,1975,N/A
LKA,1975,N/A
LSO,1975,N/A
LTU,1975,N/A
LUX,1975,N/A
LVA,1975,N/A
MAC,1975,N/A
MAF,1975,N/A
MAR,1975,N/A
MDA,1975,N/A
MDG,1975,N/A
MDV,1975,N/A
MEX,1975,N/A
MHL,1975,N/A
MKD,1975,N/A
MLI,1975,N/A
MLT,1975,N/A
MMR,1975,N/A
MNE,1975,N/A
MNG,1975,N/A
MNP,1975,N/A
MOZ,1975,N/A
MRT,1975,N/A
MUS,1975,N/A
MWI,1975,N/A
MYS,1975,N/A
NAM,1975,N/A
NCL,1975,N/A
NER,1975,N/A
NGA,1975,N/A
NIC,1975,N/A
NLD,1975,N/A
NOR,1975,N/A
NPL,1975,N/A
NZL,1975,N/A
OMN,1975,N/A
PAK,1975,N/A
PAN,1975,N/A
PER,1975,N/A
PHL,1975,N/A
PLW,1975,N/A
PNG,1975,N/A
POL,1975,N/A
PRI,1975,N/A
PRK,1975,N/A
PRT,1975,N/A
PRY,1975,N/A
PSE,1975,N/A
PYF,1975,N/A
QAT,1975,N/A
ROU,1975,N/A
RUS,1975,N/A
RWA,1975,N/A
SAU,1975,N/A
SDN,1975,N/A
SEN,1975,N/A
SGP,1975,N/A
SLB,1975,N/A
SLE,1975,N/A
SLV,1975,N/A
SOM,1975,N/A
SRB,1975,N/A
SSD,1975,N/A
STP,1975,N/A
SUR,1975,N/A
SVK,1975,N/A
SVN,1975,N/A
SWE,1975,N/A
SWZ,1975,N/A
SXM,1975,N/A
SYC,1975,N/A
SYR,1975,N/A
TCA,1975,N/A
TCD,1975,N/A
TGO,1975,N/A
THA,1975,N/A
TJK,1975,N/A
TKM,1975,N/A
TLS,1975,N/A
TON,1975,N/A
TTO,1975,N/A
TUN,1975,N/A
TUR,1975,62.0
TUV,1975,N/A
TZA,1975,N/A
UGA,1975,N/A
UKR,1975,N/A
URY,1975,94.0
USA,1975,N/A
UZB,1975,N/A
VCT,1975,N/A
VEN,1975,N/A
VGB,1975,N/A
VIR,1975,N/A
VNM,1975,N/A
VUT,1975,N/A
WSM,1975,N/A
YEM,1975,N/A
ZAF,1975,N/A
ZMB,1975,N/A
ZWE,1975,N/A
AFG,1976,N/A
AGO,1976,N/A
ALB,1976,N/A
ARE,1976,N/A
ARG,1976,N/A
ARM,1976,N/A
ASM,1976,N/A
ATG,1976,N/A
AUS,1976,N/A
AUT,1976,N/A
AZE,1976,N/A
BDI,1976,N/A
BEL,1976,N/A
BEN,1976,N/A
BFA,1976,N/A
BGD,1976,N/A
BGR,1976,N/A
BHR,1976,N/A
BHS,1976,N/A
BIH,1976,N/A
BLR,1976,N/A
BLZ,1976,N/A
BMU,1976,N/A
BOL,1976,63.0
BRA,1976,N/A
BRB,1976,N/A
BRN,1976,N/A
BTN,1976,N/A
BWA,1976,N/A
CAF,1976,N/A
CAN,1976,N/A
CHE,1976,N/A
CHL,1976,N/A
CHN,1976,N/A
CIV,1976,N/A
CMR,1976,41.0
COD,1976,N/A
COG,1976,N/A
COL,1976,N/A
COM,1976,N/A
CPV,1976,N/A
CRI,1976,N/A
CUB,1976,N/A
CYM,1976,N/A
CYP,1976,N/A
CZE,1976,N/A
DEU,1976,N/A
DJI,1976,N/A
DMA,1976,N/A
DNK,1976,N/A
DOM,1976,N/A
DZA,1976,N/A
ECU,1976,N/A
EGY,1976,38.0
ERI,1976,N/A
ESP,1976,N/A
EST,1976,N/A
ETH,1976,N/A
FIN,1976,N/A
FJI,1976,N/A
FRA,1976,N/A
FSM,1976,N/A
GAB,1976,N/A
GBR,1976,N/A
GEO,1976,N/A
GHA,1976,N/A
GIN,1976,N/A
GMB,1976,N/A
GNB,1976,N/A
GNQ,1976,N/A
GRC,1976,N/A
GRD,1976,N/A
GTM,1976,N/A
GUM,1976,N/A
GUY,1976,N/A
HKG,1976,N/A
HND,1976,N/A
HRV,1976,N/A
HTI,1976,N/A
HUN,1976,N/A
IDN,1976,N/A
IND,1976,N/A
IRL,1976,N/A
IRN,1976,37.0
IRQ,1976,N/A
ISL,1976,N/A
ISR,1976,N/A
ITA,1976,N/A
JAM,1976,N/A
JOR,1976,N/A
JPN,1976,N/A
KAZ,1976,N/A
KEN,1976,N/A
KGZ,1976,N/A
KHM,1976,N/A
KIR,1976,N/A
KNA,1976,N/A
KOR,1976,N/A
KWT,1976,N/A
LAO,1976,N/A
LBN,1976,N/A
LBR,1976,N/A
LBY,1976,N/A
LCA,1976,N/A
LIE,1976,N/A
LKA,1976,N/A
LSO,1976,N/A
LTU,1976,N/A
LUX,1976,N/A
LVA,1976,N/A
MAC,1976,N/A
MAF,1976,N/A
MAR,1976,N/A
MDA,1976,N/A
MDG,1976,N/A
MDV,1976,N/A
MEX,1976,N/A
MHL,1976,N/A
MKD,1976,N/A
MLI,1976,9.0
MLT,1976,N/A
MMR,1976,N/A
MNE,1976,N/A
MNG,1976,N/A
MNP,1976,N/A
MOZ,1976,N/A
MRT,1976,N/A
MUS,1976,N/A
MWI,1976,N/A
MYS,1976,N/A
NAM,1976,N/A
NCL,1976,91.0
NER,1976,N/A
NGA,1976,N/A
NIC,1976,N/A
NLD,1976,N/A
NOR,1976,N/A
NPL,1976,N/A
NZL,1976,N/A
OMN,1976,N/A
PAK,1976,N/A
PAN,1976,N/A
PER,1976,N/A
PHL,1976,N/A
PLW,1976,N/A
PNG,1976,N/A
POL,1976,N/A
PRI,1976,N/A
PRK,1976,N/A
PRT,1976,N/A
PRY,1976,N/A
PSE,1976,N/A
PYF,1976,N/A
QAT,1976,N/A
ROU,1976,N/A
RUS,1976,N/A
RWA,1976,N/A
SAU,1976,N/A
SDN,1976,N/A
SEN,1976,N/A
SGP,1976,N/A
SLB,1976,N/A
SLE,1976,N/A
SLV,1976,N/A
SOM,1976,N/A
SRB,1976,N/A
SSD,1976,N/A
STP,1976,N/A
SUR,1976,N/A
SVK,1976,N/A
SVN,1976,N/A
SWE,1976,N/A
SWZ,1976,55.0
SXM,1976,N/A
SYC,1976,N/A
SYR,1976,N/A
TCA,1976,N/A
TCD,1976,N/A
TGO,1976,N/A
THA,1976,N/A
TJK,1976,N/A
TKM,1976,N/A
TLS,1976,N/A
TON,1976,100.0
TTO,1976,N/A
TUN,1976,N/A
TUR,1976,N/A
TUV,1976,N/A
TZA,1976,N/A
UGA,1976,N/A
UKR,1976,N/A
URY,1976,N/A
USA,1976,N/A
UZB,1976,N/A
VCT,1976,N/A
VEN,1976,N/A
VGB,1976,N/A
VIR,1976,N/A
VNM,1976,N/A
VUT,1976,N/A
WSM,1976,N/A
YEM,1976,N/A
ZAF,1976,N/A
ZMB,1976,N/A
ZWE,1976,N/A
AFG,1977,N/A
AGO,1977,N/A
ALB,1977,N/A
ARE,1977,N/A
ARG,1977,N/A
ARM,1977,N/A
ASM,1977,N/A
ATG,1977,N/A
AUS,1977,N/A
AUT,1977,N/A
AZE,1977,N/A
BDI,1977,N/A
BEL,1977,N/A
BEN,1977,N/A
BFA,1977,N/A
BGD,1977,N/A
BGR,1977,N/A
BHR,1977,N/A
BHS,1977,N/A
BIH,1977,N/A
BLR,1977,N/A
BLZ,1977,N/A
BMU,1977,N/A
BOL,1977,N/A
BRA,1977,N/A
BRB,1977,N/A
BRN,1977,N/A
BTN,1977,N/A
BWA,1977,N/A
CAF,1977,N/A
CAN,1977,N/A
CHE,1977,N/A
CHL,1977,N/A
CHN,1977,N/A
CIV,1977,N/A
CMR,1977,N/A
COD,1977,N/A
COG,1977,N/A
COL,1977,N/A
COM,1977,N/A
CPV,1977,N/A
CRI,1977,N/A
CUB,1977,N/A
CYM,1977,N/A
CYP,1977,N/A
CZE,1977,N/A
DEU,1977,N/A
DJI,1977,N/A
DMA,1977,N/A
DNK,1977,N/A
DOM,1977,N/A
DZA,1977,N/A
ECU,1977,N/A
EGY,1977,N/A
ERI,1977,N/A
ESP,1977,N/A
EST,1977,N/A
ETH,1977,N/A
FIN,1977,N/A
FJI,1977,N/A
FRA,1977,N/A
FSM,1977,N/A
GAB,1977,N/A
GBR,1977,N/A
GEO,1977,N/A
GHA,1977,N/A
GIN,1977,N/A
GMB,1977,N/A
GNB,1977,N/A
GNQ,1977,N/A
GRC,1977,N/A
GRD,1977,N/A
GTM,1977,N/A
GUM,1977,N/A
GUY,1977,N/A
HKG,1977,N/A
HND,1977,N/A
HRV,1977,N/A
HTI,1977,N/A
HUN,1977,N/A
IDN,1977,N/A
IND,1977,N/A
IRL,1977,N/A
IRN,1977,N/A
IRQ,1977,N/A
ISL,1977,N/A
ISR,1977,N/A
ITA,1977,N/A
JAM,1977,N/A
JOR,1977,N/A
JPN,1977,N/A
KAZ,1977,N/A
KEN,1977,N/A
KGZ,1977,N/A
KHM,1977,N/A
KIR,1977,N/A
KNA,1977,N/A
KOR,1977,N/A
KWT,1977,N/A
LAO,1977,N/A
LBN,1977,N/A
LBR,1977,N/A
LBY,1977,N/A
LCA,1977,N/A
LIE,1977,N/A
LKA,1977,N/A
LSO,1977,N/A
LTU,1977,N/A
LUX,1977,N/A
LVA,1977,N/A
MAC,1977,N/A
MAF,1977,N/A
MAR,1977,N/A
MDA,1977,N/A
MDG,1977,N/A
MDV,1977,82.0
MEX,1977,N/A
MHL,1977,N/A
MKD,1977,N/A
MLI,1977,N/A
MLT,1977,N/A
MMR,1977,N/A
MNE,1977,N/A
MNG,1977,N/A
MNP,1977,N/A
MOZ,1977,N/A
MRT,1977,N/A
MUS,1977,N/A
MWI,1977,N/A
MYS,1977,N/A
NAM,1977,N/A
NCL,1977,N/A
NER,1977,N/A
NGA,1977,N/A
NIC,1977,N/A
NLD,1977,N/A
NOR,1977,N/A
NPL,1977,N/A
NZL,1977,N/A
OMN,1977,N/A
PAK,1977,N/A
PAN,1977,N/A
PER,1977,N/A
PHL,1977,N/A
PLW,1977,N/A
PNG,1977,N/A
POL,1977,N/A
PRI,1977,N/A
PRK,1977,N/A
PRT,1977,N/A
PRY,1977,N/A
PSE,1977,N/A
PYF,1977,N/A
QAT,1977,N/A
ROU,1977,N/A
RUS,1977,N/A
RWA,1977,N/A
SAU,1977,N/A
SDN,1977,N/A
SEN,1977,N/A
SGP,1977,N/A
SLB,1977,N/A
SLE,1977,N/A
SLV,1977,N/A
SOM,1977,N/A
SRB,1977,N/A
SSD,1977,N/A
STP,1977,N/A
SUR,1977,N/A
SVK,1977,N/A
SVN,1977,N/A
SWE,1977,N/A
SWZ,1977,N/A
SXM,1977,N/A
SYC,1977,N/A
SYR,1977,N/A
TCA,1977,N/A
TCD,1977,N/A
TGO,1977,N/A
THA,1977,N/A
TJK,1977,N/A
TKM,1977,N/A
TLS,1977,N/A
TON,1977,N/A
TTO,1977,N/A
TUN,1977,N/A
TUR,1977,N/A
TUV,1977,N/A
TZA,1977,N/A
UGA,1977,N/A
UKR,1977,N/A
URY,1977,N/A
USA,1977,N/A
UZB,1977,N/A
VCT,1977,N/A
VEN,1977,N/A
VGB,1977,N/A
VIR,1977,N/A
VNM,1977,N/A
VUT,1977,N/A
WSM,1977,N/A
YEM,1977,N/A
ZAF,1977,N/A
ZMB,1977,N/A
ZWE,1977,N/A
AFG,1978,N/A
AGO,1978,N/A
ALB,1978,N/A
ARE,1978,N/A
ARG,1978,N/A
ARM,1978,N/A
ASM,1978,N/A
ATG,1978,N/A
AUS,1978,N/A
AUT,1978,N/A
AZE,1978,N/A
BDI,1978,N/A
BEL,1978,N/A
BEN,1978,N/A
BFA,1978,N/A
BGD,1978,N/A
BGR,1978,N/A
BHR,1978,N/A
BHS,1978,N/A
BIH,1978,N/A
BLR,1978,N/A
BLZ,1978,N/A
BMU,1978,N/A
BOL,1978,N/A
BRA,1978,N/A
BRB,1978,N/A
BRN,1978,N/A
BTN,1978,N/A
BWA,1978,N/A
CAF,1978,N/A
CAN,1978,N/A
CHE,1978,N/A
CHL,1978,N/A
CHN,1978,N/A
CIV,1978,N/A
CMR,1978,N/A
COD,1978,N/A
COG,1978,N/A
COL,1978,N/A
COM,1978,N/A
CPV,1978,N/A
CRI,1978,N/A
CUB,1978,N/A
CYM,1978,N/A
CYP,1978,N/A
CZE,1978,N/A
DEU,1978,N/A
DJI,1978,N/A
DMA,1978,N/A
DNK,1978,N/A
DOM,1978,N/A
DZA,1978,N/A
ECU,1978,N/A
EGY,1978,N/A
ERI,1978,N/A
ESP,1978,N/A
EST,1978,N/A
ETH,1978,N/A
FIN,1978,N/A
FJI,1978,N/A
FRA,1978,N/A
FSM,1978,N/A
GAB,1978,N/A
GBR,1978,N/A
GEO,1978,N/A
GHA,1978,N/A
GIN,1978,N/A
GMB,1978,N/A
GNB,1978,N/A
GNQ,1978,N/A
GRC,1978,N/A
GRD,1978,N/A
GTM,1978,N/A
GUM,1978,N/A
GUY,1978,N/A
HKG,1978,N/A
HND,1978,N/A
HRV,1978,N/A
HTI,1978,N/A
HUN,1978,N/A
IDN,1978,N/A
IND,1978,N/A
IRL,1978,N/A
IRN,1978,N/A
IRQ,1978,N/A
ISL,1978,N/A
ISR,1978,N/A
ITA,1978,N/A
JAM,1978,N/A
JOR,1978,N/A
JPN,1978,N/A
KAZ,1978,N/A
KEN,1978,N/A
KGZ,1978,N/A
KHM,1978,N/A
KIR,1978,N/A
KNA,1978,N/A
KOR,1978,N/A
KWT,1978,N/A
LAO,1978,N/A
LBN,1978,N/A
LBR,1978,N/A
LBY,1978,N/A
LCA,1978,N/A
LIE,1978,N/A
LKA,1978,N/A
LSO,1978,N/A
LTU,1978,N/A
LUX,1978,N/A
LVA,1978,N/A
MAC,1978,N/A
MAF,1978,N/A
MAR,1978,N/A
MDA,1978,N/A
MDG,1978,N/A
MDV,1978,N/A
MEX,1978,N/A
MHL,1978,N/A
MKD,1978,N/A
MLI,1978,N/A
MLT,1978,N/A
MMR,1978,N/A
MNE,1978,N/A
MNG,1978,N/A
MNP,1978,N/A
MOZ,1978,N/A
MRT,1978,N/A
MUS,1978,N/A
MWI,1978,N/A
MYS,1978,N/A
NAM,1978,N/A
NCL,1978,N/A
NER,1978,N/A
NGA,1978,N/A
NIC,1978,N/A
NLD,1978,N/A
NOR,1978,N/A
NPL,1978,N/A
NZL,1978,N/A
OMN,1978,N/A
PAK,1978,N/A
PAN,1978,N/A
PER,1978,N/A
PHL,1978,N/A
PLW,1978,N/A
PNG,1978,N/A
POL,1978,99.0
PRI,1978,N/A
PRK,1978,N/A
PRT,1978,N/A
PRY,1978,N/A
PSE,1978,N/A
PYF,1978,N/A
QAT,1978,N/A
ROU,1978,N/A
RUS,1978,N/A
RWA,1978,38.0
SAU,1978,N/A
SDN,1978,N/A
SEN,1978,N/A
SGP,1978,N/A
SLB,1978,N/A
SLE,1978,N/A
SLV,1978,N/A
SOM,1978,N/A
SRB,1978,N/A
SSD,1978,N/A
STP,1978,N/A
SUR,1978,N/A
SVK,1978,N/A
SVN,1978,N/A
SWE,1978,N/A
SWZ,1978,N/A
SXM,1978,N/A
SYC,1978,N/A
SYR,1978,N/A
TCA,1978,N/A
TCD,1978,N/A
TGO,1978,N/A
THA,1978,N/A
TJK,1978,N/A
TKM,1978,N/A
TLS,1978,N/A
TON,1978,N/A
TTO,1978,N/A
TUN,1978,N/A
TUR,1978,N/A
TUV,1978,N/A
TZA,1978,N/A
UGA,1978,N/A
UKR,1978,N/A
URY,1978,N/A
USA,1978,N/A
UZB,1978,N/A
VCT,1978,N/A
VEN,1978,N/A
VGB,1978,N/A
VIR,1978,N/A
VNM,1978,N/A
VUT,1978,N/A
WSM,1978,N/A
YEM,1978,N/A
ZAF,1978,N/A
ZMB,1978,N/A
ZWE,1978,N/A
AFG,1979,18.0
AGO,1979,N/A
ALB,1979,N/A
ARE,1979,N/A
ARG,1979,N/A
ARM,1979,N/A
ASM,1979,N/A
ATG,1979,N/A
AUS,1979,N/A
AUT,1979,N/A
AZE,1979,N/A
BDI,1979,23.0
BEL,1979,N/A
BEN,1979,16.0
BFA,1979,N/A
BGD,1979,N/A
BGR,1979,N/A
BHR,1979,N/A
BHS,1979,N/A
BIH,1979,N/A
BLR,1979,N/A
BLZ,1979,N/A
BMU,1979,N/A
BOL,1979,N/A
BRA,1979,N/A
BRB,1979,N/A
BRN,1979,N/A
BTN,1979,N/A
BWA,1979,N/A
CAF,1979,N/A
CAN,1979,N/A
CHE,1979,N/A
CHL,1979,N/A
CHN,1979,N/A
CIV,1979,N/A
CMR,1979,N/A
COD,1979,N/A
COG,1979,N/A
COL,1979,N/A
COM,1979,N/A
CPV,1979,N/A
CRI,1979,N/A
CUB,1979,N/A
CYM,1979,N/A
CYP,1979,N/A
CZE,1979,N/A
DEU,1979,N/A
DJI,1979,N/A
DMA,1979,N/A
DNK,1979,N/A
DOM,1979,N/A
DZA,1979,N/A
ECU,1979,N/A
EGY,1979,N/A
ERI,1979,N/A
ESP,1979,N/A
EST,1979,N/A
ETH,1979,N/A
FIN,1979,N/A
FJI,1979,N/A
FRA,1979,N/A
FSM,1979,N/A
GAB,1979,N/A
GBR,1979,N/A
GEO,1979,N/A
GHA,1979,N/A
GIN,1979,N/A
GMB,1979,N/A
GNB,1979,20.0
GNQ,1979,N/A
GRC,1979,N/A
GRD,1979,N/A
GTM,1979,N/A
GUM,1979,N/A
GUY,1979,N/A
HKG,1979,N/A
HND,1979,N/A
HRV,1979,N/A
HTI,1979,N/A
HUN,1979,N/A
IDN,1979,N/A
IND,1979,N/A
IRL,1979,N/A
IRN,1979,N/A
IRQ,1979,N/A
ISL,1979,N/A
ISR,1979,N/A
ITA,1979,N/A
JAM,1979,N/A
JOR,1979,67.0
JPN,1979,N/A
KAZ,1979,N/A
KEN,1979,N/A
KGZ,1979,N/A
KHM,1979,N/A
KIR,1979,N/A
KNA,1979,N/A
KOR,1979,N/A
KWT,1979,N/A
LAO,1979,N/A
LBN,1979,N/A
LBR,1979,N/A
LBY,1979,N/A
LCA,1979,N/A
LIE,1979,N/A
LKA,1979,N/A
LSO,1979,N/A
LTU,1979,N/A
LUX,1979,N/A
LVA,1979,N/A
MAC,1979,N/A
MAF,1979,N/A
MAR,1979,N/A
MDA,1979,N/A
MDG,1979,N/A
MDV,1979,N/A
MEX,1979,N/A
MHL,1979,N/A
MKD,1979,N/A
MLI,1979,N/A
MLT,1979,N/A
MMR,1979,N/A
MNE,1979,N/A
MNG,1979,N/A
MNP,1979,N/A
MOZ,1979,N/A
MRT,1979,N/A
MUS,1979,N/A
MWI,1979,N/A
MYS,1979,N/A
NAM,1979,N/A
NCL,1979,N/A
NER,1979,N/A
NGA,1979,N/A
NIC,1979,N/A
NLD,1979,N/A
NOR,1979,N/A
NPL,1979,N/A
NZL,1979,N/A
OMN,1979,N/A
PAK,1979,N/A
PAN,1979,N/A
PER,1979,N/A
PHL,1979,N/A
PLW,1979,N/A
PNG,1979,N/A
POL,1979,N/A
PRI,1979,N/A
PRK,1979,N/A
PRT,1979,N/A
PRY,1979,N/A
PSE,1979,N/A
PYF,1979,N/A
QAT,1979,N/A
ROU,1979,N/A
RUS,1979,N/A
RWA,1979,N/A
SAU,1979,N/A
SDN,1979,N/A
SEN,1979,N/A
SGP,1979,N/A
SLB,1979,N/A
SLE,1979,N/A
SLV,1979,N/A
SOM,1979,N/A
SRB,1979,N/A
SSD,1979,N/A
STP,1979,N/A
SUR,1979,N/A
SVK,1979,N/A
SVN,1979,N/A
SWE,1979,N/A
SWZ,1979,N/A
SXM,1979,N/A
SYC,1979,N/A
SYR,1979,N/A
TCA,1979,N/A
TCD,1979,N/A
TGO,1979,N/A
THA,1979,N/A
TJK,1979,N/A
TKM,1979,N/A
TLS,1979,N/A
TON,1979,N/A
TTO,1979,N/A
TUN,1979,N/A
TUR,1979,N/A
TUV,1979,N/A
TZA,1979,N/A
UGA,1979,N/A
UKR,1979,N/A
URY,1979,N/A
USA,1979,N/A
UZB,1979,N/A
VCT,1979,N/A
VEN,1979,N/A
VGB,1979,N/A
VIR,1979,N/A
VNM,1979,84.0
VUT,1979,53.0
WSM,1979,N/A
YEM,1979,N/A
ZAF,1979,N/A
ZMB,1979,N/A
ZWE,1979,N/A
AFG,1980,N/A
AGO,1980,N/A
ALB,1980,N/A
ARE,1980,N/A
ARG,1980,94.0
ARM,1980,N/A
ASM,1980,97.0
ATG,1980,N/A
AUS,1980,N/A
AUT,1980,N/A
AZE,1980,N/A
BDI,1980,N/A
BEL,1980,N/A
BEN,1980,N/A
BFA,1980,N/A
BGD,1980,N/A
BGR,1980,N/A
BHR,1980,N/A
BHS,1980,N/A
BIH,1980,N/A
BLR,1980,N/A
BLZ,1980,N/A
BMU,1980,N/A
BOL,1980,N/A
BRA,1980,75.0
BRB,1980,99.5
BRN,1980,N/A
BTN,1980,N/A
BWA,1980,N/A
CAF,1980,N/A
CAN,1980,N/A
CHE,1980,N/A
CHL,1980,N/A
CHN,1980,N/A
CIV,1980,N/A
CMR,1980,N/A
COD,1980,N/A
COG,1980,N/A
COL,1980,N/A
COM,1980,48.0
CPV,1980,N/A
CRI,1980,N/A
CUB,1980,N/A
CYM,1980,N/A
CYP,1980,N/A
CZE,1980,N/A
DEU,1980,N/A
DJI,1980,N/A
DMA,1980,N/A
DNK,1980,N/A
DOM,1980,N/A
DZA,1980,N/A
ECU,1980,N/A
EGY,1980,N/A
ERI,1980,N/A
ESP,1980,N/A
EST,1980,N/A
ETH,1980,N/A
FIN,1980,N/A
FJI,1980,N/A
FRA,1980,N/A
FSM,1980,N/A
GAB,1980,N/A
GBR,1980,N/A
GEO,1980,N/A
GHA,1980,N/A
GIN,1980,N/A
GMB,1980,N/A
GNB,1980,N/A
GNQ,1980,N/A
GRC,1980,N/A
GRD,1980,98.4000015258789
GTM,1980,N/A
GUM,1980,96.0
GUY,1980,N/A
HKG,1980,N/A
HND,1980,N/A
HRV,1980,N/A
HTI,1980,N/A
HUN,1980,99.0
IDN,1980,67.0
IND,1980,N/A
IRL,1980,N/A
IRN,1980,N/A
IRQ,1980,N/A
ISL,1980,N/A
ISR,1980,N/A
ITA,1980,N/A
JAM,1980,N/A
JOR,1980,N/A
JPN,1980,N/A
KAZ,1980,N/A
KEN,1980,N/A
KGZ,1980,N/A
KHM,1980,N/A
KIR,1980,N/A
KNA,1980,N/A
KOR,1980,N/A
KWT,1980,68.0
LAO,1980,N/A
LBN,1980,N/A
LBR,1980,N/A
LBY,1980,N/A
LCA,1980,N/A
LIE,1980,N/A
LKA,1980,N/A
LSO,1980,N/A
LTU,1980,N/A
LUX,1980,N/A
LVA,1980,N/A
MAC,1980,N/A
MAF,1980,N/A
MAR,1980,N/A
MDA,1980,N/A
MDG,1980,N/A
MDV,1980,N/A
MEX,1980,83.0
MHL,1980,N/A
MKD,1980,N/A
MLI,1980,N/A
MLT,1980,N/A
MMR,1980,N/A
MNE,1980,N/A
MNG,1980,N/A
MNP,1980,N/A
MOZ,1980,27.0
MRT,1980,N/A
MUS,1980,N/A
MWI,1980,N/A
MYS,1980,70.0
NAM,1980,N/A
NCL,1980,N/A
NER,1980,N/A
NGA,1980,N/A
NIC,1980,N/A
NLD,1980,N/A
NOR,1980,N/A
NPL,1980,N/A
NZL,1980,N/A
OMN,1980,N/A
PAK,1980,N/A
PAN,1980,88.0
PER,1980,N/A
PHL,1980,83.0
PLW,1980,92.0
PNG,1980,N/A
POL,1980,N/A
PRI,1980,87.0
PRK,1980,N/A
PRT,1980,N/A
PRY,1980,N/A
PSE,1980,N/A
PYF,1980,N/A
QAT,1980,N/A
ROU,1980,N/A
RUS,1980,N/A
RWA,1980,N/A
SAU,1980,N/A
SDN,1980,N/A
SEN,1980,N/A
SGP,1980,83.0
SLB,1980,N/A
SLE,1980,N/A
SLV,1980,N/A
SOM,1980,N/A
SRB,1980,N/A
SSD,1980,N/A
STP,1980,N/A
SUR,1980,N/A
SVK,1980,N/A
SVN,1980,N/A
SWE,1980,N/A
SWZ,1980,N/A
SXM,1980,N/A
SYC,1980,N/A
SYR,1980,N/A
TCA,1980,N/A
TCD,1980,N/A
TGO,1980,N/A
THA,1980,88.0
TJK,1980,N/A
TKM,1980,N/A
TLS,1980,N/A
TON,1980,N/A
TTO,1980,95.0
TUN,1980,N/A
TUR,1980,66.0
TUV,1980,N/A
TZA,1980,N/A
UGA,1980,N/A
UKR,1980,N/A
URY,1980,N/A
USA,1980,N/A
UZB,1980,N/A
VCT,1980,96.9000015258789
VEN,1980,N/A
VGB,1980,N/A
VIR,1980,N/A
VNM,1980,N/A
VUT,1980,N/A
WSM,1980,N/A
YEM,1980,N/A
ZAF,1980,76.0
ZMB,1980,N/A
ZWE,1980,N/A
AFG,1981,N/A
AGO,1981,N/A
ALB,1981,N/A
ARE,1981,N/A
ARG,1981,N/A
ARM,1981,N/A
ASM,1981,N/A
ATG,1981,N/A
AUS,1981,N/A
AUT,1981,N/A
AZE,1981,N/A
BDI,1981,N/A
BEL,1981,N/A
BEN,1981,N/A
BFA,1981,N/A
BGD,1981,29.0
BGR,1981,N/A
BHR,1981,70.0
BHS,1981,N/A
BIH,1981,N/A
BLR,1981,N/A
BLZ,1981,N/A
BMU,1981,N/A
BOL,1981,N/A
BRA,1981,N/A
BRB,1981,N/A
BRN,1981,78.0
BTN,1981,N/A
BWA,1981,N/A
CAF,1981,N/A
CAN,1981,N/A
CHE,1981,N/A
CHL,1981,N/A
CHN,1981,N/A
CIV,1981,N/A
CMR,1981,N/A
COD,1981,N/A
COG,1981,N/A
COL,1981,N/A
COM,1981,N/A
CPV,1981,N/A
CRI,1981,N/A
CUB,1981,98.0
CYM,1981,N/A
CYP,1981,N/A
CZE,1981,N/A
DEU,1981,N/A
DJI,1981,N/A
DMA,1981,N/A
DNK,1981,N/A
DOM,1981,73.0
DZA,1981,N/A
ECU,1981,N/A
EGY,1981,N/A
ERI,1981,N/A
ESP,1981,93.0
EST,1981,N/A
ETH,1981,N/A
FIN,1981,N/A
FJI,1981,N/A
FRA,1981,N/A
FSM,1981,N/A
GAB,1981,N/A
GBR,1981,N/A
GEO,1981,N/A
GHA,1981,N/A
GIN,1981,N/A
GMB,1981,N/A
GNB,1981,N/A
GNQ,1981,N/A
GRC,1981,91.0
GRD,1981,N/A
GTM,1981,N/A
GUM,1981,N/A
GUY,1981,N/A
HKG,1981,N/A
HND,1981,N/A
HRV,1981,N/A
HTI,1981,N/A
HUN,1981,N/A
IDN,1981,N/A
IND,1981,41.0
IRL,1981,N/A
IRN,1981,N/A
IRQ,1981,N/A
ISL,1981,N/A
ISR,1981,N/A
ITA,1981,96.0
JAM,1981,N/A
JOR,1981,N/A
JPN,1981,N/A
KAZ,1981,N/A
KEN,1981,N/A
KGZ,1981,N/A
KHM,1981,N/A
KIR,1981,N/A
KNA,1981,N/A
KOR,1981,N/A
KWT,1981,N/A
LAO,1981,N/A
LBN,1981,N/A
LBR,1981,N/A
LBY,1981,N/A
LCA,1981,N/A
LIE,1981,N/A
LKA,1981,87.0
LSO,1981,N/A
LTU,1981,N/A
LUX,1981,N/A
LVA,1981,N/A
MAC,1981,90.0
MAF,1981,N/A
MAR,1981,N/A
MDA,1981,N/A
MDG,1981,N/A
MDV,1981,N/A
MEX,1981,N/A
MHL,1981,N/A
MKD,1981,N/A
MLI,1981,N/A
MLT,1981,N/A
MMR,1981,N/A
MNE,1981,90.0
MNG,1981,N/A
MNP,1981,N/A
MOZ,1981,N/A
MRT,1981,N/A
MUS,1981,N/A
MWI,1981,N/A
MYS,1981,N/A
NAM,1981,N/A
NCL,1981,N/A
NER,1981,N/A
NGA,1981,N/A
NIC,1981,N/A
NLD,1981,N/A
NOR,1981,N/A
NPL,1981,21.0
NZL,1981,N/A
OMN,1981,N/A
PAK,1981,26.0
PAN,1981,N/A
PER,1981,82.0
PHL,1981,N/A
PLW,1981,N/A
PNG,1981,N/A
POL,1981,N/A
PRI,1981,N/A
PRK,1981,N/A
PRT,1981,79.0
PRY,1981,N/A
PSE,1981,N/A
PYF,1981,N/A
QAT,1981,N/A
ROU,1981,N/A
RUS,1981,N/A
RWA,1981,N/A
SAU,1981,N/A
SDN,1981,N/A
SEN,1981,N/A
SGP,1981,N/A
SLB,1981,N/A
SLE,1981,N/A
SLV,1981,N/A
SOM,1981,N/A
SRB,1981,N/A
SSD,1981,N/A
STP,1981,57.0
SUR,1981,N/A
SVK,1981,N/A
SVN,1981,N/A
SWE,1981,N/A
SWZ,1981,N/A
SXM,1981,N/A
SYC,1981,N/A
SYR,1981,56.0
TCA,1981,N/A
TCD,1981,N/A
TGO,1981,N/A
THA,1981,N/A
TJK,1981,N/A
TKM,1981,N/A
TLS,1981,N/A
TON,1981,N/A
TTO,1981,N/A
TUN,1981,N/A
TUR,1981,N/A
TUV,1981,N/A
TZA,1981,N/A
UGA,1981,N/A
UKR,1981,N/A
URY,1981,N/A
USA,1981,N/A
UZB,1981,N/A
VCT,1981,N/A
VEN,1981,85.0
VGB,1981,N/A
VIR,1981,N/A
VNM,1981,N/A
VUT,1981,N/A
WSM,1981,N/A
YEM,1981,N/A
ZAF,1981,N/A
ZMB,1981,N/A
ZWE,1981,N/A
AFG,1982,N/A
AGO,1982,N/A
ALB,1982,N/A
ARE,1982,N/A
ARG,1982,N/A
ARM,1982,N/A
ASM,1982,N/A
ATG,1982,N/A
AUS,1982,N/A
AUT,1982,N/A
AZE,1982,N/A
BDI,1982,N/A
BEL,1982,N/A
BEN,1982,N/A
BFA,1982,N/A
BGD,1982,N/A
BGR,1982,N/A
BHR,1982,N/A
BHS,1982,N/A
BIH,1982,N/A
BLR,1982,N/A
BLZ,1982,N/A
BMU,1982,N/A
BOL,1982,N/A
BRA,1982,N/A
BRB,1982,N/A
BRN,1982,N/A
BTN,1982,N/A
BWA,1982,N/A
CAF,1982,N/A
CAN,1982,N/A
CHE,1982,N/A
CHL,1982,91.0
CHN,1982,66.0
CIV,1982,N/A
CMR,1982,N/A
COD,1982,N/A
COG,1982,N/A
COL,1982,N/A
COM,1982,N/A
CPV,1982,N/A
CRI,1982,N/A
CUB,1982,N/A
CYM,1982,N/A
CYP,1982,N/A
CZE,1982,N/A
DEU,1982,N/A
DJI,1982,N/A
DMA,1982,N/A
DNK,1982,N/A
DOM,1982,N/A
DZA,1982,N/A
ECU,1982,84.0
EGY,1982,N/A
ERI,1982,N/A
ESP,1982,N/A
EST,1982,N/A
ETH,1982,N/A
FIN,1982,N/A
FJI,1982,N/A
FRA,1982,N/A
FSM,1982,N/A
GAB,1982,N/A
GBR,1982,N/A
GEO,1982,N/A
GHA,1982,N/A
GIN,1982,N/A
GMB,1982,N/A
GNB,1982,N/A
GNQ,1982,N/A
GRC,1982,N/A
GRD,1982,N/A
GTM,1982,N/A
GUM,1982,N/A
GUY,1982,N/A
HKG,1982,N/A
HND,1982,N/A
HRV,1982,N/A
HTI,1982,35.0
HUN,1982,N/A
IDN,1982,N/A
IND,1982,N/A
IRL,1982,N/A
IRN,1982,N/A
IRQ,1982,N/A
ISL,1982,N/A
ISR,1982,N/A
ITA,1982,N/A
JAM,1982,N/A
JOR,1982,N/A
JPN,1982,N/A
KAZ,1982,N/A
KEN,1982,N/A
KGZ,1982,N/A
KHM,1982,N/A
KIR,1982,N/A
KNA,1982,N/A
KOR,1982,N/A
KWT,1982,N/A
LAO,1982,N/A
LBN,1982,N/A
LBR,1982,N/A
LBY,1982,N/A
LCA,1982,N/A
LIE,1982,N/A
LKA,1982,N/A
LSO,1982,N/A
LTU,1982,N/A
LUX,1982,N/A
LVA,1982,N/A
MAC,1982,N/A
MAF,1982,N/A
MAR,1982,30.0
MDA,1982,N/A
MDG,1982,N/A
MDV,1982,N/A
MEX,1982,N/A
MHL,1982,N/A
MKD,1982,N/A
MLI,1982,N/A
MLT,1982,N/A
MMR,1982,N/A
MNE,1982,N/A
MNG,1982,N/A
MNP,1982,N/A
MOZ,1982,N/A
MRT,1982,N/A
MUS,1982,N/A
MWI,1982,N/A
MYS,1982,N/A
NAM,1982,N/A
NCL,1982,N/A
NER,1982,N/A
NGA,1982,N/A
NIC,1982,N/A
NLD,1982,N/A
NOR,1982,N/A
NPL,1982,N/A
NZL,1982,N/A
OMN,1982,N/A
PAK,1982,N/A
PAN,1982,N/A
PER,1982,N/A
PHL,1982,N/A
PLW,1982,N/A
PNG,1982,N/A
POL,1982,N/A
PRI,1982,N/A
PRK,1982,N/A
PRT,1982,N/A
PRY,1982,78.0
PSE,1982,N/A
PYF,1982,N/A
QAT,1982,N/A
ROU,1982,N/A
RUS,1982,N/A
RWA,1982,N/A
SAU,1982,N/A
SDN,1982,N/A
SEN,1982,N/A
SGP,1982,N/A
SLB,1982,N/A
SLE,1982,N/A
SLV,1982,N/A
SOM,1982,N/A
SRB,1982,N/A
SSD,1982,N/A
STP,1982,N/A
SUR,1982,N/A
SVK,1982,N/A
SVN,1982,N/A
SWE,1982,N/A
SWZ,1982,N/A
SXM,1982,N/A
SYC,1982,N/A
SYR,1982,N/A
TCA,1982,N/A
TCD,1982,N/A
TGO,1982,N/A
THA,1982,N/A
TJK,1982,N/A
TKM,1982,N/A
TLS,1982,N/A
TON,1982,N/A
TTO,1982,N/A
TUN,1982,N/A
TUR,1982,N/A
TUV,1982,N/A
TZA,1982,N/A
UGA,1982,N/A
UKR,1982,N/A
URY,1982,N/A
USA,1982,N/A
UZB,1982,N/A
VCT,1982,N/A
VEN,1982,N/A
VGB,1982,N/A
VIR,1982,N/A
VNM,1982,N/A
VUT,1982,N/A
WSM,1982,N/A
YEM,1982,N/A
ZAF,1982,N/A
ZMB,1982,N/A
ZWE,1982,78.0
AFG,1983,N/A
AGO,1983,N/A
ALB,1983,N/A
ARE,1983,N/A
ARG,1983,N/A
ARM,1983,N/A
ASM,1983,N/A
ATG,1983,N/A
AUS,1983,N/A
AUT,1983,N/A
AZE,1983,N/A
BDI,1983,N/A
BEL,1983,N/A
BEN,1983,N/A
BFA,1983,N/A
BGD,1983,N/A
BGR,1983,N/A
BHR,1983,N/A
BHS,1983,N/A
BIH,1983,N/A
BLR,1983,N/A
BLZ,1983,N/A
BMU,1983,N/A
BOL,1983,N/A
BRA,1983,N/A
BRB,1983,N/A
BRN,1983,N/A
BTN,1983,N/A
BWA,1983,N/A
CAF,1983,N/A
CAN,1983,N/A
CHE,1983,N/A
CHL,1983,N/A
CHN,1983,N/A
CIV,1983,N/A
CMR,1983,N/A
COD,1983,N/A
COG,1983,N/A
COL,1983,N/A
COM,1983,N/A
CPV,1983,N/A
CRI,1983,N/A
CUB,1983,N/A
CYM,1983,N/A
CYP,1983,N/A
CZE,1983,N/A
DEU,1983,N/A
DJI,1983,N/A
DMA,1983,N/A
DNK,1983,N/A
DOM,1983,N/A
DZA,1983,N/A
ECU,1983,N/A
EGY,1983,N/A
ERI,1983,N/A
ESP,1983,N/A
EST,1983,N/A
ETH,1983,N/A
FIN,1983,N/A
FJI,1983,N/A
FRA,1983,N/A
FSM,1983,N/A
GAB,1983,N/A
GBR,1983,N/A
GEO,1983,N/A
GHA,1983,N/A
GIN,1983,N/A
GMB,1983,N/A
GNB,1983,N/A
GNQ,1983,N/A
GRC,1983,N/A
GRD,1983,N/A
GTM,1983,N/A
GUM,1983,N/A
GUY,1983,N/A
HKG,1983,N/A
HND,1983,N/A
HRV,1983,N/A
HTI,1983,N/A
HUN,1983,N/A
IDN,1983,N/A
IND,1983,N/A
IRL,1983,N/A
IRN,1983,N/A
IRQ,1983,N/A
ISL,1983,N/A
ISR,1983,92.0
ITA,1983,N/A
JAM,1983,N/A
JOR,1983,N/A
JPN,1983,N/A
KAZ,1983,N/A
KEN,1983,N/A
KGZ,1983,N/A
KHM,1983,N/A
KIR,1983,N/A
KNA,1983,N/A
KOR,1983,N/A
KWT,1983,N/A
LAO,1983,N/A
LBN,1983,N/A
LBR,1983,N/A
LBY,1983,N/A
LCA,1983,N/A
LIE,1983,N/A
LKA,1983,N/A
LSO,1983,N/A
LTU,1983,N/A
LUX,1983,N/A
LVA,1983,N/A
MAC,1983,N/A
MAF,1983,N/A
MAR,1983,N/A
MDA,1983,N/A
MDG,1983,N/A
MDV,1983,N/A
MEX,1983,N/A
MHL,1983,N/A
MKD,1983,N/A
MLI,1983,N/A
MLT,1983,N/A
MMR,1983,79.0
MNE,1983,N/A
MNG,1983,N/A
MNP,1983,N/A
MOZ,1983,N/A
MRT,1983,N/A
MUS,1983,N/A
MWI,1983,N/A
MYS,1983,N/A
NAM,1983,N/A
NCL,1983,N/A
NER,1983,N/A
NGA,1983,N/A
NIC,1983,N/A
NLD,1983,N/A
NOR,1983,N/A
NPL,1983,N/A
NZL,1983,N/A
OMN,1983,N/A
PAK,1983,N/A
PAN,1983,N/A
PER,1983,N/A
PHL,1983,N/A
PLW,1983,N/A
PNG,1983,N/A
POL,1983,N/A
PRI,1983,N/A
PRK,1983,N/A
PRT,1983,N/A
PRY,1983,N/A
PSE,1983,N/A
PYF,1983,N/A
QAT,1983,N/A
ROU,1983,N/A
RUS,1983,N/A
RWA,1983,N/A
SAU,1983,N/A
SDN,1983,N/A
SEN,1983,N/A
SGP,1983,N/A
SLB,1983,N/A
SLE,1983,N/A
SLV,1983,N/A
SOM,1983,N/A
SRB,1983,N/A
SSD,1983,N/A
STP,1983,N/A
SUR,1983,N/A
SVK,1983,N/A
SVN,1983,N/A
SWE,1983,N/A
SWZ,1983,N/A
SXM,1983,N/A
SYC,1983,N/A
SYR,1983,N/A
TCA,1983,N/A
TCD,1983,N/A
TGO,1983,N/A
THA,1983,N/A
TJK,1983,N/A
TKM,1983,N/A
TLS,1983,N/A
TON,1983,N/A
TTO,1983,N/A
TUN,1983,N/A
TUR,1983,N/A
TUV,1983,N/A
TZA,1983,N/A
UGA,1983,N/A
UKR,1983,N/A
URY,1983,N/A
USA,1983,N/A
UZB,1983,N/A
VCT,1983,N/A
VEN,1983,N/A
VGB,1983,N/A
VIR,1983,N/A
VNM,1983,N/A
VUT,1983,N/A
WSM,1983,N/A
YEM,1983,N/A
ZAF,1983,N/A
ZMB,1983,N/A
ZWE,1983,N/A
AFG,1984,N/A
AGO,1984,N/A
ALB,1984,N/A
ARE,1984,N/A
ARG,1984,N/A
ARM,1984,N/A
ASM,1984,N/A
ATG,1984,N/A
AUS,1984,N/A
AUT,1984,N/A
AZE,1984,N/A
BDI,1984,N/A
BEL,1984,N/A
BEN,1984,N/A
BFA,1984,N/A
BGD,1984,N/A
BGR,1984,N/A
BHR,1984,N/A
BHS,1984,N/A
BIH,1984,N/A
BLR,1984,N/A
BLZ,1984,N/A
BMU,1984,N/A
BOL,1984,N/A
BRA,1984,N/A
BRB,1984,N/A
BRN,1984,N/A
BTN,1984,N/A
BWA,1984,N/A
CAF,1984,N/A
CAN,1984,N/A
CHE,1984,N/A
CHL,1984,N/A
CHN,1984,N/A
CIV,1984,N/A
CMR,1984,N/A
COD,1984,N/A
COG,1984,60.0
COL,1984,N/A
COM,1984,N/A
CPV,1984,N/A
CRI,1984,93.0
CUB,1984,N/A
CYM,1984,N/A
CYP,1984,N/A
CZE,1984,N/A
DEU,1984,N/A
DJI,1984,N/A
DMA,1984,N/A
DNK,1984,N/A
DOM,1984,N/A
DZA,1984,N/A
ECU,1984,N/A
EGY,1984,N/A
ERI,1984,N/A
ESP,1984,N/A
EST,1984,N/A
ETH,1984,N/A
FIN,1984,N/A
FJI,1984,N/A
FRA,1984,N/A
FSM,1984,N/A
GAB,1984,N/A
GBR,1984,N/A
GEO,1984,N/A
GHA,1984,N/A
GIN,1984,N/A
GMB,1984,N/A
GNB,1984,N/A
GNQ,1984,N/A
GRC,1984,N/A
GRD,1984,N/A
GTM,1984,N/A
GUM,1984,N/A
GUY,1984,N/A
HKG,1984,N/A
HND,1984,N/A
HRV,1984,N/A
HTI,1984,N/A
HUN,1984,N/A
IDN,1984,N/A
IND,1984,N/A
IRL,1984,N/A
IRN,1984,N/A
IRQ,1984,N/A
ISL,1984,N/A
ISR,1984,N/A
ITA,1984,N/A
JAM,1984,N/A
JOR,1984,N/A
JPN,1984,N/A
KAZ,1984,N/A
KEN,1984,N/A
KGZ,1984,N/A
KHM,1984,N/A
KIR,1984,N/A
KNA,1984,N/A
KOR,1984,N/A
KWT,1984,N/A
LAO,1984,N/A
LBN,1984,N/A
LBR,1984,32.0
LBY,1984,60.0
LCA,1984,N/A
LIE,1984,N/A
LKA,1984,N/A
LSO,1984,N/A
LTU,1984,N/A
LUX,1984,N/A
LVA,1984,N/A
MAC,1984,N/A
MAF,1984,N/A
MAR,1984,N/A
MDA,1984,N/A
MDG,1984,N/A
MDV,1984,N/A
MEX,1984,N/A
MHL,1984,N/A
MKD,1984,N/A
MLI,1984,N/A
MLT,1984,N/A
MMR,1984,N/A
MNE,1984,N/A
MNG,1984,N/A
MNP,1984,N/A
MOZ,1984,N/A
MRT,1984,N/A
MUS,1984,N/A
MWI,1984,N/A
MYS,1984,N/A
NAM,1984,N/A
NCL,1984,N/A
NER,1984,N/A
NGA,1984,N/A
NIC,1984,N/A
NLD,1984,N/A
NOR,1984,N/A
NPL,1984,N/A
NZL,1984,N/A
OMN,1984,N/A
PAK,1984,N/A
PAN,1984,N/A
PER,1984,N/A
PHL,1984,N/A
PLW,1984,N/A
PNG,1984,N/A
POL,1984,N/A
PRI,1984,N/A
PRK,1984,N/A
PRT,1984,N/A
PRY,1984,N/A
PSE,1984,N/A
PYF,1984,N/A
QAT,1984,N/A
ROU,1984,N/A
RUS,1984,N/A
RWA,1984,N/A
SAU,1984,N/A
SDN,1984,N/A
SEN,1984,N/A
SGP,1984,N/A
SLB,1984,N/A
SLE,1984,N/A
SLV,1984,N/A
SOM,1984,N/A
SRB,1984,N/A
SSD,1984,N/A
STP,1984,N/A
SUR,1984,N/A
SVK,1984,N/A
SVN,1984,N/A
SWE,1984,N/A
SWZ,1984,N/A
SXM,1984,N/A
SYC,1984,N/A
SYR,1984,N/A
TCA,1984,N/A
TCD,1984,N/A
TGO,1984,N/A
THA,1984,N/A
TJK,1984,N/A
TKM,1984,N/A
TLS,1984,N/A
TON,1984,N/A
TTO,1984,N/A
TUN,1984,48.0
TUR,1984,N/A
TUV,1984,N/A
TZA,1984,N/A
UGA,1984,N/A
UKR,1984,N/A
URY,1984,N/A
USA,1984,N/A
UZB,1984,N/A
VCT,1984,N/A
VEN,1984,N/A
VGB,1984,N/A
VIR,1984,N/A
VNM,1984,N/A
VUT,1984,58.2000007629395
WSM,1984,N/A
YEM,1984,N/A
ZAF,1984,N/A
ZMB,1984,N/A
ZWE,1984,N/A
AFG,1985,N/A
AGO,1985,N/A
ALB,1985,N/A
ARE,1985,71.0
ARG,1985,N/A
ARM,1985,N/A
ASM,1985,N/A
ATG,1985,N/A
AUS,1985,N/A
AUT,1985,N/A
AZE,1985,N/A
BDI,1985,N/A
BEL,1985,N/A
BEN,1985,N/A
BFA,1985,N/A
BGD,1985,N/A
BGR,1985,N/A
BHR,1985,N/A
BHS,1985,N/A
BIH,1985,N/A
BLR,1985,N/A
BLZ,1985,N/A
BMU,1985,N/A
BOL,1985,N/A
BRA,1985,N/A
BRB,1985,N/A
BRN,1985,N/A
BTN,1985,N/A
BWA,1985,N/A
CAF,1985,N/A
CAN,1985,N/A
CHE,1985,N/A
CHL,1985,N/A
CHN,1985,N/A
CIV,1985,N/A
CMR,1985,N/A
COD,1985,N/A
COG,1985,N/A
COL,1985,N/A
COM,1985,N/A
CPV,1985,N/A
CRI,1985,N/A
CUB,1985,N/A
CYM,1985,N/A
CYP,1985,N/A
CZE,1985,N/A
DEU,1985,N/A
DJI,1985,N/A
DMA,1985,N/A
DNK,1985,N/A
DOM,1985,N/A
DZA,1985,N/A
ECU,1985,N/A
EGY,1985,N/A
ERI,1985,N/A
ESP,1985,N/A
EST,1985,N/A
ETH,1985,N/A
FIN,1985,N/A
FJI,1985,N/A
FRA,1985,N/A
FSM,1985,N/A
GAB,1985,N/A
GBR,1985,N/A
GEO,1985,N/A
GHA,1985,N/A
GIN,1985,N/A
GMB,1985,N/A
GNB,1985,N/A
GNQ,1985,N/A
GRC,1985,N/A
GRD,1985,N/A
GTM,1985,N/A
GUM,1985,N/A
GUY,1985,N/A
HKG,1985,N/A
HND,1985,N/A
HRV,1985,N/A
HTI,1985,N/A
HUN,1985,N/A
IDN,1985,N/A
IND,1985,N/A
IRL,1985,N/A
IRN,1985,N/A
IRQ,1985,N/A
ISL,1985,N/A
ISR,1985,N/A
ITA,1985,N/A
JAM,1985,N/A
JOR,1985,N/A
JPN,1985,N/A
KAZ,1985,N/A
KEN,1985,N/A
KGZ,1985,N/A
KHM,1985,N/A
KIR,1985,N/A
KNA,1985,N/A
KOR,1985,N/A
KWT,1985,74.0
LAO,1985,N/A
LBN,1985,N/A
LBR,1985,N/A
LBY,1985,N/A
LCA,1985,N/A
LIE,1985,N/A
LKA,1985,N/A
LSO,1985,N/A
LTU,1985,N/A
LUX,1985,N/A
LVA,1985,N/A
MAC,1985,N/A
MAF,1985,N/A
MAR,1985,N/A
MDA,1985,N/A
MDG,1985,N/A
MDV,1985,92.0
MEX,1985,N/A
MHL,1985,N/A
MKD,1985,N/A
MLI,1985,N/A
MLT,1985,87.0
MMR,1985,N/A
MNE,1985,N/A
MNG,1985,N/A
MNP,1985,N/A
MOZ,1985,N/A
MRT,1985,N/A
MUS,1985,N/A
MWI,1985,N/A
MYS,1985,N/A
NAM,1985,N/A
NCL,1985,N/A
NER,1985,N/A
NGA,1985,N/A
NIC,1985,N/A
NLD,1985,N/A
NOR,1985,N/A
NPL,1985,N/A
NZL,1985,N/A
OMN,1985,N/A
PAK,1985,N/A
PAN,1985,N/A
PER,1985,N/A
PHL,1985,N/A
PLW,1985,N/A
PNG,1985,N/A
POL,1985,N/A
PRI,1985,N/A
PRK,1985,N/A
PRT,1985,N/A
PRY,1985,N/A
PSE,1985,N/A
PYF,1985,N/A
QAT,1985,N/A
ROU,1985,N/A
RUS,1985,N/A
RWA,1985,N/A
SAU,1985,N/A
SDN,1985,N/A
SEN,1985,N/A
SGP,1985,N/A
SLB,1985,N/A
SLE,1985,N/A
SLV,1985,N/A
SOM,1985,N/A
SRB,1985,N/A
SSD,1985,N/A
STP,1985,N/A
SUR,1985,N/A
SVK,1985,N/A
SVN,1985,N/A
SWE,1985,N/A
SWZ,1985,N/A
SXM,1985,N/A
SYC,1985,N/A
SYR,1985,N/A
TCA,1985,N/A
TCD,1985,N/A
TGO,1985,N/A
THA,1985,N/A
TJK,1985,N/A
TKM,1985,N/A
TLS,1985,N/A
TON,1985,N/A
TTO,1985,N/A
TUN,1985,N/A
TUR,1985,76.0
TUV,1985,N/A
TZA,1985,N/A
UGA,1985,N/A
UKR,1985,N/A
URY,1985,95.0
USA,1985,N/A
UZB,1985,N/A
VCT,1985,N/A
VEN,1985,N/A
VGB,1985,N/A
VIR,1985,N/A
VNM,1985,N/A
VUT,1985,N/A
WSM,1985,N/A
YEM,1985,N/A
ZAF,1985,N/A
ZMB,1985,N/A
ZWE,1985,N/A
AFG,1986,N/A
AGO,1986,N/A
ALB,1986,N/A
ARE,1986,N/A
ARG,1986,N/A
ARM,1986,N/A
ASM,1986,N/A
ATG,1986,N/A
AUS,1986,N/A
AUT,1986,N/A
AZE,1986,N/A
BDI,1986,N/A
BEL,1986,N/A
BEN,1986,N/A
BFA,1986,N/A
BGD,1986,N/A
BGR,1986,N/A
BHR,1986,N/A
BHS,1986,N/A
BIH,1986,N/A
BLR,1986,N/A
BLZ,1986,N/A
BMU,1986,N/A
BOL,1986,N/A
BRA,1986,N/A
BRB,1986,N/A
BRN,1986,N/A
BTN,1986,N/A
BWA,1986,N/A
CAF,1986,N/A
CAN,1986,N/A
CHE,1986,N/A
CHL,1986,N/A
CHN,1986,N/A
CIV,1986,N/A
CMR,1986,N/A
COD,1986,N/A
COG,1986,N/A
COL,1986,N/A
COM,1986,N/A
CPV,1986,N/A
CRI,1986,N/A
CUB,1986,N/A
CYM,1986,N/A
CYP,1986,N/A
CZE,1986,N/A
DEU,1986,N/A
DJI,1986,N/A
DMA,1986,N/A
DNK,1986,N/A
DOM,1986,N/A
DZA,1986,N/A
ECU,1986,N/A
EGY,1986,44.0
ERI,1986,N/A
ESP,1986,N/A
EST,1986,N/A
ETH,1986,N/A
FIN,1986,N/A
FJI,1986,N/A
FRA,1986,N/A
FSM,1986,N/A
GAB,1986,N/A
GBR,1986,N/A
GEO,1986,N/A
GHA,1986,N/A
GIN,1986,N/A
GMB,1986,N/A
GNB,1986,N/A
GNQ,1986,N/A
GRC,1986,N/A
GRD,1986,N/A
GTM,1986,N/A
GUM,1986,N/A
GUY,1986,N/A
HKG,1986,N/A
HND,1986,N/A
HRV,1986,N/A
HTI,1986,N/A
HUN,1986,N/A
IDN,1986,N/A
IND,1986,N/A
IRL,1986,N/A
IRN,1986,52.0
IRQ,1986,N/A
ISL,1986,N/A
ISR,1986,N/A
ITA,1986,N/A
JAM,1986,N/A
JOR,1986,N/A
JPN,1986,N/A
KAZ,1986,N/A
KEN,1986,N/A
KGZ,1986,N/A
KHM,1986,N/A
KIR,1986,N/A
KNA,1986,N/A
KOR,1986,N/A
KWT,1986,N/A
LAO,1986,N/A
LBN,1986,N/A
LBR,1986,N/A
LBY,1986,N/A
LCA,1986,N/A
LIE,1986,N/A
LKA,1986,N/A
LSO,1986,N/A
LTU,1986,N/A
LUX,1986,N/A
LVA,1986,N/A
MAC,1986,N/A
MAF,1986,N/A
MAR,1986,N/A
MDA,1986,N/A
MDG,1986,N/A
MDV,1986,N/A
MEX,1986,N/A
MHL,1986,N/A
MKD,1986,N/A
MLI,1986,N/A
MLT,1986,N/A
MMR,1986,N/A
MNE,1986,N/A
MNG,1986,N/A
MNP,1986,N/A
MOZ,1986,N/A
MRT,1986,N/A
MUS,1986,N/A
MWI,1986,N/A
MYS,1986,N/A
NAM,1986,N/A
NCL,1986,N/A
NER,1986,N/A
NGA,1986,N/A
NIC,1986,N/A
NLD,1986,N/A
NOR,1986,N/A
NPL,1986,N/A
NZL,1986,N/A
OMN,1986,N/A
PAK,1986,N/A
PAN,1986,N/A
PER,1986,N/A
PHL,1986,N/A
PLW,1986,N/A
PNG,1986,N/A
POL,1986,N/A
PRI,1986,N/A
PRK,1986,N/A
PRT,1986,N/A
PRY,1986,N/A
PSE,1986,N/A
PYF,1986,N/A
QAT,1986,76.0
ROU,1986,N/A
RUS,1986,N/A
RWA,1986,N/A
SAU,1986,N/A
SDN,1986,N/A
SEN,1986,N/A
SGP,1986,N/A
SLB,1986,N/A
SLE,1986,N/A
SLV,1986,N/A
SOM,1986,N/A
SRB,1986,N/A
SSD,1986,N/A
STP,1986,N/A
SUR,1986,N/A
SVK,1986,N/A
SVN,1986,N/A
SWE,1986,N/A
SWZ,1986,67.0
SXM,1986,N/A
SYC,1986,N/A
SYR,1986,N/A
TCA,1986,N/A
TCD,1986,N/A
TGO,1986,N/A
THA,1986,N/A
TJK,1986,N/A
TKM,1986,N/A
TLS,1986,N/A
TON,1986,N/A
TTO,1986,N/A
TUN,1986,N/A
TUR,1986,N/A
TUV,1986,N/A
TZA,1986,N/A
UGA,1986,N/A
UKR,1986,N/A
URY,1986,N/A
USA,1986,N/A
UZB,1986,N/A
VCT,1986,N/A
VEN,1986,N/A
VGB,1986,N/A
VIR,1986,N/A
VNM,1986,N/A
VUT,1986,N/A
WSM,1986,N/A
YEM,1986,N/A
ZAF,1986,N/A
ZMB,1986,N/A
ZWE,1986,N/A
AFG,1987,N/A
AGO,1987,N/A
ALB,1987,N/A
ARE,1987,N/A
ARG,1987,N/A
ARM,1987,N/A
ASM,1987,N/A
ATG,1987,N/A
AUS,1987,N/A
AUT,1987,N/A
AZE,1987,N/A
BDI,1987,N/A
BEL,1987,N/A
BEN,1987,N/A
BFA,1987,N/A
BGD,1987,N/A
BGR,1987,N/A
BHR,1987,N/A
BHS,1987,N/A
BIH,1987,N/A
BLR,1987,N/A
BLZ,1987,N/A
BMU,1987,N/A
BOL,1987,N/A
BRA,1987,N/A
BRB,1987,N/A
BRN,1987,N/A
BTN,1987,N/A
BWA,1987,N/A
CAF,1987,N/A
CAN,1987,N/A
CHE,1987,N/A
CHL,1987,N/A
CHN,1987,N/A
CIV,1987,N/A
CMR,1987,N/A
COD,1987,N/A
COG,1987,N/A
COL,1987,N/A
COM,1987,N/A
CPV,1987,N/A
CRI,1987,N/A
CUB,1987,N/A
CYM,1987,N/A
CYP,1987,N/A
CZE,1987,N/A
DEU,1987,N/A
DJI,1987,N/A
DMA,1987,N/A
DNK,1987,N/A
DOM,1987,N/A
DZA,1987,50.0
ECU,1987,N/A
EGY,1987,N/A
ERI,1987,N/A
ESP,1987,N/A
EST,1987,N/A
ETH,1987,N/A
FIN,1987,N/A
FJI,1987,N/A
FRA,1987,N/A
FSM,1987,N/A
GAB,1987,N/A
GBR,1987,N/A
GEO,1987,N/A
GHA,1987,N/A
GIN,1987,N/A
GMB,1987,N/A
GNB,1987,N/A
GNQ,1987,N/A
GRC,1987,N/A
GRD,1987,N/A
GTM,1987,N/A
GUM,1987,N/A
GUY,1987,N/A
HKG,1987,N/A
HND,1987,N/A
HRV,1987,N/A
HTI,1987,N/A
HUN,1987,N/A
IDN,1987,N/A
IND,1987,N/A
IRL,1987,N/A
IRN,1987,N/A
IRQ,1987,N/A
ISL,1987,N/A
ISR,1987,N/A
ITA,1987,N/A
JAM,1987,N/A
JOR,1987,N/A
JPN,1987,N/A
KAZ,1987,N/A
KEN,1987,N/A
KGZ,1987,N/A
KHM,1987,N/A
KIR,1987,N/A
KNA,1987,N/A
KOR,1987,N/A
KWT,1987,N/A
LAO,1987,N/A
LBN,1987,N/A
LBR,1987,N/A
LBY,1987,N/A
LCA,1987,N/A
LIE,1987,N/A
LKA,1987,N/A
LSO,1987,N/A
LTU,1987,N/A
LUX,1987,N/A
LVA,1987,N/A
MAC,1987,N/A
MAF,1987,N/A
MAR,1987,N/A
MDA,1987,N/A
MDG,1987,N/A
MDV,1987,N/A
MEX,1987,N/A
MHL,1987,N/A
MKD,1987,N/A
MLI,1987,N/A
MLT,1987,N/A
MMR,1987,N/A
MNE,1987,N/A
MNG,1987,N/A
MNP,1987,N/A
MOZ,1987,N/A
MRT,1987,N/A
MUS,1987,N/A
MWI,1987,49.0
MYS,1987,N/A
NAM,1987,N/A
NCL,1987,N/A
NER,1987,N/A
NGA,1987,N/A
NIC,1987,N/A
NLD,1987,N/A
NOR,1987,N/A
NPL,1987,N/A
NZL,1987,N/A
OMN,1987,N/A
PAK,1987,N/A
PAN,1987,N/A
PER,1987,N/A
PHL,1987,N/A
PLW,1987,N/A
PNG,1987,N/A
POL,1987,N/A
PRI,1987,N/A
PRK,1987,N/A
PRT,1987,N/A
PRY,1987,N/A
PSE,1987,N/A
PYF,1987,N/A
QAT,1987,N/A
ROU,1987,N/A
RUS,1987,N/A
RWA,1987,N/A
SAU,1987,N/A
SDN,1987,N/A
SEN,1987,N/A
SGP,1987,N/A
SLB,1987,N/A
SLE,1987,N/A
SLV,1987,N/A
SOM,1987,N/A
SRB,1987,N/A
SSD,1987,N/A
STP,1987,N/A
SUR,1987,N/A
SVK,1987,N/A
SVN,1987,N/A
SWE,1987,N/A
SWZ,1987,N/A
SXM,1987,N/A
SYC,1987,84.0
SYR,1987,N/A
TCA,1987,N/A
TCD,1987,N/A
TGO,1987,N/A
THA,1987,N/A
TJK,1987,N/A
TKM,1987,N/A
TLS,1987,N/A
TON,1987,N/A
TTO,1987,N/A
TUN,1987,N/A
TUR,1987,N/A
TUV,1987,N/A
TZA,1987,N/A
UGA,1987,N/A
UKR,1987,N/A
URY,1987,N/A
USA,1987,N/A
UZB,1987,N/A
VCT,1987,N/A
VEN,1987,N/A
VGB,1987,N/A
VIR,1987,N/A
VNM,1987,N/A
VUT,1987,N/A
WSM,1987,N/A
YEM,1987,N/A
ZAF,1987,N/A
ZMB,1987,N/A
ZWE,1987,N/A
AFG,1988,N/A
AGO,1988,N/A
ALB,1988,N/A
ARE,1988,N/A
ARG,1988,N/A
ARM,1988,N/A
ASM,1988,N/A
ATG,1988,N/A
AUS,1988,N/A
AUT,1988,N/A
AZE,1988,N/A
BDI,1988,N/A
BEL,1988,N/A
BEN,1988,N/A
BFA,1988,N/A
BGD,1988,N/A
BGR,1988,N/A
BHR,1988,N/A
BHS,1988,N/A
BIH,1988,N/A
BLR,1988,N/A
BLZ,1988,N/A
BMU,1988,N/A
BOL,1988,N/A
BRA,1988,N/A
BRB,1988,N/A
BRN,1988,N/A
BTN,1988,N/A
BWA,1988,N/A
CAF,1988,34.0
CAN,1988,N/A
CHE,1988,N/A
CHL,1988,N/A
CHN,1988,N/A
CIV,1988,34.0
CMR,1988,N/A
COD,1988,N/A
COG,1988,N/A
COL,1988,N/A
COM,1988,N/A
CPV,1988,N/A
CRI,1988,N/A
CUB,1988,N/A
CYM,1988,N/A
CYP,1988,N/A
CZE,1988,N/A
DEU,1988,N/A
DJI,1988,N/A
DMA,1988,N/A
DNK,1988,N/A
DOM,1988,N/A
DZA,1988,N/A
ECU,1988,N/A
EGY,1988,N/A
ERI,1988,N/A
ESP,1988,N/A
EST,1988,N/A
ETH,1988,N/A
FIN,1988,N/A
FJI,1988,N/A
FRA,1988,N/A
FSM,1988,N/A
GAB,1988,N/A
GBR,1988,N/A
GEO,1988,N/A
GHA,1988,N/A
GIN,1988,N/A
GMB,1988,N/A
GNB,1988,N/A
GNQ,1988,N/A
GRC,1988,N/A
GRD,1988,N/A
GTM,1988,N/A
GUM,1988,N/A
GUY,1988,N/A
HKG,1988,N/A
HND,1988,N/A
HRV,1988,N/A
HTI,1988,N/A
HUN,1988,N/A
IDN,1988,N/A
IND,1988,N/A
IRL,1988,N/A
IRN,1988,N/A
IRQ,1988,N/A
ISL,1988,N/A
ISR,1988,N/A
ITA,1988,N/A
JAM,1988,N/A
JOR,1988,N/A
JPN,1988,N/A
KAZ,1988,N/A
KEN,1988,N/A
KGZ,1988,N/A
KHM,1988,N/A
KIR,1988,N/A
KNA,1988,N/A
KOR,1988,N/A
KWT,1988,N/A
LAO,1988,N/A
LBN,1988,N/A
LBR,1988,N/A
LBY,1988,N/A
LCA,1988,N/A
LIE,1988,N/A
LKA,1988,N/A
LSO,1988,N/A
LTU,1988,N/A
LUX,1988,N/A
LVA,1988,N/A
MAC,1988,N/A
MAF,1988,N/A
MAR,1988,N/A
MDA,1988,N/A
MDG,1988,N/A
MDV,1988,N/A
MEX,1988,N/A
MHL,1988,N/A
MKD,1988,N/A
MLI,1988,N/A
MLT,1988,N/A
MMR,1988,N/A
MNE,1988,N/A
MNG,1988,N/A
MNP,1988,N/A
MOZ,1988,N/A
MRT,1988,N/A
MUS,1988,N/A
MWI,1988,N/A
MYS,1988,N/A
NAM,1988,N/A
NCL,1988,N/A
NER,1988,N/A
NGA,1988,N/A
NIC,1988,N/A
NLD,1988,N/A
NOR,1988,N/A
NPL,1988,N/A
NZL,1988,N/A
OMN,1988,N/A
PAK,1988,N/A
PAN,1988,N/A
PER,1988,N/A
PHL,1988,N/A
PLW,1988,N/A
PNG,1988,N/A
POL,1988,99.3000030517578
PRI,1988,N/A
PRK,1988,N/A
PRT,1988,N/A
PRY,1988,N/A
PSE,1988,N/A
PYF,1988,N/A
QAT,1988,N/A
ROU,1988,N/A
RUS,1988,N/A
RWA,1988,N/A
SAU,1988,N/A
SDN,1988,N/A
SEN,1988,27.0
SGP,1988,N/A
SLB,1988,N/A
SLE,1988,N/A
SLV,1988,N/A
SOM,1988,N/A
SRB,1988,N/A
SSD,1988,N/A
STP,1988,N/A
SUR,1988,N/A
SVK,1988,N/A
SVN,1988,N/A
SWE,1988,N/A
SWZ,1988,N/A
SXM,1988,N/A
SYC,1988,N/A
SYR,1988,N/A
TCA,1988,N/A
TCD,1988,N/A
TGO,1988,N/A
THA,1988,N/A
TJK,1988,N/A
TKM,1988,N/A
TLS,1988,N/A
TON,1988,N/A
TTO,1988,N/A
TUN,1988,N/A
TUR,1988,N/A
TUV,1988,N/A
TZA,1988,59.0
UGA,1988,N/A
UKR,1988,N/A
URY,1988,N/A
USA,1988,N/A
UZB,1988,N/A
VCT,1988,N/A
VEN,1988,N/A
VGB,1988,N/A
VIR,1988,N/A
VNM,1988,N/A
VUT,1988,N/A
WSM,1988,N/A
YEM,1988,N/A
ZAF,1988,N/A
ZMB,1988,N/A
ZWE,1988,N/A
AFG,1989,N/A
AGO,1989,N/A
ALB,1989,N/A
ARE,1989,N/A
ARG,1989,N/A
ARM,1989,99.0
ASM,1989,N/A
ATG,1989,N/A
AUS,1989,N/A
AUT,1989,N/A
AZE,1989,N/A
BDI,1989,N/A
BEL,1989,N/A
BEN,1989,N/A
BFA,1989,N/A
BGD,1989,N/A
BGR,1989,N/A
BHR,1989,N/A
BHS,1989,N/A
BIH,1989,N/A
BLR,1989,98.0
BLZ,1989,N/A
BMU,1989,N/A
BOL,1989,N/A
BRA,1989,N/A
BRB,1989,N/A
BRN,1989,N/A
BTN,1989,N/A
BWA,1989,N/A
CAF,1989,N/A
CAN,1989,N/A
CHE,1989,N/A
CHL,1989,N/A
CHN,1989,N/A
CIV,1989,N/A
CMR,1989,N/A
COD,1989,N/A
COG,1989,N/A
COL,1989,N/A
COM,1989,N/A
CPV,1989,N/A
CRI,1989,N/A
CUB,1989,N/A
CYM,1989,N/A
CYP,1989,N/A
CZE,1989,N/A
DEU,1989,N/A
DJI,1989,N/A
DMA,1989,N/A
DNK,1989,N/A
DOM,1989,N/A
DZA,1989,N/A
ECU,1989,N/A
EGY,1989,N/A
ERI,1989,N/A
ESP,1989,N/A
EST,1989,100.0
ETH,1989,N/A
FIN,1989,N/A
FJI,1989,N/A
FRA,1989,N/A
FSM,1989,N/A
GAB,1989,N/A
GBR,1989,N/A
GEO,1989,N/A
GHA,1989,N/A
GIN,1989,N/A
GMB,1989,N/A
GNB,1989,N/A
GNQ,1989,N/A
GRC,1989,N/A
GRD,1989,N/A
GTM,1989,N/A
GUM,1989,N/A
GUY,1989,N/A
HKG,1989,N/A
HND,1989,N/A
HRV,1989,N/A
HTI,1989,N/A
HUN,1989,N/A
IDN,1989,N/A
IND,1989,N/A
IRL,1989,N/A
IRN,1989,N/A
IRQ,1989,N/A
ISL,1989,N/A
ISR,1989,N/A
ITA,1989,N/A
JAM,1989,N/A
JOR,1989,N/A
JPN,1989,N/A
KAZ,1989,98.0
KEN,1989,N/A
KGZ,1989,N/A
KHM,1989,N/A
KIR,1989,N/A
KNA,1989,N/A
KOR,1989,N/A
KWT,1989,N/A
LAO,1989,N/A
LBN,1989,N/A
LBR,1989,N/A
LBY,1989,N/A
LCA,1989,N/A
LIE,1989,N/A
LKA,1989,N/A
LSO,1989,N/A
LTU,1989,98.0
LUX,1989,N/A
LVA,1989,99.0
MAC,1989,N/A
MAF,1989,N/A
MAR,1989,N/A
MDA,1989,96.0
MDG,1989,N/A
MDV,1989,N/A
MEX,1989,N/A
MHL,1989,N/A
MKD,1989,N/A
MLI,1989,N/A
MLT,1989,N/A
MMR,1989,N/A
MNE,1989,N/A
MNG,1989,N/A
MNP,1989,N/A
MOZ,1989,N/A
MRT,1989,N/A
MUS,1989,N/A
MWI,1989,N/A
MYS,1989,N/A
NAM,1989,N/A
NCL,1989,93.0
NER,1989,N/A
NGA,1989,N/A
NIC,1989,N/A
NLD,1989,N/A
NOR,1989,N/A
NPL,1989,N/A
NZL,1989,N/A
OMN,1989,N/A
PAK,1989,N/A
PAN,1989,N/A
PER,1989,N/A
PHL,1989,N/A
PLW,1989,N/A
PNG,1989,N/A
POL,1989,N/A
PRI,1989,N/A
PRK,1989,N/A
PRT,1989,N/A
PRY,1989,N/A
PSE,1989,N/A
PYF,1989,N/A
QAT,1989,N/A
ROU,1989,N/A
RUS,1989,98.0
RWA,1989,N/A
SAU,1989,N/A
SDN,1989,N/A
SEN,1989,N/A
SGP,1989,N/A
SLB,1989,N/A
SLE,1989,N/A
SLV,1989,N/A
SOM,1989,N/A
SRB,1989,N/A
SSD,1989,N/A
STP,1989,N/A
SUR,1989,N/A
SVK,1989,N/A
SVN,1989,N/A
SWE,1989,N/A
SWZ,1989,N/A
SXM,1989,N/A
SYC,1989,N/A
SYR,1989,N/A
TCA,1989,N/A
TCD,1989,N/A
TGO,1989,N/A
THA,1989,N/A
TJK,1989,98.0
TKM,1989,N/A
TLS,1989,N/A
TON,1989,N/A
TTO,1989,N/A
TUN,1989,N/A
TUR,1989,N/A
TUV,1989,N/A
TZA,1989,N/A
UGA,1989,N/A
UKR,1989,N/A
URY,1989,N/A
USA,1989,N/A
UZB,1989,N/A
VCT,1989,N/A
VEN,1989,N/A
VGB,1989,N/A
VIR,1989,N/A
VNM,1989,88.0
VUT,1989,N/A
WSM,1989,N/A
YEM,1989,N/A
ZAF,1989,N/A
ZMB,1989,N/A
ZWE,1989,N/A
AFG,1990,N/A
AGO,1990,N/A
ALB,1990,N/A
ARE,1990,N/A
ARG,1990,N/A
ARM,1990,N/A
ASM,1990,N/A
ATG,1990,N/A
AUS,1990,N/A
AUT,1990,N/A
AZE,1990,N/A
BDI,1990,37.0
BEL,1990,N/A
BEN,1990,N/A
BFA,1990,N/A
BGD,1990,N/A
BGR,1990,N/A
BHR,1990,N/A
BHS,1990,N/A
BIH,1990,N/A
BLR,1990,N/A
BLZ,1990,N/A
BMU,1990,N/A
BOL,1990,N/A
BRA,1990,N/A
BRB,1990,N/A
BRN,1990,N/A
BTN,1990,N/A
BWA,1990,N/A
CAF,1990,N/A
CAN,1990,N/A
CHE,1990,N/A
CHL,1990,N/A
CHN,1990,78.0
CIV,1990,N/A
CMR,1990,N/A
COD,1990,N/A
COG,1990,N/A
COL,1990,N/A
COM,1990,N/A
CPV,1990,63.0
CRI,1990,N/A
CUB,1990,N/A
CYM,1990,N/A
CYP,1990,N/A
CZE,1990,N/A
DEU,1990,N/A
DJI,1990,N/A
DMA,1990,N/A
DNK,1990,N/A
DOM,1990,N/A
DZA,1990,N/A
ECU,1990,88.0
EGY,1990,N/A
ERI,1990,N/A
ESP,1990,N/A
EST,1990,N/A
ETH,1990,N/A
FIN,1990,N/A
FJI,1990,N/A
FRA,1990,N/A
FSM,1990,N/A
GAB,1990,N/A
GBR,1990,N/A
GEO,1990,N/A
GHA,1990,N/A
GIN,1990,N/A
GMB,1990,N/A
GNB,1990,N/A
GNQ,1990,N/A
GRC,1990,N/A
GRD,1990,N/A
GTM,1990,N/A
GUM,1990,99.0
GUY,1990,N/A
HKG,1990,N/A
HND,1990,N/A
HRV,1990,N/A
HTI,1990,N/A
HUN,1990,99.0999984741211
IDN,1990,82.0
IND,1990,N/A
IRL,1990,N/A
IRN,1990,N/A
IRQ,1990,N/A
ISL,1990,N/A
ISR,1990,N/A
ITA,1990,N/A
JAM,1990,N/A
JOR,1990,N/A
JPN,1990,N/A
KAZ,1990,N/A
KEN,1990,N/A
KGZ,1990,N/A
KHM,1990,N/A
KIR,1990,N/A
KNA,1990,N/A
KOR,1990,N/A
KWT,1990,N/A
LAO,1990,N/A
LBN,1990,N/A
LBR,1990,N/A
LBY,1990,N/A
LCA,1990,N/A
LIE,1990,N/A
LKA,1990,N/A
LSO,1990,N/A
LTU,1990,N/A
LUX,1990,N/A
LVA,1990,N/A
MAC,1990,N/A
MAF,1990,N/A
MAR,1990,N/A
MDA,1990,N/A
MDG,1990,N/A
MDV,1990,96.0
MEX,1990,88.0
MHL,1990,N/A
MKD,1990,N/A
MLI,1990,N/A
MLT,1990,N/A
MMR,1990,N/A
MNE,1990,N/A
MNG,1990,N/A
MNP,1990,N/A
MOZ,1990,N/A
MRT,1990,N/A
MUS,1990,80.0
MWI,1990,N/A
MYS,1990,N/A
NAM,1990,N/A
NCL,1990,N/A
NER,1990,N/A
NGA,1990,N/A
NIC,1990,N/A
NLD,1990,N/A
NOR,1990,N/A
NPL,1990,N/A
NZL,1990,N/A
OMN,1990,N/A
PAK,1990,N/A
PAN,1990,89.0
PER,1990,N/A
PHL,1990,94.0
PLW,1990,N/A
PNG,1990,N/A
POL,1990,N/A
PRI,1990,90.0
PRK,1990,N/A
PRT,1990,N/A
PRY,1990,N/A
PSE,1990,N/A
PYF,1990,N/A
QAT,1990,N/A
ROU,1990,N/A
RUS,1990,N/A
RWA,1990,N/A
SAU,1990,N/A
SDN,1990,N/A
SEN,1990,N/A
SGP,1990,89.0
SLB,1990,N/A
SLE,1990,N/A
SLV,1990,N/A
SOM,1990,N/A
SRB,1990,N/A
SSD,1990,N/A
STP,1990,N/A
SUR,1990,N/A
SVK,1990,N/A
SVN,1990,N/A
SWE,1990,N/A
SWZ,1990,N/A
SXM,1990,N/A
SYC,1990,N/A
SYR,1990,N/A
TCA,1990,N/A
TCD,1990,N/A
TGO,1990,N/A
THA,1990,N/A
TJK,1990,N/A
TKM,1990,N/A
TLS,1990,N/A
TON,1990,N/A
TTO,1990,97.0
TUN,1990,N/A
TUR,1990,79.0
TUV,1990,N/A
TZA,1990,N/A
UGA,1990,N/A
UKR,1990,N/A
URY,1990,N/A
USA,1990,N/A
UZB,1990,N/A
VCT,1990,N/A
VEN,1990,90.0
VGB,1990,N/A
VIR,1990,N/A
VNM,1990,N/A
VUT,1990,N/A
WSM,1990,N/A
YEM,1990,N/A
ZAF,1990,N/A
ZMB,1990,65.0
ZWE,1990,N/A
AFG,1991,N/A
AGO,1991,N/A
ALB,1991,N/A
ARE,1991,N/A
ARG,1991,96.0
ARM,1991,N/A
ASM,1991,N/A
ATG,1991,N/A
AUS,1991,N/A
AUT,1991,N/A
AZE,1991,N/A
BDI,1991,N/A
BEL,1991,N/A
BEN,1991,N/A
BFA,1991,14.0
BGD,1991,35.0
BGR,1991,N/A
BHR,1991,84.0
BHS,1991,N/A
BIH,1991,89.0
BLR,1991,N/A
BLZ,1991,70.0
BMU,1991,N/A
BOL,1991,N/A
BRA,1991,N/A
BRB,1991,N/A
BRN,1991,88.0
BTN,1991,N/A
BWA,1991,69.0
CAF,1991,N/A
CAN,1991,N/A
CHE,1991,N/A
CHL,1991,N/A
CHN,1991,N/A
CIV,1991,N/A
CMR,1991,N/A
COD,1991,N/A
COG,1991,N/A
COL,1991,N/A
COM,1991,N/A
CPV,1991,N/A
CRI,1991,N/A
CUB,1991,N/A
CYM,1991,N/A
CYP,1991,N/A
CZE,1991,N/A
DEU,1991,N/A
DJI,1991,N/A
DMA,1991,N/A
DNK,1991,N/A
DOM,1991,N/A
DZA,1991,N/A
ECU,1991,N/A
EGY,1991,N/A
ERI,1991,N/A
ESP,1991,96.0
EST,1991,N/A
ETH,1991,N/A
FIN,1991,N/A
FJI,1991,N/A
FRA,1991,N/A
FSM,1991,N/A
GAB,1991,N/A
GBR,1991,N/A
GEO,1991,N/A
GHA,1991,N/A
GIN,1991,N/A
GMB,1991,N/A
GNB,1991,N/A
GNQ,1991,N/A
GRC,1991,93.0
GRD,1991,N/A
GTM,1991,N/A
GUM,1991,N/A
GUY,1991,N/A
HKG,1991,N/A
HND,1991,N/A
HRV,1991,97.0
HTI,1991,N/A
HUN,1991,N/A
IDN,1991,N/A
IND,1991,48.0
IRL,1991,N/A
IRN,1991,66.0
IRQ,1991,N/A
ISL,1991,N/A
ISR,1991,N/A
ITA,1991,N/A
JAM,1991,N/A
JOR,1991,N/A
JPN,1991,N/A
KAZ,1991,N/A
KEN,1991,N/A
KGZ,1991,N/A
KHM,1991,N/A
KIR,1991,N/A
KNA,1991,N/A
KOR,1991,N/A
KWT,1991,N/A
LAO,1991,N/A
LBN,1991,N/A
LBR,1991,N/A
LBY,1991,N/A
LCA,1991,N/A
LIE,1991,N/A
LKA,1991,N/A
LSO,1991,N/A
LTU,1991,N/A
LUX,1991,N/A
LVA,1991,N/A
MAC,1991,N/A
MAF,1991,N/A
MAR,1991,N/A
MDA,1991,N/A
MDG,1991,N/A
MDV,1991,N/A
MEX,1991,N/A
MHL,1991,N/A
MKD,1991,N/A
MLI,1991,N/A
MLT,1991,N/A
MMR,1991,N/A
MNE,1991,93.0
MNG,1991,N/A
MNP,1991,N/A
MOZ,1991,N/A
MRT,1991,N/A
MUS,1991,N/A
MWI,1991,N/A
MYS,1991,83.0
NAM,1991,76.0
NCL,1991,N/A
NER,1991,N/A
NGA,1991,55.0
NIC,1991,N/A
NLD,1991,N/A
NOR,1991,N/A
NPL,1991,33.0
NZL,1991,N/A
OMN,1991,N/A
PAK,1991,N/A
PAN,1991,N/A
PER,1991,N/A
PHL,1991,N/A
PLW,1991,N/A
PNG,1991,N/A
POL,1991,N/A
PRI,1991,N/A
PRK,1991,N/A
PRT,1991,88.0
PRY,1991,N/A
PSE,1991,N/A
PYF,1991,N/A
QAT,1991,N/A
ROU,1991,N/A
RUS,1991,N/A
RWA,1991,58.0
SAU,1991,N/A
SDN,1991,N/A
SEN,1991,N/A
SGP,1991,N/A
SLB,1991,N/A
SLE,1991,N/A
SLV,1991,N/A
SOM,1991,N/A
SRB,1991,N/A
SSD,1991,N/A
STP,1991,73.0
SUR,1991,N/A
SVK,1991,N/A
SVN,1991,100.0
SWE,1991,N/A
SWZ,1991,N/A
SXM,1991,N/A
SYC,1991,N/A
SYR,1991,N/A
TCA,1991,N/A
TCD,1991,N/A
TGO,1991,N/A
THA,1991,N/A
TJK,1991,N/A
TKM,1991,N/A
TLS,1991,N/A
TON,1991,N/A
TTO,1991,N/A
TUN,1991,N/A
TUR,1991,N/A
TUV,1991,N/A
TZA,1991,N/A
UGA,1991,56.0
UKR,1991,N/A
URY,1991,N/A
USA,1991,N/A
UZB,1991,N/A
VCT,1991,N/A
VEN,1991,N/A
VGB,1991,N/A
VIR,1991,N/A
VNM,1991,N/A
VUT,1991,N/A
WSM,1991,98.0
YEM,1991,N/A
ZAF,1991,N/A
ZMB,1991,N/A
ZWE,1991,N/A
AFG,1992,N/A
AGO,1992,N/A
ALB,1992,N/A
ARE,1992,N/A
ARG,1992,N/A
ARM,1992,N/A
ASM,1992,N/A
ATG,1992,N/A
AUS,1992,N/A
AUT,1992,N/A
AZE,1992,N/A
BDI,1992,N/A
BEL,1992,N/A
BEN,1992,27.0
BFA,1992,N/A
BGD,1992,N/A
BGR,1992,N/A
BHR,1992,N/A
BHS,1992,N/A
BIH,1992,N/A
BLR,1992,N/A
BLZ,1992,N/A
BMU,1992,N/A
BOL,1992,80.0
BRA,1992,N/A
BRB,1992,N/A
BRN,1992,N/A
BTN,1992,N/A
BWA,1992,N/A
CAF,1992,N/A
CAN,1992,N/A
CHE,1992,N/A
CHL,1992,94.0
CHN,1992,N/A
CIV,1992,N/A
CMR,1992,N/A
COD,1992,N/A
COG,1992,N/A
COL,1992,N/A
COM,1992,N/A
CPV,1992,N/A
CRI,1992,N/A
CUB,1992,N/A
CYM,1992,N/A
CYP,1992,94.0
CZE,1992,N/A
DEU,1992,N/A
DJI,1992,N/A
DMA,1992,N/A
DNK,1992,N/A
DOM,1992,N/A
DZA,1992,N/A
ECU,1992,N/A
EGY,1992,N/A
ERI,1992,N/A
ESP,1992,N/A
EST,1992,N/A
ETH,1992,N/A
FIN,1992,N/A
FJI,1992,N/A
FRA,1992,N/A
FSM,1992,N/A
GAB,1992,N/A
GBR,1992,N/A
GEO,1992,N/A
GHA,1992,N/A
GIN,1992,N/A
GMB,1992,N/A
GNB,1992,N/A
GNQ,1992,N/A
GRC,1992,N/A
GRD,1992,N/A
GTM,1992,N/A
GUM,1992,N/A
GUY,1992,N/A
HKG,1992,N/A
HND,1992,N/A
HRV,1992,N/A
HTI,1992,N/A
HUN,1992,N/A
IDN,1992,N/A
IND,1992,N/A
IRL,1992,N/A
IRN,1992,N/A
IRQ,1992,N/A
ISL,1992,N/A
ISR,1992,N/A
ITA,1992,N/A
JAM,1992,N/A
JOR,1992,N/A
JPN,1992,N/A
KAZ,1992,N/A
KEN,1992,N/A
KGZ,1992,N/A
KHM,1992,N/A
KIR,1992,N/A
KNA,1992,N/A
KOR,1992,N/A
KWT,1992,N/A
LAO,1992,N/A
LBN,1992,N/A
LBR,1992,N/A
LBY,1992,N/A
LCA,1992,N/A
LIE,1992,N/A
LKA,1992,N/A
LSO,1992,N/A
LTU,1992,N/A
LUX,1992,N/A
LVA,1992,N/A
MAC,1992,N/A
MAF,1992,N/A
MAR,1992,N/A
MDA,1992,N/A
MDG,1992,N/A
MDV,1992,N/A
MEX,1992,N/A
MHL,1992,N/A
MKD,1992,N/A
MLI,1992,N/A
MLT,1992,N/A
MMR,1992,N/A
MNE,1992,N/A
MNG,1992,N/A
MNP,1992,N/A
MOZ,1992,N/A
MRT,1992,N/A
MUS,1992,N/A
MWI,1992,N/A
MYS,1992,N/A
NAM,1992,N/A
NCL,1992,N/A
NER,1992,N/A
NGA,1992,N/A
NIC,1992,N/A
NLD,1992,N/A
NOR,1992,N/A
NPL,1992,N/A
NZL,1992,N/A
OMN,1992,N/A
PAK,1992,N/A
PAN,1992,N/A
PER,1992,N/A
PHL,1992,N/A
PLW,1992,N/A
PNG,1992,N/A
POL,1992,N/A
PRI,1992,N/A
PRK,1992,N/A
PRT,1992,N/A
PRY,1992,90.0
PSE,1992,N/A
PYF,1992,N/A
QAT,1992,N/A
ROU,1992,97.0
RUS,1992,N/A
RWA,1992,N/A
SAU,1992,71.0
SDN,1992,N/A
SEN,1992,N/A
SGP,1992,N/A
SLB,1992,N/A
SLE,1992,N/A
SLV,1992,74.0
SOM,1992,N/A
SRB,1992,N/A
SSD,1992,N/A
STP,1992,N/A
SUR,1992,N/A
SVK,1992,N/A
SVN,1992,N/A
SWE,1992,N/A
SWZ,1992,N/A
SXM,1992,N/A
SYC,1992,N/A
SYR,1992,N/A
TCA,1992,N/A
TCD,1992,N/A
TGO,1992,N/A
THA,1992,N/A
TJK,1992,N/A
TKM,1992,N/A
TLS,1992,N/A
TON,1992,N/A
TTO,1992,N/A
TUN,1992,N/A
TUR,1992,N/A
TUV,1992,N/A
TZA,1992,N/A
UGA,1992,N/A
UKR,1992,N/A
URY,1992,N/A
USA,1992,N/A
UZB,1992,N/A
VCT,1992,N/A
VEN,1992,N/A
VGB,1992,N/A
VIR,1992,N/A
VNM,1992,N/A
VUT,1992,N/A
WSM,1992,N/A
YEM,1992,N/A
ZAF,1992,N/A
ZMB,1992,N/A
ZWE,1992,84.0
AFG,1993,N/A
AGO,1993,N/A
ALB,1993,N/A
ARE,1993,N/A
ARG,1993,N/A
ARM,1993,N/A
ASM,1993,N/A
ATG,1993,N/A
AUS,1993,N/A
AUT,1993,N/A
AZE,1993,N/A
BDI,1993,N/A
BEL,1993,N/A
BEN,1993,N/A
BFA,1993,N/A
BGD,1993,N/A
BGR,1993,N/A
BHR,1993,N/A
BHS,1993,N/A
BIH,1993,N/A
BLR,1993,N/A
BLZ,1993,N/A
BMU,1993,N/A
BOL,1993,N/A
BRA,1993,N/A
BRB,1993,N/A
BRN,1993,N/A
BTN,1993,N/A
BWA,1993,N/A
CAF,1993,N/A
CAN,1993,N/A
CHE,1993,N/A
CHL,1993,N/A
CHN,1993,N/A
CIV,1993,N/A
CMR,1993,N/A
COD,1993,N/A
COG,1993,N/A
COL,1993,91.0
COM,1993,N/A
CPV,1993,N/A
CRI,1993,N/A
CUB,1993,N/A
CYM,1993,N/A
CYP,1993,N/A
CZE,1993,N/A
DEU,1993,N/A
DJI,1993,N/A
DMA,1993,N/A
DNK,1993,N/A
DOM,1993,N/A
DZA,1993,N/A
ECU,1993,N/A
EGY,1993,N/A
ERI,1993,N/A
ESP,1993,N/A
EST,1993,N/A
ETH,1993,N/A
FIN,1993,N/A
FJI,1993,N/A
FRA,1993,N/A
FSM,1993,N/A
GAB,1993,72.0
GBR,1993,N/A
GEO,1993,N/A
GHA,1993,N/A
GIN,1993,N/A
GMB,1993,N/A
GNB,1993,N/A
GNQ,1993,N/A
GRC,1993,N/A
GRD,1993,N/A
GTM,1993,N/A
GUM,1993,N/A
GUY,1993,N/A
HKG,1993,N/A
HND,1993,N/A
HRV,1993,N/A
HTI,1993,N/A
HUN,1993,N/A
IDN,1993,N/A
IND,1993,N/A
IRL,1993,N/A
IRN,1993,N/A
IRQ,1993,N/A
ISL,1993,N/A
ISR,1993,N/A
ITA,1993,N/A
JAM,1993,N/A
JOR,1993,N/A
JPN,1993,N/A
KAZ,1993,N/A
KEN,1993,N/A
KGZ,1993,N/A
KHM,1993,N/A
KIR,1993,N/A
KNA,1993,N/A
KOR,1993,N/A
KWT,1993,N/A
LAO,1993,N/A
LBN,1993,N/A
LBR,1993,N/A
LBY,1993,N/A
LCA,1993,N/A
LIE,1993,N/A
LKA,1993,N/A
LSO,1993,N/A
LTU,1993,N/A
LUX,1993,N/A
LVA,1993,N/A
MAC,1993,N/A
MAF,1993,N/A
MAR,1993,N/A
MDA,1993,N/A
MDG,1993,N/A
MDV,1993,N/A
MEX,1993,N/A
MHL,1993,N/A
MKD,1993,N/A
MLI,1993,N/A
MLT,1993,N/A
MMR,1993,N/A
MNE,1993,N/A
MNG,1993,N/A
MNP,1993,N/A
MOZ,1993,N/A
MRT,1993,N/A
MUS,1993,N/A
MWI,1993,N/A
MYS,1993,N/A
NAM,1993,N/A
NCL,1993,N/A
NER,1993,N/A
NGA,1993,N/A
NIC,1993,N/A
NLD,1993,N/A
NOR,1993,N/A
NPL,1993,N/A
NZL,1993,N/A
OMN,1993,N/A
PAK,1993,N/A
PAN,1993,N/A
PER,1993,87.0
PHL,1993,N/A
PLW,1993,N/A
PNG,1993,N/A
POL,1993,N/A
PRI,1993,N/A
PRK,1993,N/A
PRT,1993,N/A
PRY,1993,N/A
PSE,1993,N/A
PYF,1993,N/A
QAT,1993,N/A
ROU,1993,N/A
RUS,1993,N/A
RWA,1993,N/A
SAU,1993,N/A
SDN,1993,N/A
SEN,1993,N/A
SGP,1993,N/A
SLB,1993,N/A
SLE,1993,N/A
SLV,1993,N/A
SOM,1993,N/A
SRB,1993,N/A
SSD,1993,N/A
STP,1993,N/A
SUR,1993,N/A
SVK,1993,N/A
SVN,1993,N/A
SWE,1993,N/A
SWZ,1993,N/A
SXM,1993,N/A
SYC,1993,N/A
SYR,1993,N/A
TCA,1993,N/A
TCD,1993,11.0
TGO,1993,N/A
THA,1993,N/A
TJK,1993,N/A
TKM,1993,N/A
TLS,1993,N/A
TON,1993,N/A
TTO,1993,N/A
TUN,1993,N/A
TUR,1993,N/A
TUV,1993,N/A
TZA,1993,N/A
UGA,1993,N/A
UKR,1993,N/A
URY,1993,N/A
USA,1993,N/A
UZB,1993,N/A
VCT,1993,N/A
VEN,1993,N/A
VGB,1993,N/A
VIR,1993,N/A
VNM,1993,N/A
VUT,1993,N/A
WSM,1993,N/A
YEM,1993,N/A
ZAF,1993,N/A
ZMB,1993,N/A
ZWE,1993,N/A
AFG,1994,N/A
AGO,1994,N/A
ALB,1994,N/A
ARE,1994,N/A
ARG,1994,N/A
ARM,1994,N/A
ASM,1994,N/A
ATG,1994,N/A
AUS,1994,N/A
AUT,1994,N/A
AZE,1994,N/A
BDI,1994,N/A
BEL,1994,N/A
BEN,1994,N/A
BFA,1994,N/A
BGD,1994,N/A
BGR,1994,N/A
BHR,1994,N/A
BHS,1994,N/A
BIH,1994,N/A
BLR,1994,N/A
BLZ,1994,N/A
BMU,1994,N/A
BOL,1994,N/A
BRA,1994,N/A
BRB,1994,N/A
BRN,1994,N/A
BTN,1994,N/A
BWA,1994,N/A
CAF,1994,N/A
CAN,1994,N/A
CHE,1994,N/A
CHL,1994,N/A
CHN,1994,N/A
CIV,1994,N/A
CMR,1994,N/A
COD,1994,N/A
COG,1994,N/A
COL,1994,N/A
COM,1994,N/A
CPV,1994,N/A
CRI,1994,N/A
CUB,1994,N/A
CYM,1994,N/A
CYP,1994,N/A
CZE,1994,N/A
DEU,1994,N/A
DJI,1994,N/A
DMA,1994,N/A
DNK,1994,N/A
DOM,1994,N/A
DZA,1994,N/A
ECU,1994,N/A
EGY,1994,N/A
ERI,1994,N/A
ESP,1994,N/A
EST,1994,N/A
ETH,1994,27.0
FIN,1994,N/A
FJI,1994,N/A
FRA,1994,N/A
FSM,1994,N/A
GAB,1994,N/A
GBR,1994,N/A
GEO,1994,N/A
GHA,1994,N/A
GIN,1994,N/A
GMB,1994,N/A
GNB,1994,N/A
GNQ,1994,N/A
GRC,1994,N/A
GRD,1994,N/A
GTM,1994,64.0
GUM,1994,N/A
GUY,1994,N/A
HKG,1994,N/A
HND,1994,N/A
HRV,1994,N/A
HTI,1994,N/A
HUN,1994,N/A
IDN,1994,N/A
IND,1994,N/A
IRL,1994,N/A
IRN,1994,N/A
IRQ,1994,N/A
ISL,1994,N/A
ISR,1994,N/A
ITA,1994,N/A
JAM,1994,N/A
JOR,1994,N/A
JPN,1994,N/A
KAZ,1994,N/A
KEN,1994,N/A
KGZ,1994,N/A
KHM,1994,N/A
KIR,1994,N/A
KNA,1994,N/A
KOR,1994,N/A
KWT,1994,N/A
LAO,1994,N/A
LBN,1994,N/A
LBR,1994,N/A
LBY,1994,76.5
LCA,1994,N/A
LIE,1994,N/A
LKA,1994,N/A
LSO,1994,N/A
LTU,1994,N/A
LUX,1994,N/A
LVA,1994,N/A
MAC,1994,N/A
MAF,1994,N/A
MAR,1994,42.0
MDA,1994,N/A
MDG,1994,N/A
MDV,1994,N/A
MEX,1994,N/A
MHL,1994,N/A
MKD,1994,94.0
MLI,1994,N/A
MLT,1994,N/A
MMR,1994,N/A
MNE,1994,N/A
MNG,1994,N/A
MNP,1994,N/A
MOZ,1994,N/A
MRT,1994,N/A
MUS,1994,N/A
MWI,1994,N/A
MYS,1994,N/A
NAM,1994,N/A
NCL,1994,N/A
NER,1994,N/A
NGA,1994,N/A
NIC,1994,N/A
NLD,1994,N/A
NOR,1994,N/A
NPL,1994,N/A
NZL,1994,N/A
OMN,1994,N/A
PAK,1994,N/A
PAN,1994,N/A
PER,1994,N/A
PHL,1994,94.0
PLW,1994,N/A
PNG,1994,N/A
POL,1994,N/A
PRI,1994,N/A
PRK,1994,N/A
PRT,1994,N/A
PRY,1994,N/A
PSE,1994,N/A
PYF,1994,N/A
QAT,1994,N/A
ROU,1994,N/A
RUS,1994,N/A
RWA,1994,N/A
SAU,1994,N/A
SDN,1994,N/A
SEN,1994,N/A
SGP,1994,N/A
SLB,1994,N/A
SLE,1994,N/A
SLV,1994,N/A
SOM,1994,N/A
SRB,1994,N/A
SSD,1994,N/A
STP,1994,N/A
SUR,1994,N/A
SVK,1994,N/A
SVN,1994,N/A
SWE,1994,N/A
SWZ,1994,N/A
SXM,1994,N/A
SYC,1994,88.0
SYR,1994,N/A
TCA,1994,N/A
TCD,1994,N/A
TGO,1994,N/A
THA,1994,N/A
TJK,1994,N/A
TKM,1994,N/A
TLS,1994,N/A
TON,1994,N/A
TTO,1994,N/A
TUN,1994,N/A
TUR,1994,N/A
TUV,1994,N/A
TZA,1994,N/A
UGA,1994,N/A
UKR,1994,N/A
URY,1994,N/A
USA,1994,N/A
UZB,1994,N/A
VCT,1994,N/A
VEN,1994,N/A
VGB,1994,N/A
VIR,1994,N/A
VNM,1994,N/A
VUT,1994,68.6999969482422
WSM,1994,N/A
YEM,1994,37.0
ZAF,1994,N/A
ZMB,1994,N/A
ZWE,1994,N/A
AFG,1995,N/A
AGO,1995,N/A
ALB,1995,N/A
ARE,1995,N/A
ARG,1995,N/A
ARM,1995,N/A
ASM,1995,N/A
ATG,1995,N/A
AUS,1995,N/A
AUT,1995,N/A
AZE,1995,N/A
BDI,1995,N/A
BEL,1995,N/A
BEN,1995,N/A
BFA,1995,N/A
BGD,1995,N/A
BGR,1995,N/A
BHR,1995,N/A
BHS,1995,N/A
BIH,1995,N/A
BLR,1995,N/A
BLZ,1995,N/A
BMU,1995,N/A
BOL,1995,N/A
BRA,1995,N/A
BRB,1995,N/A
BRN,1995,N/A
BTN,1995,N/A
BWA,1995,N/A
CAF,1995,N/A
CAN,1995,N/A
CHE,1995,N/A
CHL,1995,N/A
CHN,1995,N/A
CIV,1995,N/A
CMR,1995,N/A
COD,1995,N/A
COG,1995,N/A
COL,1995,N/A
COM,1995,N/A
CPV,1995,N/A
CRI,1995,N/A
CUB,1995,N/A
CYM,1995,N/A
CYP,1995,N/A
CZE,1995,N/A
DEU,1995,N/A
DJI,1995,N/A
DMA,1995,N/A
DNK,1995,N/A
DOM,1995,N/A
DZA,1995,N/A
ECU,1995,N/A
EGY,1995,N/A
ERI,1995,N/A
ESP,1995,N/A
EST,1995,N/A
ETH,1995,N/A
FIN,1995,N/A
FJI,1995,N/A
FRA,1995,N/A
FSM,1995,N/A
GAB,1995,N/A
GBR,1995,N/A
GEO,1995,N/A
GHA,1995,N/A
GIN,1995,N/A
GMB,1995,N/A
GNB,1995,N/A
GNQ,1995,N/A
GRC,1995,N/A
GRD,1995,N/A
GTM,1995,N/A
GUM,1995,N/A
GUY,1995,N/A
HKG,1995,N/A
HND,1995,N/A
HRV,1995,N/A
HTI,1995,N/A
HUN,1995,N/A
IDN,1995,N/A
IND,1995,N/A
IRL,1995,N/A
IRN,1995,N/A
IRQ,1995,N/A
ISL,1995,N/A
ISR,1995,N/A
ITA,1995,N/A
JAM,1995,N/A
JOR,1995,N/A
JPN,1995,N/A
KAZ,1995,N/A
KEN,1995,N/A
KGZ,1995,N/A
KHM,1995,N/A
KIR,1995,N/A
KNA,1995,N/A
KOR,1995,N/A
KWT,1995,78.0
LAO,1995,60.0
LBN,1995,N/A
LBR,1995,N/A
LBY,1995,N/A
LCA,1995,N/A
LIE,1995,N/A
LKA,1995,N/A
LSO,1995,N/A
LTU,1995,N/A
LUX,1995,N/A
LVA,1995,N/A
MAC,1995,N/A
MAF,1995,N/A
MAR,1995,N/A
MDA,1995,N/A
MDG,1995,N/A
MDV,1995,96.0
MEX,1995,N/A
MHL,1995,N/A
MKD,1995,N/A
MLI,1995,N/A
MLT,1995,88.0
MMR,1995,N/A
MNE,1995,N/A
MNG,1995,N/A
MNP,1995,N/A
MOZ,1995,N/A
MRT,1995,N/A
MUS,1995,N/A
MWI,1995,N/A
MYS,1995,N/A
NAM,1995,N/A
NCL,1995,N/A
NER,1995,N/A
NGA,1995,N/A
NIC,1995,N/A
NLD,1995,N/A
NOR,1995,N/A
NPL,1995,N/A
NZL,1995,N/A
OMN,1995,N/A
PAK,1995,N/A
PAN,1995,N/A
PER,1995,N/A
PHL,1995,N/A
PLW,1995,N/A
PNG,1995,N/A
POL,1995,N/A
PRI,1995,N/A
PRK,1995,N/A
PRT,1995,N/A
PRY,1995,N/A
PSE,1995,N/A
PYF,1995,N/A
QAT,1995,N/A
ROU,1995,N/A
RUS,1995,N/A
RWA,1995,N/A
SAU,1995,N/A
SDN,1995,N/A
SEN,1995,N/A
SGP,1995,N/A
SLB,1995,N/A
SLE,1995,N/A
SLV,1995,N/A
SOM,1995,N/A
SRB,1995,N/A
SSD,1995,N/A
STP,1995,N/A
SUR,1995,N/A
SVK,1995,N/A
SVN,1995,N/A
SWE,1995,N/A
SWZ,1995,N/A
SXM,1995,N/A
SYC,1995,N/A
SYR,1995,N/A
TCA,1995,N/A
TCD,1995,N/A
TGO,1995,N/A
THA,1995,N/A
TJK,1995,N/A
TKM,1995,99.0
TLS,1995,N/A
TON,1995,N/A
TTO,1995,N/A
TUN,1995,N/A
TUR,1995,N/A
TUV,1995,N/A
TZA,1995,N/A
UGA,1995,N/A
UKR,1995,N/A
URY,1995,N/A
USA,1995,N/A
UZB,1995,N/A
VCT,1995,N/A
VEN,1995,N/A
VGB,1995,N/A
VIR,1995,N/A
VNM,1995,N/A
VUT,1995,N/A
WSM,1995,N/A
YEM,1995,N/A
ZAF,1995,N/A
ZMB,1995,N/A
ZWE,1995,N/A
AFG,1996,N/A
AGO,1996,N/A
ALB,1996,N/A
ARE,1996,N/A
ARG,1996,N/A
ARM,1996,N/A
ASM,1996,N/A
ATG,1996,N/A
AUS,1996,N/A
AUT,1996,N/A
AZE,1996,N/A
BDI,1996,N/A
BEL,1996,N/A
BEN,1996,N/A
BFA,1996,13.0
BGD,1996,N/A
BGR,1996,N/A
BHR,1996,N/A
BHS,1996,N/A
BIH,1996,N/A
BLR,1996,N/A
BLZ,1996,N/A
BMU,1996,N/A
BOL,1996,N/A
BRA,1996,N/A
BRB,1996,N/A
BRN,1996,N/A
BTN,1996,N/A
BWA,1996,N/A
CAF,1996,N/A
CAN,1996,N/A
CHE,1996,N/A
CHL,1996,N/A
CHN,1996,N/A
CIV,1996,N/A
CMR,1996,N/A
COD,1996,N/A
COG,1996,N/A
COL,1996,91.0
COM,1996,N/A
CPV,1996,N/A
CRI,1996,N/A
CUB,1996,N/A
CYM,1996,N/A
CYP,1996,N/A
CZE,1996,N/A
DEU,1996,N/A
DJI,1996,N/A
DMA,1996,N/A
DNK,1996,N/A
DOM,1996,N/A
DZA,1996,N/A
ECU,1996,N/A
EGY,1996,56.0
ERI,1996,N/A
ESP,1996,N/A
EST,1996,N/A
ETH,1996,N/A
FIN,1996,N/A
FJI,1996,N/A
FRA,1996,N/A
FSM,1996,N/A
GAB,1996,N/A
GBR,1996,N/A
GEO,1996,N/A
GHA,1996,N/A
GIN,1996,21.0
GMB,1996,N/A
GNB,1996,N/A
GNQ,1996,N/A
GRC,1996,N/A
GRD,1996,N/A
GTM,1996,N/A
GUM,1996,N/A
GUY,1996,N/A
HKG,1996,N/A
HND,1996,N/A
HRV,1996,N/A
HTI,1996,N/A
HUN,1996,N/A
IDN,1996,N/A
IND,1996,N/A
IRL,1996,N/A
IRN,1996,73.0
IRQ,1996,N/A
ISL,1996,N/A
ISR,1996,N/A
ITA,1996,N/A
JAM,1996,N/A
JOR,1996,N/A
JPN,1996,N/A
KAZ,1996,N/A
KEN,1996,N/A
KGZ,1996,N/A
KHM,1996,N/A
KIR,1996,N/A
KNA,1996,N/A
KOR,1996,N/A
KWT,1996,N/A
LAO,1996,N/A
LBN,1996,N/A
LBR,1996,N/A
LBY,1996,N/A
LCA,1996,N/A
LIE,1996,N/A
LKA,1996,N/A
LSO,1996,N/A
LTU,1996,N/A
LUX,1996,N/A
LVA,1996,N/A
MAC,1996,N/A
MAF,1996,N/A
MAR,1996,N/A
MDA,1996,N/A
MDG,1996,N/A
MDV,1996,N/A
MEX,1996,N/A
MHL,1996,N/A
MKD,1996,N/A
MLI,1996,N/A
MLT,1996,N/A
MMR,1996,N/A
MNE,1996,N/A
MNG,1996,N/A
MNP,1996,N/A
MOZ,1996,N/A
MRT,1996,N/A
MUS,1996,N/A
MWI,1996,N/A
MYS,1996,N/A
NAM,1996,N/A
NCL,1996,96.0
NER,1996,N/A
NGA,1996,N/A
NIC,1996,N/A
NLD,1996,N/A
NOR,1996,N/A
NPL,1996,N/A
NZL,1996,N/A
OMN,1996,N/A
PAK,1996,N/A
PAN,1996,N/A
PER,1996,N/A
PHL,1996,N/A
PLW,1996,N/A
PNG,1996,N/A
POL,1996,N/A
PRI,1996,N/A
PRK,1996,N/A
PRT,1996,N/A
PRY,1996,N/A
PSE,1996,N/A
PYF,1996,N/A
QAT,1996,N/A
ROU,1996,N/A
RUS,1996,N/A
RWA,1996,N/A
SAU,1996,N/A
SDN,1996,N/A
SEN,1996,N/A
SGP,1996,N/A
SLB,1996,N/A
SLE,1996,N/A
SLV,1996,N/A
SOM,1996,N/A
SRB,1996,N/A
SSD,1996,N/A
STP,1996,N/A
SUR,1996,N/A
SVK,1996,N/A
SVN,1996,N/A
SWE,1996,N/A
SWZ,1996,N/A
SXM,1996,N/A
SYC,1996,N/A
SYR,1996,N/A
TCA,1996,N/A
TCD,1996,N/A
TGO,1996,N/A
THA,1996,N/A
TJK,1996,N/A
TKM,1996,N/A
TLS,1996,N/A
TON,1996,99.0
TTO,1996,N/A
TUN,1996,N/A
TUR,1996,N/A
TUV,1996,N/A
TZA,1996,N/A
UGA,1996,N/A
UKR,1996,N/A
URY,1996,97.0
USA,1996,N/A
UZB,1996,N/A
VCT,1996,N/A
VEN,1996,N/A
VGB,1996,N/A
VIR,1996,N/A
VNM,1996,N/A
VUT,1996,N/A
WSM,1996,N/A
YEM,1996,N/A
ZAF,1996,82.0
ZMB,1996,N/A
ZWE,1996,N/A
AFG,1997,N/A
AGO,1997,N/A
ALB,1997,N/A
ARE,1997,N/A
ARG,1997,N/A
ARM,1997,N/A
ASM,1997,N/A
ATG,1997,N/A
AUS,1997,N/A
AUT,1997,N/A
AZE,1997,N/A
BDI,1997,N/A
BEL,1997,N/A
BEN,1997,N/A
BFA,1997,N/A
BGD,1997,N/A
BGR,1997,N/A
BHR,1997,N/A
BHS,1997,N/A
BIH,1997,N/A
BLR,1997,N/A
BLZ,1997,N/A
BMU,1997,N/A
BOL,1997,N/A
BRA,1997,N/A
BRB,1997,N/A
BRN,1997,N/A
BTN,1997,N/A
BWA,1997,N/A
CAF,1997,N/A
CAN,1997,N/A
CHE,1997,N/A
CHL,1997,N/A
CHN,1997,N/A
CIV,1997,N/A
CMR,1997,N/A
COD,1997,N/A
COG,1997,N/A
COL,1997,N/A
COM,1997,N/A
CPV,1997,N/A
CRI,1997,N/A
CUB,1997,N/A
CYM,1997,N/A
CYP,1997,N/A
CZE,1997,N/A
DEU,1997,N/A
DJI,1997,N/A
DMA,1997,N/A
DNK,1997,N/A
DOM,1997,N/A
DZA,1997,N/A
ECU,1997,N/A
EGY,1997,N/A
ERI,1997,N/A
ESP,1997,N/A
EST,1997,N/A
ETH,1997,N/A
FIN,1997,N/A
FJI,1997,N/A
FRA,1997,N/A
FSM,1997,N/A
GAB,1997,N/A
GBR,1997,N/A
GEO,1997,N/A
GHA,1997,N/A
GIN,1997,N/A
GMB,1997,N/A
GNB,1997,N/A
GNQ,1997,N/A
GRC,1997,N/A
GRD,1997,N/A
GTM,1997,N/A
GUM,1997,N/A
GUY,1997,N/A
HKG,1997,N/A
HND,1997,N/A
HRV,1997,N/A
HTI,1997,N/A
HUN,1997,N/A
IDN,1997,N/A
IND,1997,N/A
IRL,1997,N/A
IRN,1997,N/A
IRQ,1997,N/A
ISL,1997,N/A
ISR,1997,N/A
ITA,1997,N/A
JAM,1997,N/A
JOR,1997,N/A
JPN,1997,N/A
KAZ,1997,N/A
KEN,1997,N/A
KGZ,1997,N/A
KHM,1997,N/A
KIR,1997,N/A
KNA,1997,N/A
KOR,1997,N/A
KWT,1997,N/A
LAO,1997,N/A
LBN,1997,N/A
LBR,1997,N/A
LBY,1997,N/A
LCA,1997,N/A
LIE,1997,N/A
LKA,1997,N/A
LSO,1997,N/A
LTU,1997,N/A
LUX,1997,N/A
LVA,1997,N/A
MAC,1997,N/A
MAF,1997,N/A
MAR,1997,N/A
MDA,1997,N/A
MDG,1997,N/A
MDV,1997,N/A
MEX,1997,N/A
MHL,1997,N/A
MKD,1997,N/A
MLI,1997,N/A
MLT,1997,N/A
MMR,1997,N/A
MNE,1997,N/A
MNG,1997,N/A
MNP,1997,N/A
MOZ,1997,39.0
MRT,1997,N/A
MUS,1997,N/A
MWI,1997,N/A
MYS,1997,N/A
NAM,1997,N/A
NCL,1997,N/A
NER,1997,N/A
NGA,1997,N/A
NIC,1997,N/A
NLD,1997,N/A
NOR,1997,N/A
NPL,1997,N/A
NZL,1997,N/A
OMN,1997,N/A
PAK,1997,N/A
PAN,1997,N/A
PER,1997,N/A
PHL,1997,N/A
PLW,1997,N/A
PNG,1997,N/A
POL,1997,N/A
PRI,1997,N/A
PRK,1997,N/A
PRT,1997,N/A
PRY,1997,N/A
PSE,1997,86.0
PYF,1997,N/A
QAT,1997,83.0
ROU,1997,N/A
RUS,1997,N/A
RWA,1997,N/A
SAU,1997,N/A
SDN,1997,N/A
SEN,1997,N/A
SGP,1997,N/A
SLB,1997,N/A
SLE,1997,N/A
SLV,1997,N/A
SOM,1997,N/A
SRB,1997,N/A
SSD,1997,N/A
STP,1997,N/A
SUR,1997,N/A
SVK,1997,N/A
SVN,1997,N/A
SWE,1997,N/A
SWZ,1997,N/A
SXM,1997,N/A
SYC,1997,N/A
SYR,1997,N/A
TCA,1997,N/A
TCD,1997,N/A
TGO,1997,N/A
THA,1997,N/A
TJK,1997,N/A
TKM,1997,N/A
TLS,1997,N/A
TON,1997,N/A
TTO,1997,N/A
TUN,1997,N/A
TUR,1997,N/A
TUV,1997,N/A
TZA,1997,N/A
UGA,1997,N/A
UKR,1997,N/A
URY,1997,N/A
USA,1997,N/A
UZB,1997,N/A
VCT,1997,N/A
VEN,1997,N/A
VGB,1997,N/A
VIR,1997,N/A
VNM,1997,N/A
VUT,1997,N/A
WSM,1997,N/A
YEM,1997,N/A
ZAF,1997,N/A
ZMB,1997,N/A
ZWE,1997,N/A
AFG,1998,N/A
AGO,1998,N/A
ALB,1998,N/A
ARE,1998,N/A
ARG,1998,N/A
ARM,1998,N/A
ASM,1998,N/A
ATG,1998,N/A
AUS,1998,N/A
AUT,1998,N/A
AZE,1998,N/A
BDI,1998,N/A
BEL,1998,N/A
BEN,1998,N/A
BFA,1998,N/A
BGD,1998,N/A
BGR,1998,N/A
BHR,1998,N/A
BHS,1998,N/A
BIH,1998,N/A
BLR,1998,N/A
BLZ,1998,N/A
BMU,1998,N/A
BOL,1998,N/A
BRA,1998,N/A
BRB,1998,N/A
BRN,1998,N/A
BTN,1998,N/A
BWA,1998,N/A
CAF,1998,N/A
CAN,1998,N/A
CHE,1998,N/A
CHL,1998,N/A
CHN,1998,N/A
CIV,1998,36.0
CMR,1998,N/A
COD,1998,N/A
COG,1998,N/A
COL,1998,N/A
COM,1998,N/A
CPV,1998,N/A
CRI,1998,N/A
CUB,1998,N/A
CYM,1998,N/A
CYP,1998,N/A
CZE,1998,N/A
DEU,1998,N/A
DJI,1998,N/A
DMA,1998,N/A
DNK,1998,N/A
DOM,1998,N/A
DZA,1998,N/A
ECU,1998,N/A
EGY,1998,N/A
ERI,1998,N/A
ESP,1998,N/A
EST,1998,N/A
ETH,1998,N/A
FIN,1998,N/A
FJI,1998,N/A
FRA,1998,N/A
FSM,1998,N/A
GAB,1998,N/A
GBR,1998,N/A
GEO,1998,N/A
GHA,1998,N/A
GIN,1998,N/A
GMB,1998,N/A
GNB,1998,N/A
GNQ,1998,N/A
GRC,1998,N/A
GRD,1998,N/A
GTM,1998,N/A
GUM,1998,N/A
GUY,1998,N/A
HKG,1998,N/A
HND,1998,N/A
HRV,1998,N/A
HTI,1998,N/A
HUN,1998,N/A
IDN,1998,N/A
IND,1998,N/A
IRL,1998,N/A
IRN,1998,N/A
IRQ,1998,N/A
ISL,1998,N/A
ISR,1998,N/A
ITA,1998,N/A
JAM,1998,N/A
JOR,1998,N/A
JPN,1998,N/A
KAZ,1998,N/A
KEN,1998,N/A
KGZ,1998,N/A
KHM,1998,67.0
KIR,1998,N/A
KNA,1998,N/A
KOR,1998,N/A
KWT,1998,N/A
LAO,1998,N/A
LBN,1998,N/A
LBR,1998,N/A
LBY,1998,N/A
LCA,1998,N/A
LIE,1998,N/A
LKA,1998,N/A
LSO,1998,N/A
LTU,1998,N/A
LUX,1998,N/A
LVA,1998,N/A
MAC,1998,N/A
MAF,1998,N/A
MAR,1998,N/A
MDA,1998,N/A
MDG,1998,N/A
MDV,1998,N/A
MEX,1998,N/A
MHL,1998,N/A
MKD,1998,N/A
MLI,1998,19.0
MLT,1998,N/A
MMR,1998,N/A
MNE,1998,N/A
MNG,1998,N/A
MNP,1998,N/A
MOZ,1998,N/A
MRT,1998,N/A
MUS,1998,N/A
MWI,1998,64.0
MYS,1998,N/A
NAM,1998,N/A
NCL,1998,N/A
NER,1998,N/A
NGA,1998,N/A
NIC,1998,N/A
NLD,1998,N/A
NOR,1998,N/A
NPL,1998,N/A
NZL,1998,N/A
OMN,1998,N/A
PAK,1998,43.0
PAN,1998,N/A
PER,1998,N/A
PHL,1998,N/A
PLW,1998,N/A
PNG,1998,N/A
POL,1998,N/A
PRI,1998,N/A
PRK,1998,N/A
PRT,1998,N/A
PRY,1998,N/A
PSE,1998,N/A
PYF,1998,N/A
QAT,1998,N/A
ROU,1998,N/A
RUS,1998,N/A
RWA,1998,N/A
SAU,1998,N/A
SDN,1998,N/A
SEN,1998,N/A
SGP,1998,N/A
SLB,1998,N/A
SLE,1998,N/A
SLV,1998,N/A
SOM,1998,N/A
SRB,1998,N/A
SSD,1998,N/A
STP,1998,N/A
SUR,1998,N/A
SVK,1998,N/A
SVN,1998,N/A
SWE,1998,N/A
SWZ,1998,N/A
SXM,1998,N/A
SYC,1998,N/A
SYR,1998,N/A
TCA,1998,N/A
TCD,1998,N/A
TGO,1998,N/A
THA,1998,N/A
TJK,1998,N/A
TKM,1998,N/A
TLS,1998,N/A
TON,1998,N/A
TTO,1998,N/A
TUN,1998,N/A
TUR,1998,N/A
TUV,1998,N/A
TZA,1998,N/A
UGA,1998,N/A
UKR,1998,N/A
URY,1998,N/A
USA,1998,N/A
UZB,1998,N/A
VCT,1998,N/A
VEN,1998,N/A
VGB,1998,N/A
VIR,1998,N/A
VNM,1998,N/A
VUT,1998,N/A
WSM,1998,N/A
YEM,1998,N/A
ZAF,1998,N/A
ZMB,1998,N/A
ZWE,1998,N/A
AFG,1999,N/A
AGO,1999,N/A
ALB,1999,N/A
ARE,1999,N/A
ARG,1999,N/A
ARM,1999,N/A
ASM,1999,N/A
ATG,1999,N/A
AUS,1999,N/A
AUT,1999,N/A
AZE,1999,99.0
BDI,1999,N/A
BEL,1999,N/A
BEN,1999,N/A
BFA,1999,N/A
BGD,1999,N/A
BGR,1999,N/A
BHR,1999,N/A
BHS,1999,N/A
BIH,1999,N/A
BLR,1999,100.0
BLZ,1999,N/A
BMU,1999,N/A
BOL,1999,N/A
BRA,1999,N/A
BRB,1999,N/A
BRN,1999,N/A
BTN,1999,N/A
BWA,1999,N/A
CAF,1999,N/A
CAN,1999,N/A
CHE,1999,N/A
CHL,1999,N/A
CHN,1999,N/A
CIV,1999,N/A
CMR,1999,N/A
COD,1999,N/A
COG,1999,N/A
COL,1999,N/A
COM,1999,N/A
CPV,1999,N/A
CRI,1999,N/A
CUB,1999,N/A
CYM,1999,N/A
CYP,1999,N/A
CZE,1999,N/A
DEU,1999,N/A
DJI,1999,N/A
DMA,1999,N/A
DNK,1999,N/A
DOM,1999,N/A
DZA,1999,N/A
ECU,1999,N/A
EGY,1999,N/A
ERI,1999,N/A
ESP,1999,N/A
EST,1999,N/A
ETH,1999,N/A
FIN,1999,N/A
FJI,1999,N/A
FRA,1999,N/A
FSM,1999,N/A
GAB,1999,N/A
GBR,1999,N/A
GEO,1999,N/A
GHA,1999,N/A
GIN,1999,N/A
GMB,1999,N/A
GNB,1999,N/A
GNQ,1999,N/A
GRC,1999,N/A
GRD,1999,N/A
GTM,1999,N/A
GUM,1999,N/A
GUY,1999,N/A
HKG,1999,N/A
HND,1999,N/A
HRV,1999,N/A
HTI,1999,N/A
HUN,1999,N/A
IDN,1999,N/A
IND,1999,N/A
IRL,1999,N/A
IRN,1999,N/A
IRQ,1999,N/A
ISL,1999,N/A
ISR,1999,N/A
ITA,1999,N/A
JAM,1999,80.0
JOR,1999,N/A
JPN,1999,N/A
KAZ,1999,100.0
KEN,1999,N/A
KGZ,1999,99.0
KHM,1999,N/A
KIR,1999,N/A
KNA,1999,N/A
KOR,1999,N/A
KWT,1999,N/A
LAO,1999,N/A
LBN,1999,N/A
LBR,1999,N/A
LBY,1999,N/A
LCA,1999,N/A
LIE,1999,N/A
LKA,1999,N/A
LSO,1999,N/A
LTU,1999,N/A
LUX,1999,N/A
LVA,1999,N/A
MAC,1999,N/A
MAF,1999,N/A
MAR,1999,N/A
MDA,1999,N/A
MDG,1999,N/A
MDV,1999,N/A
MEX,1999,N/A
MHL,1999,N/A
MKD,1999,N/A
MLI,1999,N/A
MLT,1999,N/A
MMR,1999,N/A
MNE,1999,N/A
MNG,1999,N/A
MNP,1999,N/A
MOZ,1999,N/A
MRT,1999,N/A
MUS,1999,N/A
MWI,1999,N/A
MYS,1999,N/A
NAM,1999,N/A
NCL,1999,N/A
NER,1999,N/A
NGA,1999,N/A
NIC,1999,N/A
NLD,1999,N/A
NOR,1999,N/A
NPL,1999,N/A
NZL,1999,N/A
OMN,1999,N/A
PAK,1999,N/A
PAN,1999,N/A
PER,1999,N/A
PHL,1999,N/A
PLW,1999,N/A
PNG,1999,N/A
POL,1999,N/A
PRI,1999,N/A
PRK,1999,N/A
PRT,1999,N/A
PRY,1999,N/A
PSE,1999,N/A
PYF,1999,N/A
QAT,1999,N/A
ROU,1999,N/A
RUS,1999,N/A
RWA,1999,N/A
SAU,1999,N/A
SDN,1999,N/A
SEN,1999,N/A
SGP,1999,N/A
SLB,1999,77.0
SLE,1999,N/A
SLV,1999,N/A
SOM,1999,N/A
SRB,1999,N/A
SSD,1999,N/A
STP,1999,N/A
SUR,1999,N/A
SVK,1999,N/A
SVN,1999,N/A
SWE,1999,N/A
SWZ,1999,N/A
SXM,1999,N/A
SYC,1999,N/A
SYR,1999,N/A
TCA,1999,N/A
TCD,1999,N/A
TGO,1999,N/A
THA,1999,N/A
TJK,1999,N/A
TKM,1999,N/A
TLS,1999,N/A
TON,1999,N/A
TTO,1999,N/A
TUN,1999,N/A
TUR,1999,N/A
TUV,1999,N/A
TZA,1999,N/A
UGA,1999,N/A
UKR,1999,N/A
URY,1999,N/A
USA,1999,N/A
UZB,1999,N/A
VCT,1999,N/A
VEN,1999,N/A
VGB,1999,N/A
VIR,1999,N/A
VNM,1999,90.0
VUT,1999,74.0
WSM,1999,N/A
YEM,1999,N/A
ZAF,1999,N/A
ZMB,1999,68.0
ZWE,1999,N/A
AFG,2000,N/A
AGO,2000,N/A
ALB,2000,N/A
ARE,2000,N/A
ARG,2000,N/A
ARM,2000,N/A
ASM,2000,N/A
ATG,2000,N/A
AUS,2000,N/A
AUT,2000,N/A
AZE,2000,N/A
BDI,2000,59.0
BEL,2000,N/A
BEN,2000,N/A
BFA,2000,N/A
BGD,2000,N/A
BGR,2000,N/A
BHR,2000,N/A
BHS,2000,N/A
BIH,2000,97.0
BLR,2000,N/A
BLZ,2000,N/A
BMU,2000,N/A
BOL,2000,N/A
BRA,2000,86.0
BRB,2000,N/A
BRN,2000,N/A
BTN,2000,N/A
BWA,2000,N/A
CAF,2000,51.0
CAN,2000,N/A
CHE,2000,N/A
CHL,2000,N/A
CHN,2000,91.0
CIV,2000,49.0
CMR,2000,68.0
COD,2000,N/A
COG,2000,N/A
COL,2000,N/A
COM,2000,68.0
CPV,2000,76.1104431152344
CRI,2000,95.0
CUB,2000,N/A
CYM,2000,N/A
CYP,2000,N/A
CZE,2000,N/A
DEU,2000,N/A
DJI,2000,N/A
DMA,2000,N/A
DNK,2000,N/A
DOM,2000,N/A
DZA,2000,N/A
ECU,2000,N/A
EGY,2000,N/A
ERI,2000,N/A
ESP,2000,N/A
EST,2000,100.0
ETH,2000,N/A
FIN,2000,N/A
FJI,2000,N/A
FRA,2000,N/A
FSM,2000,N/A
GAB,2000,N/A
GBR,2000,N/A
GEO,2000,N/A
GHA,2000,58.0
GIN,2000,N/A
GMB,2000,37.0
GNB,2000,41.0
GNQ,2000,88.0
GRC,2000,N/A
GRD,2000,N/A
GTM,2000,N/A
GUM,2000,99.5599975585938
GUY,2000,N/A
HKG,2000,N/A
HND,2000,N/A
HRV,2000,N/A
HTI,2000,N/A
HUN,2000,N/A
IDN,2000,N/A
IND,2000,N/A
IRL,2000,N/A
IRN,2000,N/A
IRQ,2000,74.0
ISL,2000,N/A
ISR,2000,N/A
ITA,2000,N/A
JAM,2000,N/A
JOR,2000,N/A
JPN,2000,N/A
KAZ,2000,N/A
KEN,2000,82.0
KGZ,2000,N/A
KHM,2000,N/A
KIR,2000,N/A
KNA,2000,N/A
KOR,2000,N/A
KWT,2000,N/A
LAO,2000,70.0
LBN,2000,N/A
LBR,2000,N/A
LBY,2000,N/A
LCA,2000,N/A
LIE,2000,N/A
LKA,2000,N/A
LSO,2000,86.0
LTU,2000,N/A
LUX,2000,N/A
LVA,2000,100.0
MAC,2000,N/A
MAF,2000,N/A
MAR,2000,N/A
MDA,2000,97.0
MDG,2000,71.0
MDV,2000,96.0
MEX,2000,91.0
MHL,2000,N/A
MKD,2000,N/A
MLI,2000,N/A
MLT,2000,N/A
MMR,2000,90.0
MNE,2000,N/A
MNG,2000,98.0
MNP,2000,N/A
MOZ,2000,N/A
MRT,2000,51.0
MUS,2000,84.0
MWI,2000,N/A
MYS,2000,N/A
NAM,2000,N/A
NCL,2000,N/A
NER,2000,N/A
NGA,2000,N/A
NIC,2000,N/A
NLD,2000,N/A
NOR,2000,N/A
NPL,2000,N/A
NZL,2000,N/A
OMN,2000,N/A
PAK,2000,N/A
PAN,2000,92.0
PER,2000,N/A
PHL,2000,93.0
PLW,2000,N/A
PNG,2000,57.0
POL,2000,N/A
PRI,2000,N/A
PRK,2000,N/A
PRT,2000,N/A
PRY,2000,N/A
PSE,2000,N/A
PYF,2000,N/A
QAT,2000,N/A
ROU,2000,N/A
RUS,2000,N/A
RWA,2000,65.0
SAU,2000,79.0
SDN,2000,61.0
SEN,2000,N/A
SGP,2000,93.0
SLB,2000,N/A
SLE,2000,N/A
SLV,2000,N/A
SOM,2000,N/A
SRB,2000,N/A
SSD,2000,N/A
STP,2000,N/A
SUR,2000,N/A
SVK,2000,N/A
SVN,2000,N/A
SWE,2000,N/A
SWZ,2000,82.0
SXM,2000,N/A
SYC,2000,N/A
SYR,2000,N/A
TCA,2000,N/A
TCD,2000,26.0
TGO,2000,53.0
THA,2000,93.0
TJK,2000,99.0
TKM,2000,N/A
TLS,2000,N/A
TON,2000,N/A
TTO,2000,97.9000015258789
TUN,2000,N/A
TUR,2000,N/A
TUV,2000,N/A
TZA,2000,N/A
UGA,2000,N/A
UKR,2000,N/A
URY,2000,N/A
USA,2000,N/A
UZB,2000,99.0
VCT,2000,N/A
VEN,2000,N/A
VGB,2000,N/A
VIR,2000,N/A
VNM,2000,90.0
VUT,2000,N/A
WSM,2000,N/A
YEM,2000,N/A
ZAF,2000,N/A
ZMB,2000,N/A
ZWE,2000,N/A
AFG,2001,N/A
AGO,2001,67.0
ALB,2001,99.0
ARE,2001,N/A
ARG,2001,97.0
ARM,2001,99.0
ASM,2001,N/A
ATG,2001,99.0
AUS,2001,N/A
AUT,2001,N/A
AZE,2001,N/A
BDI,2001,N/A
BEL,2001,N/A
BEN,2001,N/A
BFA,2001,N/A
BGD,2001,47.0
BGR,2001,98.0
BHR,2001,87.0
BHS,2001,N/A
BIH,2001,N/A
BLR,2001,N/A
BLZ,2001,80.9000015258789
BMU,2001,N/A
BOL,2001,87.0
BRA,2001,N/A
BRB,2001,N/A
BRN,2001,93.0
BTN,2001,N/A
BWA,2001,N/A
CAF,2001,N/A
CAN,2001,N/A
CHE,2001,N/A
CHL,2001,N/A
CHN,2001,N/A
CIV,2001,N/A
CMR,2001,N/A
COD,2001,67.0
COG,2001,N/A
COL,2001,N/A
COM,2001,N/A
CPV,2001,N/A
CRI,2001,N/A
CUB,2001,N/A
CYM,2001,N/A
CYP,2001,97.0
CZE,2001,N/A
DEU,2001,N/A
DJI,2001,N/A
DMA,2001,N/A
DNK,2001,N/A
DOM,2001,N/A
DZA,2001,N/A
ECU,2001,91.0
EGY,2001,N/A
ERI,2001,N/A
ESP,2001,N/A
EST,2001,N/A
ETH,2001,N/A
FIN,2001,N/A
FJI,2001,N/A
FRA,2001,N/A
FSM,2001,N/A
GAB,2001,N/A
GBR,2001,N/A
GEO,2001,N/A
GHA,2001,N/A
GIN,2001,N/A
GMB,2001,N/A
GNB,2001,N/A
GNQ,2001,N/A
GRC,2001,96.0
GRD,2001,N/A
GTM,2001,N/A
GUM,2001,N/A
GUY,2001,N/A
HKG,2001,N/A
HND,2001,80.0
HRV,2001,98.0
HTI,2001,N/A
HUN,2001,N/A
IDN,2001,N/A
IND,2001,61.0
IRL,2001,N/A
IRN,2001,N/A
IRQ,2001,N/A
ISL,2001,N/A
ISR,2001,N/A
ITA,2001,98.0
JAM,2001,N/A
JOR,2001,N/A
JPN,2001,N/A
KAZ,2001,N/A
KEN,2001,N/A
KGZ,2001,N/A
KHM,2001,N/A
KIR,2001,N/A
KNA,2001,N/A
KOR,2001,N/A
KWT,2001,N/A
LAO,2001,69.0
LBN,2001,N/A
LBR,2001,N/A
LBY,2001,N/A
LCA,2001,N/A
LIE,2001,N/A
LKA,2001,91.0
LSO,2001,N/A
LTU,2001,100.0
LUX,2001,N/A
LVA,2001,N/A
MAC,2001,91.0
MAF,2001,N/A
MAR,2001,N/A
MDA,2001,N/A
MDG,2001,N/A
MDV,2001,N/A
MEX,2001,N/A
MHL,2001,N/A
MKD,2001,N/A
MLI,2001,N/A
MLT,2001,N/A
MMR,2001,N/A
MNE,2001,N/A
MNG,2001,N/A
MNP,2001,N/A
MOZ,2001,N/A
MRT,2001,N/A
MUS,2001,N/A
MWI,2001,N/A
MYS,2001,N/A
NAM,2001,85.0
NCL,2001,N/A
NER,2001,14.0
NGA,2001,N/A
NIC,2001,77.0
NLD,2001,N/A
NOR,2001,N/A
NPL,2001,49.0
NZL,2001,N/A
OMN,2001,N/A
PAK,2001,N/A
PAN,2001,N/A
PER,2001,N/A
PHL,2001,N/A
PLW,2001,N/A
PNG,2001,N/A
POL,2001,N/A
PRI,2001,N/A
PRK,2001,N/A
PRT,2001,N/A
PRY,2001,N/A
PSE,2001,N/A
PYF,2001,N/A
QAT,2001,N/A
ROU,2001,N/A
RUS,2001,N/A
RWA,2001,N/A
SAU,2001,N/A
SDN,2001,N/A
SEN,2001,N/A
SGP,2001,N/A
SLB,2001,N/A
SLE,2001,N/A
SLV,2001,N/A
SOM,2001,N/A
SRB,2001,N/A
SSD,2001,N/A
STP,2001,85.0
SUR,2001,N/A
SVK,2001,N/A
SVN,2001,99.5999984741211
SWE,2001,N/A
SWZ,2001,N/A
SXM,2001,N/A
SYC,2001,N/A
SYR,2001,N/A
TCA,2001,N/A
TCD,2001,N/A
TGO,2001,N/A
THA,2001,N/A
TJK,2001,N/A
TKM,2001,N/A
TLS,2001,38.0
TON,2001,N/A
TTO,2001,N/A
TUN,2001,N/A
TUR,2001,N/A
TUV,2001,N/A
TZA,2001,N/A
UGA,2001,N/A
UKR,2001,99.0
URY,2001,N/A
USA,2001,N/A
UZB,2001,N/A
VCT,2001,N/A
VEN,2001,93.0
VGB,2001,N/A
VIR,2001,N/A
VNM,2001,N/A
VUT,2001,N/A
WSM,2001,N/A
YEM,2001,N/A
ZAF,2001,N/A
ZMB,2001,N/A
ZWE,2001,N/A
AFG,2002,N/A
AGO,2002,N/A
ALB,2002,N/A
ARE,2002,N/A
ARG,2002,N/A
ARM,2002,N/A
ASM,2002,N/A
ATG,2002,N/A
AUS,2002,N/A
AUT,2002,N/A
AZE,2002,N/A
BDI,2002,N/A
BEL,2002,N/A
BEN,2002,35.0
BFA,2002,N/A
BGD,2002,N/A
BGR,2002,N/A
BHR,2002,N/A
BHS,2002,N/A
BIH,2002,N/A
BLR,2002,N/A
BLZ,2002,N/A
BMU,2002,N/A
BOL,2002,N/A
BRA,2002,N/A
BRB,2002,N/A
BRN,2002,N/A
BTN,2002,N/A
BWA,2002,N/A
CAF,2002,N/A
CAN,2002,N/A
CHE,2002,N/A
CHL,2002,96.0
CHN,2002,N/A
CIV,2002,N/A
CMR,2002,N/A
COD,2002,N/A
COG,2002,N/A
COL,2002,N/A
COM,2002,N/A
CPV,2002,N/A
CRI,2002,N/A
CUB,2002,100.0
CYM,2002,N/A
CYP,2002,N/A
CZE,2002,N/A
DEU,2002,N/A
DJI,2002,N/A
DMA,2002,N/A
DNK,2002,N/A
DOM,2002,87.0
DZA,2002,70.0
ECU,2002,N/A
EGY,2002,N/A
ERI,2002,53.0
ESP,2002,N/A
EST,2002,N/A
ETH,2002,N/A
FIN,2002,N/A
FJI,2002,N/A
FRA,2002,N/A
FSM,2002,N/A
GAB,2002,N/A
GBR,2002,N/A
GEO,2002,100.0
GHA,2002,N/A
GIN,2002,N/A
GMB,2002,N/A
GNB,2002,N/A
GNQ,2002,N/A
GRC,2002,N/A
GRD,2002,N/A
GTM,2002,69.0
GUM,2002,N/A
GUY,2002,N/A
HKG,2002,N/A
HND,2002,N/A
HRV,2002,N/A
HTI,2002,N/A
HUN,2002,N/A
IDN,2002,N/A
IND,2002,N/A
IRL,2002,N/A
IRN,2002,77.0
IRQ,2002,N/A
ISL,2002,N/A
ISR,2002,N/A
ITA,2002,N/A
JAM,2002,N/A
JOR,2002,N/A
JPN,2002,N/A
KAZ,2002,N/A
KEN,2002,N/A
KGZ,2002,N/A
KHM,2002,N/A
KIR,2002,N/A
KNA,2002,N/A
KOR,2002,N/A
KWT,2002,N/A
LAO,2002,N/A
LBN,2002,N/A
LBR,2002,N/A
LBY,2002,N/A
LCA,2002,N/A
LIE,2002,N/A
LKA,2002,N/A
LSO,2002,N/A
LTU,2002,N/A
LUX,2002,N/A
LVA,2002,N/A
MAC,2002,N/A
MAF,2002,N/A
MAR,2002,N/A
MDA,2002,N/A
MDG,2002,N/A
MDV,2002,N/A
MEX,2002,90.0
MHL,2002,N/A
MKD,2002,96.0
MLI,2002,N/A
MLT,2002,N/A
MMR,2002,N/A
MNE,2002,N/A
MNG,2002,N/A
MNP,2002,N/A
MOZ,2002,N/A
MRT,2002,N/A
MUS,2002,N/A
MWI,2002,N/A
MYS,2002,N/A
NAM,2002,N/A
NCL,2002,N/A
NER,2002,N/A
NGA,2002,N/A
NIC,2002,N/A
NLD,2002,N/A
NOR,2002,N/A
NPL,2002,N/A
NZL,2002,N/A
OMN,2002,N/A
PAK,2002,N/A
PAN,2002,N/A
PER,2002,N/A
PHL,2002,N/A
PLW,2002,N/A
PNG,2002,N/A
POL,2002,N/A
PRI,2002,N/A
PRK,2002,N/A
PRT,2002,N/A
PRY,2002,N/A
PSE,2002,N/A
PYF,2002,N/A
QAT,2002,N/A
ROU,2002,97.0
RUS,2002,99.0
RWA,2002,N/A
SAU,2002,N/A
SDN,2002,N/A
SEN,2002,39.0
SGP,2002,N/A
SLB,2002,N/A
SLE,2002,N/A
SLV,2002,N/A
SOM,2002,N/A
SRB,2002,N/A
SSD,2002,N/A
STP,2002,N/A
SUR,2002,N/A
SVK,2002,N/A
SVN,2002,N/A
SWE,2002,N/A
SWZ,2002,N/A
SXM,2002,N/A
SYC,2002,92.0
SYR,2002,83.0
TCA,2002,N/A
TCD,2002,N/A
TGO,2002,N/A
THA,2002,N/A
TJK,2002,N/A
TKM,2002,N/A
TLS,2002,N/A
TON,2002,N/A
TTO,2002,N/A
TUN,2002,N/A
TUR,2002,N/A
TUV,2002,N/A
TZA,2002,69.0
UGA,2002,68.0
UKR,2002,N/A
URY,2002,N/A
USA,2002,N/A
UZB,2002,N/A
VCT,2002,N/A
VEN,2002,N/A
VGB,2002,N/A
VIR,2002,N/A
VNM,2002,N/A
VUT,2002,N/A
WSM,2002,N/A
YEM,2002,N/A
ZAF,2002,N/A
ZMB,2002,69.0
ZWE,2002,N/A
AFG,2003,N/A
AGO,2003,N/A
ALB,2003,N/A
ARE,2003,N/A
ARG,2003,N/A
ARM,2003,N/A
ASM,2003,N/A
ATG,2003,N/A
AUS,2003,N/A
AUT,2003,N/A
AZE,2003,N/A
BDI,2003,N/A
BEL,2003,N/A
BEN,2003,N/A
BFA,2003,22.0
BGD,2003,N/A
BGR,2003,N/A
BHR,2003,N/A
BHS,2003,N/A
BIH,2003,N/A
BLR,2003,N/A
BLZ,2003,N/A
BMU,2003,N/A
BOL,2003,N/A
BRA,2003,N/A
BRB,2003,N/A
BRN,2003,N/A
BTN,2003,N/A
BWA,2003,81.0
CAF,2003,N/A
CAN,2003,N/A
CHE,2003,N/A
CHL,2003,N/A
CHN,2003,N/A
CIV,2003,N/A
CMR,2003,N/A
COD,2003,N/A
COG,2003,N/A
COL,2003,N/A
COM,2003,N/A
CPV,2003,N/A
CRI,2003,N/A
CUB,2003,N/A
CYM,2003,N/A
CYP,2003,N/A
CZE,2003,N/A
DEU,2003,N/A
DJI,2003,N/A
DMA,2003,N/A
DNK,2003,N/A
DOM,2003,N/A
DZA,2003,N/A
ECU,2003,N/A
EGY,2003,N/A
ERI,2003,N/A
ESP,2003,N/A
EST,2003,N/A
ETH,2003,N/A
FIN,2003,N/A
FJI,2003,N/A
FRA,2003,N/A
FSM,2003,N/A
GAB,2003,N/A
GBR,2003,N/A
GEO,2003,N/A
GHA,2003,N/A
GIN,2003,30.0
GMB,2003,N/A
GNB,2003,N/A
GNQ,2003,N/A
GRC,2003,N/A
GRD,2003,N/A
GTM,2003,N/A
GUM,2003,N/A
GUY,2003,N/A
HKG,2003,N/A
HND,2003,N/A
HRV,2003,N/A
HTI,2003,59.0
HUN,2003,N/A
IDN,2003,N/A
IND,2003,N/A
IRL,2003,N/A
IRN,2003,N/A
IRQ,2003,N/A
ISL,2003,N/A
ISR,2003,N/A
ITA,2003,N/A
JAM,2003,N/A
JOR,2003,90.0
JPN,2003,N/A
KAZ,2003,N/A
KEN,2003,N/A
KGZ,2003,N/A
KHM,2003,N/A
KIR,2003,N/A
KNA,2003,N/A
KOR,2003,N/A
KWT,2003,N/A
LAO,2003,N/A
LBN,2003,N/A
LBR,2003,N/A
LBY,2003,N/A
LCA,2003,N/A
LIE,2003,N/A
LKA,2003,N/A
LSO,2003,N/A
LTU,2003,N/A
LUX,2003,N/A
LVA,2003,N/A
MAC,2003,N/A
MAF,2003,N/A
MAR,2003,N/A
MDA,2003,N/A
MDG,2003,N/A
MDV,2003,N/A
MEX,2003,N/A
MHL,2003,N/A
MKD,2003,N/A
MLI,2003,24.0
MLT,2003,N/A
MMR,2003,N/A
MNE,2003,98.0
MNG,2003,N/A
MNP,2003,N/A
MOZ,2003,48.0
MRT,2003,N/A
MUS,2003,N/A
MWI,2003,N/A
MYS,2003,N/A
NAM,2003,N/A
NCL,2003,N/A
NER,2003,N/A
NGA,2003,55.0
NIC,2003,N/A
NLD,2003,N/A
NOR,2003,N/A
NPL,2003,N/A
NZL,2003,N/A
OMN,2003,81.0
PAK,2003,N/A
PAN,2003,N/A
PER,2003,N/A
PHL,2003,93.0
PLW,2003,N/A
PNG,2003,N/A
POL,2003,N/A
PRI,2003,N/A
PRK,2003,N/A
PRT,2003,N/A
PRY,2003,N/A
PSE,2003,N/A
PYF,2003,N/A
QAT,2003,N/A
ROU,2003,N/A
RUS,2003,N/A
RWA,2003,N/A
SAU,2003,N/A
SDN,2003,N/A
SEN,2003,N/A
SGP,2003,N/A
SLB,2003,N/A
SLE,2003,N/A
SLV,2003,N/A
SOM,2003,N/A
SRB,2003,96.0
SSD,2003,N/A
STP,2003,N/A
SUR,2003,N/A
SVK,2003,N/A
SVN,2003,N/A
SWE,2003,N/A
SWZ,2003,N/A
SXM,2003,N/A
SYC,2003,N/A
SYR,2003,N/A
TCA,2003,N/A
TCD,2003,N/A
TGO,2003,N/A
THA,2003,N/A
TJK,2003,N/A
TKM,2003,N/A
TLS,2003,N/A
TON,2003,N/A
TTO,2003,N/A
TUN,2003,N/A
TUR,2003,N/A
TUV,2003,N/A
TZA,2003,N/A
UGA,2003,N/A
UKR,2003,N/A
URY,2003,N/A
USA,2003,N/A
UZB,2003,N/A
VCT,2003,N/A
VEN,2003,N/A
VGB,2003,N/A
VIR,2003,N/A
VNM,2003,N/A
VUT,2003,N/A
WSM,2003,N/A
YEM,2003,N/A
ZAF,2003,N/A
ZMB,2003,N/A
ZWE,2003,N/A
AFG,2004,N/A
AGO,2004,N/A
ALB,2004,N/A
ARE,2004,N/A
ARG,2004,N/A
ARM,2004,N/A
ASM,2004,N/A
ATG,2004,N/A
AUS,2004,N/A
AUT,2004,N/A
AZE,2004,N/A
BDI,2004,N/A
BEL,2004,N/A
BEN,2004,N/A
BFA,2004,N/A
BGD,2004,N/A
BGR,2004,N/A
BHR,2004,N/A
BHS,2004,N/A
BIH,2004,N/A
BLR,2004,N/A
BLZ,2004,N/A
BMU,2004,N/A
BOL,2004,N/A
BRA,2004,89.0
BRB,2004,N/A
BRN,2004,N/A
BTN,2004,N/A
BWA,2004,N/A
CAF,2004,N/A
CAN,2004,N/A
CHE,2004,N/A
CHL,2004,N/A
CHN,2004,N/A
CIV,2004,N/A
CMR,2004,N/A
COD,2004,N/A
COG,2004,N/A
COL,2004,93.0
COM,2004,N/A
CPV,2004,N/A
CRI,2004,N/A
CUB,2004,N/A
CYM,2004,N/A
CYP,2004,N/A
CZE,2004,N/A
DEU,2004,N/A
DJI,2004,N/A
DMA,2004,N/A
DNK,2004,N/A
DOM,2004,N/A
DZA,2004,N/A
ECU,2004,N/A
EGY,2004,N/A
ERI,2004,N/A
ESP,2004,97.0
EST,2004,N/A
ETH,2004,35.9000015258789
FIN,2004,N/A
FJI,2004,N/A
FRA,2004,N/A
FSM,2004,N/A
GAB,2004,N/A
GBR,2004,N/A
GEO,2004,N/A
GHA,2004,N/A
GIN,2004,N/A
GMB,2004,N/A
GNB,2004,N/A
GNQ,2004,N/A
GRC,2004,N/A
GRD,2004,N/A
GTM,2004,N/A
GUM,2004,N/A
GUY,2004,N/A
HKG,2004,N/A
HND,2004,N/A
HRV,2004,N/A
HTI,2004,N/A
HUN,2004,N/A
IDN,2004,90.0
IND,2004,N/A
IRL,2004,N/A
IRN,2004,N/A
IRQ,2004,N/A
ISL,2004,N/A
ISR,2004,N/A
ITA,2004,N/A
JAM,2004,N/A
JOR,2004,N/A
JPN,2004,N/A
KAZ,2004,N/A
KEN,2004,N/A
KGZ,2004,N/A
KHM,2004,74.0
KIR,2004,N/A
KNA,2004,N/A
KOR,2004,N/A
KWT,2004,N/A
LAO,2004,N/A
LBN,2004,N/A
LBR,2004,N/A
LBY,2004,N/A
LCA,2004,N/A
LIE,2004,N/A
LKA,2004,N/A
LSO,2004,N/A
LTU,2004,N/A
LUX,2004,N/A
LVA,2004,N/A
MAC,2004,N/A
MAF,2004,N/A
MAR,2004,52.0
MDA,2004,N/A
MDG,2004,N/A
MDV,2004,N/A
MEX,2004,91.0
MHL,2004,N/A
MKD,2004,N/A
MLI,2004,N/A
MLT,2004,N/A
MMR,2004,N/A
MNE,2004,N/A
MNG,2004,N/A
MNP,2004,N/A
MOZ,2004,N/A
MRT,2004,N/A
MUS,2004,N/A
MWI,2004,N/A
MYS,2004,N/A
NAM,2004,N/A
NCL,2004,N/A
NER,2004,N/A
NGA,2004,N/A
NIC,2004,N/A
NLD,2004,N/A
NOR,2004,N/A
NPL,2004,N/A
NZL,2004,N/A
OMN,2004,N/A
PAK,2004,N/A
PAN,2004,N/A
PER,2004,88.0
PHL,2004,N/A
PLW,2004,N/A
PNG,2004,N/A
POL,2004,N/A
PRI,2004,N/A
PRK,2004,N/A
PRT,2004,N/A
PRY,2004,N/A
PSE,2004,92.0
PYF,2004,N/A
QAT,2004,89.0
ROU,2004,N/A
RUS,2004,N/A
RWA,2004,N/A
SAU,2004,83.0
SDN,2004,N/A
SEN,2004,N/A
SGP,2004,N/A
SLB,2004,N/A
SLE,2004,35.0
SLV,2004,N/A
SOM,2004,N/A
SRB,2004,N/A
SSD,2004,N/A
STP,2004,N/A
SUR,2004,90.0
SVK,2004,N/A
SVN,2004,N/A
SWE,2004,N/A
SWZ,2004,N/A
SXM,2004,N/A
SYC,2004,N/A
SYR,2004,81.0
TCA,2004,N/A
TCD,2004,28.0
TGO,2004,N/A
THA,2004,N/A
TJK,2004,N/A
TKM,2004,N/A
TLS,2004,N/A
TON,2004,N/A
TTO,2004,N/A
TUN,2004,74.0
TUR,2004,87.0
TUV,2004,N/A
TZA,2004,N/A
UGA,2004,N/A
UKR,2004,N/A
URY,2004,N/A
USA,2004,N/A
UZB,2004,N/A
VCT,2004,N/A
VEN,2004,N/A
VGB,2004,N/A
VIR,2004,N/A
VNM,2004,N/A
VUT,2004,78.4000015258789
WSM,2004,N/A
YEM,2004,54.0999984741211
ZAF,2004,N/A
ZMB,2004,N/A
ZWE,2004,N/A
AFG,2005,N/A
AGO,2005,N/A
ALB,2005,N/A
ARE,2005,90.0
ARG,2005,N/A
ARM,2005,N/A
ASM,2005,N/A
ATG,2005,N/A
AUS,2005,N/A
AUT,2005,N/A
AZE,2005,N/A
BDI,2005,N/A
BEL,2005,N/A
BEN,2005,N/A
BFA,2005,24.0
BGD,2005,N/A
BGR,2005,N/A
BHR,2005,N/A
BHS,2005,N/A
BIH,2005,N/A
BLR,2005,N/A
BLZ,2005,N/A
BMU,2005,N/A
BOL,2005,N/A
BRA,2005,N/A
BRB,2005,N/A
BRN,2005,N/A
BTN,2005,53.0
BWA,2005,N/A
CAF,2005,N/A
CAN,2005,N/A
CHE,2005,N/A
CHL,2005,N/A
CHN,2005,N/A
CIV,2005,N/A
CMR,2005,N/A
COD,2005,N/A
COG,2005,76.0
COL,2005,93.0
COM,2005,N/A
CPV,2005,N/A
CRI,2005,N/A
CUB,2005,N/A
CYM,2005,N/A
CYP,2005,N/A
CZE,2005,N/A
DEU,2005,N/A
DJI,2005,N/A
DMA,2005,N/A
DNK,2005,N/A
DOM,2005,N/A
DZA,2005,N/A
ECU,2005,N/A
EGY,2005,67.0
ERI,2005,N/A
ESP,2005,98.0
EST,2005,N/A
ETH,2005,29.8203392028809
FIN,2005,N/A
FJI,2005,N/A
FRA,2005,N/A
FSM,2005,N/A
GAB,2005,N/A
GBR,2005,N/A
GEO,2005,N/A
GHA,2005,N/A
GIN,2005,N/A
GMB,2005,N/A
GNB,2005,N/A
GNQ,2005,N/A
GRC,2005,N/A
GRD,2005,N/A
GTM,2005,N/A
GUM,2005,N/A
GUY,2005,N/A
HKG,2005,N/A
HND,2005,N/A
HRV,2005,N/A
HTI,2005,N/A
HUN,2005,N/A
IDN,2005,N/A
IND,2005,N/A
IRL,2005,N/A
IRN,2005,82.0
IRQ,2005,N/A
ISL,2005,N/A
ISR,2005,N/A
ITA,2005,N/A
JAM,2005,N/A
JOR,2005,91.0
JPN,2005,N/A
KAZ,2005,N/A
KEN,2005,N/A
KGZ,2005,N/A
KHM,2005,N/A
KIR,2005,N/A
KNA,2005,N/A
KOR,2005,N/A
KWT,2005,93.0
LAO,2005,73.0
LBN,2005,N/A
LBR,2005,N/A
LBY,2005,N/A
LCA,2005,N/A
LIE,2005,N/A
LKA,2005,N/A
LSO,2005,N/A
LTU,2005,N/A
LUX,2005,N/A
LVA,2005,N/A
MAC,2005,N/A
MAF,2005,N/A
MAR,2005,N/A
MDA,2005,N/A
MDG,2005,59.0
MDV,2005,N/A
MEX,2005,92.0
MHL,2005,N/A
MKD,2005,N/A
MLI,2005,N/A
MLT,2005,92.0
MMR,2005,N/A
MNE,2005,N/A
MNG,2005,N/A
MNP,2005,N/A
MOZ,2005,N/A
MRT,2005,N/A
MUS,2005,N/A
MWI,2005,N/A
MYS,2005,N/A
NAM,2005,N/A
NCL,2005,N/A
NER,2005,29.0
NGA,2005,N/A
NIC,2005,78.0
NLD,2005,N/A
NOR,2005,N/A
NPL,2005,N/A
NZL,2005,N/A
OMN,2005,N/A
PAK,2005,50.0
PAN,2005,N/A
PER,2005,88.0
PHL,2005,N/A
PLW,2005,N/A
PNG,2005,N/A
POL,2005,N/A
PRI,2005,N/A
PRK,2005,N/A
PRT,2005,N/A
PRY,2005,N/A
PSE,2005,N/A
PYF,2005,N/A
QAT,2005,N/A
ROU,2005,N/A
RUS,2005,N/A
RWA,2005,N/A
SAU,2005,N/A
SDN,2005,N/A
SEN,2005,N/A
SGP,2005,N/A
SLB,2005,N/A
SLE,2005,N/A
SLV,2005,N/A
SOM,2005,N/A
SRB,2005,N/A
SSD,2005,N/A
STP,2005,N/A
SUR,2005,N/A
SVK,2005,N/A
SVN,2005,N/A
SWE,2005,N/A
SWZ,2005,N/A
SXM,2005,N/A
SYC,2005,N/A
SYR,2005,N/A
TCA,2005,N/A
TCD,2005,N/A
TGO,2005,N/A
THA,2005,94.0
TJK,2005,N/A
TKM,2005,99.4000015258789
TLS,2005,N/A
TON,2005,N/A
TTO,2005,N/A
TUN,2005,N/A
TUR,2005,88.0
TUV,2005,N/A
TZA,2005,N/A
UGA,2005,N/A
UKR,2005,N/A
URY,2005,N/A
USA,2005,N/A
UZB,2005,N/A
VCT,2005,N/A
VEN,2005,N/A
VGB,2005,N/A
VIR,2005,N/A
VNM,2005,N/A
VUT,2005,N/A
WSM,2005,N/A
YEM,2005,N/A
ZAF,2005,N/A
ZMB,2005,N/A
ZWE,2005,N/A
AFG,2006,N/A
AGO,2006,N/A
ALB,2006,N/A
ARE,2006,N/A
ARG,2006,N/A
ARM,2006,N/A
ASM,2006,N/A
ATG,2006,N/A
AUS,2006,N/A
AUT,2006,N/A
AZE,2006,N/A
BDI,2006,N/A
BEL,2006,N/A
BEN,2006,28.7021102905273
BFA,2006,22.0
BGD,2006,N/A
BGR,2006,N/A
BHR,2006,N/A
BHS,2006,N/A
BIH,2006,N/A
BLR,2006,N/A
BLZ,2006,N/A
BMU,2006,N/A
BOL,2006,N/A
BRA,2006,90.0
BRB,2006,N/A
BRN,2006,N/A
BTN,2006,N/A
BWA,2006,N/A
CAF,2006,N/A
CAN,2006,N/A
CHE,2006,N/A
CHL,2006,N/A
CHN,2006,N/A
CIV,2006,N/A
CMR,2006,N/A
COD,2006,N/A
COG,2006,N/A
COL,2006,92.0
COM,2006,N/A
CPV,2006,N/A
CRI,2006,N/A
CUB,2006,N/A
CYM,2006,N/A
CYP,2006,N/A
CZE,2006,N/A
DEU,2006,N/A
DJI,2006,N/A
DMA,2006,N/A
DNK,2006,N/A
DOM,2006,N/A
DZA,2006,73.0
ECU,2006,N/A
EGY,2006,66.0
ERI,2006,N/A
ESP,2006,98.0
EST,2006,N/A
ETH,2006,N/A
FIN,2006,N/A
FJI,2006,N/A
FRA,2006,N/A
FSM,2006,N/A
GAB,2006,N/A
GBR,2006,N/A
GEO,2006,N/A
GHA,2006,N/A
GIN,2006,N/A
GMB,2006,N/A
GNB,2006,N/A
GNQ,2006,N/A
GRC,2006,N/A
GRD,2006,N/A
GTM,2006,N/A
GUM,2006,N/A
GUY,2006,N/A
HKG,2006,N/A
HND,2006,N/A
HRV,2006,N/A
HTI,2006,48.6850204467773
HUN,2006,N/A
IDN,2006,92.0
IND,2006,63.0
IRL,2006,N/A
IRN,2006,82.0
IRQ,2006,N/A
ISL,2006,N/A
ISR,2006,N/A
ITA,2006,N/A
JAM,2006,N/A
JOR,2006,N/A
JPN,2006,N/A
KAZ,2006,N/A
KEN,2006,N/A
KGZ,2006,N/A
KHM,2006,N/A
KIR,2006,N/A
KNA,2006,N/A
KOR,2006,N/A
KWT,2006,93.0
LAO,2006,N/A
LBN,2006,N/A
LBR,2006,N/A
LBY,2006,N/A
LCA,2006,N/A
LIE,2006,N/A
LKA,2006,91.0
LSO,2006,N/A
LTU,2006,N/A
LUX,2006,N/A
LVA,2006,N/A
MAC,2006,93.0
MAF,2006,N/A
MAR,2006,N/A
MDA,2006,N/A
MDG,2006,N/A
MDV,2006,98.0
MEX,2006,92.0
MHL,2006,N/A
MKD,2006,N/A
MLI,2006,26.0
MLT,2006,N/A
MMR,2006,N/A
MNE,2006,N/A
MNG,2006,N/A
MNP,2006,N/A
MOZ,2006,N/A
MRT,2006,N/A
MUS,2006,N/A
MWI,2006,N/A
MYS,2006,N/A
NAM,2006,N/A
NCL,2006,97.3000030517578
NER,2006,N/A
NGA,2006,70.0
NIC,2006,N/A
NLD,2006,N/A
NOR,2006,N/A
NPL,2006,N/A
NZL,2006,N/A
OMN,2006,N/A
PAK,2006,54.0
PAN,2006,N/A
PER,2006,89.0
PHL,2006,N/A
PLW,2006,N/A
PNG,2006,N/A
POL,2006,N/A
PRI,2006,N/A
PRK,2006,N/A
PRT,2006,N/A
PRY,2006,N/A
PSE,2006,93.0
PYF,2006,N/A
QAT,2006,N/A
ROU,2006,N/A
RUS,2006,N/A
RWA,2006,N/A
SAU,2006,N/A
SDN,2006,N/A
SEN,2006,42.0
SGP,2006,N/A
SLB,2006,N/A
SLE,2006,N/A
SLV,2006,84.0
SOM,2006,N/A
SRB,2006,N/A
SSD,2006,N/A
STP,2006,N/A
SUR,2006,N/A
SVK,2006,N/A
SVN,2006,N/A
SWE,2006,N/A
SWZ,2006,N/A
SXM,2006,N/A
SYC,2006,N/A
SYR,2006,N/A
TCA,2006,N/A
TCD,2006,N/A
TGO,2006,57.0
THA,2006,N/A
TJK,2006,N/A
TKM,2006,N/A
TLS,2006,N/A
TON,2006,99.0
TTO,2006,N/A
TUN,2006,N/A
TUR,2006,88.0
TUV,2006,N/A
TZA,2006,N/A
UGA,2006,71.0
UKR,2006,N/A
URY,2006,98.0
USA,2006,N/A
UZB,2006,N/A
VCT,2006,N/A
VEN,2006,N/A
VGB,2006,N/A
VIR,2006,N/A
VNM,2006,N/A
VUT,2006,N/A
WSM,2006,N/A
YEM,2006,N/A
ZAF,2006,N/A
ZMB,2006,N/A
ZWE,2006,N/A
AFG,2007,N/A
AGO,2007,N/A
ALB,2007,N/A
ARE,2007,N/A
ARG,2007,N/A
ARM,2007,N/A
ASM,2007,N/A
ATG,2007,N/A
AUS,2007,N/A
AUT,2007,N/A
AZE,2007,100.0
BDI,2007,N/A
BEL,2007,N/A
BEN,2007,N/A
BFA,2007,28.0
BGD,2007,46.6636009216309
BGR,2007,N/A
BHR,2007,N/A
BHS,2007,N/A
BIH,2007,N/A
BLR,2007,N/A
BLZ,2007,N/A
BMU,2007,N/A
BOL,2007,91.0
BRA,2007,90.0
BRB,2007,N/A
BRN,2007,N/A
BTN,2007,N/A
BWA,2007,N/A
CAF,2007,N/A
CAN,2007,N/A
CHE,2007,N/A
CHL,2007,N/A
CHN,2007,N/A
CIV,2007,N/A
CMR,2007,71.0
COD,2007,61.2055511474609
COG,2007,N/A
COL,2007,93.0
COM,2007,N/A
CPV,2007,N/A
CRI,2007,N/A
CUB,2007,N/A
CYM,2007,99.0
CYP,2007,N/A
CZE,2007,N/A
DEU,2007,N/A
DJI,2007,N/A
DMA,2007,N/A
DNK,2007,N/A
DOM,2007,88.0
DZA,2007,N/A
ECU,2007,92.0
EGY,2007,N/A
ERI,2007,N/A
ESP,2007,98.0
EST,2007,N/A
ETH,2007,39.0
FIN,2007,N/A
FJI,2007,N/A
FRA,2007,N/A
FSM,2007,N/A
GAB,2007,N/A
GBR,2007,N/A
GEO,2007,N/A
GHA,2007,N/A
GIN,2007,N/A
GMB,2007,N/A
GNB,2007,N/A
GNQ,2007,N/A
GRC,2007,N/A
GRD,2007,N/A
GTM,2007,N/A
GUM,2007,N/A
GUY,2007,N/A
HKG,2007,N/A
HND,2007,84.0
HRV,2007,N/A
HTI,2007,N/A
HUN,2007,N/A
IDN,2007,N/A
IND,2007,N/A
IRL,2007,N/A
IRN,2007,N/A
IRQ,2007,N/A
ISL,2007,N/A
ISR,2007,N/A
ITA,2007,N/A
JAM,2007,N/A
JOR,2007,92.0
JPN,2007,N/A
KAZ,2007,N/A
KEN,2007,72.1570281982422
KGZ,2007,N/A
KHM,2007,N/A
KIR,2007,N/A
KNA,2007,N/A
KOR,2007,N/A
KWT,2007,94.0
LAO,2007,N/A
LBN,2007,90.0
LBR,2007,42.9410781860352
LBY,2007,N/A
LCA,2007,N/A
LIE,2007,N/A
LKA,2007,N/A
LSO,2007,N/A
LTU,2007,N/A
LUX,2007,N/A
LVA,2007,N/A
MAC,2007,N/A
MAF,2007,N/A
MAR,2007,N/A
MDA,2007,N/A
MDG,2007,N/A
MDV,2007,N/A
MEX,2007,93.0
MHL,2007,N/A
MKD,2007,N/A
MLI,2007,N/A
MLT,2007,N/A
MMR,2007,N/A
MNE,2007,N/A
MNG,2007,N/A
MNP,2007,N/A
MOZ,2007,N/A
MRT,2007,45.5037803649902
MUS,2007,N/A
MWI,2007,N/A
MYS,2007,N/A
NAM,2007,76.4865875244141
NCL,2007,N/A
NER,2007,N/A
NGA,2007,N/A
NIC,2007,N/A
NLD,2007,N/A
NOR,2007,N/A
NPL,2007,N/A
NZL,2007,N/A
OMN,2007,N/A
PAK,2007,52.0
PAN,2007,N/A
PER,2007,90.0
PHL,2007,N/A
PLW,2007,N/A
PNG,2007,N/A
POL,2007,N/A
PRI,2007,N/A
PRK,2007,N/A
PRT,2007,N/A
PRY,2007,95.0
PSE,2007,94.0
PYF,2007,N/A
QAT,2007,93.0
ROU,2007,N/A
RUS,2007,N/A
RWA,2007,N/A
SAU,2007,N/A
SDN,2007,N/A
SEN,2007,N/A
SGP,2007,N/A
SLB,2007,N/A
SLE,2007,N/A
SLV,2007,82.0
SOM,2007,N/A
SRB,2007,N/A
SSD,2007,N/A
STP,2007,N/A
SUR,2007,N/A
SVK,2007,N/A
SVN,2007,N/A
SWE,2007,N/A
SWZ,2007,N/A
SXM,2007,N/A
SYC,2007,N/A
SYR,2007,N/A
TCA,2007,N/A
TCD,2007,N/A
TGO,2007,N/A
THA,2007,N/A
TJK,2007,N/A
TKM,2007,N/A
TLS,2007,51.0
TON,2007,N/A
TTO,2007,N/A
TUN,2007,77.0
TUR,2007,89.0
TUV,2007,N/A
TZA,2007,N/A
UGA,2007,N/A
UKR,2007,N/A
URY,2007,98.0
USA,2007,N/A
UZB,2007,N/A
VCT,2007,N/A
VEN,2007,95.0
VGB,2007,N/A
VIR,2007,N/A
VNM,2007,N/A
VUT,2007,N/A
WSM,2007,N/A
YEM,2007,N/A
ZAF,2007,89.0
ZMB,2007,61.1270904541016
ZWE,2007,N/A
AFG,2008,N/A
AGO,2008,N/A
ALB,2008,96.0
ARE,2008,N/A
ARG,2008,N/A
ARM,2008,N/A
ASM,2008,N/A
ATG,2008,N/A
AUS,2008,N/A
AUT,2008,N/A
AZE,2008,N/A
BDI,2008,48.0
BEL,2008,N/A
BEN,2008,N/A
BFA,2008,N/A
BGD,2008,N/A
BGR,2008,N/A
BHR,2008,N/A
BHS,2008,N/A
BIH,2008,N/A
BLR,2008,N/A
BLZ,2008,N/A
BMU,2008,N/A
BOL,2008,91.0
BRA,2008,90.0
BRB,2008,N/A
BRN,2008,N/A
BTN,2008,N/A
BWA,2008,N/A
CAF,2008,N/A
CAN,2008,N/A
CHE,2008,N/A
CHL,2008,N/A
CHN,2008,N/A
CIV,2008,N/A
CMR,2008,N/A
COD,2008,N/A
COG,2008,N/A
COL,2008,93.0
COM,2008,N/A
CPV,2008,N/A
CRI,2008,N/A
CUB,2008,N/A
CYM,2008,N/A
CYP,2008,N/A
CZE,2008,N/A
DEU,2008,N/A
DJI,2008,N/A
DMA,2008,N/A
DNK,2008,N/A
DOM,2008,N/A
DZA,2008,75.0
ECU,2008,92.0
EGY,2008,N/A
ERI,2008,65.0
ESP,2008,98.0
EST,2008,N/A
ETH,2008,N/A
FIN,2008,N/A
FJI,2008,N/A
FRA,2008,N/A
FSM,2008,N/A
GAB,2008,N/A
GBR,2008,N/A
GEO,2008,N/A
GHA,2008,N/A
GIN,2008,N/A
GMB,2008,N/A
GNB,2008,N/A
GNQ,2008,N/A
GRC,2008,N/A
GRD,2008,N/A
GTM,2008,N/A
GUM,2008,N/A
GUY,2008,N/A
HKG,2008,N/A
HND,2008,N/A
HRV,2008,N/A
HTI,2008,N/A
HUN,2008,N/A
IDN,2008,92.0
IND,2008,N/A
IRL,2008,N/A
IRN,2008,83.0
IRQ,2008,N/A
ISL,2008,N/A
ISR,2008,N/A
ITA,2008,N/A
JAM,2008,N/A
JOR,2008,N/A
JPN,2008,N/A
KAZ,2008,N/A
KEN,2008,N/A
KGZ,2008,N/A
KHM,2008,77.0
KIR,2008,N/A
KNA,2008,N/A
KOR,2008,98.0
KWT,2008,94.0
LAO,2008,N/A
LBN,2008,N/A
LBR,2008,N/A
LBY,2008,N/A
LCA,2008,N/A
LIE,2008,N/A
LKA,2008,91.0
LSO,2008,N/A
LTU,2008,N/A
LUX,2008,N/A
LVA,2008,N/A
MAC,2008,N/A
MAF,2008,N/A
MAR,2008,55.0
MDA,2008,N/A
MDG,2008,N/A
MDV,2008,N/A
MEX,2008,93.0
MHL,2008,N/A
MKD,2008,N/A
MLI,2008,N/A
MLT,2008,N/A
MMR,2008,N/A
MNE,2008,N/A
MNG,2008,N/A
MNP,2008,N/A
MOZ,2008,N/A
MRT,2008,N/A
MUS,2008,N/A
MWI,2008,N/A
MYS,2008,N/A
NAM,2008,N/A
NCL,2008,N/A
NER,2008,N/A
NGA,2008,51.0776596069336
NIC,2008,N/A
NLD,2008,N/A
NOR,2008,N/A
NPL,2008,N/A
NZL,2008,N/A
OMN,2008,87.0
PAK,2008,56.0
PAN,2008,N/A
PER,2008,N/A
PHL,2008,95.0
PLW,2008,N/A
PNG,2008,N/A
POL,2008,N/A
PRI,2008,N/A
PRK,2008,100.0
PRT,2008,N/A
PRY,2008,93.0
PSE,2008,94.0
PYF,2008,N/A
QAT,2008,94.0
ROU,2008,N/A
RUS,2008,N/A
RWA,2008,N/A
SAU,2008,N/A
SDN,2008,54.0
SEN,2008,N/A
SGP,2008,N/A
SLB,2008,N/A
SLE,2008,N/A
SLV,2008,84.0
SOM,2008,N/A
SRB,2008,N/A
SSD,2008,27.0
STP,2008,69.5363922119141
SUR,2008,95.0
SVK,2008,N/A
SVN,2008,N/A
SWE,2008,N/A
SWZ,2008,N/A
SXM,2008,N/A
SYC,2008,N/A
SYR,2008,N/A
TCA,2008,N/A
TCD,2008,N/A
TGO,2008,N/A
THA,2008,N/A
TJK,2008,N/A
TKM,2008,N/A
TLS,2008,N/A
TON,2008,N/A
TTO,2008,N/A
TUN,2008,78.0
TUR,2008,N/A
TUV,2008,N/A
TZA,2008,N/A
UGA,2008,N/A
UKR,2008,N/A
URY,2008,98.0
USA,2008,N/A
UZB,2008,N/A
VCT,2008,N/A
VEN,2008,N/A
VGB,2008,N/A
VIR,2008,N/A
VNM,2008,N/A
VUT,2008,N/A
WSM,2008,N/A
YEM,2008,N/A
ZAF,2008,N/A
ZMB,2008,N/A
ZWE,2008,N/A
AFG,2009,N/A
AGO,2009,N/A
ALB,2009,N/A
ARE,2009,N/A
ARG,2009,N/A
ARM,2009,N/A
ASM,2009,N/A
ATG,2009,N/A
AUS,2009,N/A
AUT,2009,N/A
AZE,2009,100.0
BDI,2009,N/A
BEL,2009,N/A
BEN,2009,N/A
BFA,2009,N/A
BGD,2009,N/A
BGR,2009,N/A
BHR,2009,N/A
BHS,2009,N/A
BIH,2009,N/A
BLR,2009,100.0
BLZ,2009,N/A
BMU,2009,N/A
BOL,2009,91.0
BRA,2009,90.0
BRB,2009,N/A
BRN,2009,N/A
BTN,2009,N/A
BWA,2009,N/A
CAF,2009,N/A
CAN,2009,N/A
CHE,2009,N/A
CHL,2009,N/A
CHN,2009,N/A
CIV,2009,N/A
CMR,2009,N/A
COD,2009,N/A
COG,2009,N/A
COL,2009,93.0
COM,2009,N/A
CPV,2009,N/A
CRI,2009,N/A
CUB,2009,N/A
CYM,2009,N/A
CYP,2009,N/A
CZE,2009,N/A
DEU,2009,N/A
DJI,2009,N/A
DMA,2009,N/A
DNK,2009,N/A
DOM,2009,N/A
DZA,2009,N/A
ECU,2009,92.0
EGY,2009,N/A
ERI,2009,N/A
ESP,2009,98.0
EST,2009,N/A
ETH,2009,N/A
FIN,2009,N/A
FJI,2009,N/A
FRA,2009,N/A
FSM,2009,N/A
GAB,2009,N/A
GBR,2009,N/A
GEO,2009,N/A
GHA,2009,N/A
GIN,2009,N/A
GMB,2009,N/A
GNB,2009,N/A
GNQ,2009,N/A
GRC,2009,94.0
GRD,2009,N/A
GTM,2009,N/A
GUM,2009,N/A
GUY,2009,84.994010925293
HKG,2009,N/A
HND,2009,N/A
HRV,2009,N/A
HTI,2009,N/A
HUN,2009,N/A
IDN,2009,93.0
IND,2009,N/A
IRL,2009,N/A
IRN,2009,N/A
IRQ,2009,N/A
ISL,2009,N/A
ISR,2009,N/A
ITA,2009,N/A
JAM,2009,N/A
JOR,2009,N/A
JPN,2009,N/A
KAZ,2009,100.0
KEN,2009,N/A
KGZ,2009,99.0
KHM,2009,76.0
KIR,2009,N/A
KNA,2009,N/A
KOR,2009,N/A
KWT,2009,N/A
LAO,2009,N/A
LBN,2009,91.0
LBR,2009,N/A
LBY,2009,N/A
LCA,2009,N/A
LIE,2009,N/A
LKA,2009,N/A
LSO,2009,75.8002014160156
LTU,2009,N/A
LUX,2009,N/A
LVA,2009,N/A
MAC,2009,N/A
MAF,2009,N/A
MAR,2009,56.0
MDA,2009,N/A
MDG,2009,64.4809112548828
MDV,2009,N/A
MEX,2009,93.0
MHL,2009,N/A
MKD,2009,N/A
MLI,2009,N/A
MLT,2009,N/A
MMR,2009,N/A
MNE,2009,N/A
MNG,2009,N/A
MNP,2009,N/A
MOZ,2009,51.0
MRT,2009,N/A
MUS,2009,N/A
MWI,2009,N/A
MYS,2009,N/A
NAM,2009,N/A
NCL,2009,N/A
NER,2009,N/A
NGA,2009,N/A
NIC,2009,N/A
NLD,2009,N/A
NOR,2009,N/A
NPL,2009,N/A
NZL,2009,N/A
OMN,2009,N/A
PAK,2009,55.0
PAN,2009,N/A
PER,2009,N/A
PHL,2009,N/A
PLW,2009,N/A
PNG,2009,N/A
POL,2009,N/A
PRI,2009,N/A
PRK,2009,N/A
PRT,2009,N/A
PRY,2009,94.0
PSE,2009,94.0
PYF,2009,N/A
QAT,2009,95.0
ROU,2009,N/A
RUS,2009,N/A
RWA,2009,N/A
SAU,2009,N/A
SDN,2009,N/A
SEN,2009,48.0
SGP,2009,N/A
SLB,2009,N/A
SLE,2009,N/A
SLV,2009,84.0
SOM,2009,N/A
SRB,2009,N/A
SSD,2009,N/A
STP,2009,N/A
SUR,2009,N/A
SVK,2009,N/A
SVN,2009,N/A
SWE,2009,N/A
SWZ,2009,N/A
SXM,2009,N/A
SYC,2009,N/A
SYR,2009,N/A
TCA,2009,N/A
TCD,2009,N/A
TGO,2009,57.0
THA,2009,N/A
TJK,2009,N/A
TKM,2009,N/A
TLS,2009,N/A
TON,2009,N/A
TTO,2009,N/A
TUN,2009,N/A
TUR,2009,91.0
TUV,2009,N/A
TZA,2009,N/A
UGA,2009,N/A
UKR,2009,N/A
URY,2009,98.0
USA,2009,N/A
UZB,2009,N/A
VCT,2009,N/A
VEN,2009,96.0
VGB,2009,N/A
VIR,2009,N/A
VNM,2009,94.0
VUT,2009,N/A
WSM,2009,N/A
YEM,2009,N/A
ZAF,2009,93.0
ZMB,2009,N/A
ZWE,2009,N/A
AFG,2010,N/A
AGO,2010,N/A
ALB,2010,N/A
ARE,2010,N/A
ARG,2010,N/A
ARM,2010,N/A
ASM,2010,N/A
ATG,2010,N/A
AUS,2010,N/A
AUT,2010,N/A
AZE,2010,100.0
BDI,2010,N/A
BEL,2010,N/A
BEN,2010,N/A
BFA,2010,N/A
BGD,2010,N/A
BGR,2010,N/A
BHR,2010,N/A
BHS,2010,N/A
BIH,2010,N/A
BLR,2010,N/A
BLZ,2010,N/A
BMU,2010,N/A
BOL,2010,N/A
BRA,2010,90.0
BRB,2010,N/A
BRN,2010,N/A
BTN,2010,N/A
BWA,2010,N/A
CAF,2010,36.7526092529297
CAN,2010,N/A
CHE,2010,N/A
CHL,2010,N/A
CHN,2010,95.0
CIV,2010,N/A
CMR,2010,71.0
COD,2010,N/A
COG,2010,N/A
COL,2010,93.0
COM,2010,N/A
CPV,2010,N/A
CRI,2010,N/A
CUB,2010,N/A
CYM,2010,N/A
CYP,2010,N/A
CZE,2010,N/A
DEU,2010,N/A
DJI,2010,N/A
DMA,2010,N/A
DNK,2010,N/A
DOM,2010,90.0
DZA,2010,N/A
ECU,2010,92.0
EGY,2010,72.0
ERI,2010,N/A
ESP,2010,98.0
EST,2010,N/A
ETH,2010,N/A
FIN,2010,N/A
FJI,2010,N/A
FRA,2010,N/A
FSM,2010,N/A
GAB,2010,N/A
GBR,2010,N/A
GEO,2010,N/A
GHA,2010,71.0
GIN,2010,25.0
GMB,2010,N/A
GNB,2010,N/A
GNQ,2010,94.3705368041992
GRC,2010,N/A
GRD,2010,N/A
GTM,2010,N/A
GUM,2010,N/A
GUY,2010,N/A
HKG,2010,N/A
HND,2010,85.0
HRV,2010,N/A
HTI,2010,N/A
HUN,2010,N/A
IDN,2010,N/A
IND,2010,N/A
IRL,2010,N/A
IRN,2010,N/A
IRQ,2010,N/A
ISL,2010,N/A
ISR,2010,N/A
ITA,2010,N/A
JAM,2010,N/A
JOR,2010,93.0
JPN,2010,N/A
KAZ,2010,99.7816314697266
KEN,2010,N/A
KGZ,2010,N/A
KHM,2010,N/A
KIR,2010,N/A
KNA,2010,N/A
KOR,2010,N/A
KWT,2010,94.0
LAO,2010,N/A
LBN,2010,N/A
LBR,2010,N/A
LBY,2010,N/A
LCA,2010,N/A
LIE,2010,N/A
LKA,2010,91.0
LSO,2010,N/A
LTU,2010,N/A
LUX,2010,N/A
LVA,2010,N/A
MAC,2010,N/A
MAF,2010,N/A
MAR,2010,N/A
MDA,2010,N/A
MDG,2010,N/A
MDV,2010,N/A
MEX,2010,93.0
MHL,2010,N/A
MKD,2010,N/A
MLI,2010,31.0
MLT,2010,N/A
MMR,2010,N/A
MNE,2010,N/A
MNG,2010,98.0
MNP,2010,N/A
MOZ,2010,N/A
MRT,2010,N/A
MUS,2010,N/A
MWI,2010,61.3097190856934
MYS,2010,93.0
NAM,2010,N/A
NCL,2010,N/A
NER,2010,N/A
NGA,2010,N/A
NIC,2010,N/A
NLD,2010,N/A
NOR,2010,N/A
NPL,2010,N/A
NZL,2010,N/A
OMN,2010,87.0
PAK,2010,55.0
PAN,2010,94.0
PER,2010,N/A
PHL,2010,N/A
PLW,2010,N/A
PNG,2010,61.5999984741211
POL,2010,N/A
PRI,2010,92.0
PRK,2010,N/A
PRT,2010,N/A
PRY,2010,94.0
PSE,2010,95.0
PYF,2010,N/A
QAT,2010,96.0
ROU,2010,N/A
RUS,2010,100.0
RWA,2010,65.8522720336914
SAU,2010,N/A
SDN,2010,N/A
SEN,2010,N/A
SGP,2010,96.0
SLB,2010,N/A
SLE,2010,N/A
SLV,2010,84.0
SOM,2010,N/A
SRB,2010,N/A
SSD,2010,N/A
STP,2010,N/A
SUR,2010,95.0
SVK,2010,N/A
SVN,2010,N/A
SWE,2010,N/A
SWZ,2010,83.0982894897461
SXM,2010,N/A
SYC,2010,94.0
SYR,2010,N/A
TCA,2010,N/A
TCD,2010,N/A
TGO,2010,N/A
THA,2010,96.0
TJK,2010,99.6999969482422
TKM,2010,N/A
TLS,2010,58.0
TON,2010,N/A
TTO,2010,N/A
TUN,2010,79.0
TUR,2010,93.0
TUV,2010,N/A
TZA,2010,67.8006973266602
UGA,2010,73.0
UKR,2010,N/A
URY,2010,98.0
USA,2010,N/A
UZB,2010,N/A
VCT,2010,N/A
VEN,2010,N/A
VGB,2010,N/A
VIR,2010,N/A
VNM,2010,N/A
VUT,2010,N/A
WSM,2010,N/A
YEM,2010,N/A
ZAF,2010,93.0
ZMB,2010,83.0
ZWE,2010,N/A
AFG,2011,31.0
AGO,2011,N/A
ALB,2011,97.0
ARE,2011,N/A
ARG,2011,N/A
ARM,2011,100.0
ASM,2011,N/A
ATG,2011,N/A
AUS,2011,N/A
AUT,2011,N/A
AZE,2011,100.0
BDI,2011,N/A
BEL,2011,N/A
BEN,2011,N/A
BFA,2011,N/A
BGD,2011,59.0
BGR,2011,98.0
BHR,2011,92.3000030517578
BHS,2011,N/A
BIH,2011,98.1420364379883
BLR,2011,N/A
BLZ,2011,N/A
BMU,2011,N/A
BOL,2011,92.0
BRA,2011,91.0
BRB,2011,N/A
BRN,2011,96.0
BTN,2011,N/A
BWA,2011,N/A
CAF,2011,N/A
CAN,2011,N/A
CHE,2011,N/A
CHL,2011,97.0
CHN,2011,N/A
CIV,2011,N/A
CMR,2011,N/A
COD,2011,N/A
COG,2011,79.3111724853516
COL,2011,94.0
COM,2011,N/A
CPV,2011,N/A
CRI,2011,97.0
CUB,2011,N/A
CYM,2011,N/A
CYP,2011,99.0
CZE,2011,N/A
DEU,2011,N/A
DJI,2011,N/A
DMA,2011,N/A
DNK,2011,N/A
DOM,2011,90.0
DZA,2011,N/A
ECU,2011,92.0
EGY,2011,N/A
ERI,2011,N/A
ESP,2011,98.0
EST,2011,100.0
ETH,2011,N/A
FIN,2011,N/A
FJI,2011,N/A
FRA,2011,N/A
FSM,2011,N/A
GAB,2011,N/A
GBR,2011,N/A
GEO,2011,N/A
GHA,2011,N/A
GIN,2011,N/A
GMB,2011,N/A
GNB,2011,N/A
GNQ,2011,N/A
GRC,2011,N/A
GRD,2011,N/A
GTM,2011,N/A
GUM,2011,N/A
GUY,2011,N/A
HKG,2011,N/A
HND,2011,85.0
HRV,2011,N/A
HTI,2011,N/A
HUN,2011,N/A
IDN,2011,93.0
IND,2011,69.0
IRL,2011,N/A
IRN,2011,N/A
IRQ,2011,N/A
ISL,2011,N/A
ISR,2011,N/A
ITA,2011,99.0
JAM,2011,N/A
JOR,2011,96.0
JPN,2011,N/A
KAZ,2011,N/A
KEN,2011,N/A
KGZ,2011,N/A
KHM,2011,N/A
KIR,2011,N/A
KNA,2011,N/A
KOR,2011,N/A
KWT,2011,N/A
LAO,2011,58.2879409790039
LBN,2011,N/A
LBR,2011,N/A
LBY,2011,N/A
LCA,2011,N/A
LIE,2011,N/A
LKA,2011,N/A
LSO,2011,N/A
LTU,2011,100.0
LUX,2011,N/A
LVA,2011,100.0
MAC,2011,96.0
MAF,2011,N/A
MAR,2011,67.0
MDA,2011,N/A
MDG,2011,N/A
MDV,2011,N/A
MEX,2011,94.0
MHL,2011,98.0
MKD,2011,N/A
MLI,2011,31.0
MLT,2011,93.0
MMR,2011,N/A
MNE,2011,98.0
MNG,2011,N/A
MNP,2011,N/A
MOZ,2011,N/A
MRT,2011,N/A
MUS,2011,89.0
MWI,2011,N/A
MYS,2011,N/A
NAM,2011,88.0
NCL,2011,N/A
NER,2011,N/A
NGA,2011,N/A
NIC,2011,N/A
NLD,2011,N/A
NOR,2011,N/A
NPL,2011,60.0
NZL,2011,N/A
OMN,2011,N/A
PAK,2011,55.0
PAN,2011,N/A
PER,2011,N/A
PHL,2011,N/A
PLW,2011,N/A
PNG,2011,N/A
POL,2011,N/A
PRI,2011,N/A
PRK,2011,N/A
PRT,2011,94.0
PRY,2011,N/A
PSE,2011,95.0
PYF,2011,N/A
QAT,2011,96.0
ROU,2011,99.0
RUS,2011,N/A
RWA,2011,N/A
SAU,2011,N/A
SDN,2011,N/A
SEN,2011,52.0
SGP,2011,96.0
SLB,2011,N/A
SLE,2011,N/A
SLV,2011,85.0
SOM,2011,N/A
SRB,2011,98.0
SSD,2011,N/A
STP,2011,N/A
SUR,2011,N/A
SVK,2011,N/A
SVN,2011,N/A
SWE,2011,N/A
SWZ,2011,N/A
SXM,2011,N/A
SYC,2011,N/A
SYR,2011,N/A
TCA,2011,N/A
TCD,2011,N/A
TGO,2011,60.0
THA,2011,N/A
TJK,2011,N/A
TKM,2011,N/A
TLS,2011,N/A
TON,2011,99.0
TTO,2011,N/A
TUN,2011,80.0
TUR,2011,94.0
TUV,2011,N/A
TZA,2011,N/A
UGA,2011,N/A
UKR,2011,N/A
URY,2011,98.0
USA,2011,N/A
UZB,2011,N/A
VCT,2011,N/A
VEN,2011,95.0
VGB,2011,N/A
VIR,2011,N/A
VNM,2011,N/A
VUT,2011,N/A
WSM,2011,99.0
YEM,2011,N/A
ZAF,2011,93.0
ZMB,2011,N/A
ZWE,2011,83.5827102661133
AFG,2012,N/A
AGO,2012,N/A
ALB,2012,97.0
ARE,2012,N/A
ARG,2012,N/A
ARM,2012,N/A
ASM,2012,N/A
ATG,2012,N/A
AUS,2012,N/A
AUT,2012,N/A
AZE,2012,100.0
BDI,2012,N/A
BEL,2012,N/A
BEN,2012,32.9488182067871
BFA,2012,N/A
BGD,2012,58.0
BGR,2012,N/A
BHR,2012,N/A
BHS,2012,N/A
BIH,2012,N/A
BLR,2012,N/A
BLZ,2012,N/A
BMU,2012,N/A
BOL,2012,94.0
BRA,2012,91.0
BRB,2012,N/A
BRN,2012,N/A
BTN,2012,55.0
BWA,2012,N/A
CAF,2012,N/A
CAN,2012,N/A
CHE,2012,N/A
CHL,2012,N/A
CHN,2012,N/A
CIV,2012,40.9816284179688
CMR,2012,N/A
COD,2012,75.0
COG,2012,N/A
COL,2012,N/A
COM,2012,49.1961402893066
CPV,2012,85.0
CRI,2012,N/A
CUB,2012,100.0
CYM,2012,N/A
CYP,2012,N/A
CZE,2012,N/A
DEU,2012,N/A
DJI,2012,N/A
DMA,2012,N/A
DNK,2012,N/A
DOM,2012,90.0
DZA,2012,N/A
ECU,2012,92.0
EGY,2012,74.0
ERI,2012,N/A
ESP,2012,98.0
EST,2012,N/A
ETH,2012,N/A
FIN,2012,N/A
FJI,2012,N/A
FRA,2012,N/A
FSM,2012,N/A
GAB,2012,82.2837982177734
GBR,2012,N/A
GEO,2012,N/A
GHA,2012,N/A
GIN,2012,N/A
GMB,2012,N/A
GNB,2012,N/A
GNQ,2012,N/A
GRC,2012,N/A
GRD,2012,N/A
GTM,2012,78.0
GUM,2012,N/A
GUY,2012,N/A
HKG,2012,N/A
HND,2012,85.0
HRV,2012,N/A
HTI,2012,N/A
HUN,2012,N/A
IDN,2012,N/A
IND,2012,N/A
IRL,2012,N/A
IRN,2012,84.0
IRQ,2012,77.0
ISL,2012,N/A
ISR,2012,N/A
ITA,2012,N/A
JAM,2012,N/A
JOR,2012,98.0
JPN,2012,N/A
KAZ,2012,N/A
KEN,2012,N/A
KGZ,2012,N/A
KHM,2012,N/A
KIR,2012,N/A
KNA,2012,N/A
KOR,2012,N/A
KWT,2012,96.0
LAO,2012,N/A
LBN,2012,N/A
LBR,2012,N/A
LBY,2012,N/A
LCA,2012,N/A
LIE,2012,N/A
LKA,2012,N/A
LSO,2012,N/A
LTU,2012,N/A
LUX,2012,N/A
LVA,2012,N/A
MAC,2012,N/A
MAF,2012,N/A
MAR,2012,69.0
MDA,2012,N/A
MDG,2012,72.0
MDV,2012,N/A
MEX,2012,94.0
MHL,2012,N/A
MKD,2012,97.5999984741211
MLI,2012,N/A
MLT,2012,N/A
MMR,2012,N/A
MNE,2012,N/A
MNG,2012,N/A
MNP,2012,N/A
MOZ,2012,N/A
MRT,2012,N/A
MUS,2012,92.0
MWI,2012,N/A
MYS,2012,N/A
NAM,2012,N/A
NCL,2012,N/A
NER,2012,31.0
NGA,2012,N/A
NIC,2012,N/A
NLD,2012,N/A
NOR,2012,N/A
NPL,2012,N/A
NZL,2012,N/A
OMN,2012,N/A
PAK,2012,57.0
PAN,2012,N/A
PER,2012,94.0
PHL,2012,N/A
PLW,2012,N/A
PNG,2012,N/A
POL,2012,N/A
PRI,2012,N/A
PRK,2012,N/A
PRT,2012,N/A
PRY,2012,94.0
PSE,2012,96.0
PYF,2012,N/A
QAT,2012,97.0
ROU,2012,N/A
RUS,2012,N/A
RWA,2012,68.0
SAU,2012,N/A
SDN,2012,N/A
SEN,2012,N/A
SGP,2012,96.0
SLB,2012,N/A
SLE,2012,N/A
SLV,2012,N/A
SOM,2012,N/A
SRB,2012,N/A
SSD,2012,N/A
STP,2012,90.0
SUR,2012,93.0
SVK,2012,N/A
SVN,2012,N/A
SWE,2012,N/A
SWZ,2012,N/A
SXM,2012,N/A
SYC,2012,N/A
SYR,2012,N/A
TCA,2012,N/A
TCD,2012,N/A
TGO,2012,N/A
THA,2012,N/A
TJK,2012,N/A
TKM,2012,N/A
TLS,2012,N/A
TON,2012,N/A
TTO,2012,N/A
TUN,2012,80.0
TUR,2012,95.0
TUV,2012,N/A
TZA,2012,78.0
UGA,2012,70.0
UKR,2012,99.9743499755859
URY,2012,98.0
USA,2012,N/A
UZB,2012,N/A
VCT,2012,N/A
VEN,2012,N/A
VGB,2012,N/A
VIR,2012,N/A
VNM,2012,N/A
VUT,2012,N/A
WSM,2012,N/A
YEM,2012,N/A
ZAF,2012,94.0
ZMB,2012,N/A
ZWE,2012,N/A
AFG,2013,N/A
AGO,2013,N/A
ALB,2013,N/A
ARE,2013,N/A
ARG,2013,N/A
ARM,2013,N/A
ASM,2013,N/A
ATG,2013,N/A
AUS,2013,N/A
AUT,2013,N/A
AZE,2013,100.0
BDI,2013,N/A
BEL,2013,N/A
BEN,2013,N/A
BFA,2013,N/A
BGD,2013,61.0
BGR,2013,N/A
BHR,2013,N/A
BHS,2013,N/A
BIH,2013,97.0
BLR,2013,N/A
BLZ,2013,N/A
BMU,2013,N/A
BOL,2013,N/A
BRA,2013,91.0
BRB,2013,N/A
BRN,2013,N/A
BTN,2013,N/A
BWA,2013,86.8231811523438
CAF,2013,N/A
CAN,2013,N/A
CHE,2013,N/A
CHL,2013,96.0
CHN,2013,N/A
CIV,2013,N/A
CMR,2013,N/A
COD,2013,N/A
COG,2013,N/A
COL,2013,N/A
COM,2013,N/A
CPV,2013,N/A
CRI,2013,N/A
CUB,2013,N/A
CYM,2013,N/A
CYP,2013,N/A
CZE,2013,N/A
DEU,2013,N/A
DJI,2013,N/A
DMA,2013,N/A
DNK,2013,N/A
DOM,2013,91.0
DZA,2013,N/A
ECU,2013,93.0
EGY,2013,72.0
ERI,2013,N/A
ESP,2013,98.0
EST,2013,N/A
ETH,2013,N/A
FIN,2013,N/A
FJI,2013,N/A
FRA,2013,N/A
FSM,2013,N/A
GAB,2013,N/A
GBR,2013,N/A
GEO,2013,N/A
GHA,2013,N/A
GIN,2013,N/A
GMB,2013,41.9500503540039
GNB,2013,N/A
GNQ,2013,N/A
GRC,2013,N/A
GRD,2013,N/A
GTM,2013,77.0
GUM,2013,N/A
GUY,2013,N/A
HKG,2013,N/A
HND,2013,85.0
HRV,2013,N/A
HTI,2013,N/A
HUN,2013,N/A
IDN,2013,N/A
IND,2013,N/A
IRL,2013,N/A
IRN,2013,85.0
IRQ,2013,N/A
ISL,2013,N/A
ISR,2013,N/A
ITA,2013,N/A
JAM,2013,N/A
JOR,2013,N/A
JPN,2013,N/A
KAZ,2013,N/A
KEN,2013,N/A
KGZ,2013,N/A
KHM,2013,N/A
KIR,2013,N/A
KNA,2013,N/A
KOR,2013,N/A
KWT,2013,96.0
LAO,2013,N/A
LBN,2013,N/A
LBR,2013,N/A
LBY,2013,N/A
LCA,2013,N/A
LIE,2013,N/A
LKA,2013,N/A
LSO,2013,N/A
LTU,2013,N/A
LUX,2013,N/A
LVA,2013,N/A
MAC,2013,N/A
MAF,2013,N/A
MAR,2013,N/A
MDA,2013,N/A
MDG,2013,N/A
MDV,2013,N/A
MEX,2013,94.0
MHL,2013,N/A
MKD,2013,N/A
MLI,2013,N/A
MLT,2013,N/A
MMR,2013,N/A
MNE,2013,N/A
MNG,2013,N/A
MNP,2013,N/A
MOZ,2013,N/A
MRT,2013,62.0
MUS,2013,91.0
MWI,2013,N/A
MYS,2013,N/A
NAM,2013,N/A
NCL,2013,N/A
NER,2013,N/A
NGA,2013,N/A
NIC,2013,N/A
NLD,2013,N/A
NOR,2013,N/A
NPL,2013,N/A
NZL,2013,N/A
OMN,2013,N/A
PAK,2013,56.0
PAN,2013,N/A
PER,2013,N/A
PHL,2013,96.0
PLW,2013,100.0
PNG,2013,N/A
POL,2013,N/A
PRI,2013,N/A
PRK,2013,N/A
PRT,2013,N/A
PRY,2013,95.0
PSE,2013,96.0
PYF,2013,N/A
QAT,2013,97.0
ROU,2013,N/A
RUS,2013,N/A
RWA,2013,N/A
SAU,2013,94.0
SDN,2013,N/A
SEN,2013,44.0
SGP,2013,97.0
SLB,2013,N/A
SLE,2013,32.4261703491211
SLV,2013,87.0
SOM,2013,N/A
SRB,2013,N/A
SSD,2013,N/A
STP,2013,N/A
SUR,2013,N/A
SVK,2013,N/A
SVN,2013,N/A
SWE,2013,N/A
SWZ,2013,N/A
SXM,2013,N/A
SYC,2013,N/A
SYR,2013,N/A
TCA,2013,N/A
TCD,2013,N/A
TGO,2013,N/A
THA,2013,94.0
TJK,2013,N/A
TKM,2013,N/A
TLS,2013,N/A
TON,2013,N/A
TTO,2013,N/A
TUN,2013,N/A
TUR,2013,95.0
TUV,2013,N/A
TZA,2013,N/A
UGA,2013,N/A
UKR,2013,N/A
URY,2013,98.0
USA,2013,N/A
UZB,2013,100.0
VCT,2013,N/A
VEN,2013,N/A
VGB,2013,N/A
VIR,2013,N/A
VNM,2013,N/A
VUT,2013,N/A
WSM,2013,N/A
YEM,2013,N/A
ZAF,2013,N/A
ZMB,2013,N/A
ZWE,2013,N/A
AFG,2014,N/A
AGO,2014,66.0
ALB,2014,N/A
ARE,2014,N/A
ARG,2014,N/A
ARM,2014,N/A
ASM,2014,N/A
ATG,2014,N/A
AUS,2014,N/A
AUT,2014,N/A
AZE,2014,100.0
BDI,2014,62.0
BEL,2014,N/A
BEN,2014,N/A
BFA,2014,35.0
BGD,2014,61.0
BGR,2014,N/A
BHR,2014,N/A
BHS,2014,N/A
BIH,2014,N/A
BLR,2014,N/A
BLZ,2014,N/A
BMU,2014,N/A
BOL,2014,N/A
BRA,2014,92.0
BRB,2014,N/A
BRN,2014,N/A
BTN,2014,N/A
BWA,2014,N/A
CAF,2014,N/A
CAN,2014,N/A
CHE,2014,N/A
CHL,2014,N/A
CHN,2014,N/A
CIV,2014,44.0
CMR,2014,N/A
COD,2014,N/A
COG,2014,N/A
COL,2014,94.0
COM,2014,N/A
CPV,2014,N/A
CRI,2014,N/A
CUB,2014,N/A
CYM,2014,N/A
CYP,2014,N/A
CZE,2014,N/A
DEU,2014,N/A
DJI,2014,N/A
DMA,2014,N/A
DNK,2014,N/A
DOM,2014,92.0
DZA,2014,N/A
ECU,2014,94.0
EGY,2014,N/A
ERI,2014,N/A
ESP,2014,98.0
EST,2014,N/A
ETH,2014,N/A
FIN,2014,N/A
FJI,2014,N/A
FRA,2014,N/A
FSM,2014,N/A
GAB,2014,N/A
GBR,2014,N/A
GEO,2014,100.0
GHA,2014,N/A
GIN,2014,32.0
GMB,2014,N/A
GNB,2014,45.5811614990234
GNQ,2014,N/A
GRC,2014,N/A
GRD,2014,N/A
GTM,2014,81.0
GUM,2014,N/A
GUY,2014,85.6397323608398
HKG,2014,N/A
HND,2014,87.0
HRV,2014,N/A
HTI,2014,N/A
HUN,2014,N/A
IDN,2014,95.0
IND,2014,N/A
IRL,2014,N/A
IRN,2014,85.0
IRQ,2014,82.0
ISL,2014,N/A
ISR,2014,N/A
ITA,2014,N/A
JAM,2014,N/A
JOR,2014,N/A
JPN,2014,N/A
KAZ,2014,N/A
KEN,2014,78.733039855957
KGZ,2014,N/A
KHM,2014,78.0
KIR,2014,N/A
KNA,2014,N/A
KOR,2014,N/A
KWT,2014,N/A
LAO,2014,N/A
LBN,2014,N/A
LBR,2014,N/A
LBY,2014,N/A
LCA,2014,N/A
LIE,2014,N/A
LKA,2014,N/A
LSO,2014,76.6352005004883
LTU,2014,N/A
LUX,2014,N/A
LVA,2014,N/A
MAC,2014,N/A
MAF,2014,N/A
MAR,2014,76.0
MDA,2014,99.0
MDG,2014,N/A
MDV,2014,99.0
MEX,2014,95.0
MHL,2014,N/A
MKD,2014,N/A
MLI,2014,N/A
MLT,2014,N/A
MMR,2014,N/A
MNE,2014,N/A
MNG,2014,N/A
MNP,2014,N/A
MOZ,2014,N/A
MRT,2014,N/A
MUS,2014,92.0
MWI,2014,65.1453704833984
MYS,2014,N/A
NAM,2014,N/A
NCL,2014,N/A
NER,2014,N/A
NGA,2014,N/A
NIC,2014,N/A
NLD,2014,N/A
NOR,2014,N/A
NPL,2014,N/A
NZL,2014,N/A
OMN,2014,N/A
PAK,2014,57.0
PAN,2014,N/A
PER,2014,94.0
PHL,2014,N/A
PLW,2014,N/A
PNG,2014,N/A
POL,2014,N/A
PRI,2014,N/A
PRK,2014,N/A
PRT,2014,N/A
PRY,2014,95.0
PSE,2014,96.0
PYF,2014,N/A
QAT,2014,98.0
ROU,2014,N/A
RUS,2014,N/A
RWA,2014,71.0
SAU,2014,N/A
SDN,2014,N/A
SEN,2014,N/A
SGP,2014,97.0
SLB,2014,N/A
SLE,2014,N/A
SLV,2014,N/A
SOM,2014,N/A
SRB,2014,N/A
SSD,2014,N/A
STP,2014,N/A
SUR,2014,N/A
SVK,2014,N/A
SVN,2014,N/A
SWE,2014,N/A
SWZ,2014,N/A
SXM,2014,N/A
SYC,2014,N/A
SYR,2014,86.3000030517578
TCA,2014,N/A
TCD,2014,N/A
TGO,2014,N/A
THA,2014,N/A
TJK,2014,N/A
TKM,2014,N/A
TLS,2014,N/A
TON,2014,N/A
TTO,2014,N/A
TUN,2014,79.0
TUR,2014,95.0
TUV,2014,N/A
TZA,2014,N/A
UGA,2014,N/A
UKR,2014,N/A
URY,2014,98.0
USA,2014,N/A
UZB,2014,100.0
VCT,2014,N/A
VEN,2014,N/A
VGB,2014,N/A
VIR,2014,N/A
VNM,2014,N/A
VUT,2014,84.6999969482422
WSM,2014,N/A
YEM,2014,N/A
ZAF,2014,94.0
ZMB,2014,N/A
ZWE,2014,88.6934204101562
AFG,2015,33.7538414001465
AGO,2015,66.2358627319336
ALB,2015,N/A
ARE,2015,N/A
ARG,2015,N/A
ARM,2015,N/A
ASM,2015,N/A
ATG,2015,N/A
AUS,2015,N/A
AUT,2015,N/A
AZE,2015,100.0
BDI,2015,N/A
BEL,2015,N/A
BEN,2015,N/A
BFA,2015,N/A
BGD,2015,65.0
BGR,2015,N/A
BHR,2015,N/A
BHS,2015,N/A
BIH,2015,N/A
BLR,2015,N/A
BLZ,2015,90.9160385131836
BMU,2015,N/A
BOL,2015,92.0
BRA,2015,92.0
BRB,2015,N/A
BRN,2015,N/A
BTN,2015,N/A
BWA,2015,N/A
CAF,2015,N/A
CAN,2015,N/A
CHE,2015,N/A
CHL,2015,97.0
CHN,2015,N/A
CIV,2015,N/A
CMR,2015,N/A
COD,2015,N/A
COG,2015,N/A
COL,2015,94.0
COM,2015,N/A
CPV,2015,87.0
CRI,2015,N/A
CUB,2015,N/A
CYM,2015,N/A
CYP,2015,N/A
CZE,2015,N/A
DEU,2015,N/A
DJI,2015,N/A
DMA,2015,N/A
DNK,2015,N/A
DOM,2015,92.0
DZA,2015,N/A
ECU,2015,94.0
EGY,2015,N/A
ERI,2015,N/A
ESP,2015,98.0
EST,2015,N/A
ETH,2015,N/A
FIN,2015,N/A
FJI,2015,N/A
FRA,2015,N/A
FSM,2015,N/A
GAB,2015,N/A
GBR,2015,N/A
GEO,2015,N/A
GHA,2015,N/A
GIN,2015,N/A
GMB,2015,51.0
GNB,2015,N/A
GNQ,2015,N/A
GRC,2015,N/A
GRD,2015,N/A
GTM,2015,80.1950912475586
GUM,2015,N/A
GUY,2015,N/A
HKG,2015,N/A
HND,2015,88.0
HRV,2015,N/A
HTI,2015,N/A
HUN,2015,N/A
IDN,2015,95.0
IND,2015,N/A
IRL,2015,N/A
IRN,2015,N/A
IRQ,2015,N/A
ISL,2015,N/A
ISR,2015,N/A
ITA,2015,N/A
JAM,2015,N/A
JOR,2015,N/A
JPN,2015,N/A
KAZ,2015,N/A
KEN,2015,N/A
KGZ,2015,N/A
KHM,2015,81.0
KIR,2015,N/A
KNA,2015,N/A
KOR,2015,N/A
KWT,2015,96.0
LAO,2015,85.0
LBN,2015,N/A
LBR,2015,N/A
LBY,2015,N/A
LCA,2015,N/A
LIE,2015,N/A
LKA,2015,N/A
LSO,2015,N/A
LTU,2015,N/A
LUX,2015,N/A
LVA,2015,N/A
MAC,2015,N/A
MAF,2015,N/A
MAR,2015,N/A
MDA,2015,N/A
MDG,2015,N/A
MDV,2015,N/A
MEX,2015,94.0
MHL,2015,N/A
MKD,2015,N/A
MLI,2015,33.0
MLT,2015,N/A
MMR,2015,N/A
MNE,2015,N/A
MNG,2015,N/A
MNP,2015,N/A
MOZ,2015,56.0
MRT,2015,65.1120223999023
MUS,2015,93.0
MWI,2015,62.1435394287109
MYS,2015,N/A
NAM,2015,N/A
NCL,2015,N/A
NER,2015,N/A
NGA,2015,N/A
NIC,2015,82.6145477294922
NLD,2015,N/A
NOR,2015,N/A
NPL,2015,N/A
NZL,2015,N/A
OMN,2015,93.0
PAK,2015,N/A
PAN,2015,N/A
PER,2015,94.0
PHL,2015,98.0
PLW,2015,97.0
PNG,2015,N/A
POL,2015,N/A
PRI,2015,N/A
PRK,2015,N/A
PRT,2015,N/A
PRY,2015,96.0
PSE,2015,96.0
PYF,2015,N/A
QAT,2015,N/A
ROU,2015,N/A
RUS,2015,N/A
RWA,2015,N/A
SAU,2015,N/A
SDN,2015,N/A
SEN,2015,43.5927314758301
SGP,2015,97.0
SLB,2015,N/A
SLE,2015,N/A
SLV,2015,88.0
SOM,2015,N/A
SRB,2015,N/A
SSD,2015,N/A
STP,2015,N/A
SUR,2015,N/A
SVK,2015,N/A
SVN,2015,N/A
SWE,2015,N/A
SWZ,2015,N/A
SXM,2015,N/A
SYC,2015,N/A
SYR,2015,N/A
TCA,2015,N/A
TCD,2015,26.0029907226562
TGO,2015,64.0
THA,2015,93.0
TJK,2015,N/A
TKM,2015,N/A
TLS,2015,N/A
TON,2015,N/A
TTO,2015,N/A
TUN,2015,N/A
TUR,2015,96.0
TUV,2015,N/A
TZA,2015,78.0
UGA,2015,N/A
UKR,2015,N/A
URY,2015,99.0
USA,2015,N/A
UZB,2015,100.0
VCT,2015,N/A
VEN,2015,97.0
VGB,2015,N/A
VIR,2015,N/A
VNM,2015,N/A
VUT,2015,N/A
WSM,2015,N/A
YEM,2015,N/A
ZAF,2015,94.0
ZMB,2015,N/A
ZWE,2015,N/A
AFG,2016,N/A
AGO,2016,N/A
ALB,2016,N/A
ARE,2016,N/A
ARG,2016,N/A
ARM,2016,100.0
ASM,2016,N/A
ATG,2016,N/A
AUS,2016,N/A
AUT,2016,N/A
AZE,2016,100.0
BDI,2016,65.6877365112305
BEL,2016,N/A
BEN,2016,N/A
BFA,2016,N/A
BGD,2016,73.0
BGR,2016,N/A
BHR,2016,N/A
BHS,2016,N/A
BIH,2016,N/A
BLR,2016,N/A
BLZ,2016,N/A
BMU,2016,N/A
BOL,2016,N/A
BRA,2016,93.0
BRB,2016,N/A
BRN,2016,N/A
BTN,2016,N/A
BWA,2016,N/A
CAF,2016,N/A
CAN,2016,N/A
CHE,2016,N/A
CHL,2016,N/A
CHN,2016,N/A
CIV,2016,50.039680480957
CMR,2016,N/A
COD,2016,77.0
COG,2016,N/A
COL,2016,95.0
COM,2016,N/A
CPV,2016,N/A
CRI,2016,N/A
CUB,2016,N/A
CYM,2016,N/A
CYP,2016,N/A
CZE,2016,N/A
DEU,2016,N/A
DJI,2016,N/A
DMA,2016,N/A
DNK,2016,N/A
DOM,2016,94.0
DZA,2016,N/A
ECU,2016,94.0
EGY,2016,N/A
ERI,2016,N/A
ESP,2016,98.0
EST,2016,N/A
ETH,2016,47.4915885925293
FIN,2016,N/A
FJI,2016,N/A
FRA,2016,N/A
FSM,2016,N/A
GAB,2016,N/A
GBR,2016,N/A
GEO,2016,N/A
GHA,2016,N/A
GIN,2016,N/A
GMB,2016,N/A
GNB,2016,N/A
GNQ,2016,N/A
GRC,2016,N/A
GRD,2016,N/A
GTM,2016,N/A
GUM,2016,N/A
GUY,2016,N/A
HKG,2016,N/A
HND,2016,89.0
HRV,2016,N/A
HTI,2016,61.691349029541
HUN,2016,N/A
IDN,2016,95.0
IND,2016,N/A
IRL,2016,N/A
IRN,2016,86.0
IRQ,2016,83.0
ISL,2016,N/A
ISR,2016,N/A
ITA,2016,N/A
JAM,2016,N/A
JOR,2016,N/A
JPN,2016,N/A
KAZ,2016,N/A
KEN,2016,N/A
KGZ,2016,N/A
KHM,2016,N/A
KIR,2016,N/A
KNA,2016,N/A
KOR,2016,N/A
KWT,2016,N/A
LAO,2016,N/A
LBN,2016,N/A
LBR,2016,N/A
LBY,2016,N/A
LCA,2016,N/A
LIE,2016,N/A
LKA,2016,92.0
LSO,2016,N/A
LTU,2016,N/A
LUX,2016,N/A
LVA,2016,N/A
MAC,2016,97.0
MAF,2016,N/A
MAR,2016,N/A
MDA,2016,N/A
MDG,2016,N/A
MDV,2016,98.0
MEX,2016,95.0
MHL,2016,N/A
MKD,2016,N/A
MLI,2016,N/A
MLT,2016,N/A
MMR,2016,75.5512008666992
MNE,2016,N/A
MNG,2016,N/A
MNP,2016,N/A
MOZ,2016,N/A
MRT,2016,N/A
MUS,2016,93.0
MWI,2016,N/A
MYS,2016,95.0
NAM,2016,N/A
NCL,2016,N/A
NER,2016,N/A
NGA,2016,58.2213401794434
NIC,2016,N/A
NLD,2016,N/A
NOR,2016,N/A
NPL,2016,65.5010070800781
NZL,2016,N/A
OMN,2016,N/A
PAK,2016,N/A
PAN,2016,N/A
PER,2016,94.0
PHL,2016,N/A
PLW,2016,N/A
PNG,2016,N/A
POL,2016,N/A
PRI,2016,N/A
PRK,2016,N/A
PRT,2016,N/A
PRY,2016,95.0
PSE,2016,97.0
PYF,2016,N/A
QAT,2016,N/A
ROU,2016,N/A
RUS,2016,N/A
RWA,2016,N/A
SAU,2016,N/A
SDN,2016,N/A
SEN,2016,46.0996398925781
SGP,2016,97.0
SLB,2016,N/A
SLE,2016,N/A
SLV,2016,88.0
SOM,2016,N/A
SRB,2016,99.0
SSD,2016,N/A
STP,2016,N/A
SUR,2016,N/A
SVK,2016,N/A
SVN,2016,N/A
SWE,2016,N/A
SWZ,2016,N/A
SXM,2016,N/A
SYC,2016,N/A
SYR,2016,N/A
TCA,2016,N/A
TCD,2016,22.0
TGO,2016,N/A
THA,2016,91.9813995361328
TJK,2016,N/A
TKM,2016,N/A
TLS,2016,65.7791290283203
TON,2016,N/A
TTO,2016,N/A
TUN,2016,N/A
TUR,2016,96.0
TUV,2016,N/A
TZA,2016,N/A
UGA,2016,69.101318359375
UKR,2016,N/A
URY,2016,99.0
USA,2016,N/A
UZB,2016,100.0
VCT,2016,N/A
VEN,2016,97.0
VGB,2016,N/A
VIR,2016,N/A
VNM,2016,N/A
VUT,2016,N/A
WSM,2016,N/A
YEM,2016,N/A
ZAF,2016,91.7372436523438
ZMB,2016,N/A
ZWE,2016,N/A
AFG,2017,N/A
AGO,2017,N/A
ALB,2017,98.8162307739258
ARE,2017,N/A
ARG,2017,N/A
ARM,2017,100.0
ASM,2017,N/A
ATG,2017,N/A
AUS,2017,N/A
AUT,2017,N/A
AZE,2017,100.0
BDI,2017,68.0
BEL,2017,N/A
BEN,2017,38.871208190918
BFA,2017,N/A
BGD,2017,73.0
BGR,2017,N/A
BHR,2017,N/A
BHS,2017,N/A
BIH,2017,N/A
BLR,2017,N/A
BLZ,2017,N/A
BMU,2017,N/A
BOL,2017,N/A
BRA,2017,93.0
BRB,2017,N/A
BRN,2017,N/A
BTN,2017,67.0
BWA,2017,N/A
CAF,2017,N/A
CAN,2017,N/A
CHE,2017,N/A
CHL,2017,96.0
CHN,2017,N/A
CIV,2017,N/A
CMR,2017,N/A
COD,2017,N/A
COG,2017,N/A
COL,2017,N/A
COM,2017,N/A
CPV,2017,N/A
CRI,2017,N/A
CUB,2017,N/A
CYM,2017,99.0
CYP,2017,N/A
CZE,2017,N/A
DEU,2017,N/A
DJI,2017,N/A
DMA,2017,N/A
DNK,2017,N/A
DOM,2017,N/A
DZA,2017,N/A
ECU,2017,93.0
EGY,2017,71.0
ERI,2017,N/A
ESP,2017,N/A
EST,2017,N/A
ETH,2017,51.7711791992188
FIN,2017,N/A
FJI,2017,N/A
FRA,2017,N/A
FSM,2017,N/A
GAB,2017,N/A
GBR,2017,N/A
GEO,2017,99.0
GHA,2017,64.4923934936523
GIN,2017,N/A
GMB,2017,N/A
GNB,2017,N/A
GNQ,2017,N/A
GRC,2017,N/A
GRD,2017,N/A
GTM,2017,N/A
GUM,2017,N/A
GUY,2017,N/A
HKG,2017,N/A
HND,2017,N/A
HRV,2017,N/A
HTI,2017,68.0098571777344
HUN,2017,N/A
IDN,2017,N/A
IND,2017,N/A
IRL,2017,N/A
IRN,2017,N/A
IRQ,2017,86.0
ISL,2017,N/A
ISR,2017,N/A
ITA,2017,N/A
JAM,2017,N/A
JOR,2017,N/A
JPN,2017,N/A
KAZ,2017,N/A
KEN,2017,N/A
KGZ,2017,N/A
KHM,2017,N/A
KIR,2017,N/A
KNA,2017,N/A
KOR,2017,N/A
KWT,2017,96.0
LAO,2017,N/A
LBN,2017,N/A
LBR,2017,48.3013610839844
LBY,2017,N/A
LCA,2017,N/A
LIE,2017,N/A
LKA,2017,92.0
LSO,2017,N/A
LTU,2017,N/A
LUX,2017,N/A
LVA,2017,N/A
MAC,2017,N/A
MAF,2017,N/A
MAR,2017,N/A
MDA,2017,N/A
MDG,2017,N/A
MDV,2017,94.5055084228516
MEX,2017,95.0
MHL,2017,N/A
MKD,2017,N/A
MLI,2017,N/A
MLT,2017,N/A
MMR,2017,N/A
MNE,2017,N/A
MNG,2017,N/A
MNP,2017,N/A
MOZ,2017,61.0
MRT,2017,N/A
MUS,2017,N/A
MWI,2017,N/A
MYS,2017,95.0
NAM,2017,N/A
NCL,2017,N/A
NER,2017,N/A
NGA,2017,N/A
NIC,2017,N/A
NLD,2017,N/A
NOR,2017,N/A
NPL,2017,N/A
NZL,2017,N/A
OMN,2017,96.0
PAK,2017,59.0
PAN,2017,N/A
PER,2017,94.0
PHL,2017,N/A
PLW,2017,N/A
PNG,2017,70.0636825561523
POL,2017,N/A
PRI,2017,92.0
PRK,2017,N/A
PRT,2017,N/A
PRY,2017,N/A
PSE,2017,97.0
PYF,2017,N/A
QAT,2017,N/A
ROU,2017,N/A
RUS,2017,N/A
RWA,2017,N/A
SAU,2017,95.0
SDN,2017,N/A
SEN,2017,52.0
SGP,2017,97.0
SLB,2017,N/A
SLE,2017,44.833179473877
SLV,2017,88.0
SOM,2017,N/A
SRB,2017,N/A
SSD,2017,N/A
STP,2017,N/A
SUR,2017,N/A
SVK,2017,N/A
SVN,2017,N/A
SWE,2017,N/A
SWZ,2017,N/A
SXM,2017,N/A
SYC,2017,N/A
SYR,2017,N/A
TCA,2017,N/A
TCD,2017,N/A
TGO,2017,N/A
THA,2017,N/A
TJK,2017,N/A
TKM,2017,N/A
TLS,2017,N/A
TON,2017,N/A
TTO,2017,N/A
TUN,2017,N/A
TUR,2017,96.0
TUV,2017,N/A
TZA,2017,N/A
UGA,2017,N/A
UKR,2017,N/A
URY,2017,99.0
USA,2017,N/A
UZB,2017,N/A
VCT,2017,N/A
VEN,2017,N/A
VGB,2017,N/A
VIR,2017,N/A
VNM,2017,N/A
VUT,2017,N/A
WSM,2017,N/A
YEM,2017,N/A
ZAF,2017,87.0
ZMB,2017,N/A
ZWE,2017,N/A
AFG,2018,N/A
AGO,2018,N/A
ALB,2018,N/A
ARE,2018,N/A
ARG,2018,N/A
ARM,2018,N/A
ASM,2018,N/A
ATG,2018,N/A
AUS,2018,N/A
AUT,2018,N/A
AZE,2018,N/A
BDI,2018,N/A
BEL,2018,N/A
BEN,2018,N/A
BFA,2018,39.0
BGD,2018,74.0
BGR,2018,N/A
BHR,2018,N/A
BHS,2018,N/A
BIH,2018,N/A
BLR,2018,N/A
BLZ,2018,N/A
BMU,2018,N/A
BOL,2018,N/A
BRA,2018,93.0
BRB,2018,N/A
BRN,2018,N/A
BTN,2018,N/A
BWA,2018,N/A
CAF,2018,37.0
CAN,2018,N/A
CHE,2018,N/A
CHL,2018,N/A
CHN,2018,N/A
CIV,2018,N/A
CMR,2018,72.5471267700195
COD,2018,73.5530319213867
COG,2018,N/A
COL,2018,95.0
COM,2018,N/A
CPV,2018,N/A
CRI,2018,N/A
CUB,2018,N/A
CYM,2018,N/A
CYP,2018,N/A
CZE,2018,N/A
DEU,2018,N/A
DJI,2018,N/A
DMA,2018,N/A
DNK,2018,N/A
DOM,2018,N/A
DZA,2018,81.4078369140625
ECU,2018,N/A
EGY,2018,N/A
ERI,2018,76.5705184936523
ESP,2018,98.0
EST,2018,N/A
ETH,2018,N/A
FIN,2018,N/A
FJI,2018,N/A
FRA,2018,N/A
FSM,2018,N/A
GAB,2018,N/A
GBR,2018,N/A
GEO,2018,99.6536636352539
GHA,2018,N/A
GIN,2018,40.0
GMB,2018,53.1601982116699
GNB,2018,N/A
GNQ,2018,N/A
GRC,2018,N/A
GRD,2018,N/A
GTM,2018,81.0
GUM,2018,N/A
GUY,2018,N/A
HKG,2018,N/A
HND,2018,87.0
HRV,2018,N/A
HTI,2018,N/A
HUN,2018,N/A
IDN,2018,96.0
IND,2018,N/A
IRL,2018,N/A
IRN,2018,N/A
IRQ,2018,N/A
ISL,2018,N/A
ISR,2018,N/A
ITA,2018,N/A
JAM,2018,N/A
JOR,2018,95.4314498901367
JPN,2018,N/A
KAZ,2018,N/A
KEN,2018,N/A
KGZ,2018,N/A
KHM,2018,N/A
KIR,2018,97.9597091674805
KNA,2018,N/A
KOR,2018,98.8000030517578
KWT,2018,96.0
LAO,2018,N/A
LBN,2018,93.0
LBR,2018,N/A
LBY,2018,N/A
LCA,2018,N/A
LIE,2018,N/A
LKA,2018,92.0
LSO,2018,86.2408676147461
LTU,2018,N/A
LUX,2018,N/A
LVA,2018,N/A
MAC,2018,N/A
MAF,2018,N/A
MAR,2018,N/A
MDA,2018,N/A
MDG,2018,77.0
MDV,2018,N/A
MEX,2018,95.0
MHL,2018,N/A
MKD,2018,N/A
MLI,2018,35.0
MLT,2018,N/A
MMR,2018,N/A
MNE,2018,98.5344009399414
MNG,2018,96.8963470458984
MNP,2018,N/A
MOZ,2018,N/A
MRT,2018,N/A
MUS,2018,N/A
MWI,2018,N/A
MYS,2018,95.0
NAM,2018,N/A
NCL,2018,N/A
NER,2018,N/A
NGA,2018,62.0160102844238
NIC,2018,N/A
NLD,2018,N/A
NOR,2018,N/A
NPL,2018,N/A
NZL,2018,N/A
OMN,2018,96.0
PAK,2018,57.0
PAN,2018,95.0
PER,2018,94.0
PHL,2018,N/A
PLW,2018,N/A
PNG,2018,N/A
POL,2018,N/A
PRI,2018,N/A
PRK,2018,99.9981918334961
PRT,2018,N/A
PRY,2018,94.0
PSE,2018,97.0
PYF,2018,N/A
QAT,2018,N/A
ROU,2018,N/A
RUS,2018,N/A
RWA,2018,73.0
SAU,2018,N/A
SDN,2018,60.6971817016602
SEN,2018,46.6059112548828
SGP,2018,97.0
SLB,2018,N/A
SLE,2018,N/A
SLV,2018,89.0
SOM,2018,N/A
SRB,2018,N/A
SSD,2018,34.5227584838867
STP,2018,N/A
SUR,2018,N/A
SVK,2018,N/A
SVN,2018,N/A
SWE,2018,N/A
SWZ,2018,N/A
SXM,2018,N/A
SYC,2018,N/A
SYR,2018,N/A
TCA,2018,N/A
TCD,2018,N/A
TGO,2018,N/A
THA,2018,94.0
TJK,2018,N/A
TKM,2018,N/A
TLS,2018,N/A
TON,2018,N/A
TTO,2018,N/A
TUN,2018,79.4751129150391
TUR,2018,N/A
TUV,2018,N/A
TZA,2018,N/A
UGA,2018,N/A
UKR,2018,N/A
URY,2018,99.0
USA,2018,N/A
UZB,2018,100.0
VCT,2018,N/A
VEN,2018,N/A
VGB,2018,N/A
VIR,2018,N/A
VNM,2018,N/A
VUT,2018,N/A
WSM,2018,N/A
YEM,2018,N/A
ZAF,2018,N/A
ZMB,2018,71.1323013305664
ZWE,2018,N/A
AFG,2019,N/A
AGO,2019,N/A
ALB,2019,N/A
ARE,2019,98.0
ARG,2019,N/A
ARM,2019,N/A
ASM,2019,N/A
ATG,2019,N/A
AUS,2019,N/A
AUT,2019,N/A
AZE,2019,100.0
BDI,2019,N/A
BEL,2019,N/A
BEN,2019,N/A
BFA,2019,30.0
BGD,2019,75.0
BGR,2019,N/A
BHR,2019,N/A
BHS,2019,N/A
BIH,2019,N/A
BLR,2019,100.0
BLZ,2019,N/A
BMU,2019,N/A
BOL,2019,N/A
BRA,2019,N/A
BRB,2019,N/A
BRN,2019,N/A
BTN,2019,N/A
BWA,2019,N/A
CAF,2019,42.4427909851074
CAN,2019,N/A
CHE,2019,N/A
CHL,2019,N/A
CHN,2019,N/A
CIV,2019,90.0
CMR,2019,N/A
COD,2019,N/A
COG,2019,N/A
COL,2019,95.0
COM,2019,N/A
CPV,2019,N/A
CRI,2019,N/A
CUB,2019,97.6549072265625
CYM,2019,N/A
CYP,2019,N/A
CZE,2019,N/A
DEU,2019,N/A
DJI,2019,N/A
DMA,2019,N/A
DNK,2019,N/A
DOM,2019,N/A
DZA,2019,N/A
ECU,2019,N/A
EGY,2019,N/A
ERI,2019,N/A
ESP,2019,N/A
EST,2019,N/A
ETH,2019,N/A
FIN,2019,N/A
FJI,2019,N/A
FRA,2019,N/A
FSM,2019,N/A
GAB,2019,N/A
GBR,2019,N/A
GEO,2019,N/A
GHA,2019,N/A
GIN,2019,N/A
GMB,2019,N/A
GNB,2019,54.8823204040527
GNQ,2019,N/A
GRC,2019,N/A
GRD,2019,N/A
GTM,2019,N/A
GUM,2019,N/A
GUY,2019,N/A
HKG,2019,N/A
HND,2019,89.0
HRV,2019,N/A
HTI,2019,N/A
HUN,2019,N/A
IDN,2019,N/A
IND,2019,N/A
IRL,2019,N/A
IRN,2019,N/A
IRQ,2019,N/A
ISL,2019,N/A
ISR,2019,N/A
ITA,2019,99.0
JAM,2019,N/A
JOR,2019,N/A
JPN,2019,N/A
KAZ,2019,N/A
KEN,2019,N/A
KGZ,2019,99.5999984741211
KHM,2019,N/A
KIR,2019,N/A
KNA,2019,N/A
KOR,2019,N/A
KWT,2019,N/A
LAO,2019,N/A
LBN,2019,N/A
LBR,2019,N/A
LBY,2019,N/A
LCA,2019,N/A
LIE,2019,N/A
LKA,2019,92.0
LSO,2019,N/A
LTU,2019,N/A
LUX,2019,N/A
LVA,2019,N/A
MAC,2019,N/A
MAF,2019,N/A
MAR,2019,N/A
MDA,2019,N/A
MDG,2019,N/A
MDV,2019,98.2118606567383
MEX,2019,N/A
MHL,2019,N/A
MKD,2019,N/A
MLI,2019,N/A
MLT,2019,N/A
MMR,2019,89.0
MNE,2019,N/A
MNG,2019,N/A
MNP,2019,N/A
MOZ,2019,N/A
MRT,2019,N/A
MUS,2019,N/A
MWI,2019,N/A
MYS,2019,95.0
NAM,2019,N/A
NCL,2019,N/A
NER,2019,N/A
NGA,2019,N/A
NIC,2019,N/A
NLD,2019,N/A
NOR,2019,N/A
NPL,2019,68.7125015258789
NZL,2019,N/A
OMN,2019,N/A
PAK,2019,58.0
PAN,2019,96.0
PER,2019,N/A
PHL,2019,96.0
PLW,2019,N/A
PNG,2019,N/A
POL,2019,N/A
PRI,2019,N/A
PRK,2019,N/A
PRT,2019,N/A
PRY,2019,93.0
PSE,2019,97.0
PYF,2019,N/A
QAT,2019,N/A
ROU,2019,N/A
RUS,2019,N/A
RWA,2019,N/A
SAU,2019,N/A
SDN,2019,N/A
SEN,2019,46.8336715698242
SGP,2019,97.0
SLB,2019,N/A
SLE,2019,43.5777816772461
SLV,2019,89.0
SOM,2019,N/A
SRB,2019,99.0
SSD,2019,N/A
STP,2019,87.4384613037109
SUR,2019,N/A
SVK,2019,N/A
SVN,2019,N/A
SWE,2019,N/A
SWZ,2019,N/A
SXM,2019,N/A
SYC,2019,N/A
SYR,2019,N/A
TCA,2019,N/A
TCD,2019,30.6279201507568
TGO,2019,67.0
THA,2019,91.2691497802734
TJK,2019,N/A
TKM,2019,N/A
TLS,2019,N/A
TON,2019,91.0516204833984
TTO,2019,N/A
TUN,2019,81.0
TUR,2019,97.0
TUV,2019,N/A
TZA,2019,N/A
UGA,2019,N/A
UKR,2019,N/A
URY,2019,99.0
USA,2019,N/A
UZB,2019,100.0
VCT,2019,N/A
VEN,2019,N/A
VGB,2019,N/A
VIR,2019,N/A
VNM,2019,96.0
VUT,2019,N/A
WSM,2019,97.9902572631836
YEM,2019,N/A
ZAF,2019,95.0
ZMB,2019,N/A
ZWE,2019,93.2275466918945
AFG,2020,N/A
AGO,2020,N/A
ALB,2020,N/A
ARE,2020,N/A
ARG,2020,N/A
ARM,2020,100.0
ASM,2020,N/A
ATG,2020,N/A
AUS,2020,N/A
AUT,2020,N/A
AZE,2020,N/A
BDI,2020,N/A
BEL,2020,N/A
BEN,2020,N/A
BFA,2020,N/A
BGD,2020,75.0
BGR,2020,N/A
BHR,2020,N/A
BHS,2020,N/A
BIH,2020,N/A
BLR,2020,N/A
BLZ,2020,N/A
BMU,2020,N/A
BOL,2020,94.0
BRA,2020,N/A
BRB,2020,N/A
BRN,2020,N/A
BTN,2020,N/A
BWA,2020,N/A
CAF,2020,37.4900016784668
CAN,2020,N/A
CHE,2020,N/A
CHL,2020,N/A
CHN,2020,97.0
CIV,2020,N/A
CMR,2020,78.2300033569336
COD,2020,N/A
COG,2020,N/A
COL,2020,96.0
COM,2020,N/A
CPV,2020,N/A
CRI,2020,N/A
CUB,2020,N/A
CYM,2020,N/A
CYP,2020,N/A
CZE,2020,N/A
DEU,2020,N/A
DJI,2020,N/A
DMA,2020,N/A
DNK,2020,N/A
DOM,2020,N/A
DZA,2020,N/A
ECU,2020,94.0
EGY,2020,N/A
ERI,2020,N/A
ESP,2020,99.0
EST,2020,N/A
ETH,2020,N/A
FIN,2020,N/A
FJI,2020,N/A
FRA,2020,N/A
FSM,2020,N/A
GAB,2020,N/A
GBR,2020,N/A
GEO,2020,N/A
GHA,2020,80.379997253418
GIN,2020,N/A
GMB,2020,N/A
GNB,2020,N/A
GNQ,2020,N/A
GRC,2020,N/A
GRD,2020,N/A
GTM,2020,N/A
GUM,2020,N/A
GUY,2020,85.6383514404297
HKG,2020,N/A
HND,2020,N/A
HRV,2020,N/A
HTI,2020,N/A
HUN,2020,N/A
IDN,2020,96.0
IND,2020,N/A
IRL,2020,N/A
IRN,2020,N/A
IRQ,2020,N/A
ISL,2020,N/A
ISR,2020,N/A
ITA,2020,N/A
JAM,2020,N/A
JOR,2020,N/A
JPN,2020,N/A
KAZ,2020,99.8000030517578
KEN,2020,N/A
KGZ,2020,N/A
KHM,2020,N/A
KIR,2020,N/A
KNA,2020,N/A
KOR,2020,N/A
KWT,2020,96.0
LAO,2020,N/A
LBN,2020,N/A
LBR,2020,N/A
LBY,2020,N/A
LCA,2020,N/A
LIE,2020,N/A
LKA,2020,92.0
LSO,2020,N/A
LTU,2020,N/A
LUX,2020,N/A
LVA,2020,N/A
MAC,2020,N/A
MAF,2020,N/A
MAR,2020,N/A
MDA,2020,N/A
MDG,2020,N/A
MDV,2020,N/A
MEX,2020,95.0
MHL,2020,N/A
MKD,2020,N/A
MLI,2020,31.0
MLT,2020,N/A
MMR,2020,N/A
MNE,2020,N/A
MNG,2020,99.0
MNP,2020,N/A
MOZ,2020,60.0
MRT,2020,59.5296592712402
MUS,2020,N/A
MWI,2020,70.1522674560547
MYS,2020,N/A
NAM,2020,N/A
NCL,2020,N/A
NER,2020,N/A
NGA,2020,N/A
NIC,2020,N/A
NLD,2020,N/A
NOR,2020,N/A
NPL,2020,N/A
NZL,2020,N/A
OMN,2020,N/A
PAK,2020,N/A
PAN,2020,N/A
PER,2020,94.0
PHL,2020,98.0
PLW,2020,N/A
PNG,2020,N/A
POL,2020,N/A
PRI,2020,N/A
PRK,2020,N/A
PRT,2020,N/A
PRY,2020,95.0
PSE,2020,98.0
PYF,2020,N/A
QAT,2020,N/A
ROU,2020,N/A
RUS,2020,N/A
RWA,2020,80.0508575439453
SAU,2020,98.0
SDN,2020,N/A
SEN,2020,N/A
SGP,2020,97.0
SLB,2020,N/A
SLE,2020,N/A
SLV,2020,90.0
SOM,2020,N/A
SRB,2020,N/A
SSD,2020,N/A
STP,2020,N/A
SUR,2020,N/A
SVK,2020,N/A
SVN,2020,N/A
SWE,2020,N/A
SWZ,2020,89.2799987792969
SXM,2020,N/A
SYC,2020,96.1999969482422
SYR,2020,N/A
TCA,2020,N/A
TCD,2020,N/A
TGO,2020,N/A
THA,2020,N/A
TJK,2020,N/A
TKM,2020,N/A
TLS,2020,69.9000015258789
TON,2020,N/A
TTO,2020,N/A
TUN,2020,N/A
TUR,2020,N/A
TUV,2020,N/A
TZA,2020,N/A
UGA,2020,N/A
UKR,2020,N/A
URY,2020,N/A
USA,2020,N/A
UZB,2020,N/A
VCT,2020,N/A
VEN,2020,N/A
VGB,2020,N/A
VIR,2020,N/A
VNM,2020,N/A
VUT,2020,N/A
WSM,2020,N/A
YEM,2020,N/A
ZAF,2020,N/A
ZMB,2020,87.5
ZWE,2020,N/A
AFG,2021,37.0
AGO,2021,N/A
ALB,2021,N/A
ARE,2021,98.0
ARG,2021,N/A
ARM,2021,N/A
ASM,2021,N/A
ATG,2021,N/A
AUS,2021,N/A
AUT,2021,N/A
AZE,2021,N/A
BDI,2021,N/A
BEL,2021,N/A
BEN,2021,43.834171295166
BFA,2021,36.9673805236816
BGD,2021,76.0
BGR,2021,98.4199981689453
BHR,2021,N/A
BHS,2021,N/A
BIH,2021,N/A
BLR,2021,N/A
BLZ,2021,N/A
BMU,2021,N/A
BOL,2021,N/A
BRA,2021,N/A
BRB,2021,N/A
BRN,2021,97.5899963378906
BTN,2021,N/A
BWA,2021,N/A
CAF,2021,N/A
CAN,2021,N/A
CHE,2021,N/A
CHL,2021,N/A
CHN,2021,N/A
CIV,2021,50.0006408691406
CMR,2021,N/A
COD,2021,N/A
COG,2021,80.6100006103516
COL,2021,N/A
COM,2021,N/A
CPV,2021,N/A
CRI,2021,98.0400009155273
CUB,2021,99.6731109619141
CYM,2021,N/A
CYP,2021,99.3600006103516
CZE,2021,N/A
DEU,2021,N/A
DJI,2021,N/A
DMA,2021,N/A
DNK,2021,N/A
DOM,2021,N/A
DZA,2021,N/A
ECU,2021,94.0
EGY,2021,N/A
ERI,2021,N/A
ESP,2021,N/A
EST,2021,99.870002746582
ETH,2021,N/A
FIN,2021,N/A
FJI,2021,N/A
FRA,2021,N/A
FSM,2021,N/A
GAB,2021,88.8583374023438
GBR,2021,N/A
GEO,2021,N/A
GHA,2021,N/A
GIN,2021,45.3300018310547
GMB,2021,51.6374015808105
GNB,2021,N/A
GNQ,2021,N/A
GRC,2021,N/A
GRD,2021,N/A
GTM,2021,N/A
GUM,2021,N/A
GUY,2021,N/A
HKG,2021,N/A
HND,2021,N/A
HRV,2021,99.4499969482422
HTI,2021,N/A
HUN,2021,99.0999984741211
IDN,2021,N/A
IND,2021,N/A
IRL,2021,N/A
IRN,2021,N/A
IRQ,2021,N/A
ISL,2021,N/A
ISR,2021,N/A
ITA,2021,N/A
JAM,2021,N/A
JOR,2021,N/A
JPN,2021,N/A
KAZ,2021,N/A
KEN,2021,N/A
KGZ,2021,N/A
KHM,2021,71.9272537231445
KIR,2021,N/A
KNA,2021,N/A
KOR,2021,N/A
KWT,2021,N/A
LAO,2021,N/A
LBN,2021,N/A
LBR,2021,N/A
LBY,2021,N/A
LCA,2021,N/A
LIE,2021,N/A
LKA,2021,92.0
LSO,2021,N/A
LTU,2021,99.8300018310547
LUX,2021,N/A
LVA,2021,99.8899993896484
MAC,2021,97.1100006103516
MAF,2021,N/A
MAR,2021,N/A
MDA,2021,99.5999984741211
MDG,2021,74.6861419677734
MDV,2021,97.8600006103516
MEX,2021,N/A
MHL,2021,N/A
MKD,2021,N/A
MLI,2021,N/A
MLT,2021,94.9400024414062
MMR,2021,N/A
MNE,2021,98.9800033569336
MNG,2021,N/A
MNP,2021,N/A
MOZ,2021,N/A
MRT,2021,66.9599990844727
MUS,2021,92.1500015258789
MWI,2021,N/A
MYS,2021,N/A
NAM,2021,92.25
NCL,2021,N/A
NER,2021,N/A
NGA,2021,63.1555404663086
NIC,2021,N/A
NLD,2021,N/A
NOR,2021,N/A
NPL,2021,71.1500015258789
NZL,2021,N/A
OMN,2021,N/A
PAK,2021,N/A
PAN,2021,N/A
PER,2021,N/A
PHL,2021,N/A
PLW,2021,N/A
PNG,2021,N/A
POL,2021,99.8000030517578
PRI,2021,92.4000015258789
PRK,2021,N/A
PRT,2021,96.7799987792969
PRY,2021,N/A
PSE,2021,N/A
PYF,2021,N/A
QAT,2021,N/A
ROU,2021,99.0
RUS,2021,100.0
RWA,2021,N/A
SAU,2021,N/A
SDN,2021,N/A
SEN,2021,N/A
SGP,2021,98.0
SLB,2021,N/A
SLE,2021,N/A
SLV,2021,N/A
SOM,2021,N/A
SRB,2021,N/A
SSD,2021,N/A
STP,2021,N/A
SUR,2021,95.0
SVK,2021,N/A
SVN,2021,N/A
SWE,2021,N/A
SWZ,2021,N/A
SXM,2021,N/A
SYC,2021,N/A
SYR,2021,94.0
TCA,2021,N/A
TCD,2021,N/A
TGO,2021,N/A
THA,2021,94.0999984741211
TJK,2021,N/A
TKM,2021,N/A
TLS,2021,N/A
TON,2021,99.4000015258789
TTO,2021,N/A
TUN,2021,N/A
TUR,2021,N/A
TUV,2021,N/A
TZA,2021,N/A
UGA,2021,N/A
UKR,2021,100.0
URY,2021,N/A
USA,2021,N/A
UZB,2021,100.0
VCT,2021,N/A
VEN,2021,N/A
VGB,2021,N/A
VIR,2021,N/A
VNM,2021,N/A
VUT,2021,89.0999984741211
WSM,2021,99.0999984741211
YEM,2021,N/A
ZAF,2021,90.0
ZMB,2021,N/A
ZWE,2021,N/A
AFG,2022,N/A
AGO,2022,72.4000015258789
ALB,2022,98.5
ARE,2022,98.0
ARG,2022,N/A
ARM,2022,N/A
ASM,2022,N/A
ATG,2022,N/A
AUS,2022,N/A
AUT,2022,N/A
AZE,2022,N/A
BDI,2022,75.5400009155273
BEL,2022,N/A
BEN,2022,47.0999984741211
BFA,2022,34.4900016784668
BGD,2022,N/A
BGR,2022,N/A
BHR,2022,98.0
BHS,2022,N/A
BIH,2022,98.3000030517578
BLR,2022,N/A
BLZ,2022,N/A
BMU,2022,N/A
BOL,2022,N/A
BRA,2022,94.6900024414062
BRB,2022,N/A
BRN,2022,N/A
BTN,2022,72.0999984741211
BWA,2022,N/A
CAF,2022,N/A
CAN,2022,N/A
CHE,2022,N/A
CHL,2022,97.1600036621094
CHN,2022,N/A
CIV,2022,N/A
CMR,2022,N/A
COD,2022,80.5400009155273
COG,2022,N/A
COL,2022,N/A
COM,2022,61.7099990844727
CPV,2022,91.0
CRI,2022,N/A
CUB,2022,N/A
CYM,2022,N/A
CYP,2022,N/A
CZE,2022,N/A
DEU,2022,N/A
DJI,2022,N/A
DMA,2022,N/A
DNK,2022,N/A
DOM,2022,95.5
DZA,2022,N/A
ECU,2022,94.0
EGY,2022,74.5
ERI,2022,N/A
ESP,2022,N/A
EST,2022,N/A
ETH,2022,N/A
FIN,2022,N/A
FJI,2022,N/A
FRA,2022,N/A
FSM,2022,N/A
GAB,2022,85.6900024414062
GBR,2022,N/A
GEO,2022,100.0
GHA,2022,N/A
GIN,2022,N/A
GMB,2022,58.6699981689453
GNB,2022,53.9000015258789
GNQ,2022,N/A
GRC,2022,N/A
GRD,2022,N/A
GTM,2022,83.0311737060547
GUM,2022,N/A
GUY,2022,90.0299987792969
HKG,2022,N/A
HND,2022,N/A
HRV,2022,N/A
HTI,2022,N/A
HUN,2022,N/A
IDN,2022,N/A
IND,2022,76.0
IRL,2022,N/A
IRN,2022,88.9599990844727
IRQ,2022,N/A
ISL,2022,N/A
ISR,2022,N/A
ITA,2022,N/A
JAM,2022,N/A
JOR,2022,N/A
JPN,2022,N/A
KAZ,2022,N/A
KEN,2022,82.879997253418
KGZ,2022,N/A
KHM,2022,83.7799987792969
KIR,2022,N/A
KNA,2022,N/A
KOR,2022,N/A
KWT,2022,N/A
LAO,2022,87.5199966430664
LBN,2022,N/A
LBR,2022,N/A
LBY,2022,N/A
LCA,2022,N/A
LIE,2022,N/A
LKA,2022,92.0
LSO,2022,82.0100021362305
LTU,2022,N/A
LUX,2022,N/A
LVA,2022,N/A
MAC,2022,N/A
MAF,2022,N/A
MAR,2022,77.3499984741211
MDA,2022,N/A
MDG,2022,77.4800033569336
MDV,2022,N/A
MEX,2022,N/A
MHL,2022,N/A
MKD,2022,N/A
MLI,2022,N/A
MLT,2022,N/A
MMR,2022,N/A
MNE,2022,N/A
MNG,2022,N/A
MNP,2022,N/A
MOZ,2022,N/A
MRT,2022,N/A
MUS,2022,N/A
MWI,2022,68.0800018310547
MYS,2022,96.0
NAM,2022,N/A
NCL,2022,N/A
NER,2022,38.0999984741211
NGA,2022,N/A
NIC,2022,N/A
NLD,2022,N/A
NOR,2022,N/A
NPL,2022,N/A
NZL,2022,N/A
OMN,2022,97.0
PAK,2022,N/A
PAN,2022,N/A
PER,2022,N/A
PHL,2022,N/A
PLW,2022,N/A
PNG,2022,N/A
POL,2022,N/A
PRI,2022,N/A
PRK,2022,N/A
PRT,2022,N/A
PRY,2022,N/A
PSE,2022,98.0
PYF,2022,N/A
QAT,2022,N/A
ROU,2022,N/A
RUS,2022,N/A
RWA,2022,79.0
SAU,2022,N/A
SDN,2022,N/A
SEN,2022,57.6699981689453
SGP,2022,N/A
SLB,2022,N/A
SLE,2022,48.6399993896484
SLV,2022,N/A
SOM,2022,54.0
SRB,2022,N/A
SSD,2022,N/A
STP,2022,93.75
SUR,2022,N/A
SVK,2022,N/A
SVN,2022,N/A
SWE,2022,N/A
SWZ,2022,90.7470169067383
SXM,2022,N/A
SYC,2022,N/A
SYR,2022,N/A
TCA,2022,N/A
TCD,2022,27.2800006866455
TGO,2022,N/A
THA,2022,91.0998687744141
TJK,2022,N/A
TKM,2022,N/A
TLS,2022,N/A
TON,2022,N/A
TTO,2022,N/A
TUN,2022,85.2149276733398
TUR,2022,N/A
TUV,2022,N/A
TZA,2022,82.0199966430664
UGA,2022,80.5899963378906
UKR,2022,N/A
URY,2022,99.0
USA,2022,N/A
UZB,2022,100.0
VCT,2022,N/A
VEN,2022,97.5999984741211
VGB,2022,N/A
VIR,2022,N/A
VNM,2022,96.0
VUT,2022,N/A
WSM,2022,N/A
YEM,2022,N/A
ZAF,2022,N/A
ZMB,2022,N/A
ZWE,2022,89.8499984741211
AFG,2023,N/A
AGO,2023,N/A
ALB,2023,N/A
ARE,2023,N/A
ARG,2023,N/A
ARM,2023,N/A
ASM,2023,N/A
ATG,2023,N/A
AUS,2023,N/A
AUT,2023,N/A
AZE,2023,100.0
BDI,2023,N/A
BEL,2023,N/A
BEN,2023,N/A
BFA,2023,N/A
BGD,2023,N/A
BGR,2023,N/A
BHR,2023,98.0
BHS,2023,N/A
BIH,2023,N/A
BLR,2023,N/A
BLZ,2023,N/A
BMU,2023,N/A
BOL,2023,N/A
BRA,2023,N/A
BRB,2023,N/A
BRN,2023,N/A
BTN,2023,N/A
BWA,2023,N/A
CAF,2023,N/A
CAN,2023,N/A
CHE,2023,N/A
CHL,2023,N/A
CHN,2023,N/A
CIV,2023,N/A
CMR,2023,N/A
COD,2023,N/A
COG,2023,N/A
COL,2023,N/A
COM,2023,N/A
CPV,2023,N/A
CRI,2023,N/A
CUB,2023,N/A
CYM,2023,N/A
CYP,2023,N/A
CZE,2023,N/A
DEU,2023,N/A
DJI,2023,N/A
DMA,2023,N/A
DNK,2023,N/A
DOM,2023,N/A
DZA,2023,N/A
ECU,2023,N/A
EGY,2023,N/A
ERI,2023,N/A
ESP,2023,N/A
EST,2023,N/A
ETH,2023,N/A
FIN,2023,N/A
FJI,2023,N/A
FRA,2023,N/A
FSM,2023,N/A
GAB,2023,N/A
GBR,2023,N/A
GEO,2023,N/A
GHA,2023,N/A
GIN,2023,N/A
GMB,2023,N/A
GNB,2023,N/A
GNQ,2023,N/A
GRC,2023,N/A
GRD,2023,N/A
GTM,2023,N/A
GUM,2023,N/A
GUY,2023,N/A
HKG,2023,N/A
HND,2023,N/A
HRV,2023,N/A
HTI,2023,N/A
HUN,2023,N/A
IDN,2023,N/A
IND,2023,77.0
IRL,2023,N/A
IRN,2023,N/A
IRQ,2023,N/A
ISL,2023,N/A
ISR,2023,N/A
ITA,2023,N/A
JAM,2023,N/A
JOR,2023,95.0
JPN,2023,N/A
KAZ,2023,N/A
KEN,2023,N/A
KGZ,2023,N/A
KHM,2023,N/A
KIR,2023,N/A
KNA,2023,N/A
KOR,2023,N/A
KWT,2023,N/A
LAO,2023,N/A
LBN,2023,N/A
LBR,2023,N/A
LBY,2023,N/A
LCA,2023,N/A
LIE,2023,N/A
LKA,2023,N/A
LSO,2023,N/A
LTU,2023,N/A
LUX,2023,N/A
LVA,2023,N/A
MAC,2023,N/A
MAF,2023,N/A
MAR,2023,N/A
MDA,2023,N/A
MDG,2023,N/A
MDV,2023,N/A
MEX,2023,N/A
MHL,2023,N/A
MKD,2023,N/A
MLI,2023,N/A
MLT,2023,N/A
MMR,2023,N/A
MNE,2023,N/A
MNG,2023,N/A
MNP,2023,N/A
MOZ,2023,N/A
MRT,2023,N/A
MUS,2023,N/A
MWI,2023,N/A
MYS,2023,N/A
NAM,2023,N/A
NCL,2023,N/A
NER,2023,N/A
NGA,2023,N/A
NIC,2023,N/A
NLD,2023,N/A
NOR,2023,N/A
NPL,2023,N/A
NZL,2023,N/A
OMN,2023,N/A
PAK,2023,N/A
PAN,2023,N/A
PER,2023,N/A
PHL,2023,N/A
PLW,2023,N/A
PNG,2023,N/A
POL,2023,N/A
PRI,2023,N/A
PRK,2023,N/A
PRT,2023,N/A
PRY,2023,N/A
PSE,2023,N/A
PYF,2023,N/A
QAT,2023,N/A
ROU,2023,N/A
RUS,2023,N/A
RWA,2023,N/A
SAU,2023,N/A
SDN,2023,N/A
SEN,2023,N/A
SGP,2023,N/A
SLB,2023,N/A
SLE,2023,N/A
SLV,2023,90.0
SOM,2023,N/A
SRB,2023,N/A
SSD,2023,N/A
STP,2023,N/A
SUR,2023,N/A
SVK,2023,N/A
SVN,2023,N/A
SWE,2023,N/A
SWZ,2023,N/A
SXM,2023,N/A
SYC,2023,N/A
SYR,2023,N/A
TCA,2023,N/A
TCD,2023,N/A
TGO,2023,N/A
THA,2023,N/A
TJK,2023,N/A
TKM,2023,N/A
TLS,2023,N/A
TON,2023,N/A
TTO,2023,N/A
TUN,2023,N/A
TUR,2023,N/A
TUV,2023,N/A
TZA,2023,N/A
UGA,2023,N/A
UKR,2023,N/A
URY,2023,N/A
USA,2023,N/A
UZB,2023,N/A
VCT,2023,N/A
VEN,2023,N/A
VGB,2023,N/A
VIR,2023,N/A
VNM,2023,N/A
VUT,2023,N/A
WSM,2023,N/A
YEM,2023,N/A
ZAF,2023,N/A
ZMB,2023,N/A
ZWE,2023,N/A
