Country Code,Indicator Name,Indicator Code,1960,1961,1962,1963,1964,1965,1966,1967,1968,1969,1970,1971,1972,1973,1974,1975,1976,1977,1978,1979,1980,1981,1982,1983,1984,1985,1986,1987,1988,1989,1990,1991,1992,1993,1994,1995,1996,1997,1998,1999,2000,2001,2002,2003,2004,2005,2006,2007,2008,2009,2010,2011,2012,2013,2014,2015,2016,2017,2018,2019,2020,2021,2022,2023
AFG,GDP per capita (constant 2015 US$),NY.GDP.PCAP.KD,,,,,,,,,,,,,,,,,,,,,,,,,,,,,,,,,,,,,,,,,308.3182697,277.1180514,338.1399736,346.0716271,338.6372739,363.6401414,367.7583117,410.7577289,417.6472826,488.8306525,542.8710305,525.4269828,568.9290215,580.6038333,575.1462458,565.5697304,563.8723367,562.7695741,553.1251517,557.8615332,527.8345545,408.6258552,377.6656271,379.7074973
AGO,GDP per capita (constant 2015 US$),NY.GDP.PCAP.KD,,,,,,,,,,,,,,,,,,,,,2835.459185,2613.739386,2519.351585,2529.401923,2583.619826,2577.465092,2557.958838,2571.496919,2637.781855,2550.294313,2380.176243,2324.369376,2118.166545,1559.517152,1529.994431,1701.697277,1867.935031,1936.916193,1961.037225,1938.86184,1932.988479,1947.85673,2139.872597,2128.195793,2277.866965,2526.410579,2716.253026,2983.041873,3193.287723,3100.609274,3114.696086,3099.94229,3236.574945,3268.638907,3300.73511,3213.902611,3020.983328,2911.600842,2775.746423,2664.43851,2433.376373,2385.448818,2382.02264,2332.886913
ALB,GDP per capita (constant 2015 US$),NY.GDP.PCAP.KD,,,,,,,,,,,,,,,,,,,,,1740.505838,1804.010779,1818.36782,1799.878617,1740.347682,1735.290312,1798.01508,1748.57872,1691.530949,1808.646078,1606.296468,1163.491598,1086.438771,1197.580908,1305.001061,1488.020881,1633.552,1464.297963,1603.64765,1821.873131,1960.88246,2143.526839,2247.49808,2380.644621,2522.449374,2675.508637,2851.367759,3044.896617,3298.478908,3432.170872,3577.114325,3678.047701,3736.34008,3780.699193,3855.760744,3952.803574,4090.372728,4249.820049,4431.555595,4542.268663,4417.041051,4858.052015,5154.827498,5419.637791
ARE,GDP per capita (constant 2015 US$),NY.GDP.PCAP.KD,,,,,,,,,,,49105.84682,57374.99238,69436.76479,108198.8175,110539.679,105792.8297,108662.7466,114430.0528,98826.10173,106042.1742,117949.3765,113999.5095,100275.2599,90186.17698,88731.21951,81077.257,64745.48656,62391.55192,56872.35699,60031.8691,66979.15591,63905.62647,62667.13544,60391.46558,61614.34159,62860.27732,62334.40665,62177.42838,57785.03114,55354.94396,57365.39833,54574.81416,52607.66151,54020.47356,56027.61004,55777.90183,57053.78956,52428.06807,48281.34779,42991.55351,42645.63596,43800.1593,42868.0975,43269.84046,43023.19042,43534.99727,43745.28817,42690.21478,42679.75191,42700.12979,40776.63087,41778.58387,42687.72072,42507.78734
ARG,GDP per capita (constant 2015 US$),NY.GDP.PCAP.KD,7397.109655,7670.595456,7480.271724,6967.750196,7551.024908,8219.551556,8041.224874,8172.274565,8436.308564,9111.945975,9244.122518,9614.610617,9617.688149,9729.532589,10100.44691,9936.495834,9584.748518,10088.33749,9480.940095,10284.60641,10275.7987,9587.673794,9365.684654,9617.700057,9614.447262,8973.318749,9378.468664,9484.458766,9236.807713,8445.410092,8115.093864,8729.823185,9293.186923,9920.673586,10359.89272,9934.107761,10352.14,11056.68813,11348.20221,10838.31993,10631.65036,10051.94485,8861.561993,9545.531941,10302.44653,11099.75092,11870.27916,12811.90212,13197.35703,12285.37847,13387.15537,14040.61891,13754.42542,13946.09508,13456.13192,13679.6265,13265.88606,13520.11298,13058.32854,12706.39781,11393.0506,12549.28117,13182.7934,12933.24973
ARM,GDP per capita (constant 2015 US$),NY.GDP.PCAP.KD,,,,,,,,,,,,,,,,,,,,,,,,,,,,,,,1644.022145,1426.827914,840.2052592,792.5678592,857.3944748,932.3578295,995.7282753,1039.079824,1128.098888,1180.45342,1229.215104,1351.120727,1535.204529,1759.646848,1955.222625,2240.092732,2551.435464,2919.373494,3141.331935,2716.974363,2796.081434,2943.836871,3159.758608,3266.29883,3393.092523,3512.393503,3533.885036,3815.374743,4027.83393,4343.458396,4032.090435,4264.799615,4791.004817,5151.012731
ASM,GDP per capita (constant 2015 US$),NY.GDP.PCAP.KD,,,,,,,,,,,,,,,,,,,,,,,,,,,,,,,,,,,,,,,,,,,13054.63643,13201.73475,13291.53566,13284.27911,12794.7565,13092.31114,12809.46331,12342.05754,12446.30863,12521.80951,12068.26674,11871.79372,12203.08947,12727.41027,12665.28299,11930.77712,12412.60241,12524.01603,13194.27474,13233.57848,13709.09749,
ATG,GDP per capita (constant 2015 US$),NY.GDP.PCAP.KD,,,,,,,,,,,,,,,,,,6061.443566,6309.755867,6794.561602,7321.840516,7583.315679,7562.892064,7950.263935,8765.440316,9477.961907,10619.16559,11381.23077,12035.39299,12727.13091,13164.22721,13382.6739,13323.94429,13774.46895,14417.93614,13517.21208,14115.43828,14585.78895,14989.18439,15280.32158,15958.31328,15000.83363,14965.46969,15701.24464,16430.54086,17298.22657,19256.30063,20766.68642,20461.25648,17743.6224,16132.61187,15631.21349,15986.58555,15745.47531,15966.5831,16080.65805,16635.73189,16951.50635,18038.85329,18508.97837,14935.61502,16071.08432,17507.38922,18090.77352
AUS,GDP per capita (constant 2015 US$),NY.GDP.PCAP.KD,19905.31347,19997.545,19767.95708,20597.92606,21607.49222,22455.25098,22470.51761,23587.62812,24355.62825,25531.53653,26829.7631,26975.66552,27520.00051,27812.44551,28231.02391,28258.06548,28700.29463,29399.00248,29318.74636,30178.38945,30717.77803,31251.82033,31736.04475,30608.3684,31632.38927,32861.41624,33674.17055,34014.73541,35389.45533,36143.14778,36886.14443,36279.75405,36029.48457,37155.5124,38264.14667,39310.79823,40337.10605,41464.49822,42967.66167,44636.94181,45859.51621,46191.31424,47486.27832,48394.12695,49902.0187,50853.19767,51553.9686,52531.76112,53336.10122,53237.00776,53578.8125,54111.35724,55257.57393,55728.0174,56327.85331,56739.02653,57401.06623,57750.64822,58530.78217,58924.73365,58132.79852,59276.50311,61009.80771,61583.91889
AUT,GDP per capita (constant 2015 US$),NY.GDP.PCAP.KD,11894.74408,12484.8087,12737.18532,13179.3524,13893.58579,14283.99732,14984.55297,15320.35827,15922.6386,16863.58628,18001.783,18838.31554,19891.82603,20749.34403,21530.63416,21509.31239,22533.88039,23669.50865,23638.77836,24947.5271,25379.46294,25278.29533,25768.21928,26577.2455,26592.54699,27244.21477,27853.50496,28213.66335,29102.3223,30097.65134,31167.18581,31919.5573,32231.12172,32134.82991,32780.34203,33603.42777,34301.65626,34998.03206,36180.74908,37468.86995,38571.08585,38929.75382,39313.72261,39569.28864,40333.33071,40989.01322,42120.15578,43568.83027,44063.86424,42372.47584,43035.40747,44146.19576,44221.46,43851.36755,43838.83468,43915.22802,44362.67029,45056.63869,45951.5819,46550.56234,43428.69831,45313.399,47250.96959,46338.95712
AZE,GDP per capita (constant 2015 US$),NY.GDP.PCAP.KD,,,,,,,,,,,,,,,,,,,,,,,,,,,,,,,2820.840103,2764.073993,2107.296784,1596.132666,1264.527189,1102.49789,1105.587242,1158.481658,1262.291887,1343.855939,1480.808691,1614.848858,1754.135241,1918.611037,2077.88527,2631.851453,3501.164825,4327.113605,4693.07708,5023.967291,5215.204154,5152.838502,5194.920917,5426.095942,5506.181696,5500.503646,5270.738166,5229.70989,5262.368705,5348.453189,5083.560254,5345.439864,5595.255787,5651.345639
BDI,GDP per capita (constant 2015 US$),NY.GDP.PCAP.KD,288.8789818,242.9415465,258.3243013,263.4003664,272.0627358,275.1379179,280.9791597,311.7987638,303.5408043,292.6857457,347.474496,348.446417,326.1465469,349.1107507,338.0016558,332.0213534,350.4530089,380.7478506,366.4269115,363.3826112,351.9004199,378.9436639,365.7101921,369.2688541,360.9893759,394.9021048,400.1560153,412.6540463,423.9198106,421.2876949,427.0300316,439.1862321,431.9188618,417.9192976,399.3096315,346.3213024,318.3956826,313.3571427,322.0309619,311.2306221,302.2191638,300.7998828,305.4383585,292.3185951,295.2351195,287.030689,291.8663995,290.9791162,292.793765,288.9419178,289.8569506,290.9480321,293.2326205,296.8169006,299.0774794,280.9668313,274.5133634,269.4768896,265.6723943,261.7501802,255.0782184,255.9179507,253.6916416,253.5307234
BEL,GDP per capita (constant 2015 US$),NY.GDP.PCAP.KD,11715.82688,12258.29979,12845.96691,13305.12719,14096.66774,14466.62699,14822.71758,15310.61855,15890.13226,16895.7049,17951.32244,18632.84238,19542.88675,20724.74061,21602.80183,21116.99159,22270.85351,22382.64847,22997.27373,23514.51182,24532.45698,24464.58704,24616.83729,24695.56492,25305.0321,25715.35792,26174.75516,26755.69799,27930.48593,28794.6548,29609.62078,30040.55087,30376.87452,29967.39441,30839.24145,31508.62264,31862.66944,32991.50103,33566.98757,34676.60517,35878.31539,36148.28812,36600.86255,36826.26992,37976.69732,38645.26056,39371.08579,40520.08437,40380.90747,39293.63758,39991.56462,40236.95962,40074.49281,40007.89977,40533.91348,40893.80454,41172.88625,41619.32861,42208.36259,43006.40426,40769.02184,43119.89433,44583.57677,44731.0421
BEN,GDP per capita (constant 2015 US$),NY.GDP.PCAP.KD,655.9130076,665.4312504,631.4207151,649.2601231,679.3564469,701.3321451,711.8581705,704.8385818,716.640156,721.5324968,720.6050986,694.0340449,721.8763158,731.3131197,737.9483263,684.9622916,674.0408666,689.8587863,680.651098,706.1044323,733.4906374,783.9251937,778.6387651,723.4835207,758.3611657,791.7271649,785.1430701,750.4038406,752.704035,709.1889077,749.4596666,757.4031451,756.0808882,765.4799145,752.2775088,781.0647885,793.7950527,814.9013955,821.4599715,838.976787,861.213292,879.8544638,893.137101,896.1467632,907.6244312,893.9153687,900.6205358,926.7401138,943.2033803,936.5656511,928.2466554,927.7164129,943.9187716,982.3992063,1014.433006,1002.418869,1006.039266,1032.904712,1071.504522,1114.173045,1126.654041,1176.377276,1218.500105,1263.625651
BFA,GDP per capita (constant 2015 US$),NY.GDP.PCAP.KD,244.1672579,250.394091,261.8809169,254.731183,256.5689115,262.001317,259.1302852,277.3131892,280.960315,281.7376383,277.1841058,276.2904765,277.8464961,274.1525064,291.3031455,294.0507556,312.3859891,306.319821,312.5463784,315.7169684,309.8052836,314.2865826,334.960465,326.7302735,311.7883342,328.7151646,344.9939123,334.888997,344.9044642,343.0898203,332.1532767,353.2067208,345.4018168,348.581211,344.3711841,354.8411885,383.973583,397.8389553,415.2735135,433.1047276,428.3097966,442.9141229,448.1288563,468.2630478,474.0864123,499.1927976,514.1131318,519.2610122,533.4712999,533.4700848,561.8472213,581.6036587,600.7313437,616.7413312,624.5768852,630.1247508,648.4204802,669.2763103,694.4928131,717.0215951,713.8421779,745.4725634,739.3630212,744.1657606
BGD,GDP per capita (constant 2015 US$),NY.GDP.PCAP.KD,429.3987009,442.7548028,453.5348809,438.49751,472.5263779,466.2974162,464.560595,442.6315151,470.5766626,462.9732507,476.495758,442.5812665,373.48319,375.0120971,399.5105081,373.2603737,384.509552,385.0855203,402.3855959,411.6692665,405.2267703,423.5371229,420.8720045,425.6465712,434.7823516,438.3824788,446.0802531,452.6597569,453.8392369,457.2543348,473.444821,480.673359,497.3711737,511.1935094,521.3231447,537.9319466,552.0771071,566.2711408,584.4481752,600.2323232,620.5604728,641.2889229,655.6721394,676.826252,702.6563571,739.2037184,779.4195704,825.50823,866.4581576,901.7296263,943.6642286,995.5799472,1050.391404,1103.156959,1159.407535,1224.386477,1299.830914,1373.753637,1462.250503,1564.208024,1604.665923,1702.080284,1804.349346,1885.377336
BGR,GDP per capita (constant 2015 US$),NY.GDP.PCAP.KD,,,,,,,,,,,,,,,,,,,,,3431.521329,3587.694814,3660.607326,3776.740858,3895.889757,4000.492581,4169.923094,4415.890699,4893.694084,4788.396923,4431.028918,4097.192148,3840.246418,3813.702114,3896.244314,4025.645864,4257.095117,3678.516624,3843.462184,3540.556117,3721.303482,3941.275697,4264.271771,4523.286271,4854.273415,5236.086384,5634.91119,6054.232465,6470.589715,6294.433431,6434.55248,6611.303867,6699.50303,6700.535997,6802.710365,7078.860323,7344.443541,7601.438454,7851.725989,8206.781294,7990.69255,8682.882238,9352.326528,9819.573529
BHR,GDP per capita (constant 2015 US$),NY.GDP.PCAP.KD,,,,,,,,,,,17423.52467,17249.01242,18258.31311,19724.65165,20304.81746,17582.57544,21815.07648,23475.82664,23251.05311,22978.2198,22551.98609,20521.42502,18310.99086,18811.4381,19065.31915,17516.6361,17091.2903,18193.20734,18774.13952,18183.31193,18345.838,20882.50596,21701.22218,23858.19327,23180.33237,23465.71284,23795.20913,23893.13357,24386.59147,24773.8464,25407.96955,25106.28696,24149.01559,23857.6405,23688.11199,23439.67043,23095.01825,23112.48875,23127.21471,22206.93716,22224.07362,23288.04494,23894.88044,24271.62788,24135.49913,23734.05511,23715.27913,23606.88675,24059.78386,24873.66401,23586.93096,24086.78478,25187.14257,25076.6545
BHS,GDP per capita (constant 2015 US$),NY.GDP.PCAP.KD,18789.51158,19793.22944,20790.80033,21857.17003,23053.32409,24351.4507,25373.48709,26541.87168,27453.77003,28592.88685,25956.47394,25566.6649,24018.37119,25226.59212,20534.64598,17116.11498,17616.26846,18820.50388,21047.01026,26028.70005,27207.21295,24270.27372,25465.614,25941.31705,29121.81774,30010.70562,30030.18689,30407.05743,30582.45226,32070.51705,31013.41131,29209.87991,27581.92303,27152.87488,27519.54389,28252.70771,28983.80301,28919.28956,29854.69659,31562.59977,32443.48211,32889.10437,33393.90704,32578.14433,32462.84008,33163.95931,33561.25184,33568.74142,32350.52581,30599.02291,30675.16461,30510.31126,31111.96053,29943.28332,30229.57882,30289.40225,29788.6304,30432.00349,31054.82326,30481.35367,23879.31368,27522.02264,30400.10028,31053.80064
BIH,GDP per capita (constant 2015 US$),NY.GDP.PCAP.KD,,,,,,,,,,,,,,,,,,,,,,,,,,,,,,,791.2116709,715.6899381,704.9996834,747.930429,871.1427243,1012.927055,1497.566248,1973.478015,2261.368694,2452.131939,2566.587821,2616.414125,2742.333626,2854.845046,3062.93619,3216.868817,3418.755013,3663.94489,3927.879656,3876.39718,3980.041283,4093.051522,4138.702184,4305.467556,4411.381023,4662.258837,4876.534724,5099.816138,5360.174439,5583.29732,5490.753671,5995.448176,6327.062939,6507.019876
BLR,GDP per capita (constant 2015 US$),NY.GDP.PCAP.KD,,,,,,,,,,,,,,,,,,,,,,,,,,,,,,,2888.819071,2852.836891,2573.304986,2372.490183,2097.386304,1885.364609,1944.691114,2175.408339,2368.788314,2460.374642,2615.369297,2753.039517,2910.405526,3137.269246,3520.411963,3877.725583,4291.69554,4682.216661,5177.656288,5200.785176,5616.105985,5941.702547,6052.650163,6115.445805,6212.929803,5967.06856,5811.213873,5964.909295,6165.926232,6267.748334,6252.002201,6457.744184,6206.632213,6482.802951
BLZ,GDP per capita (constant 2015 US$),NY.GDP.PCAP.KD,1554.736509,1590.495341,1626.449461,1661.02467,1694.310906,1725.673302,1753.865977,1784.374133,1858.364522,1898.206252,1945.041983,1987.987503,2158.244099,2241.940641,2511.388436,2557.681598,2504.714345,2612.707578,2762.210272,2907.694049,3183.735457,3139.227094,3058.542657,2921.074465,2909.060078,2871.030403,2934.26575,3177.26856,3411.770993,3771.133848,4111.68186,4498.659882,4966.683281,5165.540621,5055.700525,4966.799587,4874.556622,4914.256223,4930.246294,5212.365504,5662.33419,5763.677213,5893.70035,6273.010586,6381.595978,6335.677777,6434.118644,6465.219364,6183.938918,5997.243308,5919.556621,5777.831129,5866.25149,5998.178309,6109.477784,6154.495935,6016.49647,5772.92692,5729.210452,5886.962235,5003.877848,5824.303943,6269.379974,6212.260518
BMU,GDP per capita (constant 2015 US$),NY.GDP.PCAP.KD,39906.02194,40887.25533,41637.36314,41060.97613,44570.9986,45658.59445,51062.40815,56696.15271,56867.57746,57787.65623,60471.25528,61975.66556,62864.87335,63625.27793,64050.32419,66372.49246,72195.1611,76292.23938,77242.7029,78775.06143,84785.74623,86283.5988,81137.13193,82177.83557,81986.71944,79797.38272,84596.35287,87182.1874,90024.09228,89743.05582,89089.73464,85311.04943,84642.60849,86582.8345,86545.78236,89849.12501,91743.29623,95383.02251,98347.90898,100867.9146,109502.7631,116809.9253,114574.4336,118018.8316,120432.1205,122143.7996,128662.9319,132595.4827,129525.1771,121727.5849,118382.909,113937.8357,108040.5757,107860.3948,103941.9826,104855.3668,104190.8767,107734.6084,106843.1637,106708.9879,98982.42575,103917.0347,110427.5568,110409.8105
BOL,GDP per capita (constant 2015 US$),NY.GDP.PCAP.KD,1276.96577,1277.284944,1321.009161,1381.644095,1406.290444,1444.227122,1514.706977,1575.496359,1672.332104,1708.503592,1758.010161,1805.973921,1906.555582,1971.13272,1983.716501,2081.069439,2127.832946,2182.675367,2176.909826,2130.754474,2054.797266,2015.245758,1894.05947,1778.787433,1737.687276,1672.78978,1595.835032,1601.018345,1613.04847,1639.113338,1679.408477,1731.39514,1724.363343,1762.668307,1809.570649,1858.78185,1904.287019,1962.86404,2025.503344,1998.945338,2014.190244,2013.845808,2029.669934,2050.071332,2099.990808,2156.186701,2221.427223,2283.427333,2383.250323,2422.575791,2481.407006,2568.520514,2657.238846,2793.514568,2900.902414,2996.012898,3077.570575,3160.16421,3246.764342,3272.381708,2949.819546,3098.350621,3172.910463,3226.087557
BRA,GDP per capita (constant 2015 US$),NY.GDP.PCAP.KD,2603.519011,2743.388889,2838.472299,2772.579949,2785.074432,2772.671764,2878.699794,2921.372427,3126.535482,3338.762475,3595.950863,3907.01226,4268.383847,4748.262464,5013.817248,5148.910619,5543.43638,5679.78591,5821.491313,6069.054743,6472.852146,6055.097815,5967.778996,5664.963685,5841.749865,6167.513437,6494.280879,6591.608829,6463.005453,6545.425756,6149.86789,6107.648837,5973.982857,6167.460922,6427.16902,6596.335727,6640.727007,6764.858421,6687.495236,6621.636763,6817.784241,6823.03397,6944.623375,6941.440458,7258.781852,7409.569133,7622.040072,8003.254131,8330.764599,8246.09707,8792.634362,9067.993164,9167.49924,9366.739325,9338.342783,8936.196618,8577.843767,8628.25309,8722.336304,8771.440513,8435.011433,8799.229459,9032.084816,9258.053291
BRB,GDP per capita (constant 2015 US$),NY.GDP.PCAP.KD,7381.797144,7873.047802,8510.625218,7999.08328,8315.38348,9172.240867,9439.020876,10354.42564,11006.5952,11791.22804,12915.45472,13432.5965,13577.00122,13722.53116,13060.57835,12792.12539,13335.71314,13811.32042,14489.2088,15650.38802,16318.2291,15960.88459,15129.17443,15151.31177,15639.67364,15755.80857,16508.51496,16892.73261,17452.0562,18056.0932,17426.93518,16696.22734,15691.70537,15770.10134,16050.73977,16347.81934,16982.00889,17779.65241,18439.46843,18495.46855,19351.46375,18867.64903,18892.17313,19184.92795,19344.96076,20004.76679,21117.31405,21454.19705,21477.2081,20294.78258,19763.95236,19555.73211,19438.21791,19191.43755,19160.1223,18954.29137,19251.98342,19237.28749,18974.85718,19064.99759,16166.65595,16099.77497,18959.33516,19734.23803
BRN,GDP per capita (constant 2015 US$),NY.GDP.PCAP.KD,,,,,,,,,,,,,,,64932.08408,62303.46789,72760.0836,77308.86279,80082.67914,96517.13329,84483.38935,63568.33221,63000.67395,61220.70779,57811.77184,54270.08433,49618.46453,49057.08452,46889.49139,44296.33887,44179.82769,44201.13939,41672.37074,40342.05024,39721.43425,39274.49776,38331.65745,39820.21066,36331.18119,37045.93421,37509.59833,37269.30975,37976.26266,38595.16869,37948.65895,37312.2778,38229.3565,36174.51637,34126.69409,32855.60203,33121.31767,33754.36397,33544.53888,32381.07383,31148.72962,30625.12873,29492.41454,29524.65905,29200.19512,29996.24058,30015.95873,29256.18329,28549.17553,28725.11566
BTN,GDP per capita (constant 2015 US$),NY.GDP.PCAP.KD,,,,,,,,,,,409.3995101,406.2914189,397.2620375,389.5939215,395.9777805,370.0560395,389.665426,406.3373688,420.6822032,426.1595616,432.8386435,482.2357227,483.0235344,516.6780561,523.4221651,527.7916003,570.0542882,713.5871458,725.5549161,756.3809756,812.6713255,795.1918437,863.4638961,917.2912935,963.0165748,1043.38749,1099.858179,1138.399224,1182.987811,1248.616008,1259.623764,1321.098783,1427.256932,1506.415276,1552.739151,1632.021694,1701.118782,1952.257347,2017.760188,2148.564803,2378.728108,2552.488711,2654.747989,2671.074602,2797.818839,2954.04082,3173.367732,3211.809033,3300.550065,3467.385989,3092.124284,3206.203671,3349.733096,
BWA,GDP per capita (constant 2015 US$),NY.GDP.PCAP.KD,393.8617425,409.5021665,426.9016379,441.7280456,460.8244341,480.4906498,508.1417273,535.4052471,588.9071896,674.3899891,785.4748844,971.5928994,1184.473701,1370.732827,1419.442069,1464.687852,1539.173873,1635.512591,1760.570704,1859.494579,2002.996153,2111.345639,2276.049825,2484.517956,2603.448657,2693.781882,2816.769372,3050.231762,3536.423254,3888.730451,4039.465445,4224.098575,4226.739995,4186.145474,4219.440809,4399.138858,4543.210535,4809.443918,4724.936709,5070.94772,5062.642892,4971.963718,5175.476553,5320.440295,5369.425168,5514.217427,5865.000265,6085.635448,6158.616294,5179.413861,5584.629494,5850.217171,5743.05278,6285.118218,6547.123268,6141.203947,6490.834636,6662.575494,6843.805806,6951.719898,6254.246176,6896.178669,7159.863837,7235.929107
CAF,GDP per capita (constant 2015 US$),NY.GDP.PCAP.KD,575.8943915,593.1895583,560.3267682,545.5814087,545.8748922,539.8170402,531.9030913,544.7470728,540.0934131,565.3083432,565.8121742,560.4646557,549.5987117,549.3545498,573.024209,564.2607625,586.1371576,602.1997011,603.1196678,581.9822984,549.8510694,535.2718032,569.9098606,517.4005612,559.5760637,574.3248507,587.3483224,551.0394346,551.2093702,547.9736388,519.786736,500.9911509,454.1489682,441.3849075,448.784443,468.1505276,437.9250548,448.6346636,457.1488584,460.8279002,437.1689284,446.6586342,452.8087022,418.2405323,433.8252278,427.9680432,439.2943309,450.7627854,450.3136169,492.2153989,519.1414564,532.3829549,553.7295783,349.8211717,351.5615549,366.3228539,376.8582541,387.3579513,395.0200155,401.8258216,398.8342741,396.0206229,399.1068386,398.33098
CAN,GDP per capita (constant 2015 US$),NY.GDP.PCAP.KD,15432.47178,15605.52322,16455.75352,17007.69074,17800.86413,18585.88146,19476.02704,19715.09362,20371.14406,21114.28705,21428.90916,21642.54078,22573.56628,23799.69553,24257.8168,24275.81275,25369.46343,25960.63922,26663.77071,27384.67793,27622.37338,28215.53085,26999.07907,27418.4916,28762.9722,29851.64328,30183.40878,31001.12984,31951.55048,32116.92334,31700.54627,30654.33314,30563.37882,31032.7546,32074.15624,32595.45152,32801.30185,33867.00791,34894.61343,36391.53533,37906.86012,38200.45611,38921.6673,39270.02345,40108.75874,41006.22293,41663.51231,42106.87243,42067.5687,40376.41537,41164.33991,42043.64196,42320.64313,42851.17053,43643.23565,43594.1941,43551.3426,44339.38867,44907.34368,45100.29149,42366.12852,44359.61673,45227.14474,44468.7475
CHE,GDP per capita (constant 2015 US$),NY.GDP.PCAP.KD,39907.26395,42297.96474,43214.51551,44364.46605,45930.29298,46358.45086,47005.68737,47845.62673,48942.13651,51120.43466,53989.16067,55895.35254,57246.12951,58558.19247,59091.08414,54811.34552,54351.75793,55863.55352,56087.04594,57369.14319,59771.44922,60397.27306,59259.16077,59382.70142,60949.93231,62910.65814,63747.33576,64352.55534,65975.10651,68278.06206,70063.85169,68559.93818,67778.54749,67079.46439,67391.84433,67264.91129,67284.10913,68640.07445,70510.02547,71341.34285,73749.9388,74439.4636,73824.38488,73254.95291,74718.68361,76282.98396,78893.80774,81254.17005,82481.06804,79585.52159,81315.42286,81874.33619,81964.88642,82479.92154,83394.37114,83806.4476,84611.09985,84967.58855,86756.60213,87123.66044,84637.01323,88520.322,90043.41004,89555.55998
CHL,GDP per capita (constant 2015 US$),NY.GDP.PCAP.KD,3283.956908,3385.027622,3449.945685,3578.532676,3598.497818,3564.007852,3891.591144,3960.188349,4030.961144,4118.041495,4123.0554,4437.479223,4321.001749,4037.934299,4069.016044,3488.583939,3566.576178,3879.225334,4115.453941,4396.162225,4677.649136,4910.279007,4306.211018,4030.317661,4133.296249,4233.993346,4393.055799,4603.283491,4861.84957,5257.125928,5342.556468,5664.527547,6196.346174,6502.653649,6727.668151,7222.163802,7605.28953,8058.942288,8287.450611,8161.451689,8465.353032,8632.014824,8810.690527,9130.784262,9642.374786,10104.42084,10611.6144,11051.34507,11356.09221,11116.40934,11649.28971,12252.84411,12882.83442,13182.73296,13285.95404,13433.9203,13505.09771,13473.34585,13763.00688,13630.59354,12679.024,14053.87438,14272.27099,14226.51807
CHN,GDP per capita (constant 2015 US$),NY.GDP.PCAP.KD,238.217052,175.0236815,163.9070438,176.4004558,203.6878342,232.6072068,250.3049027,229.8762741,214.770066,244.3639643,283.5853563,295.380171,299.1908882,315.1296635,315.816664,337.344119,326.9494605,346.939156,381.0993295,404.5966325,430.8554098,447.1197864,480.3113224,524.4093632,596.2011091,667.1285419,716.10534,786.8648816,861.1934866,883.7641552,905.0324572,975.4629156,1100.646116,1239.129373,1384.930157,1520.029469,1653.433789,1787.766977,1909.622328,2038.206474,2193.896866,2359.572385,2557.891612,2797.176659,3061.833173,3390.716159,3800.765796,4319.031398,4711.643449,5128.904128,5647.068727,6152.696873,6591.662494,7056.423092,7532.785301,8016.445595,8516.528742,9053.228725,9619.209475,10155.51088,10358.17,11223.25535,11555.93024,12175.19611
CIV,GDP per capita (constant 2015 US$),NY.GDP.PCAP.KD,1495.167468,1584.797008,1544.730841,1701.850981,1925.781852,1795.154465,1927.012912,1939.09574,2099.199405,2209.899572,2340.310652,2453.146528,2445.076113,2475.02677,2466.819985,2551.297064,2765.867721,2861.158768,3055.940305,3010.660748,2576.916601,2562.425919,2466.303638,2276.867,2128.641905,2138.060112,2123.074601,2035.62091,1981.388775,1962.4217,1866.07857,1794.120626,1719.712613,1649.470362,1598.692391,1647.087771,1706.9765,1801.131631,1808.42289,1770.865404,1717.953857,1636.573187,1551.279259,1441.588018,1451.865471,1431.733202,1437.774538,1420.173896,1454.627318,1473.91837,1540.529273,1426.464639,1503.43433,1632.327128,1742.53693,1814.718551,1889.277779,1972.814318,2013.323076,2093.099943,2055.08484,2146.476353,2223.288253,2302.746981
CMR,GDP per capita (constant 2015 US$),NY.GDP.PCAP.KD,935.6999548,932.2800269,942.7592899,956.8917287,969.2290477,966.950594,988.5944378,860.0868992,892.4911041,912.7541085,916.7106258,923.6047606,922.8805021,945.9327074,1018.797264,1102.176367,1014.076672,1124.037767,1334.487505,1375.918174,1305.683662,1475.989502,1549.612724,1622.468293,1695.95061,1778.880903,1842.964317,1749.424666,1565.134753,1492.281761,1360.477653,1271.046586,1196.850819,1070.982754,1060.873266,1062.016073,1077.389252,1096.697577,1118.5082,1138.362985,1151.276893,1169.926705,1189.967079,1221.094461,1271.743269,1264.743452,1277.329907,1295.730675,1295.022113,1290.899614,1290.901375,1297.306496,1319.669616,1347.213064,1381.819385,1415.000097,1435.618307,1444.906829,1461.0197,1470.317853,1434.519137,1443.576002,1458.661804,1466.768858
COD,GDP per capita (constant 2015 US$),NY.GDP.PCAP.KD,1255.696609,1091.023744,1288.327776,1320.038179,1253.819527,1231.993894,1278.485233,1229.48529,1245.686609,1323.046011,1282.643316,1322.99782,1290.356567,1358.502752,1364.084939,1262.224974,1164.709314,1144.264826,1050.007422,1018.101628,1008.339358,1002.415377,968.3318309,951.3585514,971.0713748,943.7938426,957.671957,952.7710829,927.077248,886.8607205,801.5670151,710.0320874,614.3695369,512.9548573,470.1617346,454.2006313,440.9940591,409.5880644,392.1360038,362.9937939,327.2401425,310.3802674,309.9117854,317.7781214,329.3490637,338.9809808,346.1796975,356.8868051,367.8437476,366.8302265,380.5780383,393.6161736,407.6710769,427.4585204,452.3396505,467.9145805,462.4721474,462.4829209,473.2940774,478.6324263,471.5044233,484.78465,511.2992663,537.269317
COG,GDP per capita (constant 2015 US$),NY.GDP.PCAP.KD,1192.856165,1259.504326,1290.763256,1206.153414,1218.55874,1228.776009,1210.73884,1201.401304,1255.929519,1311.230017,1353.238174,1414.238711,1489.165263,1562.126272,1633.52186,1711.437547,1685.482309,1498.318024,1556.667172,1670.779661,1921.968618,2211.316742,2674.951092,2773.626638,2894.099735,2776.764285,2511.48682,2443.790199,2415.940916,2408.141599,2363.767018,2352.527541,2346.679138,2255.943608,2069.796405,2092.543379,2122.628193,2064.753604,2095.344036,1986.847892,2057.01922,2056.165059,2100.168767,2058.886837,2058.884029,2140.036862,2226.023355,2004.10104,2061.558299,2211.315724,2332.285081,2307.493844,2467.061029,2390.657549,2488.681185,2439.351894,2174.193103,2003.271211,1909.956038,1885.510809,1725.5104,1701.790605,1686.002344,1677.085492
COL,GDP per capita (constant 2015 US$),NY.GDP.PCAP.KD,1961.229144,1998.423162,2042.635277,2046.307564,2108.008781,2119.994987,2167.356708,2194.443655,2262.174243,2338.107144,2421.225023,2504.497311,2634.720686,2748.145534,2841.381348,2843.731018,2914.011966,2968.662581,3148.238868,3244.086517,3300.511702,3298.732189,3253.880469,3228.355931,3260.284592,3289.712097,3410.159653,3520.16262,3588.969636,3636.075692,3714.184993,3713.177275,3787.594292,3912.659084,4059.321461,4189.727709,4198.691263,4265.693519,4213.828005,3967.113399,4016.809517,4020.507898,4058.284936,4154.175285,4311.915913,4457.275375,4694.034429,4947.252608,5048.571872,5046.971218,5214.245476,5517.101109,5675.75618,5910.805923,6121.83982,6248.514905,6316.070678,6309.677453,6353.546429,6439.963598,5891.955232,6457.169218,6854.209236,6819.179831
COM,GDP per capita (constant 2015 US$),NY.GDP.PCAP.KD,,,,,,,,,,,,,,,,,,,,,1174.132814,1185.596502,1226.818933,1250.621847,1266.154989,1259.291918,1247.58229,1233.657649,1233.02004,1162.339731,1189.940444,1098.652051,1167.877241,1181.222125,1099.258744,1119.340667,1086.019175,1110.496946,1105.536268,1106.907846,1203.651763,1206.65693,1208.858061,1210.733564,1210.800664,1220.003584,1227.290074,1212.696684,1235.972873,1250.90244,1272.607232,1299.111006,1313.581948,1343.546907,1342.32966,1329.370482,1345.626165,1369.411803,1391.845704,1389.36488,1359.707089,1359.762861,1368.374632,1382.519694
CPV,GDP per capita (constant 2015 US$),NY.GDP.PCAP.KD,,,,,,,,,,,,,,,,,,,,,581.7550658,622.1758438,630.3732152,680.3092708,696.0472557,745.6202291,756.2601004,777.8309574,813.0374585,846.5740361,835.1207232,826.6813993,896.5193596,953.8610111,1113.938065,1248.281044,1365.498206,1492.018474,1652.111172,1809.805826,2037.317209,2051.217339,2127.708723,2186.895004,2379.796362,2514.167793,2683.839439,3056.971029,3238.441593,3159.586987,3194.616677,3309.201216,3341.742105,3361.093877,3383.842281,3415.062667,3560.140073,3719.71306,3853.6794,4115.902835,3255.93629,3471.655342,3997.767633,4195.754339
CRI,GDP per capita (constant 2015 US$),NY.GDP.PCAP.KD,3609.409198,3542.674004,3600.833093,3713.741159,3718.236031,3890.273123,4029.533842,4127.673816,4348.207358,4459.98825,4665.116491,4850.539637,5112.646907,5368.036924,5523.188845,5496.157617,5650.75234,5994.142454,6202.51127,6335.45848,6211.829891,5908.217224,5329.871854,5333.852102,5605.375749,5492.83543,5641.943909,5756.519068,5802.828915,5979.074106,6037.051117,6018.682837,6408.205315,6693.490832,6826.322734,6940.837021,6871.60941,7085.988343,7430.172411,7584.42137,7726.519857,7854.233958,7989.559261,8207.457468,8445.529149,8655.339654,9160.294375,9779.511494,10104.9092,9883.67567,10285.08567,10612.46949,11001.51929,11151.14379,11422.67358,11714.7106,12084.43513,12468.56545,12679.52536,12877.6501,12242.20989,13146.69279,13686.16141,14318.83897
CUB,GDP per capita (constant 2015 US$),NY.GDP.PCAP.KD,,,,,,,,,,,2620.087708,2795.975227,2884.411174,2941.10693,2932.404557,3174.549765,3314.86184,3574.737354,3785.596853,3806.654422,3606.743901,4297.337305,4650.666056,4863.893643,5206.71097,5246.135302,5206.529667,5036.672201,5174.621206,5160.026813,4961.457389,4395.454935,3861.874374,3270.550476,3280.384533,3348.887632,3599.324986,3687.425304,3680.98418,3895.546433,4112.261684,4229.903094,4277.395656,4426.965996,4670.188021,5182.352836,5799.411637,6215.766037,6469.085078,6561.253051,6716.490485,6902.163976,7109.248342,7307.820044,7392.483246,7727.919972,7774.069846,7927.277693,8120.431236,8124.752821,7252.316722,7379.014004,7552.317067,7433.443362
CYM,GDP per capita (constant 2015 US$),NY.GDP.PCAP.KD,,,,,,,,,,,,,,,,,,,,,,,,,,,,,,,,,,,,,,,,,,,,,,,96066.62908,96202.73794,93115.31684,84001.42157,79483.09728,78233.01876,77074.38909,76038.87955,76104.62157,76379.20951,77031.86439,77717.17521,79305.76967,80714.57182,75199.64504,77285.79668,79587.38879,81411.64578
CYP,GDP per capita (constant 2015 US$),NY.GDP.PCAP.KD,,,,,,,,,,,,,,,,6173.291992,7484.800293,8708.413086,9350.950195,10197.61816,10667.79395,10756.21094,11269.76758,11801.14258,12669.44141,13127.47168,13458.46875,14253.49707,15322.62109,16306.25879,17144.39648,16829.83984,17928.46484,17623.20898,18280.94336,19453.76367,19385.21094,19617.10156,20562.20313,21349.6543,22383.86523,23019.14844,23604.08008,23930.66992,24799.54688,25631.26563,26395.41016,27156.68359,27449.04297,26183.46094,26090.04883,25538.78125,24285.49609,22738.49023,22581.82813,23487.22852,24916.63281,26105.58594,27406.47656,28625.7793,27391.58984,30227.91797,32015.35156,32341.30273
CZE,GDP per capita (constant 2015 US$),NY.GDP.PCAP.KD,,,,,,,,,,,,,,,,,,,,,,,,,,,,,,,11900.58446,10543.6196,10479.49187,10475.08491,10775.94439,11453.38002,11944.71715,11886.34809,11850.83962,12026.46881,12543.93643,12958.46676,13179.98781,13618.93496,14259.63343,15147.72144,16107.30425,16892.54286,17190.64703,16272.80847,16665.93178,16926.28467,16772.35392,16759.78087,17118.04256,17931.59877,18359.09781,19257.69307,19736.62953,20360.05992,19233.14696,20373.8783,20627.34865,20245.6558
DEU,GDP per capita (constant 2015 US$),NY.GDP.PCAP.KD,12600.3274,13041.15947,13524.64911,13766.53554,14562.83589,15196.32661,15493.82838,15372.21501,16171.55314,17233.9697,18053.28777,18584.71341,19291.39267,20149.47714,20320.9009,20220.02098,21311.94501,22075.21891,22759.1493,23693.26019,23977.26986,24067.48255,23995.26619,24436.54732,25213.38204,25858.05887,26437.41774,26766.96006,27651.03627,28507.16213,29747.69094,31040.29356,31425.64761,30915.87289,31609.11029,31990.79499,32229.47787,32779.28025,33461.31922,34152.00323,35087.08916,35601.36284,35460.41213,35252.97451,35670.48703,36006.85781,37437.39188,38570.91464,38996.14341,36927.19203,38517.43979,40712.65774,40829.03489,40875.02628,41588.07639,41911.01099,42528.06371,43520.18642,43874.01309,44207.63205,42362.64721,43898.77132,44180.42984,44336.77752
DJI,GDP per capita (constant 2015 US$),NY.GDP.PCAP.KD,,,,,,,,,,,,,,,,,,,,,,,,,,,,,,,,,,,,,,,,,,,,,,,,,,,,,,2138.438431,2248.591143,2376.125547,2502.851814,2596.451347,2677.167015,2781.946872,2776.540909,2860.537939,2925.840718,3078.285987
DMA,GDP per capita (constant 2015 US$),NY.GDP.PCAP.KD,,,,,,,,,,,,,,,,,,2920.802433,3214.413364,2615.8173,2960.864654,3285.867686,3435.525067,3539.074416,3703.410509,3772.367719,4058.32028,4337.566692,4704.104849,4725.565272,5019.229285,5111.17473,5212.720479,5317.105544,5315.570461,5477.308788,5652.135889,5784.921744,6018.456154,6062.041554,6236.415307,6252.786201,6068.936536,6439.058267,6624.088316,6659.287797,6962.281243,7400.183443,7926.348888,7832.5055,7885.762187,7846.028492,7755.638602,7612.336009,7899.649941,7679.832936,7983.235716,7575.633653,7881.436319,8351.125229,6996.136586,7519.493551,7984.01911,8399.966014
DNK,GDP per capita (constant 2015 US$),NY.GDP.PCAP.KD,17520.74648,18508.69644,19405.89569,19376.28034,21003.911,21790.23124,22208.42892,23330.99516,24546.65384,26071.03994,26356.12703,27005.36507,27871.04353,29010.51914,28597.32231,28112.97095,29723.09112,30218.96004,30853.37202,32025.19134,31745.91679,31519.6358,32770.48672,33663.58647,35142.76745,36587.44528,38268.06838,38396.56707,38482.66635,38727.71837,39306.79392,39776.59617,40447.23282,40280.89358,42270.65208,43328.52934,44331.61995,45546.5896,46437.1921,47657.17319,49266.98827,49557.15101,49624.59653,49708.0909,50956.30455,52015.18413,53823.15904,54113.97714,53572.53466,50635.9118,51209.44926,51667.53132,51470.68983,51970.39094,52368.36259,53094.01336,54300.20395,55601.01456,56355.0733,57114.62273,55934.55561,59803.92021,60248.67123,61295.98186
DOM,GDP per capita (constant 2015 US$),NY.GDP.PCAP.KD,1386.307282,1312.125962,1488.715784,1537.649397,1592.723172,1353.518837,1491.543739,1496.499681,1457.401095,1570.84778,1805.551249,1946.557077,2089.919383,2295.121999,2367.538565,2425.065551,2521.463882,2579.828669,2569.109691,2619.317446,2759.257671,2808.993444,2790.769196,2853.361265,2823.973338,2703.269864,2738.514677,2952.098458,2952.744518,3018.159364,2794.135325,2763.066188,3012.194008,3171.38809,3192.019631,3310.880021,3445.558621,3686.905705,3869.939798,4033.876045,4154.062655,4189.807661,4312.882946,4194.017881,4243.094688,4582.673843,4940.895634,5243.057076,5344.930678,5327.532792,5698.414297,5802.84239,5886.665615,6098.905037,6451.882897,6819.932252,7193.701249,7447.943407,7882.857269,8195.983206,7565.842764,8406.369342,8730.59335,8857.402787
DZA,GDP per capita (constant 2015 US$),NY.GDP.PCAP.KD,2388.420079,2027.273515,1604.487738,2122.431092,2209.906979,2311.739746,2161.491339,2313.258588,2505.314097,2655.443288,2826.241462,2449.952269,3050.822166,3093.380555,3245.607995,3290.827601,3408.018208,3459.303996,3672.11778,3830.809592,3742.710247,3731.939054,3840.575386,3912.936591,3993.395405,4002.556194,3888.364759,3746.165667,3606.268388,3666.853079,3605.687012,3478.509763,3455.929363,3302.919506,3201.569144,3255.187269,3322.955381,3297.466034,3410.882544,3471.491963,3553.324205,3610.006056,3754.660815,3945.898161,4066.282048,4223.602521,4279.615471,4339.250558,4367.56538,4336.100541,4456.610274,4501.354301,4518.43979,4543.23444,4634.101492,4685.059027,4768.731401,4742.900755,4717.003589,4672.664087,4363.685338,4456.746876,4544.466881,4660.405457
ECU,GDP per capita (constant 2015 US$),NY.GDP.PCAP.KD,2391.680043,2444.259029,2492.226227,2472.248968,2578.959354,2586.067617,2501.915579,2540.661692,2513.002161,2553.059247,2648.647986,2733.315989,2787.378776,3085.042904,3333.368609,3595.345136,3754.409214,3710.30598,3815.912353,3852.478421,3889.178172,3999.221987,3918.960981,3804.532819,3803.57699,3852.891055,3888.315072,3785.72228,3916.010152,3866.167477,3919.717581,4000.568198,4000.031462,3996.993775,4087.34069,4100.687353,4093.841545,4192.855232,4252.043486,3979.192936,3953.398797,4049.000189,4174.897936,4220.212985,4430.23718,4589.328492,4706.980568,4715.303598,4939.90215,4909.336817,5022.203744,5359.457246,5579.856243,5893.321727,6055.041728,5976.159681,5849.135879,6104.272535,6063.095674,5971.389384,5355.689331,5836.167609,6148.022655,6238.158684
EGY,GDP per capita (constant 2015 US$),NY.GDP.PCAP.KD,754.6651274,773.3599527,782.464129,842.3261123,915.1286329,935.9542135,958.8506569,942.8606581,905.1646645,930.0309023,959.0560553,975.1724357,982.1052084,993.4293163,985.8620777,1048.969512,1160.791937,1235.697101,1309.776151,1335.531521,1431.401082,1495.854831,1599.400832,1632.382014,1738.325773,1785.07843,1817.076257,1835.113426,1882.267978,1921.856304,1972.137893,1940.100194,1979.020101,1989.9792,2024.953738,2074.839911,2133.648042,2204.665759,2277.285048,2361.864251,2458.60835,2492.034412,2498.481212,2524.804772,2574.423418,2635.703052,2761.624108,2902.065598,3052.212978,3135.096613,3233.845212,3222.376501,3220.991942,3216.37839,3235.662462,3306.981594,3381.222463,3452.909612,3568.639663,3701.244635,3770.869479,3837.319923,4029.782955,4111.249244
ERI,GDP per capita (constant 2015 US$),NY.GDP.PCAP.KD,,,,,,,,,,,,,,,,,,,,,,,,,,,,,,,,,642.0722335,705.9884052,829.9150372,806.7029953,838.6605726,895.0337735,899.0829742,886.0536792,845.1324301,893.2687354,889.0091136,830.3796723,808.5914202,809.7947935,789.402432,789.0727017,693.3988742,702.4309365,703.8773744,751.3748998,,,,,,,,,,,,
ESP,GDP per capita (constant 2015 US$),NY.GDP.PCAP.KD,6284.851985,6963.897991,7586.921056,8242.392569,8594.115688,9032.899621,9588.733203,9882.544127,10397.63935,11212.71894,11559.59549,11952.15089,12784.28273,13628.56005,14237.90229,14161.14625,14475.20825,14733.68582,14805.98821,14682.13194,14886.40673,14761.37764,14855.91086,15045.40016,15250.45351,15548.04005,16005.97326,16850.09035,17670.97488,18494.93978,19174.77083,19612.97661,19698.51175,19394.49314,19762.38863,20217.90319,20658.84027,21310.43119,22135.4045,23017.83878,24106.88184,24878.37844,25205.31547,25481.16538,25825.31065,26294.44737,26899.09215,27338.79542,27112.5263,25860.81426,25766.25159,25510.55796,24763.56827,24490.22793,24937.03661,25969.83831,26704.34358,27413.32876,27947.31777,28291.63068,25073.72098,26721.14818,28168.36704,28569.84365
EST,GDP per capita (constant 2015 US$),NY.GDP.PCAP.KD,,,,,,,,,,,,,,,,,,,,,,,,,,,,,,,9341.225375,8637.20576,6934.170489,6706.559829,6738.998972,7170.945893,7637.257289,8732.990244,9199.93557,9133.895897,10006.76926,10662.94549,11474.66219,12424.04402,13348.52756,14703.61755,16234.51461,17543.46542,16688.99685,14274.85069,14657.93877,15820.92152,16460.68388,16809.53232,17413.686,17722.15577,18264.98673,19270.81382,19914.34459,20579.87548,19946.94499,21351.39487,21080.65197,20123.42219
ETH,GDP per capita (constant 2015 US$),NY.GDP.PCAP.KD,,240.267722,244.4244317,248.9690864,252.4197405,259.915858,271.6034822,275.2702846,278.8612656,275.0614347,276.902884,287.0231958,291.2684611,298.1123786,300.0101184,296.4144269,289.454157,291.6702356,294.6225547,287.0897805,303.8479909,309.296011,300.2459371,316.0202525,299.1342956,258.4165254,275.1281176,302.7650637,292.6370213,280.5929684,277.7688875,247.0093358,216.2925355,236.2667154,235.462375,241.5263011,262.7247189,262.4113393,245.5044767,250.2357713,257.4126988,270.4514354,266.3166145,252.8066748,278.6481057,302.4750227,325.5433921,352.3607031,379.2383104,401.0687299,438.7866165,474.1590343,500.9193553,539.0724518,578.6329229,621.8456738,662.3272959,706.1642273,734.2277266,774.5121694,799.475595,822.305881,843.6433304,875.3736755
FIN,GDP per capita (constant 2015 US$),NY.GDP.PCAP.KD,11153.77878,11917.58566,12189.78911,12501.5396,13083.46787,13731.41211,14004.64619,14231.10537,14493.67014,15893.30998,17145.41902,17527.38846,18771.15898,19968.37959,20507.01836,20784.68831,20793.49096,20785.06849,21330.59875,22791.42379,23945.06049,24150.57838,24756.93901,25373.68041,26052.78668,26862.79921,27513.38869,28412.44979,29811.95092,31214.67501,31291.5223,29290.97744,28162.35135,27807.86148,28785.91953,29890.52434,30883.83486,32762.11803,34457.45562,35886.49496,37872.60215,38784.13097,39343.07001,40038.98398,41521.96287,42529.35072,44069.3959,46213.68992,46359.8733,42412.51349,43556.53864,44391.4537,43507.9346,42883.63856,42502.48813,42560.34568,43529.6762,44862.22049,45337.24111,45898.57099,44690.98018,45818.07629,46356.22564,45588.51306
FJI,GDP per capita (constant 2015 US$),NY.GDP.PCAP.KD,2135.001078,2143.815284,2153.386143,2219.483122,2256.386635,2129.251805,2068.361892,2286.316217,2413.465797,2424.80445,2679.361436,2811.370794,2970.33178,3263.559369,3299.67029,3268.684366,3302.902955,3426.106043,3408.493926,3735.04201,3588.633935,3725.859289,3420.17359,3206.539986,3392.644044,3159.912599,3333.21191,3066.128436,3062.153092,3257.204386,3414.950563,3295.726886,3471.431469,3522.842313,3682.000171,3755.26837,3910.829671,3785.466883,3787.487056,4073.377124,3960.889067,3998.797328,4086.104378,4087.724528,4264.597276,4255.451013,4295.406836,4223.448044,4240.772695,4164.293186,4272.35919,4375.580894,4427.978485,4630.351307,4883.243071,5097.531088,5218.858265,5500.678454,5720.214512,5701.104412,4729.381351,4489.960653,5362.786863,5736.828897
FRA,GDP per capita (constant 2015 US$),NY.GDP.PCAP.KD,10733.3039,11133.14707,11779.29038,12384.53659,13040.56671,13537.04862,14119.52065,14690.80748,15227.47702,16176.7441,17024.1167,17763.42671,18407.15402,19465.89264,20244.61706,19922.00195,20707.75472,21347.55585,22078.72282,22792.23595,23050.9256,23186.76126,23666.51217,23836.4019,24102.01762,24358.13828,24813.03027,25308.62092,26374.12218,27372.05348,27992.97516,28197.23596,28482.51947,28257.09624,28822.50066,29379.61584,29683.77861,30325.52287,31256.50739,32152.72074,33255.13797,33640.6738,33753.57829,33840.61756,34557.14712,34946.03724,35645.41625,36322.16851,36257.36589,35052.85108,35578.1968,36269.95616,36161.29183,36256.08669,36444.39491,36702.43237,36920.53429,37580.59793,38062.4436,38705.2073,35709.20459,38030.85717,38881.22307,39117.4845
FSM,GDP per capita (constant 2015 US$),NY.GDP.PCAP.KD,,,,,,,,,,,1710.089135,1699.996398,1672.834204,2180.622503,2447.419066,2388.249645,2340.493009,2339.54285,2403.522764,2379.242875,2140.903811,2278.807801,2153.628392,2131.395869,1988.538956,2252.265089,2364.53008,2327.856244,2331.799623,2367.544591,2410.222483,2542.217689,2592.341064,2744.199646,2679.257393,2837.150252,2734.952155,2560.838108,2626.598939,2655.475728,2774.794947,2826.842718,2840.207522,2889.046696,2809.065859,2879.621787,2895.035423,2863.835288,2819.079274,2875.738664,2952.115802,3041.777179,2979.680618,2863.903474,2790.770107,2911.16211,2915.627168,2928.722779,2917.31795,3026.122351,2949.828355,3013.18973,2976.673966,2986.276217
GAB,GDP per capita (constant 2015 US$),NY.GDP.PCAP.KD,3311.296938,3756.641608,3987.373027,4176.149995,4307.947118,4601.58265,4738.291469,4857.542247,4899.79966,5195.799226,5527.636051,5969.450752,6511.21796,7026.715766,9594.103232,11184.72419,14823.88299,12653.31375,9377.062838,9187.357658,9182.526802,9399.27026,8866.934616,9113.436705,9533.316593,9058.49955,8741.051386,7044.156749,7730.935748,8162.582408,8354.26309,8627.389857,8138.868219,8237.743387,8322.610108,8514.940099,8603.008134,8870.125509,8949.121101,7944.645179,7596.099707,7556.769953,7338.756206,7301.671544,7148.987134,7130.225058,6724.08149,6908.673992,6468.385234,6264.836115,6481.496121,6699.233946,6803.226681,6938.257539,6998.605454,7047.126546,6991.325145,6840.059593,6724.596143,6817.568795,6534.279665,6479.049007,6527.482079,6541.697108
GBR,GDP per capita (constant 2015 US$),NY.GDP.PCAP.KD,15136.0246,15427.1318,15464.82661,16095.44214,16885.79277,17135.07448,17307.97522,17692.8584,18570.51844,18852.07565,19285.64976,19878.3584,20667.2422,21973.0492,21413.64234,21099.64656,21719.0455,22260.16201,23194.79395,24042.78769,23526.25549,23332.80258,23806.7981,24803.42717,25326.12967,26316.71542,27082.98194,28482.86667,30048.82066,30743.22751,30876.37063,30441.48135,30481.03489,31165.15446,32281.48015,33011.29456,33777.52809,35349.79065,36446.26169,37435.88444,38921.89657,39769.87196,40312.9824,41390.60621,42167.35571,43023.22769,43724.89572,44524.57071,44065.61566,41712.8319,42311.43299,42459.963,42802.02078,43281.57642,44336.53786,44964.39114,45482.46686,46374.58112,46742.14812,47234.24661,42215.88375,45873.8696,47551.22966,47322.66822
GEO,GDP per capita (constant 2015 US$),NY.GDP.PCAP.KD,1438.215694,1484.579369,1536.956235,1578.119186,1640.504494,1789.993422,1902.996065,2002.255619,2072.582853,2151.355845,2387.468102,2421.141782,2464.772102,2601.538917,2806.253644,2991.210073,3150.857258,3345.207149,3572.82136,3808.019059,3948.865351,4122.876591,4169.979244,4311.298716,4506.668137,4688.071865,4266.724946,4285.872595,4479.400183,4146.256808,3534.032277,2768.810161,1513.850174,1062.095281,966.4195962,1029.480546,1187.123206,1354.783522,1431.793361,1503.462988,1561.198676,1661.830191,1768.597012,1977.461433,2105.004728,2321.600843,2554.812535,2891.137023,2970.158583,2887.256079,3090.065137,3362.103003,3609.780799,3806.506006,3960.350801,4086.622347,4225.091549,4442.507441,4713.653548,4975.811482,4659.609253,5175.198652,5736.304496,6180.620599
GHA,GDP per capita (constant 2015 US$),NY.GDP.PCAP.KD,1100.077343,1105.805288,1123.832647,1145.658689,1143.425598,1131.601667,1057.664208,1064.176087,1042.416757,1077.73179,1151.334108,1178.326259,1117.126816,1116.646421,1159.053291,985.9984454,924.2031594,917.7646332,965.7645576,913.1598245,891.0226495,835.9885648,755.8233733,699.9597409,741.1079205,762.2726374,784.4489542,803.4288101,828.5009593,849.1572752,855.3193621,878.0883665,889.7585629,910.1555718,917.8565964,933.3135507,953.7309003,970.390867,991.5882327,1010.25223,1021.638391,1034.581776,1051.810293,1077.028566,1107.614346,1142.599574,1184.527358,1204.566218,1281.835164,1310.81347,1380.367528,1536.860371,1639.518762,1717.526464,1725.293876,1721.699644,1739.726598,1840.29925,1914.260019,1998.30812,1968.966801,2028.784066,2066.173067,2086.806081
GIN,GDP per capita (constant 2015 US$),NY.GDP.PCAP.KD,,,,,,,,,,,454.0218928,469.8530041,472.4760658,471.8909185,488.6222226,494.755008,525.6938233,500.2248666,525.8184573,510.9379037,515.0754982,508.556747,507.4127551,503.2547,499.0997902,511.8855027,514.9488271,518.4607063,536.9351428,544.1252898,548.3715348,540.6227475,540.768238,551.0067427,555.9627823,565.5533597,574.3028658,591.7735302,601.9079931,611.0076858,614.1372351,628.3205549,650.554964,644.0712179,645.1828434,651.3596069,645.4720019,673.6989974,684.7757804,660.7567013,675.7369173,696.1999914,719.5059168,729.8331432,738.2722745,747.3569668,807.236421,867.9075026,899.907328,926.4222195,945.5709034,973.6468901,987.5025015,1028.4737
GMB,GDP per capita (constant 2015 US$),NY.GDP.PCAP.KD,,,,,,,541.0801888,526.3933606,560.8683402,558.5468642,576.3284949,559.6299136,544.8390519,577.94193,594.1613796,648.2801194,674.9740302,676.4554175,696.1849053,664.3537546,682.1444294,680.7632358,652.0666362,696.8494781,694.3026489,662.0081436,662.0023255,651.2450924,653.000031,663.3313099,658.7111653,651.2296154,646.4210319,641.9187385,622.5513188,609.6184914,605.4099248,617.2975977,621.2260582,642.8737051,659.9112376,679.5397559,640.0389321,665.8342223,693.5633145,658.6762854,636.5960269,637.209306,657.6756792,681.4334691,701.0145246,625.4643603,639.1398819,638.5223685,611.879473,619.5363643,615.1933655,628.7772993,658.1278333,682.7976429,670.7586429,689.4932396,710.6869792,727.8387233
GNB,GDP per capita (constant 2015 US$),NY.GDP.PCAP.KD,,,,,,,,,,,530.0382078,507.7291083,539.7287767,540.022722,545.7435844,554.5396111,545.7167198,474.0824441,502.5039804,494.9128073,411.2281911,478.3650164,490.6184413,466.4784851,500.948088,513.5785602,501.4416803,507.7799672,522.5685872,545.3406404,569.1696704,585.585514,574.8520026,567.8600729,568.168872,578.3818499,632.1609069,660.5377747,502.8155402,576.3307953,571.0940152,585.8379807,594.0405352,579.0925068,572.5264646,595.9425556,597.2571517,597.4820209,608.9586205,608.2021319,625.9040273,658.9534705,630.668623,634.0954561,623.6101591,645.0668372,662.4494677,677.4661313,686.4568198,707.7936738,702.1205999,729.0232219,745.6908951,767.0441831
GNQ,GDP per capita (constant 2015 US$),NY.GDP.PCAP.KD,,,,,,,,,,,,,,,,,,,,,457.6088575,460.6949032,443.1267799,436.5718159,415.0306611,443.4956764,412.6313125,412.7902219,407.2413602,387.1282919,366.3144047,349.3528823,453.6378139,485.3922317,545.5954709,617.2948261,989.7772667,2380.321068,2833.331846,3423.121262,3839.086427,5882.850503,6604.005463,7082.654892,9208.605667,10212.45451,10521.99968,11594.91721,13048.07031,12627.86238,10984.32439,11203.90737,11650.71963,10731.64557,10363.48725,9068.910032,7971.834019,7259.109365,6578.900398,6018.120663,5575.262415,5487.924792,5524.243124,5118.219861
GRC,GDP per capita (constant 2015 US$),NY.GDP.PCAP.KD,4985.760464,5599.497353,5586.542242,6225.129322,6786.24147,7481.903299,7909.245059,8289.869234,8829.422615,9814.497916,10666.62085,11453.2124,12535.12771,13488.12436,12573.34817,13248.92129,13938.53857,14162.99112,14993.68907,15293.93143,15246.99441,14876.11725,14617.23519,14375.69969,14591.86307,14900.08622,14927.76138,14541.86028,15110.41466,15602.97329,15438.79367,15727.47357,15717.04634,15374.86255,15604.03394,15857.41626,16005.95116,16501.03164,16973.82935,17358.43472,18002.90651,18742.42354,19548.36772,20632.25574,21688.10512,21880.52656,23220.53244,23973.6937,23923.88006,22878.13467,21547.72419,19448.25575,17924.66205,17644.87668,17903.52526,17980.72982,18049.92892,18352.08841,18769.03901,19216.676,17486.95138,19232.96838,20595.49535,21139.19168
GRD,GDP per capita (constant 2015 US$),NY.GDP.PCAP.KD,,,,,,,,,,,,,,,,,,3040.041564,3226.098489,3435.904235,3451.944177,3523.01455,3655.448158,3765.692681,3877.608512,4083.267759,4346.32354,4705.942651,4807.01373,4947.215949,5102.69173,5130.482575,5046.311072,4909.770764,4956.322451,5026.242156,5213.431037,5438.044582,6036.158998,6409.145915,6677.126523,6509.516603,6707.368735,7309.785471,7233.294944,8162.912321,7808.243583,8257.362257,8307.492215,7733.129906,7670.711658,7695.37616,7559.562848,7688.752977,8206.628621,8694.12438,8983.683973,9357.407289,9744.169196,9785.560402,8413.283355,8781.462485,9406.193376,9727.652026
GTM,GDP per capita (constant 2015 US$),NY.GDP.PCAP.KD,1884.560563,1908.029083,1917.853231,2040.171308,2073.588122,2102.466623,2156.038322,2182.524982,2309.260405,2354.711441,2424.599762,2494.629489,2609.488727,2715.386953,2816.26392,2802.06425,2944.830835,3105.807773,3181.468033,3249.096141,3287.024029,3226.259659,3041.616059,2891.730688,2825.720687,2730.143617,2659.141353,2678.488054,2705.89964,2734.556847,2741.538053,2765.882053,2823.672047,2857.296205,2894.431083,2958.348318,2967.993491,3019.287145,3089.975861,3129.12068,3165.932282,3166.20342,3213.268279,3222.154588,3250.203965,3284.80962,3388.149934,3527.778168,3569.928506,3516.192174,3546.625712,3621.373991,3655.57305,3717.304526,3809.615764,3893.505218,3924.778824,3972.740462,4040.212015,4139.121917,4005.83899,4268.29515,4385.464518,4470.754163
GUM,GDP per capita (constant 2015 US$),NY.GDP.PCAP.KD,,,,,,,,,,,,,,,,,,,,,,,,,,,,,,,,,,,,,,,,,,,29576.22168,29685.95317,31483.81419,32520.37296,31242.4629,31385.04752,31941.2706,31988.72294,32644.14841,32665.37875,33404.93176,34044.31904,34755.26911,35165.70146,35373.84831,35850.90255,35731.22037,36830.12644,32884.88526,33239.48463,34627.98628,
GUY,GDP per capita (constant 2015 US$),NY.GDP.PCAP.KD,2733.670174,2795.915966,2765.602327,2373.894072,2587.337457,2799.889244,2885.010838,2947.367225,2916.586494,3057.003263,3130.481066,3182.829078,3039.045956,3040.965215,3240.0645,3480.326771,3501.590542,3380.430346,3293.62021,3210.167977,3247.672768,3287.40768,2852.842568,2661.880129,2533.834117,2603.4964,2591.39935,2628.318438,2546.091606,2436.296315,2377.217954,2528.080388,2716.75893,2926.936937,3164.667779,3312.649969,3566.134994,3778.006529,3708.046371,3813.330576,3759.607897,3847.094619,3894.871074,3873.041237,3937.114353,3867.933082,4076.779817,4382.104497,4472.345179,4649.341448,4860.09111,5133.895398,5403.798994,5573.342179,5635.717041,5640.415606,5818.616822,5997.182714,6080.906121,6278.630541,9010.610005,10712.00006,17365.33304,23102.66629
HKG,GDP per capita (constant 2015 US$),NY.GDP.PCAP.KD,,3956.034867,4333.854001,4847.35269,5139.829849,5739.60358,5791.098448,5737.13123,5807.416308,6363.751683,6782.704587,7122.104984,7728.311013,8435.927105,8370.881377,8254.069917,9468.590595,10427.22711,11085.91515,11709.31474,12553.21787,13397.4126,13580.12587,14174.78811,15436.06135,15386.74005,16876.34389,18945.82712,20386.33312,20635.63692,21357.36254,22388.72885,23585.77901,24621.75971,25526.53424,25620.08925,25551.43618,26631.86524,24856.8324,25237.70837,26933.27853,26885.47408,27210.11961,28097.14844,30304.33319,32401.40248,34458.03964,36371.68887,36924.09162,35938.59978,38090.03414,39656.35421,39887.84223,40959.98363,41796.86912,42432.16197,43087.54661,44380.80809,45280.49554,44195.28933,41451.32601,44530.94119,43281.79551,43572.96105
HND,GDP per capita (constant 2015 US$),NY.GDP.PCAP.KD,1206.667873,1194.769135,1228.423369,1236.80305,1267.120059,1342.514965,1374.421825,1414.999178,1465.080214,1432.031089,1440.578316,1453.78676,1491.544196,1561.165626,1498.037347,1485.206511,1590.738337,1702.08483,1748.679843,1790.830216,1747.334586,1674.493377,1591.311204,1558.693431,1609.301609,1651.29031,1690.229803,1752.021253,1733.095816,1731.04027,1729.831428,1625.638358,1676.079335,1734.984902,1690.049235,1744.499728,1727.674739,1757.259763,1772.762928,1714.073303,1789.477985,1789.18816,1807.973055,1842.2975,1908.909501,1975.856479,2056.534915,2134.195406,2175.147094,2076.308599,2108.473145,2144.562655,2188.393788,2205.401267,2229.247722,2271.20266,2315.729831,2383.373984,2430.135037,2447.616493,2189.431687,2423.766349,2482.223849,2527.438512
HRV,GDP per capita (constant 2015 US$),NY.GDP.PCAP.KD,,,,,,,,,,,,,,,,,,,,,,,,,,,,,,,9753.604878,7841.713003,7094.467483,6490.139786,6794.985071,7304.458529,7857.722621,8383.182778,8577.212514,8541.239418,8879.96498,9515.409056,10061.69431,10618.94331,11058.71845,11522.39501,12105.05376,12719.00328,12970.92911,12099.79713,11965.48548,11995.13253,11780.53301,11839.24582,11863.8584,12285.30326,12849.3464,13485.88167,14060.71895,14641.22988,13544.97151,15394.47073,16616.39154,17147.16602
HTI,GDP per capita (constant 2015 US$),NY.GDP.PCAP.KD,1735.026571,1653.899226,1752.00307,1688.671124,1631.540712,1636.198146,1596.976597,1534.497964,1554.12753,1583.57821,1564.388952,1634.689639,1619.587594,1664.490818,1727.236664,1713.303796,1822.407345,1853.922184,1931.452296,2037.868166,2146.49093,2045.462558,1934.639428,1914.432476,1882.817893,1856.968113,1811.085824,1760.750451,1728.602543,1644.103745,1627.312645,1624.495989,1507.818729,1398.254646,1207.660545,1302.134912,1330.540399,1340.997021,1344.93904,1356.113446,1342.894905,1314.114197,1304.529381,1326.47161,1286.902821,1304.333037,1305.038138,1343.611114,1356.534001,1412.896535,1317.583893,1369.169213,1354.885461,1392.382047,1411.768348,1411.126847,1416.748819,1432.672286,1437.352519,1394.421141,1331.697785,1292.71955,1256.721436,1219.118716
HUN,GDP per capita (constant 2015 US$),NY.GDP.PCAP.KD,2075.779858,2163.513355,2288.092956,2412.229872,2517.646396,3575.462586,3828.457999,4100.304407,4284.774496,4561.340324,4757.620408,5038.15423,5329.57035,5678.979136,5987.256519,6321.183174,6512.814617,6975.307181,7257.145859,7439.629701,7449.658122,7662.701442,7885.052611,7954.000027,8181.77633,8175.925092,8315.593936,8667.00868,8674.638006,8834.201301,8613.832218,7589.901968,7360.213656,7326.160507,7552.404674,7675.578171,7695.110537,7952.983132,8282.39886,8560.969094,8967.696269,9354.480751,9825.943199,10255.61011,10792.73743,11278.61603,11741.94768,11792.77129,11932.0384,11162.05597,11307.7162,11551.49893,11466.14191,11705.00925,12233.29937,12717.0386,13035.35286,13628.40449,14377.42416,15083.59917,14437.80885,15521.38159,16343.05869,16282.83035
IDN,GDP per capita (constant 2015 US$),NY.GDP.PCAP.KD,597.7345067,614.6780004,608.6728308,578.4809529,582.039622,573.6424741,575.8633016,568.8309638,614.0668372,638.0764857,667.6497612,695.4469715,724.8339921,763.256636,800.6540803,819.5389109,854.3985674,906.7177664,944.755243,989.6783004,1061.791789,1119.39911,1118.383207,1139.006301,1191.590588,1195.123116,1240.064757,1276.13232,1324.37573,1396.699709,1470.918223,1544.995809,1617.109549,1693.107426,1790.3273,1905.542361,2020.991481,2081.841669,1780.200496,1767.514667,1828.10266,1868.591723,1926.374359,1991.918205,2065.706175,2155.447802,2244.080223,2355.152857,2464.601934,2546.219697,2670.81291,2799.624688,2930.518445,3055.24246,3170.72103,3288.222697,3416.810052,3553.519993,3701.321555,3850.903218,3739.449066,3850.688773,4024.920743,4192.623902
IND,GDP per capita (constant 2015 US$),NY.GDP.PCAP.KD,312.7778478,316.7396447,318.3819458,329.6414949,346.0118833,329.3925745,322.2413178,340.0800257,344.1282881,358.9667994,369.1924807,367.0333098,357.0779292,360.6378441,356.6150696,380.1599414,377.4960254,395.4433068,408.5169444,378.2195928,394.1822399,408.1535498,412.5967371,432.4292354,438.5417055,450.9667039,461.7256115,469.2099563,502.9373422,521.0733838,537.8702695,531.8983978,549.23507,563.3728723,588.7278922,620.6999543,654.3559284,667.5984231,695.2937093,742.5392084,756.7041095,778.5073775,793.6159129,841.2788946,892.5966146,947.7325656,1008.232753,1069.246968,1086.506053,1155.101633,1235.159391,1281.610544,1333.096266,1399.453798,1484.316407,1583.998159,1694.46535,1788.697703,1883.357727,1936.030677,1806.501106,1965.309434,2086.076886,2236.312793
IRL,GDP per capita (constant 2015 US$),NY.GDP.PCAP.KD,8532.597193,8973.931492,9224.523973,9605.968133,9921.303233,10075.3426,10124.85767,10660.28062,11487.25964,12089.94711,12308.35729,12587.31982,13206.47182,13609.95936,13956.63285,14505.46969,14487.49751,15466.23109,16344.2017,16623.50993,16939.33558,17298.83865,17527.36008,17361.0241,18005.0626,18530.94269,18443.18676,19301.2083,20395.27385,21666.72328,23481.31286,23797.2066,24425.59751,24958.21971,26290.93165,28676.5106,30550.03608,33578.76161,36143.34224,39501.37638,42643.6344,44196.91598,46022.14108,46643.15796,48906.96323,50599.6045,51710.36223,52904.47328,49512.4262,46514.54262,47040.35439,47607.88529,47217.44338,47999.1238,52098.10496,64311.82347,64367.4069,70069.09958,74427.55207,77117.18979,81791.09346,94184.03782,99677.4731,91647.76885
IRN,GDP per capita (constant 2015 US$),NY.GDP.PCAP.KD,2345.110872,2512.11791,2629.728193,2729.806551,2870.380126,3255.501358,3518.616218,3797.076967,4215.936732,4726.092522,5085.756817,5612.363015,6240.700774,6511.654543,6688.445213,6468.122395,7422.128609,6996.184314,5901.81296,5016.914868,3793.354297,3394.343582,3965.275505,4236.716811,3788.977629,3720.532623,3234.885431,3115.618032,2833.187578,2920.369311,3222.201027,3534.653964,3579.732218,3514.519666,3448.259569,3492.17205,3674.032686,3679.275349,3704.56563,3725.317458,3885.301834,3917.299355,4198.953561,4511.43134,4607.451691,4650.358415,4778.793459,5084.71796,5035.940085,5023.893144,5249.061334,5321.758707,5058.646378,4916.972919,5093.203197,4952.733555,5312.61725,5381.1871,5215.34607,5000.98599,5127.959757,5325.546805,5460.694571,5667.526478
IRQ,GDP per capita (constant 2015 US$),NY.GDP.PCAP.KD,997.9255815,1045.351594,1061.124931,1051.080488,1167.096492,1249.761567,1268.039837,1117.057934,1290.031896,1286.793543,1299.358927,1322.70187,1325.755803,1337.44392,1501.237125,1633.763364,1852.730765,1826.170528,2066.874262,2419.115152,2924.319168,2817.121215,2833.014421,2390.549198,2282.722617,2260.876321,2308.443275,2454.995024,2398.237977,2262.470445,3526.579251,1254.630574,1615.039035,2005.563532,1985.79692,1961.092551,2108.823283,2478.843104,3242.957339,3691.740513,4172.780251,4116.094053,3660.925275,2250.069901,3354.265888,3310.863445,3471.987447,3565.580541,3781.780017,3768.172843,3881.94327,4030.016869,4387.904691,4504.826875,4446.973432,4440.141893,4932.927291,4736.327108,4749.009218,4898.148977,4213.998438,4182.50064,4399.948027,4175.703157
ISL,GDP per capita (constant 2015 US$),NY.GDP.PCAP.KD,13502.26592,13231.86856,14068.88926,15241.61688,16452.67391,17349.88634,18551.28342,18024.3111,16801.90466,17044.28704,18219.7033,20433.43334,21380.41187,22493.54272,23457.57108,23309.12671,24454.19861,26414.24744,27785.79,28852.63829,30189.68901,31120.29652,31368.71188,30290.19765,31207.21632,31981.91453,33739.27613,36223.55643,35628.63963,35281.08209,35417.1491,34930.72761,33330.71468,33426.87444,34334.28721,34188.35059,35557.27725,37302.66803,39622.60698,40725.88604,42174.66506,43288.0763,43143.46058,43763.77561,46766.01687,48850.76586,50731.69069,53646.36902,53821.47082,49527.39883,48193.7014,48933.54566,49191.57442,50946.81626,51233.24405,52951.68151,55513.6423,56501.45768,57697.80442,57493.41953,52641.72348,54506.72805,57933.47483,59096.44447
ISR,GDP per capita (constant 2015 US$),NY.GDP.PCAP.KD,8756.373299,9421.106219,9889.125909,10551.1151,10946.83804,11522.15226,11223.94654,11071.59218,12603.53075,13945.13271,14476.07953,15564.19039,17016.67233,17254.91276,17833.76512,17996.41121,17655.85209,17443.65504,18028.44438,18662.09897,18523.71127,19128.13099,19163.16853,19449.82426,19376.4416,19806.24957,20319.34531,21421.28821,21682.36851,21440.15875,22307.43016,22627.62663,23555.19627,23881.59949,24999.72606,25948.73239,26762.01915,27081.61709,27545.11082,27744.92205,29352.27585,28717.12775,28110.34635,28011.82668,28808.82984,29498.63367,30599.21721,31871.04663,32338.6662,31924.79102,33112.70681,34314.65039,34542.88176,35338.62421,36013.66865,36123.99079,36969.74166,37809.44152,38599.1089,39302.65182,38049.99033,40911.43553,42710.40176,42852.58103
ITA,GDP per capita (constant 2015 US$),NY.GDP.PCAP.KD,9731.196254,10459.71436,11033.68886,11567.94587,11794.16084,12077.46202,12701.16188,13514.75736,14308.55942,15095.41279,15813.20112,16025.77488,16523.13316,17580.91207,18426.90801,17934.32286,19116.61077,19522.99693,20083.88021,21219.26696,21901.92687,22060.32871,22135.16285,22385.84161,23102.81154,23742.38549,24420.08028,25196.98811,26241.16192,27109.97057,27625.17924,28030.76538,28245.42712,27987.4329,28583.62553,29408.32096,29795.65978,30353.37783,30892.17587,31405.26091,32609.66747,33245.28037,33285.41486,33159.84158,33431.55991,33521.32022,34022.11904,34345.75989,33769.89735,31832.98601,32220.48607,32388.81801,31292.13113,30369.12937,30091.34815,30387.12932,30815.08691,31356.22404,31675.5758,32180.4341,29469.79893,32267.7091,33840.34322,34088.08813
JAM,GDP per capita (constant 2015 US$),NY.GDP.PCAP.KD,,,,,,,3921.009364,3944.825499,4123.878481,4303.637082,4763.608716,4815.243796,5600.573686,5213.255126,4918.324201,4837.511997,4454.989387,4286.713315,4234.959837,4141.33628,3857.065616,3907.586986,3934.023621,3953.617709,3841.535257,3685.981782,3720.503502,3982.112647,4112.196843,4377.062944,4526.501593,4704.012225,4748.862051,5142.588352,5160.430796,5229.030671,5172.782396,5066.852826,4906.414509,4919.417447,4928.331884,4963.066073,5031.195644,5184.142887,5222.097988,5239.672903,5363.826903,5414.908807,5347.632745,5094.030874,4998.667181,5063.193801,5010.459674,5016.031346,5032.442631,5062.895565,5119.039719,5159.343374,5248.774022,5289.654924,4752.333423,4958.845815,5215.086073,5328.616241
JOR,GDP per capita (constant 2015 US$),NY.GDP.PCAP.KD,,,,,,,,,,,,,,,,,2926.451256,3073.820953,3415.765518,3991.690342,4278.632884,4816.74408,4939.755373,4619.982517,4605.21127,4280.416438,4312.611019,4213.354798,4080.287495,3472.225097,3202.33686,3010.137312,3264.844726,3238.475417,3240.445451,3303.287179,3262.106152,3280.697932,3302.299427,3341.656443,3412.076732,3518.766353,3644.624346,3713.151936,3935.157047,4151.61313,4209.86864,4287.352298,4489.955455,4615.230678,4621.574285,4631.677038,4677.47614,4556.520237,4282.118728,4042.756781,3933.147046,3940.701992,3928.770268,3919.064269,3806.879494,3874.327078,3909.802264,3950.312273
JPN,GDP per capita (constant 2015 US$),NY.GDP.PCAP.KD,6388.878101,7094.470465,7655.05526,8219.987397,9084.795181,9510.549566,10426.6399,11462.92639,12794.62362,14221.05237,14114.31582,14456.8212,15455.13694,16463.27917,16046.78468,16333.67482,16801.92503,17370.61655,18120.72843,18953.33391,19334.37474,20011.82925,20525.29585,21122.96484,21912.15186,22898.99424,23527.71252,24503.08457,26026.86488,27199.93997,28422.21312,29308.27409,29462.65397,29232.43979,29466.75525,30171.16379,31046.17015,31276.19308,30795.08889,30636.26612,31430.63113,31476.05207,31416.12418,31830.21758,32515.1158,33098.54747,33531.51856,33990.03603,33557.6454,31651.08377,32942.20208,33011.13423,33518.44494,34239.88625,34386.90586,34960.63938,35242.19938,35861.97285,36138.52908,36043.7844,34650.79678,35701.45427,36202.63927,36990.33011
KAZ,GDP per capita (constant 2015 US$),NY.GDP.PCAP.KD,,,,,,,,,,,,,,,,,,,,,,,,,,,,,,,5557.082157,4910.153241,4635.421547,4223.128202,3740.978109,3498.514544,3583.369084,3728.963865,3750.564946,3899.657231,4269.330168,4822.528628,5267.699032,5724.431992,6233.294394,6787.411555,7450.396871,8036.875998,8216.521816,8218.399126,8704.706555,9223.302134,9531.914776,9959.725869,10226.71005,10196.12263,10151.42331,10404.27186,10670.21201,10989.68407,10565.03598,10873.39153,11058.34824,11453.39527
KEN,GDP per capita (constant 2015 US$),NY.GDP.PCAP.KD,792.9580202,704.5324132,742.2148027,776.6140532,783.7772739,768.3120093,847.0284818,841.4490111,873.3963201,906.6361826,831.8018193,980.0294494,1108.227141,1133.748285,1140.552559,1113.009776,1100.656501,1165.368612,1203.767877,1251.319133,1275.282697,1276.927788,1250.613969,1221.534859,1198.094372,1204.919324,1245.98851,1274.22088,1306.364337,1320.507745,1329.333128,1305.464157,1255.938706,1223.506167,1219.784111,1237.882505,1254.210252,1226.195421,1232.066581,1224.634046,1195.412969,1202.293488,1171.426252,1169.144337,1191.254436,1223.447385,1263.541647,1309.910929,1273.772261,1276.735035,1340.164674,1370.580009,1396.301787,1413.941425,1450.593382,1489.119598,1517.977961,1542.33774,1596.690459,1645.709618,1609.334141,1698.895783,1747.531988,1808.404791
KGZ,GDP per capita (constant 2015 US$),NY.GDP.PCAP.KD,,,,,,,,,,,,,,,,,,,,,,,,,,,1022.866604,1036.71013,1153.025066,1160.676081,1203.472083,1089.900055,928.3156233,784.5649192,627.2210594,587.2981807,619.6678356,671.2500796,675.0583189,689.4142782,718.3429057,749.4238553,742.4430011,786.350475,831.4821854,820.7095989,837.1380266,900.0280503,966.4099712,981.2209047,962.7647898,1005.483269,985.8472866,1069.784044,1088.582234,1105.65203,1128.316253,1157.182849,1175.071369,1201.877014,1093.328646,1132.554678,1212.178214,1264.174395
KHM,GDP per capita (constant 2015 US$),NY.GDP.PCAP.KD,,,,,,,,,,,,,,,,775.6130131,832.04637,768.3490094,835.7090438,746.0857241,688.762216,678.011251,659.0622426,663.8855391,671.7302488,679.9895511,678.6700941,790.553707,852.2239753,849.2790497,824.0516558,850.6102212,862.4780309,845.3820043,513.967148,520.9268832,511.6703496,496.7705513,499.0166491,552.9014922,598.5619153,632.833574,662.1883413,719.3334942,775.847139,866.3402901,947.0652201,1030.231176,1090.574758,1117.258342,1155.852369,1221.388399,1295.252715,1376.295576,1464.531159,1547.320104,1645.466716,1753.935305,1884.283748,2008.32094,1908.634275,1938.764367,2010.766737,2083.593018
KIR,GDP per capita (constant 2015 US$),NY.GDP.PCAP.KD,,,,,,,,,,,1473.597058,1411.815787,1552.546464,1844.899912,2663.393897,2816.41012,2073.591092,1990.874971,2025.514587,1781.692043,1734.329946,1811.681138,1763.179102,1565.118392,1754.012216,1492.760326,1422.516486,1406.315668,1675.63809,1516.915043,1387.652917,1283.346363,1564.723113,1539.30446,1547.623976,1566.472461,1539.336651,1529.249495,1569.027016,1482.191998,1555.581639,1477.951521,1467.9925,1415.545878,1378.958451,1368.997257,1419.386932,1433.357428,1361.835853,1340.275721,1328.787575,1348.060277,1405.502727,1493.491141,1492.850586,1639.852743,1731.436934,1769.511909,1803.948645,1835.219626,1793.385362,1911.694434,1954.502751,2003.469468
KNA,GDP per capita (constant 2015 US$),NY.GDP.PCAP.KD,,,,,,,,,,,,,,,,,,4474.441622,4664.557118,5040.414999,5489.175119,5593.930469,5646.522936,5740.25409,6281.968291,6858.001447,7649.33908,8203.61881,9022.843518,9588.262879,10136.98655,9966.203744,10300.54154,10860.6035,11290.21684,11743.37842,12269.79674,12940.78529,12710.96298,12942.8575,14039.02811,14610.90996,14727.39088,14100.3068,14619.79511,16000.56589,16457.86224,16508.14371,18325.76127,17671.25471,17688.06901,17958.6814,17770.49636,18773.89269,20187.8062,20328.80035,21133.65759,21191.60471,21635.49721,22274.59141,18887.43626,19021.45948,21047.36363,21505.72442
KOR,GDP per capita (constant 2015 US$),NY.GDP.PCAP.KD,1027.654781,1066.803852,1077.11603,1142.027629,1217.946994,1274.272444,1391.672463,1482.995253,1639.750154,1836.478707,1977.429413,2143.28913,2255.206736,2545.777543,2740.585299,2906.150499,3238.269872,3581.468239,3913.833174,4189.181488,4056.526007,4283.119601,4569.087175,5104.448097,5573.842719,5951.879089,6560.479672,7322.719869,8120.639687,8609.426114,9367.092587,10274.48275,10798.56168,11424.58513,12358.51802,13411.11192,14332.13672,15074.48834,14198.38627,15714.41195,16995.55919,17684.05038,18940.38422,19435.49341,20364.75997,21197.19909,22196.20775,23365.14021,23887.05955,23952.81322,25455.61748,26191.64426,26680.27544,27399.61595,28100.01028,28737.43917,29467.12434,30312.88885,31059.26681,31645.94983,31378.15793,32771.07242,33690.37888,34121.02118
KWT,GDP per capita (constant 2015 US$),NY.GDP.PCAP.KD,,,,,,,,,,,68591.70724,68673.32886,67066.73985,58987.7697,48324.53072,39840.75993,39811.73524,35866.60554,36140.32445,38757.80666,29547.75482,22766.10318,19135.91228,19686.20179,19848.77928,18264.44439,19042.37877,19786.36445,17116.06559,20743.68673,20140.78336,14812.92001,22382.84195,29323.85311,31946.49009,33156.84717,32417.96262,32152.43657,32306.66855,30798.09455,31341.97791,30573.42826,30702.21604,35169.63339,37918.54038,40451.25495,41137.96971,41113.86917,39852.5127,35124.08521,32568.51498,33545.34607,33578.33082,32311.17952,31073.15348,29882.21269,29454.44212,27048.37054,26706.01903,26580.2263,25541.5075,26354.94567,26508.46047,24155.18723
LAO,GDP per capita (constant 2015 US$),NY.GDP.PCAP.KD,,,,,,,,,,,,,,,,,,,,,,,,,579.867783,592.627302,604.3317883,579.0226205,551.3631637,611.8220699,634.525297,643.4102591,660.633862,680.9641537,717.5092451,749.2347417,782.6831565,819.2058513,836.0880985,881.6341296,917.2280386,954.1235054,994.492242,1038.711928,1088.760347,1148.681539,1228.089276,1301.085975,1381.737542,1463.337967,1564.910683,1666.400862,1774.635852,1890.278613,2006.311954,2121.013391,2234.760987,2351.574417,2459.978746,2554.95638,2529.746227,2556.589126,2589.050152,2648.887266
LBN,GDP per capita (constant 2015 US$),NY.GDP.PCAP.KD,,,,,,,,,,,,,,,,,,,,,,,,,,,,,3934.029377,2218.626436,2752.724423,4031.194745,4595.580833,4992.698782,5301.415847,5542.22651,6054.529119,6008.758554,6120.456727,5982.417884,5958.978368,6085.760414,6207.241339,6319.765183,6633.75258,6707.180246,6696.374282,7179.345201,7701.29823,8375.488513,8955.543362,8936.200275,8920.805698,8443.538565,7830.415111,7714.11,8019.141691,8305.574054,8388.723512,8064.048734,6440.828431,5973.419339,5909.036516,
LBR,GDP per capita (constant 2015 US$),NY.GDP.PCAP.KD,2444.314695,2443.496595,2415.69266,2409.49542,2470.567914,2524.011734,2650.225957,2758.089769,2816.846647,2945.890042,3062.760127,3133.087942,3181.187459,3029.076988,3089.602411,2902.917062,2974.922352,2938.380806,2991.43153,2999.253072,2792.036998,2653.14625,2514.921322,2394.574378,2272.71154,2185.928098,2085.952882,2005.36576,1908.453041,1360.080491,754.1340095,735.1806587,450.5386777,290.3889202,227.742776,216.0935546,235.4350582,449.2860586,528.6703418,609.0409033,754.8509174,754.4223558,762.7163939,528.5673955,535.9958821,539.6653788,551.3774466,574.6093943,591.1853781,603.2562111,621.7832951,646.908727,674.3600114,717.0072804,707.1576949,692.5900824,668.0315132,671.2608998,665.8754396,636.6993848,605.0254754,621.9279831,638.0051839,653.3291883
LBY,GDP per capita (constant 2015 US$),NY.GDP.PCAP.KD,2818.01055,2971.843678,3777.530945,4893.767784,6843.48145,8525.205072,9863.913689,10676.10212,13891.98934,15230.40468,15460.23383,14161.88074,14950.55633,14659.89703,17044.21985,16770.02692,19473.67633,20018.42952,19521.59192,20077.74012,19090.55037,14587.38589,14580.89244,14242.61275,13328.58935,13975.09748,12022.66479,9976.130245,10458.67019,10940.1407,11085.94399,12541.69262,11949.2275,11274.34522,11280.38293,10839.28022,10891.80557,11284.77807,10722.87007,10643.14528,10853.80595,10467.87761,10170.30958,11267.06276,11529.10866,12628.89615,13176.77589,13712.96026,13403.00046,12549.08543,12913.93349,6569.594776,12599.25888,10126.31493,7644.248439,7458.489178,7236.164099,9435.6006,10020.91658,8768.410487,6102.79864,7733.390076,7008.206484,7633.451428
LCA,GDP per capita (constant 2015 US$),NY.GDP.PCAP.KD,,,,,,,,,,,,,,,,,,4232.46609,4600.433974,4706.092548,4533.623575,4745.083705,4768.481531,4926.920252,5200.749951,5540.557507,6238.050961,6386.0794,7178.194741,7736.223015,8418.446046,8349.352185,8879.916397,8800.642417,8808.698458,8822.516236,8945.879286,8759.58298,9183.367811,9306.776716,9198.955144,8795.561311,8755.474813,9054.083729,9637.394987,9527.601474,10045.6681,10147.46112,10583.44966,10219.8204,10191.33263,10576.9166,10517.29629,10259.93368,10369.97704,10334.92256,10644.119,10960.60498,11233.94852,11114.77805,8379.309757,9337.01779,11224.24975,11440.06324
LIE,GDP per capita (constant 2015 US$),NY.GDP.PCAP.KD,,,,,,,,,,,,,,,,,,,,,,,,,,,,,,,,,,,,,,,,,,,,,,,,,,,,,,,,167187.1573,,,,,,,,
LKA,GDP per capita (constant 2015 US$),NY.GDP.PCAP.KD,,659.6933063,668.3804733,668.6381018,677.9093346,678.3256153,695.3980319,722.5124895,746.2691811,785.2716018,797.3427453,790.7223712,771.6587871,810.1968185,825.8776936,860.7345875,873.466901,901.5133267,935.1274098,976.6173274,1015.027508,1055.013343,1085.255241,1129.942979,1183.479372,1234.468626,1272.914656,1279.803649,1298.231997,1314.192478,1389.416147,1442.488172,1482.212939,1557.811489,1621.255771,1682.351442,1713.027318,1788.474227,1837.482667,1881.22601,1958.098068,1897.611495,1952.386794,2053.252026,2150.385651,2270.038565,2427.79314,2575.075655,2710.198366,2788.932776,2994.795859,3234.297739,3486.86499,3731.155706,3932.260106,4060.131397,4217.250219,4440.51155,4495.710463,4458.434427,4229.749629,4360.566563,4035.651163,3968.676289
LSO,GDP per capita (constant 2015 US$),NY.GDP.PCAP.KD,262.7404305,259.7662448,290.7832964,312.2411452,328.1981913,325.5905389,314.0552857,336.0870748,322.8016164,316.0958377,311.547636,316.0161659,304.4744127,371.7433655,398.5830507,333.0116479,358.1296671,423.8053541,487.3514556,487.1660451,460.2016173,450.1025263,456.7089571,452.5203317,464.0856938,462.8921723,472.432856,465.4731473,494.9218915,513.1063029,533.8249642,560.8849057,590.0082121,601.5579141,628.9600512,641.7587119,670.4695818,689.8062185,696.9359739,698.4410872,725.2636687,752.2432125,760.0334432,798.5405006,817.7935979,853.9605006,893.7506866,927.2686333,971.8813668,952.7479297,995.2334325,1031.997216,1086.390348,1093.953235,1100.049937,1121.198513,1147.587488,1097.821668,1068.444629,1040.99351,944.8341187,955.2212363,967.519286,974.3824828
LTU,GDP per capita (constant 2015 US$),NY.GDP.PCAP.KD,,,,,,,,,,,,,,,,,,,,,,,,,,,,,,,8333.350535,7847.017181,6185.535109,5206.442554,4730.696222,4924.096574,5211.100092,5685.448811,6154.172269,6129.998605,6384.308649,6854.525052,7374.097778,8218.69325,8851.926006,9692.868372,10577.21423,11889.35455,12324.51951,10612.92032,10884.11605,11836.71997,12522.34086,13161.63427,13776.1053,14300.25537,14870.10495,15775.00059,16709.55618,17537.48196,17540.29486,18619.70268,18884.51486,18685.55195
LUX,GDP per capita (constant 2015 US$),NY.GDP.PCAP.KD,27861.16889,28665.75675,28701.49643,29381.70158,31339.86772,30757.62262,30874.7108,30840.02492,32048.53548,35072.38303,35513.80099,36114.97655,38033.74016,40742.79185,41908.97527,38729.56046,39515.03535,40065.69142,41623.60104,42500.2549,42705.33854,42345.04515,42788.94856,44056.25147,46733.92355,47945.84837,52496.6662,54218.27539,58381.75426,63481.58474,66027.0758,70779.97291,71116.94009,73116.19466,74883.14185,74896.09658,74916.50677,77993.05853,82170.23992,87695.33958,92527.71181,94243.70732,96269.57939,97597.99692,100292.5685,101222.0457,105614.1799,112417.8785,110094.7923,104574.3499,106544.0572,105290.249,104487.7442,105338.9561,105583.937,105462.0126,108351.4522,107142.1276,106376.7836,107350.6267,104616.0347,110425.8884,109714.9243,106342.7575
LVA,GDP per capita (constant 2015 US$),NY.GDP.PCAP.KD,,,,,,,,,,,,,,,,,,,,,,,,,,,,,,,7622.69844,6694.199102,4607.113906,4464.721241,4639.505762,4661.668511,4822.903966,5317.980183,5719.989223,5929.26761,6336.383106,6833.435286,7443.229388,8149.001945,8957.233904,10106.26246,11507.46468,12810.04078,12506.6945,10675.42524,10500.86664,11018.51537,11971.01088,12353.53885,12731.67742,13321.97531,13787.33672,14382.86134,15120.0696,15328.38615,14900.72947,16070.87287,16406.64906,16703.90185
MAC,GDP per capita (constant 2015 US$),NY.GDP.PCAP.KD,,,,,,,,,,,,,,,,,,,,,,,23023.33977,23952.67414,24734.59121,24326.59982,25398.43806,28006.91045,29320.48149,29931.58862,31369.86356,30973.36577,33271.19227,33802.98071,34103.7623,34151.9036,33533.60967,33263.70453,31367.2424,30262.13517,31763.25449,32432.27857,34959.47896,38571.58531,47650.93711,49454.30545,53221.61293,58352.96156,58122.77466,59490.40232,74158.83291,88121.85402,93164.19359,98998.25867,92322.22732,70070.2918,68570.51286,75807.99044,79378.33955,75835.76365,33952.49691,42121.7745,34121.95082,59602.35704
MAF,GDP per capita (constant 2015 US$),NY.GDP.PCAP.KD,,,,,,,,,,,,,,,,,,,,,,,,,,,,,,,,,,,,,,,,,,,,,,,,,,,,,,,,,,,,,,,,
MAR,GDP per capita (constant 2015 US$),NY.GDP.PCAP.KD,,,,,,,844.244873,904.0504761,966.9165039,1020.011047,1039.612549,1069.325195,1068.213135,1079.193604,1112.035278,1167.787109,1263.171021,1306.129395,1301.051025,1328.206421,1340.246704,1281.851807,1359.988281,1343.304565,1394.103882,1442.958496,1542.618408,1507.199951,1654.006836,1669.732544,1695.636475,1786.762817,1720.422485,1680.710449,1830.880615,1705.448242,1886.672241,1828.968628,1931.740479,1935.47876,1957.141357,2078.966064,2127.50708,2229.576172,2301.081787,2342.154785,2489.99292,2540.615234,2648.585693,2710.666504,2767.042236,2879.539307,2927.450439,3008.185547,3051.458984,3146.247803,3124.425049,3242.644287,3304.711914,3364.739502,3090.894287,3309.130859,3325.560547,3403.319824
MDA,GDP per capita (constant 2015 US$),NY.GDP.PCAP.KD,,,,,,,,,,,,,,,,,,,,,,,,,,,,,,,3740.101498,3137.835017,2225.173562,2202.164453,1526.425245,1511.958318,1425.951809,1454.808616,1360.181611,1316.432549,1346.915672,1432.276893,1547.574212,1654.366293,1781.191453,1919.445508,2017.177301,2082.512601,2249.225897,2116.943575,2269.511161,2402.944463,2389.086661,2605.8503,2737.801851,2749.551371,2910.954869,3085.333058,3267.996104,3438.677327,3188.916916,3688.167294,3596.224205,3728.901914
MDG,GDP per capita (constant 2015 US$),NY.GDP.PCAP.KD,812.2503619,807.5400732,804.7131474,776.8840578,787.0589496,763.4036706,758.9282051,779.7160628,810.5066909,817.5629219,836.5408817,844.4938789,809.5241189,765.2170076,757.5323928,744.3100959,699.9879248,695.1492198,656.3983696,699.4854809,685.1006898,599.7810477,571.2304614,559.6611689,553.1310099,543.5136847,538.4919526,529.509106,532.0334696,537.840431,538.5362751,489.7160981,480.8109324,476.1597333,461.3976657,454.5379466,449.6280871,451.3031994,453.8861748,460.03439,465.5295098,478.4056149,406.7012221,433.6010403,443.278655,450.9552309,461.5403379,473.7854623,490.9639354,457.7897549,447.417143,441.7551584,442.6415001,440.6746589,443.3438699,445.3200695,451.1565943,456.8518596,459.3303678,467.2774135,422.9242554,436.0900647,442.4151621,448.0587462
MDV,GDP per capita (constant 2015 US$),NY.GDP.PCAP.KD,,,,,,,,,,,1528.116858,1559.396036,1549.235296,1527.223236,1567.92919,1400.543888,1367.223556,1476.967119,1647.983711,1775.951336,2048.627333,2226.206208,2099.686844,2375.675582,2933.034263,3278.902529,3462.630603,3638.843664,3826.303311,4051.515677,4590.263567,4515.066124,4680.155385,4812.299259,5062.471821,5590.008581,5898.355135,6265.681637,6611.397511,6901.043173,7049.37475,6659.259593,7024.501623,7858.993795,8180.30182,7143.336276,8620.774521,8932.389832,9395.964841,8329.529843,8590.162129,9005.047614,8904.681619,9209.237252,9602.502722,9644.90655,9927.423275,10280.39154,10821.7342,11263.19281,7340.091297,9818.734348,11006.70918,11485.5547
MEX,GDP per capita (constant 2015 US$),NY.GDP.PCAP.KD,4145.793022,4219.181509,4276.143265,4474.727509,4845.874428,5021.347993,5153.814691,5278.10822,5589.051192,5596.396878,5774.770459,5809.398791,6099.203174,6385.197147,6559.301127,6740.624994,6845.371118,6888.578946,7309.607114,7814.549667,8290.288989,8875.071512,8676.57131,8098.516422,8207.923375,8194.162494,7713.612154,7716.497317,7657.727475,7783.80581,8036.861144,8197.011795,8330.264268,8411.796213,8623.48043,7970.640385,8320.652957,8770.844816,9161.895278,9264.977293,9581.969702,9398.350744,9242.278861,9221.996667,9421.28976,9491.517302,9813.828042,9877.695326,9826.342184,9074.118815,9389.067221,9575.934378,9782.517763,9738.710598,9862.481254,10021.23861,10100.50212,10193.77272,10296.86909,10159.44484,9234.643625,9728.0568,10011.25454,10241.89451
MHL,GDP per capita (constant 2015 US$),NY.GDP.PCAP.KD,,,,,,,,,,,2038.671993,2011.138064,1979.853034,2587.940279,2900.136306,2806.685631,2726.445986,2704.138465,2766.690305,2737.492669,2454.99779,2511.568667,2524.113693,2797.125478,2788.857048,2510.706629,3005.517207,3162.804399,3288.888495,3139.414399,3148.099778,3085.935305,3247.852893,3391.385132,3544.135647,3791.204989,3365.111225,3117.274001,3067.737394,2997.549898,3040.596774,3224.79119,3322.411279,3256.972443,3234.152652,3284.784033,3285.120788,3403.478428,3146.261772,3262.269555,3441.318884,3433.062978,3420.914448,3602.928119,3620.772753,3764.344262,3946.844411,4190.934686,4542.342939,5162.815007,5172.575282,5405.274736,5516.880006,5470.420069
MKD,GDP per capita (constant 2015 US$),NY.GDP.PCAP.KD,,,,,,,,,,,,,,,,,,,,,,,,,,,,,,,3534.322651,3328.639508,3146.022355,2948.271518,2917.058946,2876.072229,2889.885164,2954.523831,3038.139834,3154.849182,3283.379341,3169.325144,3240.110645,3307.920408,3473.765448,3657.563077,3866.746506,4140.633548,4392.550716,4405.200458,4582.365175,4711.130279,4708.051685,4863.680887,5053.750012,5262.686719,5429.946784,5510.818629,5698.393345,5961.584754,5743.726494,6064.923151,6250.62721,6393.786476
MLI,GDP per capita (constant 2015 US$),NY.GDP.PCAP.KD,,,,,,,,334.4524395,341.6052472,337.1442952,352.2037199,355.5043647,370.1410878,358.486307,346.7855035,380.2022246,424.3208933,442.9865199,428.1309392,463.3064284,434.1261983,431.3818443,391.0418546,389.5290745,380.1684066,448.2239913,451.8430776,443.4237106,467.9531645,478.5127719,457.4458292,501.1249919,475.3168212,480.2775885,487.8178065,481.7575203,504.7520436,517.2376512,542.4866195,557.6911792,541.3499593,606.0873258,605.798111,640.3574967,629.6264492,649.1577692,657.496279,658.4570193,667.5834248,677.2430491,690.4341762,689.9516218,664.4894889,660.1733893,684.9499131,704.8216464,722.8120216,737.2756747,748.5069204,760.7951874,729.0611376,728.6718526,731.6400242,743.2738714
MLT,GDP per capita (constant 2015 US$),NY.GDP.PCAP.KD,,,,,,,,,,,3133.228044,3209.587013,3399.781079,3543.669844,3901.960881,4631.052291,5391.617069,6024.974848,6628.078504,7249.559806,7679.679813,7875.884532,7884.850182,7726.883916,7798.071904,7860.366959,8030.449241,8303.168485,8928.21083,9564.909359,10067.69817,10413.12355,10789.70901,11161.13786,11682.09452,12336.72546,12718.94728,13286.646,13877.17993,14446.27864,17178.28551,16920.73092,17255.42737,17775.58683,17728.49152,18123.29751,18479.23052,19342.39192,20064.43981,19635.87647,20750.60538,20867.83906,21529.49279,22565.00858,23806.83194,25481.89776,25920.90766,28492.30728,29492.58639,29513.86705,27865.32932,31420.73395,31925.18535,33000.59307
MMR,GDP per capita (constant 2015 US$),NY.GDP.PCAP.KD,129.7720402,127.5642812,129.8879414,144.0007929,132.5224396,143.4172178,133.3982547,122.678901,134.3881369,135.7027562,139.2751336,141.8237996,142.1043447,137.8290045,142.3875141,145.4579601,151.3815281,157.3376204,164.3584201,169.5994331,179.5886009,187.4399735,194.3608623,198.9731435,204.503944,206.1790242,200.2155768,188.8716675,164.7004166,168.1138542,170.2334367,166.7104399,180.3332274,188.6805253,200.1247885,211.2656359,222.0133598,231.5879541,242.1321481,265.4553351,298.5904645,328.9738727,364.8558002,411.4987641,463.3301357,522.0995448,586.0855799,651.7297309,714.620419,785.6348532,854.932478,895.5125387,953.1230819,1024.690605,1099.243878,1166.733055,1225.37914,1290.56409,1361.568313,1440.989882,1301.313864,1136.995661,1174.766979,1177.766496
MNE,GDP per capita (constant 2015 US$),NY.GDP.PCAP.KD,,,,,,,,,,,,,,,,,,,,,,,,,,,,,,,,,,,,,,4488.794625,4723.143384,4290.896849,4431.60047,4462.349901,4529.123306,4623.076064,4819.14786,5013.195901,5435.886221,5798.064973,6205.821247,5833.659544,5982.199285,6168.848386,5995.774451,6202.506703,6307.018561,6517.192675,6707.85041,7023.433812,7381.80764,7684.183972,6515.536806,7390.308117,7889.237633,8403.338765
MNG,GDP per capita (constant 2015 US$),NY.GDP.PCAP.KD,,,,,,,,,,,,,,,,,,,,,,1425.476267,1507.621655,1557.431508,1610.004312,1660.205383,1770.290354,1784.585134,1827.389681,1860.845719,1823.456238,1613.699854,1462.674672,1418.065607,1432.280727,1499.264952,1509.329211,1546.080985,1575.677162,1601.313539,1598.31282,1625.461523,1680.653353,1775.649067,1942.362637,2060.261682,2209.743218,2403.724163,2576.712958,2498.729675,2611.673266,3010.816427,3318.164966,3628.907081,3830.35892,3838.92127,3817.919627,3956.204944,4183.855664,4337.816709,4066.034109,4063.536698,4205.885545,4456.536276
MNP,GDP per capita (constant 2015 US$),NY.GDP.PCAP.KD,,,,,,,,,,,,,,,,,,,,,,,,,,,,,,,,,,,,,,,,,,,24066.53616,24650.04055,24445.46184,21882.29279,20940.16198,20117.70373,18451.39055,15710.58073,16293.30595,15226.13088,15457.42582,16015.03492,16869.52704,17665.10075,23158.5745,28989.34702,23756.60758,21451.44016,15410.11869,16365.01674,19461.86111,
MOZ,GDP per capita (constant 2015 US$),NY.GDP.PCAP.KD,,,,,,,,,,,,,,,,,,,,,251.5675492,258.8506061,235.7674828,194.6456547,178.4156864,176.8540862,169.7877997,193.9569025,210.2223049,222.0431235,221.0489811,227.4627362,206.1946076,221.62458,220.4785833,212.0862499,227.1984867,247.1849456,266.6727054,291.5600187,287.3906303,317.1857036,340.1353702,356.5211574,377.0649581,391.6997582,420.5264628,442.0495741,460.9472949,475.7881781,494.1628591,514.8699572,540.2945178,559.3939537,585.2667161,610.5637747,620.779715,618.3976944,621.1537342,617.13932,591.80406,588.2158547,596.0588895,610.1749728
MRT,GDP per capita (constant 2015 US$),NY.GDP.PCAP.KD,,1258.290893,1233.870626,1176.582067,1460.646122,1648.155088,1603.938739,1612.02915,1723.357753,1692.507945,1838.410014,1816.311148,1749.522934,1620.108775,1763.895321,1624.673496,1712.563742,1632.687139,1579.021676,1608.410445,1616.066303,1624.615779,1541.580558,1553.808907,1460.981642,1461.93452,1501.593425,1486.696363,1469.211947,1501.232895,1437.750482,1421.325999,1393.601055,1416.967257,1327.723041,1418.646645,1471.803309,1381.162749,1383.192297,1396.172201,1304.644391,1262.655673,1252.103005,1308.563076,1338.667681,1418.532021,1637.041913,1563.606288,1514.265501,1469.054269,1460.191797,1472.552456,1488.971776,1502.901424,1520.646216,1554.948979,1528.051523,1576.068578,1602.902256,1605.135236,1553.306156,1520.311179,1576.756241,1630.271718
MUS,GDP per capita (constant 2015 US$),NY.GDP.PCAP.KD,1413.728252,1726.358744,1691.597878,1877.022903,1706.124077,1721.809888,1626.221537,1664.810542,1521.966988,1569.539369,1537.495579,1577.927838,1683.898315,1857.822649,1991.087218,1977.689463,2408.272223,2524.539547,2587.217002,2631.988577,2327.601068,2428.264691,2530.623339,2517.080199,2607.927221,2766.590287,3012.989372,3256.422836,3453.720351,3580.40595,3810.480833,3936.766509,4138.346449,4297.409092,4412.937566,4562.746928,4768.683436,4977.190168,5224.184197,5292.869089,5671.02955,5814.748346,5867.77363,6170.648767,6397.593462,6472.873886,6756.22956,7110.694939,7466.694658,7693.764344,8011.455172,8324.783283,8591.967159,8859.212183,9181.615754,9507.871337,9868.327166,10247.69606,10652.48369,10956.94502,9362.874359,9679.121239,10570.42753,11319.23522
MWI,GDP per capita (constant 2015 US$),NY.GDP.PCAP.KD,260.3728038,273.6716214,268.9305904,258.785106,259.2381229,287.4292371,317.6195842,332.4256554,318.0471725,328.5529293,322.0945205,365.0773759,378.0371414,376.7288155,392.9724328,405.3779741,413.4381482,420.5147237,445.9936395,448.7164175,433.5151832,394.7717008,388.989576,387.8453298,392.9701218,395.4187207,380.2980469,368.4580722,360.1828646,348.2011129,353.7713037,372.9975618,335.7265435,362.9309954,329.5840999,385.2797141,405.3970637,412.4131068,419.3132452,422.09991,418.592985,388.2600398,385.3089802,397.2248468,408.0649161,410.2679796,417.8776898,445.2543054,465.551473,489.6314188,508.0886505,517.8337366,512.740318,525.3576455,539.5626019,539.6053632,538.2219908,544.7957292,553.5287909,569.8662494,559.4470861,569.9689673,560.6357597,556.7440348
MYS,GDP per capita (constant 2015 US$),NY.GDP.PCAP.KD,1266.315257,1327.776509,1376.65801,1439.554901,1477.831564,1551.336167,1631.475898,1654.765076,1746.696547,1791.139665,1855.246739,1993.499995,2128.907387,2321.7381,2455.312714,2416.513449,2632.120321,2768.885344,2883.07107,3077.789334,3216.287787,3332.820006,3420.217171,3518.794921,3670.366012,3515.255056,3444.117138,3508.009486,3737.260069,3953.814713,4184.760729,4456.931331,4726.137892,5062.591104,5390.101676,5771.35212,6190.464291,6480.556495,5857.967029,6070.95622,6455.614198,6334.927957,6516.906716,6732.920495,7025.34558,7234.024427,7469.810692,7769.596934,7976.117854,7700.461113,8118.922705,8400.322487,8710.526714,8964.807249,9341.73056,9648.679794,9901.479602,10293.76292,10610.19502,10902.98349,10171.46578,10388.26671,11174.21008,11429.58941
NAM,GDP per capita (constant 2015 US$),NY.GDP.PCAP.KD,,,,,,,,,,,,,,,,,,,,,3543.528308,3538.059084,3461.85974,3309.621392,3213.573774,3137.538954,3187.749032,3196.996587,3111.606545,2974.567874,2857.337775,2989.400016,3104.245361,2959.275038,2918.377403,2945.36227,2958.240607,3004.308044,3025.32668,3050.460989,3083.596579,3055.404448,3145.945663,3232.305897,3582.895033,3627.750598,3834.998947,3987.617961,4036.381875,3989.207114,4165.129902,4302.724514,4420.967414,4549.267591,4701.956942,4774.106509,4648.627135,4476.733244,4400.475377,4243.092745,3787.49944,3809.807534,3903.733408,3965.359206
NCL,GDP per capita (constant 2015 US$),NY.GDP.PCAP.KD,,,,,,,,,,,,,,,,,,,,,,,,,,,,,,,,,,,,,,,,,,,,,,,,,,,,,,,,30858.72371,,,,,,,,
NER,GDP per capita (constant 2015 US$),NY.GDP.PCAP.KD,742.4089108,753.9810294,807.6727625,858.5469511,835.2215099,867.9044265,840.5395317,818.3804728,799.1235933,734.9092211,737.0816029,758.4019536,700.3606788,565.6262532,598.9626159,566.6757008,555.0742913,581.7011686,641.4418217,667.3644142,631.839702,612.1572905,607.1515031,566.6478752,457.605845,478.4876324,493.8040771,479.5105681,497.1645579,486.8656839,465.9238895,449.7192669,444.6327753,432.1844496,426.2675068,422.5231539,409.0393587,401.7249881,427.0860303,411.7356992,392.8986169,406.9234937,412.1237932,406.3337575,393.3987815,407.1909311,415.8520221,413.4191263,429.1955428,421.6509013,441.0791661,434.9862649,463.0662655,469.6902142,482.7452474,485.6625742,495.0174372,501.6153055,519.5469935,532.1860246,533.1943289,523.2631795,566.797963,562.1375714
NGA,GDP per capita (constant 2015 US$),NY.GDP.PCAP.KD,1454.980919,1428.117093,1455.817374,1547.483955,1589.68156,1631.559875,1528.594504,1260.727124,1218.433175,1480.047119,1808.394591,2018.173215,2036.693978,2093.638732,2267.044084,2089.855078,2214.322616,2278.697218,2082.552799,2155.789653,2177.415787,1834.287608,1659.098144,1440.017478,1387.92176,1428.927428,1391.478772,1398.248833,1461.191322,1449.680176,1577.196166,1541.590663,1571.190226,1498.95895,1433.388611,1395.074885,1416.101895,1420.23878,1419.317709,1390.469211,1421.67988,1465.457203,1644.395189,1717.214511,1824.802695,1889.251753,1949.158568,2020.833163,2098.283392,2204.607256,2315.466765,2370.976571,2403.653879,2495.341066,2583.61557,2585.733607,2481.814904,2441.712364,2431.778578,2431.535285,2337.575874,2372.573145,2398.986228,2416.361982
NIC,GDP per capita (constant 2015 US$),NY.GDP.PCAP.KD,1672.280625,1744.725161,1877.618259,2019.89222,2188.826782,2325.02106,2328.591569,2414.372208,2371.248671,2441.321846,2398.125046,2401.306524,2384.288589,2464.788682,2729.303946,2643.019746,2697.484187,2836.593651,2539.740528,1817.558763,1850.005555,1894.886004,1828.549712,1863.304704,1789.109553,1675.626582,1620.252661,1572.336969,1345.34079,1291.347026,1260.876977,1229.809117,1206.965333,1176.118298,1189.838132,1234.771366,1288.944191,1317.893756,1346.076123,1420.321848,1458.378543,1482.318874,1475.490039,1494.959921,1555.878142,1601.491706,1644.380052,1703.207546,1736.641281,1655.728424,1704.379719,1786.642939,1876.188224,1941.450847,2006.662845,2074.454465,2140.138313,2209.654813,2107.353465,2019.925163,1959.78831,2136.103854,2187.967289,2256.771477
NLD,GDP per capita (constant 2015 US$),NY.GDP.PCAP.KD,14369.9782,14224.12327,14982.60144,15317.707,16364.83589,17536.8825,17783.95444,18511.98936,19496.21105,20510.82058,21502.16777,22165.26419,22717.67653,23757.1122,24382.22486,24166.34024,25045.88492,25524.92154,26052.35148,26394.26388,26537.61855,26149.65107,25707.04458,26139.85324,26833.44911,27397.73905,28005.45692,28365.75134,29152.91328,30259.43232,31308.91344,31820.83128,32119.95189,32297.97659,33054.44953,33916.50079,34915.1716,36211.64933,37661.73367,39298.73342,40665.33813,41297.31982,41135.41909,40981.84768,41663.14777,42411.34533,43841.12234,45445.52289,46227.21114,44304.41194,44659.27281,45239.73188,44631.87447,44487.03061,45042.06696,45793.81354,46655.03635,47670.1057,48463.02996,49254.01588,47086.58038,49780.84404,51777.54317,51305.62823
NOR,GDP per capita (constant 2015 US$),NY.GDP.PCAP.KD,19209.41499,20252.96514,20656.2514,21276.6122,22174.35623,23165.63154,23851.61258,25132.66256,25485.4949,26417.40818,26735.83041,28055.27617,29325.64879,30441.27638,31439.597,32814.91571,34564.06869,35850.33486,37095.61386,38585.98736,40217.74817,40720.21481,40666.40512,42142.33666,44567.00468,46901.32429,48623.38469,49244.9632,48855.81141,49159.70362,49937.45578,51233.03611,52758.94525,53938.02132,56343.01054,58380.54002,61005.88004,63882.4765,65197.94631,66094.73546,67846.59685,68899.5269,69472.98367,69719.31227,72090.98629,73524.25492,74729.73661,76115.70667,75535.21179,73141.30734,72804.39562,72660.67541,73661.67859,73515.91449,74180.32387,74809.9658,75017.49447,76247.41166,76373.62411,76712.28713,75287.20595,77812.71157,79434.62565,78912.33276
NPL,GDP per capita (constant 2015 US$),NY.GDP.PCAP.KD,327.1552399,327.1060423,326.9317614,326.6479351,344.3030034,333.2490807,349.3549515,336.6643726,331.720617,339.0997731,340.3068334,328.99373,331.9631443,323.2600459,336.306374,333.7692982,340.9061193,343.4033377,350.305705,350.3204464,334.219179,353.7008141,358.6099201,339.7783767,364.0323088,377.7253539,386.3405596,384.6596367,405.6389297,413.8940231,422.7247386,438.1561942,443.4620448,448.1309409,472.9510828,477.7410996,492.212428,506.4268744,511.5487113,524.2725691,547.2210823,564.2862292,556.4384545,570.2896736,589.4699287,603.1901086,617.4776386,633.2261291,666.8650954,692.4000008,721.2652214,742.6172527,775.3105785,801.0390608,846.6655418,875.5436355,875.1889437,951.8572986,1021.914922,1077.117965,1031.536188,1062.788843,1113.554623,1136.09335
NZL,GDP per capita (constant 2015 US$),NY.GDP.PCAP.KD,17776.55107,18002.38959,18091.22576,18817.60836,19552.16732,20407.72502,21298.00016,19960.99459,19777.0036,21599.07117,21010.02551,21482.05411,22185.92737,23452.90913,24345.54024,23463.02606,23472.35109,22478.30205,22542.68018,23127.13025,23394.77461,24389.86285,24373.24734,24883.59253,25851.72624,26107.48931,26820.42667,26848.63211,26680.10989,26595.19432,26391.14259,24868.73852,24880.20371,26170.4401,27146.82567,28015.58644,28571.40751,28785.19584,28776.02222,30164.0852,30848.18609,31713.13018,32636.13755,33511.55049,34367.00624,35120.73551,35659.59617,36406.14081,35651.01564,35278.04078,35392.01734,35910.41736,36531.74845,37252.75706,38014.64355,38639.35019,39197.32753,39691.21332,40350.9122,40651.97447,39596.52662,41225.79278,42320.89244,41766.87078
OMN,GDP per capita (constant 2015 US$),NY.GDP.PCAP.KD,0.002354848378,0.002340350982,0.002761223584,0.002830315674,0.00277430599,2726.458832,2803.36374,4549.454411,8071.187544,9884.064865,10961.45306,10760.50177,11489.2538,9570.579856,10302.38835,12294.96332,14168.44697,13631.61553,12472.08866,12343.13648,12406.64124,13751.49819,14513.98136,16018.8529,17703.05931,18998.6682,18173.34117,16524.17935,16544.44041,17522.61825,16629.45566,16805.72184,17404.13146,17694.16051,17848.81877,18398.72421,18639.20394,19458.92664,19167.75547,18965.21423,19881.73643,20546.05541,20150.1132,19485.64415,19534.86014,19629.04515,20096.39656,20642.74896,22007.7339,22819.19773,22766.05036,20993.90794,19824.12155,19299.94005,18726.20269,18808.30779,18830.60572,18277.94556,18269.67694,18089.58667,17743.88588,18291.3388,19069.39268,18098.57769
PAK,GDP per capita (constant 2015 US$),NY.GDP.PCAP.KD,413.9618625,427.4144428,435.1234636,460.5769713,482.253589,518.1302668,533.1226295,546.2817893,569.3412634,583.7414287,631.5877484,617.2973925,605.3343833,629.496808,632.89477,640.1243576,652.8380552,657.6593839,688.1902842,689.7435937,729.7759975,755.3518864,775.0400437,799.4132013,813.9818116,848.4595088,865.3837802,890.3422228,926.5577893,941.2443094,950.8846448,966.5224957,1011.625084,1001.258548,1009.064295,1028.965924,1047.886635,1028.998048,1026.500337,1035.498882,1049.542297,1057.867678,1059.04171,1090.27524,1146.996328,1201.233594,1243.941426,1265.355675,1258.051889,1269.074321,1256.694822,1261.831619,1275.488069,1309.700804,1343.307781,1380.470208,1452.186583,1495.261875,1561.681698,1573.833083,1526.005975,1595.027922,1642.28067,1616.399069
PAN,GDP per capita (constant 2015 US$),NY.GDP.PCAP.KD,2809.096355,3025.05532,3177.40184,3345.645943,3389.554224,3590.436954,3749.337414,3952.073759,4107.096378,4328.316496,4500.463622,4796.876877,4879.848054,5004.085295,4992.246865,4948.797649,4905.042065,4837.270145,5183.570355,5289.37657,5840.960937,6229.526544,6409.686717,5979.518169,5999.682436,6152.784303,6229.618741,5982.344799,5069.862617,5039.88259,5333.218704,5712.988605,6053.467664,6252.488295,6299.53554,6280.462465,5799.885601,6122.646648,6504.970119,6709.722761,6856.14919,6787.862679,6825.177474,7037.081657,7468.765931,7935.871351,8557.980177,9507.646411,10288.15499,10267.06332,10698.07176,11761.49885,12668.29455,13236.83068,13611.54908,14082.65485,14474.12436,15045.54564,15375.64351,15602.54209,12647.08266,14552.94016,15917.42754,16872.88347
PER,GDP per capita (constant 2015 US$),NY.GDP.PCAP.KD,2704.369499,2819.644487,3013.567792,3054.093417,3161.278659,3244.427525,3413.005578,3445.546892,3355.06835,3377.292427,3404.487463,3474.099687,3500.783147,3625.433014,3866.663432,3933.702556,3893.418313,3811.69776,3619.693032,3674.961843,3797.436216,3909.666769,3805.244709,3325.455324,3361.21738,3347.82743,3578.000913,3837.267699,3397.016307,2912.664343,2706.922532,2709.277545,2640.313739,2723.284231,2998.576931,3158.983386,3186.90077,3331.151511,3258.297462,3250.378023,3286.273085,3261.664251,3398.749914,3502.791657,3640.602999,3835.132193,4091.362686,4407.791217,4778.526422,4801.171537,5167.392593,5453.457187,5740.043463,6021.461428,6103.918647,6231.711503,6392.254749,6457.419403,6593.144375,6626.260835,5831.830248,6547.420069,6661.664969,6552.554036
PHL,GDP per capita (constant 2015 US$),NY.GDP.PCAP.KD,1123.7821,1150.629066,1168.608801,1211.8215,1214.709258,1241.109217,1257.984407,1285.293101,1311.521487,1334.731749,1348.649128,1388.248999,1430.585323,1522.017421,1540.042244,1587.499283,1683.659989,1730.594097,1772.228202,1822.145023,1867.568624,1881.815203,1898.139306,1878.601734,1696.576738,1537.665558,1551.408928,1576.97337,1638.036824,1696.002364,1704.075689,1656.383497,1624.349398,1620.355058,1654.746139,1693.808731,1752.238001,1800.259131,1746.525905,1759.421052,1793.347609,1807.708925,1837.254293,1892.82162,1978.344891,2037.877661,2110.420448,2209.346511,2264.946291,2256.725548,2373.143121,2416.752121,2533.74142,2654.415069,2776.920059,2909.85818,3076.337419,3247.450388,3410.93648,3575.881709,3198.6669,3350.975876,3577.701366,3745.652329
PLW,GDP per capita (constant 2015 US$),NY.GDP.PCAP.KD,,,,,,,,,,,12786.13661,12376.59998,11975.82065,11657.75811,11545.88214,11578.00221,11625.55779,11860.54214,11883.23686,11937.61649,11956.91918,11786.35658,11472.15091,11413.27227,11644.44467,11962.66506,12310.82178,12699.38097,13105.43929,13540.54195,13982.88873,14335.27111,13103.11376,11222.59929,11756.06504,12715.23573,13672.64745,13636.4371,13596.79866,12606.01515,12100.432,12771.13744,13307.92046,12776.76741,13172.17485,13622.556,13762.64025,14215.16625,13641.26265,12853.68129,12955.2669,13857.90602,14278.82921,13937.07607,14546.64876,15690.75865,15598.01945,15076.81669,15091.70664,15135.48429,14232.24005,12275.27019,12129.79743,12379.78938
PNG,GDP per capita (constant 2015 US$),NY.GDP.PCAP.KD,1312.56006,1358.941346,1412.567848,1437.514856,1527.229888,1648.279832,1705.990591,1736.120381,1771.438068,1874.005062,2028.535861,2105.159499,2171.496636,2259.805275,2266.535215,2196.989348,2076.435353,2048.908254,2177.152398,2171.057419,2077.583613,2029.421053,1994.61293,2016.075881,1966.703971,2002.022984,2051.252218,2062.961218,2077.601609,2002.680816,1892.306793,2008.351519,2206.996333,2515.638395,2570.336911,2397.400453,2492.079628,2310.98774,2147.045263,2112.095097,1989.578822,1920.780039,1854.418317,1832.678703,1821.847411,1875.822735,1915.234941,2000.972619,1934.032016,2003.241097,2140.50939,2102.031921,2139.480967,2162.105926,2391.357803,2484.59634,2557.09463,2584.888364,2518.458993,2572.56178,2438.611379,2378.371681,2467.234889,2496.50841
POL,GDP per capita (constant 2015 US$),NY.GDP.PCAP.KD,,,,,,,,,,,,,,,,,,,,,,,,,,,,,,,5111.34533,4735.927698,4840.168585,5008.349089,5262.315235,5671.895737,6012.958064,6391.131728,6684.114778,6998.794751,7401.576976,7494.960895,7640.993078,7915.554244,8323.387738,8598.576812,9137.658508,9760.70426,10187.20179,10446.52891,10808.39757,11370.31343,11542.23534,11628.22868,12093.16228,12637.52203,13026.1859,13695.64528,14551.08503,15221.30906,14937.59603,16368.62397,17303.64494,17391.14415
PRI,GDP per capita (constant 2015 US$),NY.GDP.PCAP.KD,6307.407293,6634.174605,7037.95691,7481.306376,7854.210724,8445.134869,8971.253005,9455.069638,9883.653915,10721.31943,11476.95042,12012.21192,12622.28376,13136.25348,13241.15442,12914.14703,13495.66811,14091.18908,14871.8653,15851.89228,16329.15347,16330.41843,15905.01942,15374.51178,16125.05699,16463.00212,17117.41576,17935.03493,18815.91653,19453.76692,18733.64525,19030.24154,19770.76847,20515.52072,21176.67017,21936.41792,22193.57914,23061.3345,24197.30975,25374.10171,26131.96308,27722.36719,27940.38262,27937.81659,30375.78958,29815.21642,29519.73868,29347.846,28976.13104,28565.76792,28592.07758,28820.97805,29180.36683,29426.11192,29554.57854,29763.4883,29961.54301,29809.23499,29686.96885,30181.14985,28145.00535,28416.7799,29819.88844,30122.84123
PRK,GDP per capita (constant 2015 US$),NY.GDP.PCAP.KD,,,,,,,,,,,,,,,,,,,,,,,,,,,,,,,,,,,,,,,,,,,,,,,,,,,,,,,,,,,,,,,,
PRT,GDP per capita (constant 2015 US$),NY.GDP.PCAP.KD,4066.962838,4257.649245,4506.630751,4752.120128,5049.213144,5448.511363,5713.622248,6183.785104,6761.480606,6967.117046,7669.763583,8213.096163,8885.131127,9877.269668,9851.770032,9072.041051,9426.096846,9849.072949,10017.74705,10469.80227,10832.51505,10912.76248,11077.86099,11007.49414,10759.10137,11030.94148,11477.28412,12212.98524,13141.28242,14008.09074,14593.25475,15265.86279,15444.18382,15110.12282,15214.91425,15811.70006,16304.37949,16946.08683,17671.31351,18258.09108,18822.09329,19053.08993,19095.11025,18846.54118,19137.83711,19251.71456,19529.31213,19979.57061,20014.47488,19371.13187,19698.68365,19389.63956,18679.76266,18597.72141,18836.89675,19215.7813,19662.82309,20364.19637,20997.77449,21569.18745,19778.71383,20747.6991,22042.86817,22292.42184
PRY,GDP per capita (constant 2015 US$),NY.GDP.PCAP.KD,1508.161413,1575.524061,1589.795456,1624.518695,1651.132049,1710.032896,1702.114018,1814.199621,1852.79561,1896.19772,1957.050062,2019.341095,2103.856881,2203.534022,2329.538313,2428.108523,2547.262838,2770.712116,3027.557215,3301.624894,3592.561273,3816.55409,3659.882592,3450.26584,3448.839088,3504.478296,3575.796904,3739.834102,3851.516319,4006.159999,4059.773431,4091.490448,4054.044261,4147.784406,4262.144958,4445.189782,4411.372801,4496.023365,4402.111101,4252.490657,4074.489533,3972.884279,3916.440223,4035.718339,4151.345848,4193.280865,4349.311971,4540.382359,4788.663188,4727.596858,5191.050143,5342.190157,5230.262449,5583.122745,5794.476444,5879.337923,6041.958794,6243.133631,6354.239201,6243.536209,6109.196081,6278.110067,6218.197907,6431.718728
PSE,GDP per capita (constant 2015 US$),NY.GDP.PCAP.KD,,,,,,,,,,,,,,,,,,,,,,,,,,,,,,,,,,,2137.389289,2189.265137,2118.820076,2323.206422,2589.20365,2732.87294,2436.012077,2153.457354,1836.980425,2041.604846,2426.415656,2632.246274,2540.267631,2569.984341,2685.986018,2840.01595,2927.08102,3128.108111,3237.9162,3309.631202,3227.849345,3272.154324,3483.099035,3462.979861,3417.794408,3378.434621,2922.468011,3051.48607,3099.960901,2862.881175
PYF,GDP per capita (constant 2015 US$),NY.GDP.PCAP.KD,,,,,,22582.08418,23921.76272,22026.50178,24458.56418,22989.29134,22564.26633,24429.35444,22529.57646,23513.67707,26878.93741,24782.17134,26025.19827,25782.41248,27463.01639,27647.12167,26910.84043,26761.75466,26376.87141,26212.27649,26113.46963,25163.35559,27852.08042,27497.83012,25864.02304,25833.19402,25342.11572,25766.76381,24933.36696,24191.29818,23405.49424,22959.67479,22465.23469,22081.96511,22101.07303,22166.35765,22529.42046,22106.60971,21962.74197,22085.63127,21949.74585,21690.87775,21574.89551,21677.96799,21522.64267,20527.64607,19940.10123,19267.80687,18994.23382,18955.86639,18953.92273,19166.95948,19528.93847,20317.0802,20709.4063,21328.07614,19811.81023,20184.6794,21042.07145,
QAT,GDP per capita (constant 2015 US$),NY.GDP.PCAP.KD,,,,,,,,,,,75772.76627,73839.0945,73532.831,73744.34044,71286.85873,69330.98885,69382.61398,59679.74894,60529.95604,59542.24233,55253.81064,52401.44048,45982.0956,42654.78621,42309.99263,39368.89595,39682.2413,38241.80978,39095.60383,40125.03289,40125.44503,38185.15133,41171.72351,39377.87416,38744.01422,38526.85348,39095.05795,48844.91749,51513.6335,50917.39641,52234.42444,51633.96068,52752.70812,52255.3835,59990.30649,60416.78292,64676.39689,61423.08709,61213.79439,60781.87495,72333.98486,81608.57169,80621.86072,76486.9693,71756.06493,68985.2947,67294.45858,64497.69872,64410.81713,63430.46076,57769.6041,65488.51179,64315.62637,65111.03332
ROU,GDP per capita (constant 2015 US$),NY.GDP.PCAP.KD,,,,,,,,,,,,,,,,,,,,,,,,,,,,,,,5019.437027,4409.151721,4059.098605,4126.768593,4295.270658,4572.258034,4764.636821,4546.667531,4463.607918,4453.78126,4569.309148,4875.303106,5248.549946,5410.308358,6008.640485,6328.090223,6876.778414,7483.973758,8318.003428,7924.870581,7660.706676,8044.571949,8234.285534,8287.958441,8661.473973,8977.017482,9286.876782,10106.22696,10788.01509,11270.4758,10916.31261,11607.97712,12114.87151,12399.00083
RUS,GDP per capita (constant 2015 US$),NY.GDP.PCAP.KD,,,,,,,,,,,,,,,,,,,,,,,,,,,,,,8105.89502,7849.519043,7432.021484,6345.912109,5798.914551,5071.742676,4862.646484,4686.862793,4760.339355,4515.509277,4819.380371,5323.666504,5618.955566,5910.171875,6370.453613,6856.678223,7323.385254,7949.896973,8640.40625,9093.700195,8381.868164,8755.120117,9120.820313,9464.010742,9601.537109,9493.8125,9277.713867,9269.319336,9418.914063,9674.787109,9882.024414,9632.325195,10206.94531,10030.03906,10420.57129
RWA,GDP per capita (constant 2015 US$),NY.GDP.PCAP.KD,335.4405485,312.2950296,339.0418272,298.9102779,255.6925661,266.5515631,277.2627254,287.6215873,298.3872084,321.172781,330.2361811,324.4899216,316.0703775,317.5533707,312.7325754,297.2526636,344.8844427,341.5227971,361.8970813,392.8109977,414.8852467,423.6707227,417.4227661,427.8707648,396.1535134,399.8723711,407.8941089,394.6482176,399.4662908,387.2799445,368.2195799,351.7285213,364.8091846,322.716799,188.6582669,305.3878058,291.2108227,286.8051769,299.6011214,310.0981112,333.3550698,358.4460368,400.2703968,400.1915962,418.7809717,446.0297824,474.3645705,497.1715917,538.3253392,557.3977708,583.3713808,614.5396126,651.8527788,666.4087481,690.6103527,733.998585,759.6062417,771.0691904,817.5783873,874.6396055,826.3912572,896.2672254,948.3791944,1004.215711
SAU,GDP per capita (constant 2015 US$),NY.GDP.PCAP.KD,15761.62789,16998.83425,18339.10152,19212.35004,20138.55441,21759.20286,22678.92851,23781.39901,24624.50486,25084.2865,36714.87363,40470.8496,45836.97609,53404.88811,58886.85701,52813.16698,57668.1938,57760.52795,54647.13097,57217.43489,57088.58513,55380.02357,43708.94439,36605.63815,33110.1224,29009.47661,27682.56667,25342.21446,25615.00848,24453.5518,25470.27386,26279.72723,26246.66421,25205.04615,24379.18076,23462.90687,23288.86617,23000.84058,22778.57517,21829.85432,21862.71608,20826.20904,19678.75911,20406.45076,21172.89926,21460.13521,21242.12658,20829.83898,21255.39663,20221.31962,21452.22797,22754.10581,22997.74622,22338.53388,22628.60185,22453.57155,22035.80429,22219.93833,23523.94565,23886.97674,21944.78582,23633.86012,24304.98588,23331.76947
SDN,GDP per capita (constant 2015 US$),NY.GDP.PCAP.KD,851.7324219,828.7669678,861.4763184,813.2930908,780.6617432,808.8544312,757.5188599,746.4020996,739.0739136,727.6280518,748.2431641,742.02948,682.6530151,661.991394,711.013855,795.9534912,898.2025757,923.2006226,837.2518311,765.6730957,747.9194336,773.5447998,790.5970459,782.2251587,726.9641113,669.1033325,692.1966553,776.5308228,764.4541626,823.0768433,764.4504395,805.3673096,842.008606,862.9781494,850.2994385,877.6932983,908.6601563,1050.319946,1069.271973,1074.880981,1111.118652,1150.17627,1185.215332,1226.420776,1255.671143,1290.244385,1336.124023,1372.109619,1381.62561,1301.34729,1311.223145,1388.21814,1288.258545,1283.459229,1307.389648,1292.379639,1297.154541,1261.873535,1185.944458,1126.552979,1056.864746,1009.548889,973.2252808,767.2487793
SEN,GDP per capita (constant 2015 US$),NY.GDP.PCAP.KD,1151.002139,1152.522904,1118.941058,1108.081624,1118.910765,1101.64023,1100.594862,1055.338805,1088.745265,987.490528,1040.511392,1008.44747,1041.195765,954.1762,965.74133,1010.122688,1071.680403,1017.814394,955.0021756,997.7145806,1012.166615,1037.701406,1091.734789,1002.791573,1014.218731,1020.464257,1022.55326,1055.324542,1016.827928,1027.27576,990.7775226,988.6322158,974.05486,960.5065617,934.6920681,960.8470928,956.5887912,962.7366895,995.9790857,1033.763965,1048.374741,1067.368866,1042.255099,1074.385785,1098.200645,1119.050531,1118.783043,1123.998622,1138.668839,1142.653172,1153.534311,1139.744479,1154.05678,1147.385922,1180.798711,1218.006136,1257.409069,1312.109328,1355.096109,1379.608752,1361.791437,1414.539511,1432.86013,1463.191019
SGP,GDP per capita (constant 2015 US$),NY.GDP.PCAP.KD,3611.953651,3777.394635,3951.76047,4239.992662,4004.458794,4214.509287,4529.52603,4984.784177,5562.320077,6237.250937,6997.199029,7722.864512,8590.608648,9325.566113,9732.727063,9974.220918,10572.5669,11141.5798,11863.69397,12834.16009,13953.89017,14737.30059,15106.25077,16186.91451,17280.37038,17149.3155,17396.02814,18986.7527,20595.97514,22031.89713,23272.70009,24132.71533,24973.43114,27139.95243,29220.27279,30379.89911,31349.31718,32835.25185,31043.10818,32557.04699,34890.08114,33597.86908,34598.82675,36709.7965,39856.63562,41798.48808,44159.41018,46178.81395,44601.57993,43331.87466,48752.05154,50713.53264,51679.35272,53298.97286,54681.93365,55645.60686,56899.48512,59414.65495,61216.12509,61333.65632,59144.35392,67638.64599,67948.89283,65422.46032
SLB,GDP per capita (constant 2015 US$),NY.GDP.PCAP.KD,,,,,,,,,,,,,,,,,,,,,2211.58799,2097.675514,1992.780253,2000.785468,1937.460999,1815.032731,1753.114383,1840.387507,1804.422698,1822.710216,1805.745535,1856.382717,2029.967954,2049.293088,2151.045972,2299.994015,2270.477201,2186.423353,2153.374702,2086.024561,1747.730996,1577.66696,1504.857952,1573.855221,1664.580301,1755.728123,1796.718963,1830.236759,1911.194529,1930.456594,2058.954266,2132.019984,2105.907589,2136.720368,2085.155001,2045.478895,2084.245984,2075.3623,2061.897844,2043.075789,1930.642586,1933.170559,1932.789668,1945.149865
SLE,GDP per capita (constant 2015 US$),NY.GDP.PCAP.KD,789.4369531,791.2063469,813.7102234,813.6403529,852.9491155,897.7959778,896.3661959,879.9829759,880.8625116,938.0600064,999.7958964,1015.379435,1005.8943,1009.733737,1025.926527,1024.047152,1001.217064,983.3301838,987.7320485,1012.343175,1040.424828,1048.972702,1076.801286,1031.91547,1050.877145,973.2701252,961.5311986,1003.779215,907.8681271,891.9348892,886.0583676,896.3391649,739.8404087,751.6762015,734.2167262,674.4994652,683.0550577,634.6732628,639.6759048,623.7828413,649.4047082,573.3198082,684.7197104,719.7936257,740.9510275,752.6902532,767.7977327,811.0333837,834.0321317,837.9247481,869.5520436,898.0646058,1008.713261,1191.694332,1216.61117,945.1481685,981.7439789,994.5827426,1005.248218,1036.227067,999.8888851,1035.037775,1066.039123,1102.441336
SLV,GDP per capita (constant 2015 US$),NY.GDP.PCAP.KD,,,,,,2636.996619,2747.271954,2816.012165,2827.321438,2847.564968,2858.564299,2898.751015,3004.669544,3077.749593,3168.281277,3189.065641,3278.588613,3426.856162,3532.987515,3320.112202,2757.388124,2582.451566,2392.383901,2385.396413,2371.584934,2339.011554,2297.535007,2309.064591,2305.621794,2282.537162,2348.204602,2341.933823,2465.759891,2574.951346,2670.212785,2773.32529,2775.04629,2842.884874,2900.320643,2946.433024,2964.893469,2978.597348,3016.063077,3057.164676,3081.236297,3163.361184,3302.348174,3359.162302,3420.449274,3337.811509,3398.493461,3514.069144,3601.442229,3665.154733,3713.94992,3790.340891,3875.846914,3954.840143,4046.162917,4143.114371,3808.531954,4247.547504,4349.400197,4481.196641
SOM,GDP per capita (constant 2015 US$),NY.GDP.PCAP.KD,318.8248453,300.5134476,313.4926293,313.9803787,287.18291,263.1028078,279.6007839,288.5433848,286.7594743,274.5754547,279.6709255,278.264344,311.4164447,266.4025706,261.5384039,292.5252015,279.9986252,309.8147376,305.2595436,256.2789483,239.4702575,252.4850652,258.5641717,221.4540058,220.5053059,231.9606756,217.8220578,231.3851343,239.0540879,252.3608643,259.4000371,277.5988187,266.4984257,269.4062204,210.446207,211.0875432,219.9363948,214.8523639,219.7121737,226.4441243,233.0324068,239.8390882,248.6364686,257.9103524,266.2572875,275.457057,284.4708066,294.2104217,304.7414667,317.0382034,329.9705243,349.5774696,369.6172265,397.108794,417.5167945,445.5830786,458.9214769,506.501097,498.9810621,494.5593758,463.0325221,461.842092,460.2996431,465.1606937
SRB,GDP per capita (constant 2015 US$),NY.GDP.PCAP.KD,,,,,,,,,,,,,,,,,,,,,,,,,,,,,,,,,,,,3012.49819,3200.768263,3497.550467,3699.403871,3329.45173,3542.353739,3788.982294,4038.652546,4233.776466,4527.434977,4809.138477,5016.412841,5431.27889,5735.947716,5578.01198,5690.703269,5737.001199,5739.307502,5793.336142,5716.540478,5820.321558,6024.95753,6200.260603,6524.079685,6870.757464,6850.966778,7465.675309,7857.403271,8210.554014
SSD,GDP per capita (constant 2015 US$),NY.GDP.PCAP.KD,,,,,,,,,,,,,,,,,,,,,,,,,,,,,,,,,,,,,,,,,,,,,,,,,2289.184154,2293.801669,2295.070261,2073.239818,1069.196191,1165.162027,1197.09492,1080.147186,,,,,,,,
STP,GDP per capita (constant 2015 US$),NY.GDP.PCAP.KD,,,,,,,,,,,985.0918024,1015.746668,1017.081213,1011.349757,1045.176706,1075.525522,1065.939416,1281.277077,1283.357084,1454.96872,1405.760615,1234.820854,1249.502682,1179.55626,1087.441534,1163.807243,1071.361644,1014.691258,1008.243594,1013.507604,967.4908075,957.9464831,946.4824951,939.6066694,943.8914043,947.3315385,947.0301513,942.9711853,953.9855009,966.2268289,959.938181,973.4242521,982.3290656,1036.861963,1047.057961,1089.147788,1157.086145,1170.516125,1214.141147,1225.605419,1216.350252,1214.961303,1225.694526,1263.70424,1301.321464,1298.109466,1342.533808,1375.594033,1413.843486,1420.660083,1430.841193,1428.286761,1403.233567,1380.601694
SUR,GDP per capita (constant 2015 US$),NY.GDP.PCAP.KD,3940.081348,3994.895696,3988.1114,4025.397612,4120.486121,4456.89703,5133.974973,5561.308099,5782.536614,5840.340861,5799.867223,5834.024867,5719.042377,5639.385798,5692.088519,5888.953963,6454.72148,7172.621071,7717.463334,7750.388851,7110.251415,7613.416138,7272.423773,6948.369884,6754.874164,6804.882353,6765.644548,6272.929386,6672.845582,6847.857426,6474.955712,6609.401341,6594.904149,6127.177641,6290.157496,6184.283442,6114.835717,6330.137182,6343.513448,6127.310357,6128.316024,6255.552742,6301.31731,6567.843099,7021.989199,7261.817135,7599.356969,7897.256489,8129.114647,8276.690798,8603.907867,9003.285977,9140.928986,9303.460088,9224.243784,8813.617054,8293.31553,8338.692354,8666.648707,8677.30522,7213.107667,6973.899419,7081.333573,7195.10209
SVK,GDP per capita (constant 2015 US$),NY.GDP.PCAP.KD,,,,,,,,,,,,,,,,,,,,,,,,,,,,,,,8597.463999,7338.798711,6843.300312,6946.845511,7348.918321,7755.623395,8212.832025,8647.394446,8966.219263,8914.683229,8997.21206,9277.357998,9690.684628,10168.02248,10718.21014,11412.15929,12430.20146,13770.96037,14497.11151,13680.7537,14596.14784,14950.87356,15159.6571,15249.88252,15647.64911,16442.07609,16740.7415,17195.2888,17869.01494,18250.98029,17763.8564,18821.11631,18959.68184,19238.76224
SVN,GDP per capita (constant 2015 US$),NY.GDP.PCAP.KD,,,,,,,,,,,,,,,,,,,,,,,,,,,,,,,13615.58578,12395.9177,11735.84602,12098.34141,12757.63011,13278.74278,13674.18337,14400.67121,14874.29029,15646.68895,16146.1216,16576.71609,17099.65838,17635.36102,18425.25984,19102.2772,20166.53241,21485.78116,22175.23699,20307.61858,20444.11992,20535.41573,19894.86979,19704.21843,20228.7077,20697.27485,21309.71203,22397.76381,23293.96659,23943.17964,22811.80529,24659.2499,25276.93558,25708.86914
SWE,GDP per capita (constant 2015 US$),NY.GDP.PCAP.KD,16812.15163,17683.79759,18335.55252,19203.91326,20361.15242,20941.09094,21176.46662,21721.84,22386.02745,23342.7425,24622.94788,24685.10478,25175.57839,26129.46395,26887.00539,27464.06862,27653.91073,27116.007,27510.74385,28504.88518,28930.6721,29027.42691,29373.07837,29917.80652,31154.86753,31775.40211,32554.78047,33534.53213,34234.98821,34910.16765,34902.92058,34268.55472,33673.43659,32786.8795,33861.97136,35063.9009,35604.96836,36675.20771,38211.11862,39785.38016,41561.09672,42013.70043,42831.01886,43474.57922,45113.83085,46188.84111,48077.44087,49261.23995,48427.75638,45973.55377,48204.65808,49355.68994,48788.86712,48927.59731,49556.7005,51197.95293,51746.69696,51985.93246,52363.38292,53156.86131,51715.78104,54458.35356,54878.29195,54449.7982
SWZ,GDP per capita (constant 2015 US$),NY.GDP.PCAP.KD,,,,,,,,,,,907.1930108,1004.626054,1030.458376,1092.319479,1122.372257,1241.495428,1178.826838,1153.226779,1130.662059,1127.914949,1226.994015,1360.659194,1331.614162,1304.054296,1340.022644,1340.791371,1446.771237,1594.969947,1623.275888,1749.721585,2033.432138,1987.749925,1975.262028,1978.112262,2025.821704,2125.285471,2163.668187,2193.585436,2221.972287,2262.842132,2279.163654,2282.057363,2363.179154,2438.16988,2511.320708,2647.505086,2792.138435,2899.220202,2903.381029,2929.977205,3023.359562,3074.202675,3222.721502,3329.008805,3367.36337,3393.533678,3492.83223,3552.085846,3546.538619,3687.990514,3542.915028,3621.258058,3582.221003,3726.43643
SXM,GDP per capita (constant 2015 US$),NY.GDP.PCAP.KD,,,,,,,,,,,,,,,,,,,,,,,,,,,,,,,,,,,,,,,,,,,,,,,,,,37548.94746,38403.07052,39615.13714,39298.98736,38889.77151,38623.19994,37839.62838,37428.70276,33945.41852,31047.72411,33877.97665,28920.3773,29834.63501,32316.87215,33066.24953
SYC,GDP per capita (constant 2015 US$),NY.GDP.PCAP.KD,3169.871936,2931.522959,3094.823233,3322.942605,3432.560455,3311.93105,3679.300507,3608.075149,3787.787086,3698.743528,3934.107459,4466.487022,4635.1953,4978.196661,4952.094337,4992.676353,5689.075065,5226.172705,6294.513802,7226.368412,6795.442134,6453.044413,6282.312434,6251.168373,6481.833123,7091.310698,7100.937354,7137.556036,7489.740299,8210.90697,8779.852313,8902.837988,9497.755411,9981.244604,9481.880527,9388.819677,10177.09047,11284.84598,11339.34813,11326.93861,11703.75352,11427.94131,11218.26065,10677.96921,10412.08689,11297.31182,12105.44753,13112.82101,12473.29218,12116.37837,12313.55669,13843.71161,14135.00106,14050.31356,14395.61581,15333.10517,16962.6754,17921.5732,18628.18623,19481.64611,17048.36173,17005.04221,16188.78133,16715.26509
SYR,GDP per capita (constant 2015 US$),NY.GDP.PCAP.KD,517.1311047,556.2549979,672.5614948,596.1983753,631.8621931,626.6280515,560.7069016,588.0175554,590.7101339,679.2579509,645.5749067,680.2063574,826.2108642,715.1605564,869.8466664,978.2917959,1061.236019,1006.950393,1069.746478,1043.218557,1155.128965,1204.048996,1197.250821,1183.932348,1056.125314,1114.963332,991.1103437,973.6202392,1110.622599,927.806684,931.8850684,972.2858317,1065.204693,1097.110407,1142.063978,1188.175395,1270.051247,1299.298566,1352.127896,1271.322273,1248.384883,1230.872,1249.006214,1307.481459,1363.619467,1411.631849,1420.722931,1411.689914,1423.595594,1484.405237,1526.368944,1542.719572,1142.290802,884.3298133,847.6598772,847.7316319,802.9694983,795.883217,792.4138117,771.5186953,740.811397,734.3342363,712.2722782,
TCA,GDP per capita (constant 2015 US$),NY.GDP.PCAP.KD,,,,,,,,,,,,,,,,,,,,,,,,,,,,,,,,,,,,,,,,,,,,,,,,,,,,25215.86504,23975.03487,23132.98464,24145.82831,25736.10163,26370.38227,24681.72442,25034.11631,25382.18333,18073.28522,19331.2436,20259.31607,20346.65527
TCD,GDP per capita (constant 2015 US$),NY.GDP.PCAP.KD,556.4109749,552.9279684,570.8887315,550.4377334,525.8153836,518.5395107,499.3015786,493.436873,481.6105175,504.4763732,503.2832152,481.7000601,476.4829313,426.4013644,437.4136381,466.6561237,471.063577,472.6546305,461.9356584,355.3188347,333.0859139,336.1498368,337.8661686,371.9495474,374.603793,451.6635046,420.4566625,396.2823207,442.400105,448.5433477,418.0735771,437.4625328,452.8379551,372.8025113,401.2532699,388.7027823,380.0969657,387.9594179,400.8967556,384.4139406,368.0782619,397.3568892,416.3398548,458.9230456,586.5372217,661.0087024,641.784341,640.3379142,637.1939393,640.7607362,702.835159,679.0187344,713.8136986,728.0443258,750.9849081,747.5884485,679.1678344,637.4409462,631.014596,630.86105,601.325556,574.1744867,570.2209026,567.1819122
TGO,GDP per capita (constant 2015 US$),NY.GDP.PCAP.KD,449.3425711,495.2604704,504.9809025,520.5816444,582.2944544,654.061733,691.4519596,701.2036129,706.5737647,752.5028968,744.0175124,720.5210163,753.6715079,762.2181273,779.0095716,778.5371161,744.3021645,777.2126506,842.4023497,778.697806,867.453988,813.0461182,758.2508558,693.1974302,707.5720339,723.3852642,712.7284516,694.9067345,719.0017779,726.2934844,703.6238962,678.8697876,633.66898,541.3570219,620.1825755,640.3498632,671.5042215,744.1265819,706.6895239,704.0437893,679.5333677,667.2982818,675.4407444,702.7992002,678.2875462,630.2486283,629.0798559,603.8378964,610.4056557,625.7118367,644.5637303,663.9637781,687.4957957,709.0923042,730.2915254,751.0524051,763.2765491,774.2769091,791.5935324,810.5141328,806.9564904,835.1990513,862.7637127,896.8746869
THA,GDP per capita (constant 2015 US$),NY.GDP.PCAP.KD,592.4656351,606.2055927,632.9830357,663.5543658,688.0173073,722.3922992,779.3049783,822.0658215,863.6171647,894.6361156,969.5117163,989.90922,1005.144547,1079.191991,1099.029396,1125.839551,1202.744247,1291.919768,1394.18134,1438.539295,1482.08742,1538.431274,1589.421686,1645.991691,1707.930802,1754.627162,1818.905047,1957.759637,2180.413587,2406.269968,2631.519711,2810.56702,2989.853854,3186.997071,3391.489866,3614.93244,3766.863644,3614.608485,3295.360184,3403.087374,3514.71663,3599.025249,3783.754221,4018.155382,4232.771573,4372.257302,4551.525002,4760.667085,4805.76394,4737.456798,5059.357478,5070.237402,5403.87846,5516.611642,5541.465994,5688.853354,5857.780529,6076.743077,6314.199484,6434.537705,6035.186277,6122.492385,6272.57591,6393.88745
TJK,GDP per capita (constant 2015 US$),NY.GDP.PCAP.KD,,,,,,,,,,,,,,,,,,,,,,,,,,1417.668222,1420.201978,1355.738498,1491.073894,1353.853367,1312.947013,1188.374613,827.5868846,682.7272593,528.0482174,452.9043854,369.9348835,371.6612431,389.0897467,401.4063818,429.537301,461.6811958,501.8085665,546.3914798,590.9571114,618.3337026,649.1633288,686.4809019,726.1854913,739.2128785,770.6041054,809.3682292,849.5190808,889.8823831,925.9709615,956.9163109,997.3526146,1042.263918,1094.800202,1148.346767,1171.901275,1254.069996,1325.755453,1407.107544
TKM,GDP per capita (constant 2015 US$),NY.GDP.PCAP.KD,,,,,,,,,,,,,,,,,,,,,,,,,,,,2645.641517,2849.291299,2651.252042,3495.748389,3252.31234,2703.318656,2684.180356,2174.388214,1981.944023,2078.718626,1810.780481,1906.905386,2181.159381,2255.014968,2306.300576,2266.633663,2295.296206,2364.267252,2622.617963,2856.77457,3114.0633,3504.348433,3645.435224,3900.142379,4379.749434,4761.079276,5131.167365,5533.035288,5759.497904,5977.838281,6222.555906,6460.943568,6718.166081,6965.112269,7248.707632,7551.036501,7880.445286
TLS,GDP per capita (constant 2015 US$),NY.GDP.PCAP.KD,,,,,,,,,,,,,,,,,,,,,,,,,,,,,,,633.1824905,684.8705302,736.5916481,789.9006974,823.0624248,854.1304727,897.3605314,907.916566,865.831378,631.0729125,1117.564298,1192.785758,1028.131934,964.3225646,955.4705483,964.0266142,897.5737637,961.8484621,1042.868354,1120.096984,1195.380862,1237.483833,1269.416293,1281.928641,1312.964941,1319.592974,1333.658547,1267.086601,1237.200647,1507.247483,1947.839971,2015.692702,1578.383229,1278.418613
TON,GDP per capita (constant 2015 US$),NY.GDP.PCAP.KD,,,,,,,,,,,,,,,,,,,,,,2589.0042,2709.790721,2763.002092,2811.263395,2995.822517,3058.482269,3138.0789,3060.575452,3059.09407,2987.636814,3173.086014,3177.042334,3293.135083,3454.054485,3667.018632,3668.595792,3632.112386,3689.216654,3749.823438,3866.685674,3901.180545,4050.989655,4030.196852,3928.060226,3880.070343,3775.248182,3665.895204,3833.601609,3630.760615,3653.977809,3892.767833,3932.593693,3962.169489,4058.815614,4123.90324,4419.814729,4568.624687,4590.842059,4576.850819,4656.931662,4683.299227,4594.634284,
TTO,GDP per capita (constant 2015 US$),NY.GDP.PCAP.KD,4291.331519,4790.515795,4826.553249,5002.657766,5289.084556,5237.087238,5365.676848,5398.096143,5605.832721,5690.205491,5827.31147,5822.665291,6084.372245,6107.347999,6261.249171,6277.142497,6598.762353,7112.356047,7725.818163,7900.861939,8612.155784,8900.129189,9135.301956,8105.319935,7558.108561,7158.98182,6833.536588,6445.517578,6128.906836,6021.594113,6060.688676,6199.99274,6774.749037,6683.212321,6879.306122,7103.752962,7576.877848,8116.255226,8746.268796,9415.923866,10027.11288,10399.44828,11170.51887,12719.69153,13662.82951,15081.57299,17028.17363,17765.95008,18292.73909,17469.0935,17945.41875,17753.75483,18973.33631,19564.84916,20246.52385,20024.75466,18459.63675,17537.95402,17399.4608,17400.97102,15789.6138,15616.2903,15868.10087,16061.90048
TUN,GDP per capita (constant 2015 US$),NY.GDP.PCAP.KD,,1422.019118,1340.333251,1180.788411,1109.847407,1064.734578,1079.996928,1057.052008,1138.644911,1162.964152,1187.214746,1280.091468,1469.538297,1422.825845,1497.835277,1562.530688,1641.274305,1653.439018,1717.122781,1788.223839,1877.337047,1936.277454,1884.784718,1932.426423,1996.46587,2055.194117,1974.715243,2055.741665,2009.640369,2000.289302,2114.473091,2151.21131,2270.867443,2274.64478,2305.164268,2322.595088,2452.912483,2551.553865,2639.878409,2766.573663,2864.550756,2941.742756,2950.20794,3058.232929,3218.727387,3301.942459,3444.555825,3642.124503,3760.123167,3835.255099,3906.911331,3784.746204,3900.051265,3947.592761,4021.604769,4014.947737,4015.296641,4062.226775,4128.103938,4154.958616,3749.267224,3902.542583,3983.491305,3958.562229
TUR,GDP per capita (constant 2015 US$),NY.GDP.PCAP.KD,2433.647958,2395.050668,2461.135084,2613.447614,2684.797952,2692.142184,2918.885285,2978.667064,3101.209009,3149.659404,3176.008809,3274.154282,3433.85189,3464.795372,3578.499597,3756.481354,4065.587281,4118.252405,4096.630058,3991.93559,3817.193771,3923.743782,3977.607759,4078.35504,4253.185765,4336.220052,4542.533456,4873.09953,4887.599293,4806.641715,5154.624325,5101.20725,5267.515486,5573.565021,5221.807893,5541.746995,5861.701891,6215.40338,6276.808351,5991.372186,6325.096088,5887.685766,6192.18555,6473.462738,7028.755564,7579.372032,8023.150993,8414.253504,8376.149246,7862.870765,8396.92342,9201.337261,9519.815089,10195.84758,10556.11704,11049.99511,11264.61457,11953.66642,12148.29313,12073.86907,12179.66265,13449.92913,14055.10315,14713.56707
TUV,GDP per capita (constant 2015 US$),NY.GDP.PCAP.KD,,,,,,,,,,,2435.174747,2387.334409,2337.902704,2297.208933,2203.958167,2066.068128,1956.797912,1804.139092,1702.08842,1641.76536,1590.96075,1597.627755,1317.700011,1412.900699,1496.605015,1442.847469,1731.913773,1908.425698,2237.591932,2157.534188,2450.79726,2502.277165,2540.756272,2619.695184,2863.671112,2698.960681,2521.221269,2756.314034,3166.395472,3102.106763,3056.55102,3043.159079,3320.168582,3152.22822,3042.612853,2864.905242,2900.927102,3069.673682,3230.221095,2987.803979,2879.296457,3028.251122,2922.0763,3030.552852,3035.243256,3357.834177,3558.61213,3666.201897,3757.859973,4345.996065,4233.018321,4396.048945,4515.297015,4773.340855
TZA,GDP per capita (constant 2015 US$),NY.GDP.PCAP.KD,834.4924316,820.2597656,869.289978,897.0410767,918.5549316,929.9898682,1006.959167,1030.119995,1059.945923,1058.027954,547.6003418,549.4674683,567.920105,581.7590332,572.9996338,574.5650024,572.3570557,552.2894287,544.2400513,539.4030151,536.9331665,515.711853,498.3746033,480.3990173,486.7255249,476.9798889,486.8313599,493.8258972,513.8685913,519.2226563,541.5447998,538.96698,528.7815552,518.6625977,506.9725037,508.8404236,522.333252,529.9542236,535.3631592,546.6055298,555.3480835,573.4001465,598.4215698,621.7207031,650.5165405,680.0512085,704.5027466,731.5200195,752.5404663,772.9295654,801.2993164,838.9992676,851.9107056,882.8115234,913.8112183,939.1273193,970.1561279,1001.887451,1024.015259,1051.766602,1041.259644,1054.317261,1070.585327,1092.864136
UGA,GDP per capita (constant 2015 US$),NY.GDP.PCAP.KD,,,,,,,,,,,,,,,,,,,,,,,359.2062855,370.539961,359.5103825,337.9979454,329.5785217,332.1859415,348.373833,358.7698861,369.839287,377.7805037,377.6096127,395.1639492,406.5923019,441.2262012,468.427899,478.250664,487.0089773,509.4553951,509.1975532,519.4565479,547.4053389,564.7205392,585.3394891,604.4048131,650.2705409,684.5422418,722.565167,749.3428655,768.6240917,816.5163666,823.5804683,828.9886697,845.9786648,862.9346104,874.6483706,871.09388,895.0751279,920.9391015,917.0350318,919.4016752,933.0940564,955.7457973
UKR,GDP per capita (constant 2015 US$),NY.GDP.PCAP.KD,,,,,,,,,,,,,,,,,,,,,,,,,,,,3141.679688,3209.282227,3321.190918,3102.310547,2826.064697,2538.852783,2177.234863,1687.484497,1493.38208,1355.573364,1326.277954,1311.593628,1319.533203,1409.222656,1547.27832,1644.28125,1814.258545,2042.444946,2122.601563,2298.132324,2498.352051,2567.694092,2188.170166,2285.933838,2418.12085,2426.929443,2432.41626,2308.643555,2094.473877,2156.083008,2217.75293,2308.666992,2398.078369,2324.107422,2426.612305,1874.662964,2159.946533
URY,GDP per capita (constant 2015 US$),NY.GDP.PCAP.KD,6634.190641,6714.425649,6529.056729,6464.239376,6548.586872,6547.982998,6682.546995,6380.138293,6447.958791,6778.454637,6894.771666,6839.05314,6712.494754,6694.220574,6847.4677,7218.473566,7453.06661,7514.582677,7874.423978,8322.210875,8772.554297,8875.413721,7976.398752,7125.057297,7011.482364,7080.001086,7663.581677,8229.872992,8302.574845,8344.469665,8320.355905,8565.269278,9193.551221,9388.109391,10019.34792,9822.896804,10316.20276,11138.86761,11584.94919,11357.08669,11096.33096,10643.5574,9806.771306,9878.756843,10366.90674,11131.39849,11574.47054,12310.48274,13165.83628,13691.71421,14722.37801,15443.99619,15949.3177,16639.40548,17122.03646,17125.90168,17357.23499,17611.60367,17608.94413,17758.43843,16439.31404,17365.26378,18213.69561,18295.90668
USA,GDP per capita (constant 2015 US$),NY.GDP.PCAP.KD,18991.5446,19108.93536,19965.14358,20545.78425,21437.58407,22526.20551,23714.93903,24044.56513,24948.3569,25471.61618,25231.12716,25734.48284,26798.53361,28042.55192,27637.29977,27309.86882,28509.14306,29528.96637,30834.99923,31462.10039,31081.62163,31559.12934,30696.08344,31810.92161,33818.82355,34918.1302,35794.88777,36701.94539,37889.37735,38911.5419,39200.06581,38637.83981,39447.94729,40002.47623,41106.98818,41710.82072,42783.81657,44151.68604,45596.43068,47234.24553,48616.25463,48597.42461,48967.36612,49905.52331,51348.34734,52649.57131,53596.31524,54152.82927,53703.9629,51863.61834,52821.40476,53259.25521,54080.22865,54844.24258,55817.56325,57040.20821,57658.67088,58703.14408,60127.21028,61400.54815,59493.14598,62996.28938,64342.11794,65875.17788
UZB,GDP per capita (constant 2015 US$),NY.GDP.PCAP.KD,,,,,,,,,,,,,,,,,,,,,,,,,,,,1483.851778,1575.303195,1582.008426,1569.0108,1524.204277,1320.597693,1260.716497,1169.86899,1136.358436,1134.178711,1172.717844,1204.090812,1238.365916,1269.721375,1306.606332,1341.95996,1381.825728,1466.613489,1549.045775,1643.146456,1773.758037,1904.458555,2025.042986,2144.640006,2271.009362,2395.840368,2530.684479,2659.990751,2803.19018,2918.677259,2995.767614,3108.161879,3259.369646,3249.051911,3442.724845,3576.715527,3725.674146
VCT,GDP per capita (constant 2015 US$),NY.GDP.PCAP.KD,1886.328676,1937.698763,1977.81973,1826.949488,1868.120965,1860.236104,1837.501502,1643.363348,1731.763745,1763.785708,1934.878799,1973.632702,2460.138104,2167.063432,1958.747721,1794.731566,1965.111592,2207.588843,2405.13718,2469.591672,2512.073732,2606.468965,2700.131534,2736.247849,2893.473104,3049.081417,3196.987701,3189.973464,3617.347253,3647.951952,3780.963379,3809.928551,4042.584901,4205.975639,4146.769554,4463.735173,4518.346404,4675.811885,4865.384595,4989.052627,5062.830801,5153.337757,5436.011277,5810.312917,6065.795281,6238.030621,6700.480656,6953.117094,7012.88003,6948.773569,6671.273536,6667.817025,6783.800622,6989.482545,7116.354803,7353.735561,7702.616964,7864.947369,8171.705226,8285.715771,8025.284998,8139.636859,8790.374186,9385.710828
VEN,GDP per capita (constant 2015 US$),NY.GDP.PCAP.KD,,,,,,,,,,,,,,,,,,,,,,,,,,,,,,,,,,,,,,,,,,,,,,,,,,,,,,,,,,,,,,,,
VGB,GDP per capita (constant 2015 US$),NY.GDP.PCAP.KD,,,,,,,,,,,,,,,,,,,,,,,,,,,,,,,,,,,,,,,,,,,,,,,,,,,,,,,,,,,,,,,,
VIR,GDP per capita (constant 2015 US$),NY.GDP.PCAP.KD,,,,,,,,,,,,,,,,,,,,,,,,,,,,,,,,,,,,,,,,,,,43205.72467,43036.18151,44466.28722,46021.59057,47671.56718,49598.12591,50174.75289,46862.8076,47162.73756,43320.17677,36938.16821,34663.64606,34098.711,34007.35294,34614.74826,34435.49445,35174.10199,36309.74384,35850.74331,37313.04849,36983.43106,
VNM,GDP per capita (constant 2015 US$),NY.GDP.PCAP.KD,,,,,,,,,,,,,,,,,,,,,,,,,595.4913333,603.9774958,607.5899979,616.715148,635.3982039,668.3231725,687.8603163,713.7472108,759.910854,805.6064436,861.1224226,927.625512,998.9249072,1064.778029,1110.112677,1148.044652,1212.196578,1273.805269,1340.516705,1418.743375,1510.94449,1609.962683,1699.676203,1788.948503,1856.005199,1927.134271,2027.581844,2132.904538,2224.114043,2320.084314,2439.286557,2577.568853,2715.578874,2868.1368,3048.283276,3241.07649,3303.169498,3358.217348,3603.864548,3760.397714
VUT,GDP per capita (constant 2015 US$),NY.GDP.PCAP.KD,,,,,,,,,,,,,,,,,,,,2945.842768,2550.898587,2604.280118,2594.709294,2608.932396,2788.769689,2746.542223,2673.418761,2530.444155,2424.531106,2399.667242,2613.88858,2629.911663,2631.761921,2587.026704,2755.423718,2719.427861,2721.271011,2794.065589,2768.494525,2720.840883,2816.554673,2653.205521,2453.23063,2496.201355,2533.084569,2603.570569,2756.32885,2767.000511,2849.605294,2862.541541,2831.456113,2857.674796,2823.80523,2774.474468,2798.19314,2746.591719,2812.113604,2920.844921,2934.415484,2959.738977,2747.30576,2642.673052,2631.551863,2627.975268
WSM,GDP per capita (constant 2015 US$),NY.GDP.PCAP.KD,,,,,,,,,,,2426.501409,2713.758615,2718.019736,2876.839179,2519.477814,2361.78248,2520.010011,2459.153422,2586.588428,2842.219677,2642.834121,2384.532021,2350.194889,2357.06875,2386.243683,2478.984712,2612.123376,2615.349407,2567.139859,2655.654744,2534.122049,2471.07143,2452.186853,2531.281931,2447.202602,2589.405241,2751.654267,2746.336608,2785.311713,2824.553304,2945.372179,3137.464038,3291.342448,3444.998577,3535.738138,3755.782428,3820.922395,3818.255038,3925.874333,3875.942917,4081.15536,4201.456637,4007.910928,3976.392893,3967.237305,4084.360838,4373.237924,4393.373163,4321.005183,4466.080755,4283.072803,3945.719489,3710.624627,4003.075902
YEM,GDP per capita (constant 2015 US$),NY.GDP.PCAP.KD,,,,,,,,,,,,,,,,,,,,,,,,,,,,,,,1722.208046,1761.794737,1835.263694,1838.265236,1890.737149,1927.404685,1949.979037,1987.607711,2041.651697,2053.778367,2114.652582,2129.752471,2148.868207,2164.84028,2185.769243,2237.616386,2234.721456,2235.729536,2244.023615,2257.447592,2356.199574,1994.836608,1981.457975,2014.72888,1950.16252,1362.173794,1197.958644,1103.456334,1079.32937,1069.78649,951.1303411,916.1298925,903.533634,859.2093031
ZAF,GDP per capita (constant 2015 US$),NY.GDP.PCAP.KD,3993.436797,4032.222725,4155.857115,4329.07392,4532.234305,4664.096991,4722.49942,4906.856851,4953.800648,5029.646914,5135.561503,5200.743218,5137.376924,5220.821766,5385.831337,5327.518435,5301.986396,5155.685759,5168.069303,5220.725057,5399.540679,5498.592034,5291.382611,5015.371424,5091.719364,4865.056941,4712.818695,4664.130116,4714.222842,4687.291052,4544.230232,4396.360695,4225.814328,4193.598261,4258.261847,4337.297297,4465.506499,4527.049924,4494.857112,4552.85008,4700.875555,4786.48245,4916.814981,5011.622232,5187.356834,5406.075814,5650.988318,5891.420694,6009.719631,5847.058111,5953.945065,6067.124827,6121.557839,6170.876709,6155.005895,6112.273825,6095.29506,6125.692051,6117.270141,6032.829726,5569.584833,5756.195494,5783.860904,5747.41965
ZMB,GDP per capita (constant 2015 US$),NY.GDP.PCAP.KD,1187.704601,1166.745964,1102.445822,1103.108132,1199.39219,1355.45681,1239.689216,1295.608647,1270.079017,1224.903879,1246.65383,1211.709727,1286.57717,1238.059133,1279.537073,1213.577218,1250.541503,1157.758144,1129.471635,1062.962931,1062.936002,1094.461959,1030.047182,977.75971,944.930594,931.8082636,910.9445424,908.6800428,939.5996794,905.7473802,878.589206,856.7617236,821.8501042,857.0396696,764.6394113,768.0352016,796.0180596,805.5324018,781.6633838,796.377986,804.4846342,822.0209353,833.0211775,863.6501907,895.4752585,929.0792559,968.563565,1013.085674,1053.586123,1110.719181,1183.417124,1208.464246,1258.789386,1280.770122,1299.012418,1295.877887,1303.575139,1308.768292,1321.250457,1301.18133,1228.735001,1269.108218,1298.84805,1330.859982
ZWE,GDP per capita (constant 2015 US$),NY.GDP.PCAP.KD,1136.471271,1171.052038,1151.078833,1184.998997,1135.505609,1154.271077,1135.494843,1192.384105,1178.129108,1283.243262,1525.244991,1612.178683,1693.615502,1683.669435,1738.115379,1651.352081,1609.301205,1461.147803,1401.160421,1424.71763,1539.013074,1626.161928,1605.23661,1569.892695,1486.164393,1535.335726,1515.948485,1483.505759,1545.854974,1579.796236,1644.769712,1691.124003,1495.834634,1489.629215,1625.274896,1612.795197,1750.579937,1764.074135,1779.832873,1736.938861,1668.426297,1681.157539,1516.967973,1244.266243,1159.345332,1082.841899,1032.701264,981.9484983,798.7732884,882.2797477,1054.397915,1187.318407,1352.135136,1375.851342,1377.25456,1386.422847,1379.628343,1415.351332,1464.315294,1350.309851,1224.272314,1305.220113,1361.91453,1410.737311
