Country Code,Year,tourism
AFG,1960,N/A
AGO,1960,N/A
ALB,1960,N/A
ARE,1960,N/A
ARG,1960,N/A
ARM,1960,N/A
ASM,1960,N/A
ATG,1960,N/A
AUS,1960,N/A
AUT,1960,N/A
AZE,1960,N/A
BDI,1960,N/A
BEL,1960,N/A
BEN,1960,N/A
BFA,1960,N/A
BGD,1960,N/A
BGR,1960,N/A
BHR,1960,N/A
BHS,1960,N/A
BIH,1960,N/A
BLR,1960,N/A
BLZ,1960,N/A
BMU,1960,N/A
BOL,1960,N/A
BRA,1960,N/A
BRB,1960,N/A
BRN,1960,N/A
BTN,1960,N/A
BWA,1960,N/A
CAF,1960,N/A
CAN,1960,N/A
CHE,1960,N/A
CHL,1960,N/A
CHN,1960,N/A
CIV,1960,N/A
CMR,1960,N/A
COD,1960,N/A
COG,1960,N/A
COL,1960,N/A
COM,1960,N/A
CPV,1960,N/A
CRI,1960,N/A
CUB,1960,N/A
CYM,1960,N/A
CYP,1960,N/A
CZE,1960,N/A
DEU,1960,N/A
DJI,1960,N/A
DMA,1960,N/A
DNK,1960,N/A
DOM,1960,N/A
DZA,1960,N/A
ECU,1960,N/A
EGY,1960,N/A
ERI,1960,N/A
ESP,1960,N/A
EST,1960,N/A
ETH,1960,N/A
FIN,1960,N/A
FJI,1960,N/A
FRA,1960,N/A
FSM,1960,N/A
GAB,1960,N/A
GBR,1960,N/A
GEO,1960,N/A
GHA,1960,N/A
GIN,1960,N/A
GMB,1960,N/A
GNB,1960,N/A
GNQ,1960,N/A
GRC,1960,N/A
GRD,1960,N/A
GTM,1960,N/A
GUM,1960,N/A
GUY,1960,N/A
HKG,1960,N/A
HND,1960,N/A
HRV,1960,N/A
HTI,1960,N/A
HUN,1960,N/A
IDN,1960,N/A
IND,1960,N/A
IRL,1960,N/A
IRN,1960,N/A
IRQ,1960,N/A
ISL,1960,N/A
ISR,1960,N/A
ITA,1960,N/A
JAM,1960,N/A
JOR,1960,N/A
JPN,1960,N/A
KAZ,1960,N/A
KEN,1960,N/A
KGZ,1960,N/A
KHM,1960,N/A
KIR,1960,N/A
KNA,1960,N/A
KOR,1960,N/A
KWT,1960,N/A
LAO,1960,N/A
LBN,1960,N/A
LBR,1960,N/A
LBY,1960,N/A
LCA,1960,N/A
LIE,1960,N/A
LKA,1960,N/A
LSO,1960,N/A
LTU,1960,N/A
LUX,1960,N/A
LVA,1960,N/A
MAC,1960,N/A
MAF,1960,N/A
MAR,1960,N/A
MDA,1960,N/A
MDG,1960,N/A
MDV,1960,N/A
MEX,1960,N/A
MHL,1960,N/A
MKD,1960,N/A
MLI,1960,N/A
MLT,1960,N/A
MMR,1960,N/A
MNE,1960,N/A
MNG,1960,N/A
MNP,1960,N/A
MOZ,1960,N/A
MRT,1960,N/A
MUS,1960,N/A
MWI,1960,N/A
MYS,1960,N/A
NAM,1960,N/A
NCL,1960,N/A
NER,1960,N/A
NGA,1960,N/A
NIC,1960,N/A
NLD,1960,N/A
NOR,1960,N/A
NPL,1960,N/A
NZL,1960,N/A
OMN,1960,N/A
PAK,1960,N/A
PAN,1960,N/A
PER,1960,N/A
PHL,1960,N/A
PLW,1960,N/A
PNG,1960,N/A
POL,1960,N/A
PRI,1960,N/A
PRK,1960,N/A
PRT,1960,N/A
PRY,1960,N/A
PSE,1960,N/A
PYF,1960,N/A
QAT,1960,N/A
ROU,1960,N/A
RUS,1960,N/A
RWA,1960,N/A
SAU,1960,N/A
SDN,1960,N/A
SEN,1960,N/A
SGP,1960,N/A
SLB,1960,N/A
SLE,1960,N/A
SLV,1960,N/A
SOM,1960,N/A
SRB,1960,N/A
SSD,1960,N/A
STP,1960,N/A
SUR,1960,N/A
SVK,1960,N/A
SVN,1960,N/A
SWE,1960,N/A
SWZ,1960,N/A
SXM,1960,N/A
SYC,1960,N/A
SYR,1960,N/A
TCA,1960,N/A
TCD,1960,N/A
TGO,1960,N/A
THA,1960,N/A
TJK,1960,N/A
TKM,1960,N/A
TLS,1960,N/A
TON,1960,N/A
TTO,1960,N/A
TUN,1960,N/A
TUR,1960,N/A
TUV,1960,N/A
TZA,1960,N/A
UGA,1960,N/A
UKR,1960,N/A
URY,1960,N/A
USA,1960,N/A
UZB,1960,N/A
VCT,1960,N/A
VEN,1960,N/A
VGB,1960,N/A
VIR,1960,N/A
VNM,1960,N/A
VUT,1960,N/A
WSM,1960,N/A
YEM,1960,N/A
ZAF,1960,N/A
ZMB,1960,N/A
ZWE,1960,N/A
AFG,1961,N/A
AGO,1961,N/A
ALB,1961,N/A
ARE,1961,N/A
ARG,1961,N/A
ARM,1961,N/A
ASM,1961,N/A
ATG,1961,N/A
AUS,1961,N/A
AUT,1961,N/A
AZE,1961,N/A
BDI,1961,N/A
BEL,1961,N/A
BEN,1961,N/A
BFA,1961,N/A
BGD,1961,N/A
BGR,1961,N/A
BHR,1961,N/A
BHS,1961,N/A
BIH,1961,N/A
BLR,1961,N/A
BLZ,1961,N/A
BMU,1961,N/A
BOL,1961,N/A
BRA,1961,N/A
BRB,1961,N/A
BRN,1961,N/A
BTN,1961,N/A
BWA,1961,N/A
CAF,1961,N/A
CAN,1961,N/A
CHE,1961,N/A
CHL,1961,N/A
CHN,1961,N/A
CIV,1961,N/A
CMR,1961,N/A
COD,1961,N/A
COG,1961,N/A
COL,1961,N/A
COM,1961,N/A
CPV,1961,N/A
CRI,1961,N/A
CUB,1961,N/A
CYM,1961,N/A
CYP,1961,N/A
CZE,1961,N/A
DEU,1961,N/A
DJI,1961,N/A
DMA,1961,N/A
DNK,1961,N/A
DOM,1961,N/A
DZA,1961,N/A
ECU,1961,N/A
EGY,1961,N/A
ERI,1961,N/A
ESP,1961,N/A
EST,1961,N/A
ETH,1961,N/A
FIN,1961,N/A
FJI,1961,N/A
FRA,1961,N/A
FSM,1961,N/A
GAB,1961,N/A
GBR,1961,N/A
GEO,1961,N/A
GHA,1961,N/A
GIN,1961,N/A
GMB,1961,N/A
GNB,1961,N/A
GNQ,1961,N/A
GRC,1961,N/A
GRD,1961,N/A
GTM,1961,N/A
GUM,1961,N/A
GUY,1961,N/A
HKG,1961,N/A
HND,1961,N/A
HRV,1961,N/A
HTI,1961,N/A
HUN,1961,N/A
IDN,1961,N/A
IND,1961,N/A
IRL,1961,N/A
IRN,1961,N/A
IRQ,1961,N/A
ISL,1961,N/A
ISR,1961,N/A
ITA,1961,N/A
JAM,1961,N/A
JOR,1961,N/A
JPN,1961,N/A
KAZ,1961,N/A
KEN,1961,N/A
KGZ,1961,N/A
KHM,1961,N/A
KIR,1961,N/A
KNA,1961,N/A
KOR,1961,N/A
KWT,1961,N/A
LAO,1961,N/A
LBN,1961,N/A
LBR,1961,N/A
LBY,1961,N/A
LCA,1961,N/A
LIE,1961,N/A
LKA,1961,N/A
LSO,1961,N/A
LTU,1961,N/A
LUX,1961,N/A
LVA,1961,N/A
MAC,1961,N/A
MAF,1961,N/A
MAR,1961,N/A
MDA,1961,N/A
MDG,1961,N/A
MDV,1961,N/A
MEX,1961,N/A
MHL,1961,N/A
MKD,1961,N/A
MLI,1961,N/A
MLT,1961,N/A
MMR,1961,N/A
MNE,1961,N/A
MNG,1961,N/A
MNP,1961,N/A
MOZ,1961,N/A
MRT,1961,N/A
MUS,1961,N/A
MWI,1961,N/A
MYS,1961,N/A
NAM,1961,N/A
NCL,1961,N/A
NER,1961,N/A
NGA,1961,N/A
NIC,1961,N/A
NLD,1961,N/A
NOR,1961,N/A
NPL,1961,N/A
NZL,1961,N/A
OMN,1961,N/A
PAK,1961,N/A
PAN,1961,N/A
PER,1961,N/A
PHL,1961,N/A
PLW,1961,N/A
PNG,1961,N/A
POL,1961,N/A
PRI,1961,N/A
PRK,1961,N/A
PRT,1961,N/A
PRY,1961,N/A
PSE,1961,N/A
PYF,1961,N/A
QAT,1961,N/A
ROU,1961,N/A
RUS,1961,N/A
RWA,1961,N/A
SAU,1961,N/A
SDN,1961,N/A
SEN,1961,N/A
SGP,1961,N/A
SLB,1961,N/A
SLE,1961,N/A
SLV,1961,N/A
SOM,1961,N/A
SRB,1961,N/A
SSD,1961,N/A
STP,1961,N/A
SUR,1961,N/A
SVK,1961,N/A
SVN,1961,N/A
SWE,1961,N/A
SWZ,1961,N/A
SXM,1961,N/A
SYC,1961,N/A
SYR,1961,N/A
TCA,1961,N/A
TCD,1961,N/A
TGO,1961,N/A
THA,1961,N/A
TJK,1961,N/A
TKM,1961,N/A
TLS,1961,N/A
TON,1961,N/A
TTO,1961,N/A
TUN,1961,N/A
TUR,1961,N/A
TUV,1961,N/A
TZA,1961,N/A
UGA,1961,N/A
UKR,1961,N/A
URY,1961,N/A
USA,1961,N/A
UZB,1961,N/A
VCT,1961,N/A
VEN,1961,N/A
VGB,1961,N/A
VIR,1961,N/A
VNM,1961,N/A
VUT,1961,N/A
WSM,1961,N/A
YEM,1961,N/A
ZAF,1961,N/A
ZMB,1961,N/A
ZWE,1961,N/A
AFG,1962,N/A
AGO,1962,N/A
ALB,1962,N/A
ARE,1962,N/A
ARG,1962,N/A
ARM,1962,N/A
ASM,1962,N/A
ATG,1962,N/A
AUS,1962,N/A
AUT,1962,N/A
AZE,1962,N/A
BDI,1962,N/A
BEL,1962,N/A
BEN,1962,N/A
BFA,1962,N/A
BGD,1962,N/A
BGR,1962,N/A
BHR,1962,N/A
BHS,1962,N/A
BIH,1962,N/A
BLR,1962,N/A
BLZ,1962,N/A
BMU,1962,N/A
BOL,1962,N/A
BRA,1962,N/A
BRB,1962,N/A
BRN,1962,N/A
BTN,1962,N/A
BWA,1962,N/A
CAF,1962,N/A
CAN,1962,N/A
CHE,1962,N/A
CHL,1962,N/A
CHN,1962,N/A
CIV,1962,N/A
CMR,1962,N/A
COD,1962,N/A
COG,1962,N/A
COL,1962,N/A
COM,1962,N/A
CPV,1962,N/A
CRI,1962,N/A
CUB,1962,N/A
CYM,1962,N/A
CYP,1962,N/A
CZE,1962,N/A
DEU,1962,N/A
DJI,1962,N/A
DMA,1962,N/A
DNK,1962,N/A
DOM,1962,N/A
DZA,1962,N/A
ECU,1962,N/A
EGY,1962,N/A
ERI,1962,N/A
ESP,1962,N/A
EST,1962,N/A
ETH,1962,N/A
FIN,1962,N/A
FJI,1962,N/A
FRA,1962,N/A
FSM,1962,N/A
GAB,1962,N/A
GBR,1962,N/A
GEO,1962,N/A
GHA,1962,N/A
GIN,1962,N/A
GMB,1962,N/A
GNB,1962,N/A
GNQ,1962,N/A
GRC,1962,N/A
GRD,1962,N/A
GTM,1962,N/A
GUM,1962,N/A
GUY,1962,N/A
HKG,1962,N/A
HND,1962,N/A
HRV,1962,N/A
HTI,1962,N/A
HUN,1962,N/A
IDN,1962,N/A
IND,1962,N/A
IRL,1962,N/A
IRN,1962,N/A
IRQ,1962,N/A
ISL,1962,N/A
ISR,1962,N/A
ITA,1962,N/A
JAM,1962,N/A
JOR,1962,N/A
JPN,1962,N/A
KAZ,1962,N/A
KEN,1962,N/A
KGZ,1962,N/A
KHM,1962,N/A
KIR,1962,N/A
KNA,1962,N/A
KOR,1962,N/A
KWT,1962,N/A
LAO,1962,N/A
LBN,1962,N/A
LBR,1962,N/A
LBY,1962,N/A
LCA,1962,N/A
LIE,1962,N/A
LKA,1962,N/A
LSO,1962,N/A
LTU,1962,N/A
LUX,1962,N/A
LVA,1962,N/A
MAC,1962,N/A
MAF,1962,N/A
MAR,1962,N/A
MDA,1962,N/A
MDG,1962,N/A
MDV,1962,N/A
MEX,1962,N/A
MHL,1962,N/A
MKD,1962,N/A
MLI,1962,N/A
MLT,1962,N/A
MMR,1962,N/A
MNE,1962,N/A
MNG,1962,N/A
MNP,1962,N/A
MOZ,1962,N/A
MRT,1962,N/A
MUS,1962,N/A
MWI,1962,N/A
MYS,1962,N/A
NAM,1962,N/A
NCL,1962,N/A
NER,1962,N/A
NGA,1962,N/A
NIC,1962,N/A
NLD,1962,N/A
NOR,1962,N/A
NPL,1962,N/A
NZL,1962,N/A
OMN,1962,N/A
PAK,1962,N/A
PAN,1962,N/A
PER,1962,N/A
PHL,1962,N/A
PLW,1962,N/A
PNG,1962,N/A
POL,1962,N/A
PRI,1962,N/A
PRK,1962,N/A
PRT,1962,N/A
PRY,1962,N/A
PSE,1962,N/A
PYF,1962,N/A
QAT,1962,N/A
ROU,1962,N/A
RUS,1962,N/A
RWA,1962,N/A
SAU,1962,N/A
SDN,1962,N/A
SEN,1962,N/A
SGP,1962,N/A
SLB,1962,N/A
SLE,1962,N/A
SLV,1962,N/A
SOM,1962,N/A
SRB,1962,N/A
SSD,1962,N/A
STP,1962,N/A
SUR,1962,N/A
SVK,1962,N/A
SVN,1962,N/A
SWE,1962,N/A
SWZ,1962,N/A
SXM,1962,N/A
SYC,1962,N/A
SYR,1962,N/A
TCA,1962,N/A
TCD,1962,N/A
TGO,1962,N/A
THA,1962,N/A
TJK,1962,N/A
TKM,1962,N/A
TLS,1962,N/A
TON,1962,N/A
TTO,1962,N/A
TUN,1962,N/A
TUR,1962,N/A
TUV,1962,N/A
TZA,1962,N/A
UGA,1962,N/A
UKR,1962,N/A
URY,1962,N/A
USA,1962,N/A
UZB,1962,N/A
VCT,1962,N/A
VEN,1962,N/A
VGB,1962,N/A
VIR,1962,N/A
VNM,1962,N/A
VUT,1962,N/A
WSM,1962,N/A
YEM,1962,N/A
ZAF,1962,N/A
ZMB,1962,N/A
ZWE,1962,N/A
AFG,1963,N/A
AGO,1963,N/A
ALB,1963,N/A
ARE,1963,N/A
ARG,1963,N/A
ARM,1963,N/A
ASM,1963,N/A
ATG,1963,N/A
AUS,1963,N/A
AUT,1963,N/A
AZE,1963,N/A
BDI,1963,N/A
BEL,1963,N/A
BEN,1963,N/A
BFA,1963,N/A
BGD,1963,N/A
BGR,1963,N/A
BHR,1963,N/A
BHS,1963,N/A
BIH,1963,N/A
BLR,1963,N/A
BLZ,1963,N/A
BMU,1963,N/A
BOL,1963,N/A
BRA,1963,N/A
BRB,1963,N/A
BRN,1963,N/A
BTN,1963,N/A
BWA,1963,N/A
CAF,1963,N/A
CAN,1963,N/A
CHE,1963,N/A
CHL,1963,N/A
CHN,1963,N/A
CIV,1963,N/A
CMR,1963,N/A
COD,1963,N/A
COG,1963,N/A
COL,1963,N/A
COM,1963,N/A
CPV,1963,N/A
CRI,1963,N/A
CUB,1963,N/A
CYM,1963,N/A
CYP,1963,N/A
CZE,1963,N/A
DEU,1963,N/A
DJI,1963,N/A
DMA,1963,N/A
DNK,1963,N/A
DOM,1963,N/A
DZA,1963,N/A
ECU,1963,N/A
EGY,1963,N/A
ERI,1963,N/A
ESP,1963,N/A
EST,1963,N/A
ETH,1963,N/A
FIN,1963,N/A
FJI,1963,N/A
FRA,1963,N/A
FSM,1963,N/A
GAB,1963,N/A
GBR,1963,N/A
GEO,1963,N/A
GHA,1963,N/A
GIN,1963,N/A
GMB,1963,N/A
GNB,1963,N/A
GNQ,1963,N/A
GRC,1963,N/A
GRD,1963,N/A
GTM,1963,N/A
GUM,1963,N/A
GUY,1963,N/A
HKG,1963,N/A
HND,1963,N/A
HRV,1963,N/A
HTI,1963,N/A
HUN,1963,N/A
IDN,1963,N/A
IND,1963,N/A
IRL,1963,N/A
IRN,1963,N/A
IRQ,1963,N/A
ISL,1963,N/A
ISR,1963,N/A
ITA,1963,N/A
JAM,1963,N/A
JOR,1963,N/A
JPN,1963,N/A
KAZ,1963,N/A
KEN,1963,N/A
KGZ,1963,N/A
KHM,1963,N/A
KIR,1963,N/A
KNA,1963,N/A
KOR,1963,N/A
KWT,1963,N/A
LAO,1963,N/A
LBN,1963,N/A
LBR,1963,N/A
LBY,1963,N/A
LCA,1963,N/A
LIE,1963,N/A
LKA,1963,N/A
LSO,1963,N/A
LTU,1963,N/A
LUX,1963,N/A
LVA,1963,N/A
MAC,1963,N/A
MAF,1963,N/A
MAR,1963,N/A
MDA,1963,N/A
MDG,1963,N/A
MDV,1963,N/A
MEX,1963,N/A
MHL,1963,N/A
MKD,1963,N/A
MLI,1963,N/A
MLT,1963,N/A
MMR,1963,N/A
MNE,1963,N/A
MNG,1963,N/A
MNP,1963,N/A
MOZ,1963,N/A
MRT,1963,N/A
MUS,1963,N/A
MWI,1963,N/A
MYS,1963,N/A
NAM,1963,N/A
NCL,1963,N/A
NER,1963,N/A
NGA,1963,N/A
NIC,1963,N/A
NLD,1963,N/A
NOR,1963,N/A
NPL,1963,N/A
NZL,1963,N/A
OMN,1963,N/A
PAK,1963,N/A
PAN,1963,N/A
PER,1963,N/A
PHL,1963,N/A
PLW,1963,N/A
PNG,1963,N/A
POL,1963,N/A
PRI,1963,N/A
PRK,1963,N/A
PRT,1963,N/A
PRY,1963,N/A
PSE,1963,N/A
PYF,1963,N/A
QAT,1963,N/A
ROU,1963,N/A
RUS,1963,N/A
RWA,1963,N/A
SAU,1963,N/A
SDN,1963,N/A
SEN,1963,N/A
SGP,1963,N/A
SLB,1963,N/A
SLE,1963,N/A
SLV,1963,N/A
SOM,1963,N/A
SRB,1963,N/A
SSD,1963,N/A
STP,1963,N/A
SUR,1963,N/A
SVK,1963,N/A
SVN,1963,N/A
SWE,1963,N/A
SWZ,1963,N/A
SXM,1963,N/A
SYC,1963,N/A
SYR,1963,N/A
TCA,1963,N/A
TCD,1963,N/A
TGO,1963,N/A
THA,1963,N/A
TJK,1963,N/A
TKM,1963,N/A
TLS,1963,N/A
TON,1963,N/A
TTO,1963,N/A
TUN,1963,N/A
TUR,1963,N/A
TUV,1963,N/A
TZA,1963,N/A
UGA,1963,N/A
UKR,1963,N/A
URY,1963,N/A
USA,1963,N/A
UZB,1963,N/A
VCT,1963,N/A
VEN,1963,N/A
VGB,1963,N/A
VIR,1963,N/A
VNM,1963,N/A
VUT,1963,N/A
WSM,1963,N/A
YEM,1963,N/A
ZAF,1963,N/A
ZMB,1963,N/A
ZWE,1963,N/A
AFG,1964,N/A
AGO,1964,N/A
ALB,1964,N/A
ARE,1964,N/A
ARG,1964,N/A
ARM,1964,N/A
ASM,1964,N/A
ATG,1964,N/A
AUS,1964,N/A
AUT,1964,N/A
AZE,1964,N/A
BDI,1964,N/A
BEL,1964,N/A
BEN,1964,N/A
BFA,1964,N/A
BGD,1964,N/A
BGR,1964,N/A
BHR,1964,N/A
BHS,1964,N/A
BIH,1964,N/A
BLR,1964,N/A
BLZ,1964,N/A
BMU,1964,N/A
BOL,1964,N/A
BRA,1964,N/A
BRB,1964,N/A
BRN,1964,N/A
BTN,1964,N/A
BWA,1964,N/A
CAF,1964,N/A
CAN,1964,N/A
CHE,1964,N/A
CHL,1964,N/A
CHN,1964,N/A
CIV,1964,N/A
CMR,1964,N/A
COD,1964,N/A
COG,1964,N/A
COL,1964,N/A
COM,1964,N/A
CPV,1964,N/A
CRI,1964,N/A
CUB,1964,N/A
CYM,1964,N/A
CYP,1964,N/A
CZE,1964,N/A
DEU,1964,N/A
DJI,1964,N/A
DMA,1964,N/A
DNK,1964,N/A
DOM,1964,N/A
DZA,1964,N/A
ECU,1964,N/A
EGY,1964,N/A
ERI,1964,N/A
ESP,1964,N/A
EST,1964,N/A
ETH,1964,N/A
FIN,1964,N/A
FJI,1964,N/A
FRA,1964,N/A
FSM,1964,N/A
GAB,1964,N/A
GBR,1964,N/A
GEO,1964,N/A
GHA,1964,N/A
GIN,1964,N/A
GMB,1964,N/A
GNB,1964,N/A
GNQ,1964,N/A
GRC,1964,N/A
GRD,1964,N/A
GTM,1964,N/A
GUM,1964,N/A
GUY,1964,N/A
HKG,1964,N/A
HND,1964,N/A
HRV,1964,N/A
HTI,1964,N/A
HUN,1964,N/A
IDN,1964,N/A
IND,1964,N/A
IRL,1964,N/A
IRN,1964,N/A
IRQ,1964,N/A
ISL,1964,N/A
ISR,1964,N/A
ITA,1964,N/A
JAM,1964,N/A
JOR,1964,N/A
JPN,1964,N/A
KAZ,1964,N/A
KEN,1964,N/A
KGZ,1964,N/A
KHM,1964,N/A
KIR,1964,N/A
KNA,1964,N/A
KOR,1964,N/A
KWT,1964,N/A
LAO,1964,N/A
LBN,1964,N/A
LBR,1964,N/A
LBY,1964,N/A
LCA,1964,N/A
LIE,1964,N/A
LKA,1964,N/A
LSO,1964,N/A
LTU,1964,N/A
LUX,1964,N/A
LVA,1964,N/A
MAC,1964,N/A
MAF,1964,N/A
MAR,1964,N/A
MDA,1964,N/A
MDG,1964,N/A
MDV,1964,N/A
MEX,1964,N/A
MHL,1964,N/A
MKD,1964,N/A
MLI,1964,N/A
MLT,1964,N/A
MMR,1964,N/A
MNE,1964,N/A
MNG,1964,N/A
MNP,1964,N/A
MOZ,1964,N/A
MRT,1964,N/A
MUS,1964,N/A
MWI,1964,N/A
MYS,1964,N/A
NAM,1964,N/A
NCL,1964,N/A
NER,1964,N/A
NGA,1964,N/A
NIC,1964,N/A
NLD,1964,N/A
NOR,1964,N/A
NPL,1964,N/A
NZL,1964,N/A
OMN,1964,N/A
PAK,1964,N/A
PAN,1964,N/A
PER,1964,N/A
PHL,1964,N/A
PLW,1964,N/A
PNG,1964,N/A
POL,1964,N/A
PRI,1964,N/A
PRK,1964,N/A
PRT,1964,N/A
PRY,1964,N/A
PSE,1964,N/A
PYF,1964,N/A
QAT,1964,N/A
ROU,1964,N/A
RUS,1964,N/A
RWA,1964,N/A
SAU,1964,N/A
SDN,1964,N/A
SEN,1964,N/A
SGP,1964,N/A
SLB,1964,N/A
SLE,1964,N/A
SLV,1964,N/A
SOM,1964,N/A
SRB,1964,N/A
SSD,1964,N/A
STP,1964,N/A
SUR,1964,N/A
SVK,1964,N/A
SVN,1964,N/A
SWE,1964,N/A
SWZ,1964,N/A
SXM,1964,N/A
SYC,1964,N/A
SYR,1964,N/A
TCA,1964,N/A
TCD,1964,N/A
TGO,1964,N/A
THA,1964,N/A
TJK,1964,N/A
TKM,1964,N/A
TLS,1964,N/A
TON,1964,N/A
TTO,1964,N/A
TUN,1964,N/A
TUR,1964,N/A
TUV,1964,N/A
TZA,1964,N/A
UGA,1964,N/A
UKR,1964,N/A
URY,1964,N/A
USA,1964,N/A
UZB,1964,N/A
VCT,1964,N/A
VEN,1964,N/A
VGB,1964,N/A
VIR,1964,N/A
VNM,1964,N/A
VUT,1964,N/A
WSM,1964,N/A
YEM,1964,N/A
ZAF,1964,N/A
ZMB,1964,N/A
ZWE,1964,N/A
AFG,1965,N/A
AGO,1965,N/A
ALB,1965,N/A
ARE,1965,N/A
ARG,1965,N/A
ARM,1965,N/A
ASM,1965,N/A
ATG,1965,N/A
AUS,1965,N/A
AUT,1965,N/A
AZE,1965,N/A
BDI,1965,N/A
BEL,1965,N/A
BEN,1965,N/A
BFA,1965,N/A
BGD,1965,N/A
BGR,1965,N/A
BHR,1965,N/A
BHS,1965,N/A
BIH,1965,N/A
BLR,1965,N/A
BLZ,1965,N/A
BMU,1965,N/A
BOL,1965,N/A
BRA,1965,N/A
BRB,1965,N/A
BRN,1965,N/A
BTN,1965,N/A
BWA,1965,N/A
CAF,1965,N/A
CAN,1965,N/A
CHE,1965,N/A
CHL,1965,N/A
CHN,1965,N/A
CIV,1965,N/A
CMR,1965,N/A
COD,1965,N/A
COG,1965,N/A
COL,1965,N/A
COM,1965,N/A
CPV,1965,N/A
CRI,1965,N/A
CUB,1965,N/A
CYM,1965,N/A
CYP,1965,N/A
CZE,1965,N/A
DEU,1965,N/A
DJI,1965,N/A
DMA,1965,N/A
DNK,1965,N/A
DOM,1965,N/A
DZA,1965,N/A
ECU,1965,N/A
EGY,1965,N/A
ERI,1965,N/A
ESP,1965,N/A
EST,1965,N/A
ETH,1965,N/A
FIN,1965,N/A
FJI,1965,N/A
FRA,1965,N/A
FSM,1965,N/A
GAB,1965,N/A
GBR,1965,N/A
GEO,1965,N/A
GHA,1965,N/A
GIN,1965,N/A
GMB,1965,N/A
GNB,1965,N/A
GNQ,1965,N/A
GRC,1965,N/A
GRD,1965,N/A
GTM,1965,N/A
GUM,1965,N/A
GUY,1965,N/A
HKG,1965,N/A
HND,1965,N/A
HRV,1965,N/A
HTI,1965,N/A
HUN,1965,N/A
IDN,1965,N/A
IND,1965,N/A
IRL,1965,N/A
IRN,1965,N/A
IRQ,1965,N/A
ISL,1965,N/A
ISR,1965,N/A
ITA,1965,N/A
JAM,1965,N/A
JOR,1965,N/A
JPN,1965,N/A
KAZ,1965,N/A
KEN,1965,N/A
KGZ,1965,N/A
KHM,1965,N/A
KIR,1965,N/A
KNA,1965,N/A
KOR,1965,N/A
KWT,1965,N/A
LAO,1965,N/A
LBN,1965,N/A
LBR,1965,N/A
LBY,1965,N/A
LCA,1965,N/A
LIE,1965,N/A
LKA,1965,N/A
LSO,1965,N/A
LTU,1965,N/A
LUX,1965,N/A
LVA,1965,N/A
MAC,1965,N/A
MAF,1965,N/A
MAR,1965,N/A
MDA,1965,N/A
MDG,1965,N/A
MDV,1965,N/A
MEX,1965,N/A
MHL,1965,N/A
MKD,1965,N/A
MLI,1965,N/A
MLT,1965,N/A
MMR,1965,N/A
MNE,1965,N/A
MNG,1965,N/A
MNP,1965,N/A
MOZ,1965,N/A
MRT,1965,N/A
MUS,1965,N/A
MWI,1965,N/A
MYS,1965,N/A
NAM,1965,N/A
NCL,1965,N/A
NER,1965,N/A
NGA,1965,N/A
NIC,1965,N/A
NLD,1965,N/A
NOR,1965,N/A
NPL,1965,N/A
NZL,1965,N/A
OMN,1965,N/A
PAK,1965,N/A
PAN,1965,N/A
PER,1965,N/A
PHL,1965,N/A
PLW,1965,N/A
PNG,1965,N/A
POL,1965,N/A
PRI,1965,N/A
PRK,1965,N/A
PRT,1965,N/A
PRY,1965,N/A
PSE,1965,N/A
PYF,1965,N/A
QAT,1965,N/A
ROU,1965,N/A
RUS,1965,N/A
RWA,1965,N/A
SAU,1965,N/A
SDN,1965,N/A
SEN,1965,N/A
SGP,1965,N/A
SLB,1965,N/A
SLE,1965,N/A
SLV,1965,N/A
SOM,1965,N/A
SRB,1965,N/A
SSD,1965,N/A
STP,1965,N/A
SUR,1965,N/A
SVK,1965,N/A
SVN,1965,N/A
SWE,1965,N/A
SWZ,1965,N/A
SXM,1965,N/A
SYC,1965,N/A
SYR,1965,N/A
TCA,1965,N/A
TCD,1965,N/A
TGO,1965,N/A
THA,1965,N/A
TJK,1965,N/A
TKM,1965,N/A
TLS,1965,N/A
TON,1965,N/A
TTO,1965,N/A
TUN,1965,N/A
TUR,1965,N/A
TUV,1965,N/A
TZA,1965,N/A
UGA,1965,N/A
UKR,1965,N/A
URY,1965,N/A
USA,1965,N/A
UZB,1965,N/A
VCT,1965,N/A
VEN,1965,N/A
VGB,1965,N/A
VIR,1965,N/A
VNM,1965,N/A
VUT,1965,N/A
WSM,1965,N/A
YEM,1965,N/A
ZAF,1965,N/A
ZMB,1965,N/A
ZWE,1965,N/A
AFG,1966,N/A
AGO,1966,N/A
ALB,1966,N/A
ARE,1966,N/A
ARG,1966,N/A
ARM,1966,N/A
ASM,1966,N/A
ATG,1966,N/A
AUS,1966,N/A
AUT,1966,N/A
AZE,1966,N/A
BDI,1966,N/A
BEL,1966,N/A
BEN,1966,N/A
BFA,1966,N/A
BGD,1966,N/A
BGR,1966,N/A
BHR,1966,N/A
BHS,1966,N/A
BIH,1966,N/A
BLR,1966,N/A
BLZ,1966,N/A
BMU,1966,N/A
BOL,1966,N/A
BRA,1966,N/A
BRB,1966,N/A
BRN,1966,N/A
BTN,1966,N/A
BWA,1966,N/A
CAF,1966,N/A
CAN,1966,N/A
CHE,1966,N/A
CHL,1966,N/A
CHN,1966,N/A
CIV,1966,N/A
CMR,1966,N/A
COD,1966,N/A
COG,1966,N/A
COL,1966,N/A
COM,1966,N/A
CPV,1966,N/A
CRI,1966,N/A
CUB,1966,N/A
CYM,1966,N/A
CYP,1966,N/A
CZE,1966,N/A
DEU,1966,N/A
DJI,1966,N/A
DMA,1966,N/A
DNK,1966,N/A
DOM,1966,N/A
DZA,1966,N/A
ECU,1966,N/A
EGY,1966,N/A
ERI,1966,N/A
ESP,1966,N/A
EST,1966,N/A
ETH,1966,N/A
FIN,1966,N/A
FJI,1966,N/A
FRA,1966,N/A
FSM,1966,N/A
GAB,1966,N/A
GBR,1966,N/A
GEO,1966,N/A
GHA,1966,N/A
GIN,1966,N/A
GMB,1966,N/A
GNB,1966,N/A
GNQ,1966,N/A
GRC,1966,N/A
GRD,1966,N/A
GTM,1966,N/A
GUM,1966,N/A
GUY,1966,N/A
HKG,1966,N/A
HND,1966,N/A
HRV,1966,N/A
HTI,1966,N/A
HUN,1966,N/A
IDN,1966,N/A
IND,1966,N/A
IRL,1966,N/A
IRN,1966,N/A
IRQ,1966,N/A
ISL,1966,N/A
ISR,1966,N/A
ITA,1966,N/A
JAM,1966,N/A
JOR,1966,N/A
JPN,1966,N/A
KAZ,1966,N/A
KEN,1966,N/A
KGZ,1966,N/A
KHM,1966,N/A
KIR,1966,N/A
KNA,1966,N/A
KOR,1966,N/A
KWT,1966,N/A
LAO,1966,N/A
LBN,1966,N/A
LBR,1966,N/A
LBY,1966,N/A
LCA,1966,N/A
LIE,1966,N/A
LKA,1966,N/A
LSO,1966,N/A
LTU,1966,N/A
LUX,1966,N/A
LVA,1966,N/A
MAC,1966,N/A
MAF,1966,N/A
MAR,1966,N/A
MDA,1966,N/A
MDG,1966,N/A
MDV,1966,N/A
MEX,1966,N/A
MHL,1966,N/A
MKD,1966,N/A
MLI,1966,N/A
MLT,1966,N/A
MMR,1966,N/A
MNE,1966,N/A
MNG,1966,N/A
MNP,1966,N/A
MOZ,1966,N/A
MRT,1966,N/A
MUS,1966,N/A
MWI,1966,N/A
MYS,1966,N/A
NAM,1966,N/A
NCL,1966,N/A
NER,1966,N/A
NGA,1966,N/A
NIC,1966,N/A
NLD,1966,N/A
NOR,1966,N/A
NPL,1966,N/A
NZL,1966,N/A
OMN,1966,N/A
PAK,1966,N/A
PAN,1966,N/A
PER,1966,N/A
PHL,1966,N/A
PLW,1966,N/A
PNG,1966,N/A
POL,1966,N/A
PRI,1966,N/A
PRK,1966,N/A
PRT,1966,N/A
PRY,1966,N/A
PSE,1966,N/A
PYF,1966,N/A
QAT,1966,N/A
ROU,1966,N/A
RUS,1966,N/A
RWA,1966,N/A
SAU,1966,N/A
SDN,1966,N/A
SEN,1966,N/A
SGP,1966,N/A
SLB,1966,N/A
SLE,1966,N/A
SLV,1966,N/A
SOM,1966,N/A
SRB,1966,N/A
SSD,1966,N/A
STP,1966,N/A
SUR,1966,N/A
SVK,1966,N/A
SVN,1966,N/A
SWE,1966,N/A
SWZ,1966,N/A
SXM,1966,N/A
SYC,1966,N/A
SYR,1966,N/A
TCA,1966,N/A
TCD,1966,N/A
TGO,1966,N/A
THA,1966,N/A
TJK,1966,N/A
TKM,1966,N/A
TLS,1966,N/A
TON,1966,N/A
TTO,1966,N/A
TUN,1966,N/A
TUR,1966,N/A
TUV,1966,N/A
TZA,1966,N/A
UGA,1966,N/A
UKR,1966,N/A
URY,1966,N/A
USA,1966,N/A
UZB,1966,N/A
VCT,1966,N/A
VEN,1966,N/A
VGB,1966,N/A
VIR,1966,N/A
VNM,1966,N/A
VUT,1966,N/A
WSM,1966,N/A
YEM,1966,N/A
ZAF,1966,N/A
ZMB,1966,N/A
ZWE,1966,N/A
AFG,1967,N/A
AGO,1967,N/A
ALB,1967,N/A
ARE,1967,N/A
ARG,1967,N/A
ARM,1967,N/A
ASM,1967,N/A
ATG,1967,N/A
AUS,1967,N/A
AUT,1967,N/A
AZE,1967,N/A
BDI,1967,N/A
BEL,1967,N/A
BEN,1967,N/A
BFA,1967,N/A
BGD,1967,N/A
BGR,1967,N/A
BHR,1967,N/A
BHS,1967,N/A
BIH,1967,N/A
BLR,1967,N/A
BLZ,1967,N/A
BMU,1967,N/A
BOL,1967,N/A
BRA,1967,N/A
BRB,1967,N/A
BRN,1967,N/A
BTN,1967,N/A
BWA,1967,N/A
CAF,1967,N/A
CAN,1967,N/A
CHE,1967,N/A
CHL,1967,N/A
CHN,1967,N/A
CIV,1967,N/A
CMR,1967,N/A
COD,1967,N/A
COG,1967,N/A
COL,1967,N/A
COM,1967,N/A
CPV,1967,N/A
CRI,1967,N/A
CUB,1967,N/A
CYM,1967,N/A
CYP,1967,N/A
CZE,1967,N/A
DEU,1967,N/A
DJI,1967,N/A
DMA,1967,N/A
DNK,1967,N/A
DOM,1967,N/A
DZA,1967,N/A
ECU,1967,N/A
EGY,1967,N/A
ERI,1967,N/A
ESP,1967,N/A
EST,1967,N/A
ETH,1967,N/A
FIN,1967,N/A
FJI,1967,N/A
FRA,1967,N/A
FSM,1967,N/A
GAB,1967,N/A
GBR,1967,N/A
GEO,1967,N/A
GHA,1967,N/A
GIN,1967,N/A
GMB,1967,N/A
GNB,1967,N/A
GNQ,1967,N/A
GRC,1967,N/A
GRD,1967,N/A
GTM,1967,N/A
GUM,1967,N/A
GUY,1967,N/A
HKG,1967,N/A
HND,1967,N/A
HRV,1967,N/A
HTI,1967,N/A
HUN,1967,N/A
IDN,1967,N/A
IND,1967,N/A
IRL,1967,N/A
IRN,1967,N/A
IRQ,1967,N/A
ISL,1967,N/A
ISR,1967,N/A
ITA,1967,N/A
JAM,1967,N/A
JOR,1967,N/A
JPN,1967,N/A
KAZ,1967,N/A
KEN,1967,N/A
KGZ,1967,N/A
KHM,1967,N/A
KIR,1967,N/A
KNA,1967,N/A
KOR,1967,N/A
KWT,1967,N/A
LAO,1967,N/A
LBN,1967,N/A
LBR,1967,N/A
LBY,1967,N/A
LCA,1967,N/A
LIE,1967,N/A
LKA,1967,N/A
LSO,1967,N/A
LTU,1967,N/A
LUX,1967,N/A
LVA,1967,N/A
MAC,1967,N/A
MAF,1967,N/A
MAR,1967,N/A
MDA,1967,N/A
MDG,1967,N/A
MDV,1967,N/A
MEX,1967,N/A
MHL,1967,N/A
MKD,1967,N/A
MLI,1967,N/A
MLT,1967,N/A
MMR,1967,N/A
MNE,1967,N/A
MNG,1967,N/A
MNP,1967,N/A
MOZ,1967,N/A
MRT,1967,N/A
MUS,1967,N/A
MWI,1967,N/A
MYS,1967,N/A
NAM,1967,N/A
NCL,1967,N/A
NER,1967,N/A
NGA,1967,N/A
NIC,1967,N/A
NLD,1967,N/A
NOR,1967,N/A
NPL,1967,N/A
NZL,1967,N/A
OMN,1967,N/A
PAK,1967,N/A
PAN,1967,N/A
PER,1967,N/A
PHL,1967,N/A
PLW,1967,N/A
PNG,1967,N/A
POL,1967,N/A
PRI,1967,N/A
PRK,1967,N/A
PRT,1967,N/A
PRY,1967,N/A
PSE,1967,N/A
PYF,1967,N/A
QAT,1967,N/A
ROU,1967,N/A
RUS,1967,N/A
RWA,1967,N/A
SAU,1967,N/A
SDN,1967,N/A
SEN,1967,N/A
SGP,1967,N/A
SLB,1967,N/A
SLE,1967,N/A
SLV,1967,N/A
SOM,1967,N/A
SRB,1967,N/A
SSD,1967,N/A
STP,1967,N/A
SUR,1967,N/A
SVK,1967,N/A
SVN,1967,N/A
SWE,1967,N/A
SWZ,1967,N/A
SXM,1967,N/A
SYC,1967,N/A
SYR,1967,N/A
TCA,1967,N/A
TCD,1967,N/A
TGO,1967,N/A
THA,1967,N/A
TJK,1967,N/A
TKM,1967,N/A
TLS,1967,N/A
TON,1967,N/A
TTO,1967,N/A
TUN,1967,N/A
TUR,1967,N/A
TUV,1967,N/A
TZA,1967,N/A
UGA,1967,N/A
UKR,1967,N/A
URY,1967,N/A
USA,1967,N/A
UZB,1967,N/A
VCT,1967,N/A
VEN,1967,N/A
VGB,1967,N/A
VIR,1967,N/A
VNM,1967,N/A
VUT,1967,N/A
WSM,1967,N/A
YEM,1967,N/A
ZAF,1967,N/A
ZMB,1967,N/A
ZWE,1967,N/A
AFG,1968,N/A
AGO,1968,N/A
ALB,1968,N/A
ARE,1968,N/A
ARG,1968,N/A
ARM,1968,N/A
ASM,1968,N/A
ATG,1968,N/A
AUS,1968,N/A
AUT,1968,N/A
AZE,1968,N/A
BDI,1968,N/A
BEL,1968,N/A
BEN,1968,N/A
BFA,1968,N/A
BGD,1968,N/A
BGR,1968,N/A
BHR,1968,N/A
BHS,1968,N/A
BIH,1968,N/A
BLR,1968,N/A
BLZ,1968,N/A
BMU,1968,N/A
BOL,1968,N/A
BRA,1968,N/A
BRB,1968,N/A
BRN,1968,N/A
BTN,1968,N/A
BWA,1968,N/A
CAF,1968,N/A
CAN,1968,N/A
CHE,1968,N/A
CHL,1968,N/A
CHN,1968,N/A
CIV,1968,N/A
CMR,1968,N/A
COD,1968,N/A
COG,1968,N/A
COL,1968,N/A
COM,1968,N/A
CPV,1968,N/A
CRI,1968,N/A
CUB,1968,N/A
CYM,1968,N/A
CYP,1968,N/A
CZE,1968,N/A
DEU,1968,N/A
DJI,1968,N/A
DMA,1968,N/A
DNK,1968,N/A
DOM,1968,N/A
DZA,1968,N/A
ECU,1968,N/A
EGY,1968,N/A
ERI,1968,N/A
ESP,1968,N/A
EST,1968,N/A
ETH,1968,N/A
FIN,1968,N/A
FJI,1968,N/A
FRA,1968,N/A
FSM,1968,N/A
GAB,1968,N/A
GBR,1968,N/A
GEO,1968,N/A
GHA,1968,N/A
GIN,1968,N/A
GMB,1968,N/A
GNB,1968,N/A
GNQ,1968,N/A
GRC,1968,N/A
GRD,1968,N/A
GTM,1968,N/A
GUM,1968,N/A
GUY,1968,N/A
HKG,1968,N/A
HND,1968,N/A
HRV,1968,N/A
HTI,1968,N/A
HUN,1968,N/A
IDN,1968,N/A
IND,1968,N/A
IRL,1968,N/A
IRN,1968,N/A
IRQ,1968,N/A
ISL,1968,N/A
ISR,1968,N/A
ITA,1968,N/A
JAM,1968,N/A
JOR,1968,N/A
JPN,1968,N/A
KAZ,1968,N/A
KEN,1968,N/A
KGZ,1968,N/A
KHM,1968,N/A
KIR,1968,N/A
KNA,1968,N/A
KOR,1968,N/A
KWT,1968,N/A
LAO,1968,N/A
LBN,1968,N/A
LBR,1968,N/A
LBY,1968,N/A
LCA,1968,N/A
LIE,1968,N/A
LKA,1968,N/A
LSO,1968,N/A
LTU,1968,N/A
LUX,1968,N/A
LVA,1968,N/A
MAC,1968,N/A
MAF,1968,N/A
MAR,1968,N/A
MDA,1968,N/A
MDG,1968,N/A
MDV,1968,N/A
MEX,1968,N/A
MHL,1968,N/A
MKD,1968,N/A
MLI,1968,N/A
MLT,1968,N/A
MMR,1968,N/A
MNE,1968,N/A
MNG,1968,N/A
MNP,1968,N/A
MOZ,1968,N/A
MRT,1968,N/A
MUS,1968,N/A
MWI,1968,N/A
MYS,1968,N/A
NAM,1968,N/A
NCL,1968,N/A
NER,1968,N/A
NGA,1968,N/A
NIC,1968,N/A
NLD,1968,N/A
NOR,1968,N/A
NPL,1968,N/A
NZL,1968,N/A
OMN,1968,N/A
PAK,1968,N/A
PAN,1968,N/A
PER,1968,N/A
PHL,1968,N/A
PLW,1968,N/A
PNG,1968,N/A
POL,1968,N/A
PRI,1968,N/A
PRK,1968,N/A
PRT,1968,N/A
PRY,1968,N/A
PSE,1968,N/A
PYF,1968,N/A
QAT,1968,N/A
ROU,1968,N/A
RUS,1968,N/A
RWA,1968,N/A
SAU,1968,N/A
SDN,1968,N/A
SEN,1968,N/A
SGP,1968,N/A
SLB,1968,N/A
SLE,1968,N/A
SLV,1968,N/A
SOM,1968,N/A
SRB,1968,N/A
SSD,1968,N/A
STP,1968,N/A
SUR,1968,N/A
SVK,1968,N/A
SVN,1968,N/A
SWE,1968,N/A
SWZ,1968,N/A
SXM,1968,N/A
SYC,1968,N/A
SYR,1968,N/A
TCA,1968,N/A
TCD,1968,N/A
TGO,1968,N/A
THA,1968,N/A
TJK,1968,N/A
TKM,1968,N/A
TLS,1968,N/A
TON,1968,N/A
TTO,1968,N/A
TUN,1968,N/A
TUR,1968,N/A
TUV,1968,N/A
TZA,1968,N/A
UGA,1968,N/A
UKR,1968,N/A
URY,1968,N/A
USA,1968,N/A
UZB,1968,N/A
VCT,1968,N/A
VEN,1968,N/A
VGB,1968,N/A
VIR,1968,N/A
VNM,1968,N/A
VUT,1968,N/A
WSM,1968,N/A
YEM,1968,N/A
ZAF,1968,N/A
ZMB,1968,N/A
ZWE,1968,N/A
AFG,1969,N/A
AGO,1969,N/A
ALB,1969,N/A
ARE,1969,N/A
ARG,1969,N/A
ARM,1969,N/A
ASM,1969,N/A
ATG,1969,N/A
AUS,1969,N/A
AUT,1969,N/A
AZE,1969,N/A
BDI,1969,N/A
BEL,1969,N/A
BEN,1969,N/A
BFA,1969,N/A
BGD,1969,N/A
BGR,1969,N/A
BHR,1969,N/A
BHS,1969,N/A
BIH,1969,N/A
BLR,1969,N/A
BLZ,1969,N/A
BMU,1969,N/A
BOL,1969,N/A
BRA,1969,N/A
BRB,1969,N/A
BRN,1969,N/A
BTN,1969,N/A
BWA,1969,N/A
CAF,1969,N/A
CAN,1969,N/A
CHE,1969,N/A
CHL,1969,N/A
CHN,1969,N/A
CIV,1969,N/A
CMR,1969,N/A
COD,1969,N/A
COG,1969,N/A
COL,1969,N/A
COM,1969,N/A
CPV,1969,N/A
CRI,1969,N/A
CUB,1969,N/A
CYM,1969,N/A
CYP,1969,N/A
CZE,1969,N/A
DEU,1969,N/A
DJI,1969,N/A
DMA,1969,N/A
DNK,1969,N/A
DOM,1969,N/A
DZA,1969,N/A
ECU,1969,N/A
EGY,1969,N/A
ERI,1969,N/A
ESP,1969,N/A
EST,1969,N/A
ETH,1969,N/A
FIN,1969,N/A
FJI,1969,N/A
FRA,1969,N/A
FSM,1969,N/A
GAB,1969,N/A
GBR,1969,N/A
GEO,1969,N/A
GHA,1969,N/A
GIN,1969,N/A
GMB,1969,N/A
GNB,1969,N/A
GNQ,1969,N/A
GRC,1969,N/A
GRD,1969,N/A
GTM,1969,N/A
GUM,1969,N/A
GUY,1969,N/A
HKG,1969,N/A
HND,1969,N/A
HRV,1969,N/A
HTI,1969,N/A
HUN,1969,N/A
IDN,1969,N/A
IND,1969,N/A
IRL,1969,N/A
IRN,1969,N/A
IRQ,1969,N/A
ISL,1969,N/A
ISR,1969,N/A
ITA,1969,N/A
JAM,1969,N/A
JOR,1969,N/A
JPN,1969,N/A
KAZ,1969,N/A
KEN,1969,N/A
KGZ,1969,N/A
KHM,1969,N/A
KIR,1969,N/A
KNA,1969,N/A
KOR,1969,N/A
KWT,1969,N/A
LAO,1969,N/A
LBN,1969,N/A
LBR,1969,N/A
LBY,1969,N/A
LCA,1969,N/A
LIE,1969,N/A
LKA,1969,N/A
LSO,1969,N/A
LTU,1969,N/A
LUX,1969,N/A
LVA,1969,N/A
MAC,1969,N/A
MAF,1969,N/A
MAR,1969,N/A
MDA,1969,N/A
MDG,1969,N/A
MDV,1969,N/A
MEX,1969,N/A
MHL,1969,N/A
MKD,1969,N/A
MLI,1969,N/A
MLT,1969,N/A
MMR,1969,N/A
MNE,1969,N/A
MNG,1969,N/A
MNP,1969,N/A
MOZ,1969,N/A
MRT,1969,N/A
MUS,1969,N/A
MWI,1969,N/A
MYS,1969,N/A
NAM,1969,N/A
NCL,1969,N/A
NER,1969,N/A
NGA,1969,N/A
NIC,1969,N/A
NLD,1969,N/A
NOR,1969,N/A
NPL,1969,N/A
NZL,1969,N/A
OMN,1969,N/A
PAK,1969,N/A
PAN,1969,N/A
PER,1969,N/A
PHL,1969,N/A
PLW,1969,N/A
PNG,1969,N/A
POL,1969,N/A
PRI,1969,N/A
PRK,1969,N/A
PRT,1969,N/A
PRY,1969,N/A
PSE,1969,N/A
PYF,1969,N/A
QAT,1969,N/A
ROU,1969,N/A
RUS,1969,N/A
RWA,1969,N/A
SAU,1969,N/A
SDN,1969,N/A
SEN,1969,N/A
SGP,1969,N/A
SLB,1969,N/A
SLE,1969,N/A
SLV,1969,N/A
SOM,1969,N/A
SRB,1969,N/A
SSD,1969,N/A
STP,1969,N/A
SUR,1969,N/A
SVK,1969,N/A
SVN,1969,N/A
SWE,1969,N/A
SWZ,1969,N/A
SXM,1969,N/A
SYC,1969,N/A
SYR,1969,N/A
TCA,1969,N/A
TCD,1969,N/A
TGO,1969,N/A
THA,1969,N/A
TJK,1969,N/A
TKM,1969,N/A
TLS,1969,N/A
TON,1969,N/A
TTO,1969,N/A
TUN,1969,N/A
TUR,1969,N/A
TUV,1969,N/A
TZA,1969,N/A
UGA,1969,N/A
UKR,1969,N/A
URY,1969,N/A
USA,1969,N/A
UZB,1969,N/A
VCT,1969,N/A
VEN,1969,N/A
VGB,1969,N/A
VIR,1969,N/A
VNM,1969,N/A
VUT,1969,N/A
WSM,1969,N/A
YEM,1969,N/A
ZAF,1969,N/A
ZMB,1969,N/A
ZWE,1969,N/A
AFG,1970,N/A
AGO,1970,N/A
ALB,1970,N/A
ARE,1970,N/A
ARG,1970,N/A
ARM,1970,N/A
ASM,1970,N/A
ATG,1970,N/A
AUS,1970,N/A
AUT,1970,N/A
AZE,1970,N/A
BDI,1970,N/A
BEL,1970,N/A
BEN,1970,N/A
BFA,1970,N/A
BGD,1970,N/A
BGR,1970,N/A
BHR,1970,N/A
BHS,1970,N/A
BIH,1970,N/A
BLR,1970,N/A
BLZ,1970,N/A
BMU,1970,N/A
BOL,1970,N/A
BRA,1970,N/A
BRB,1970,N/A
BRN,1970,N/A
BTN,1970,N/A
BWA,1970,N/A
CAF,1970,N/A
CAN,1970,N/A
CHE,1970,N/A
CHL,1970,N/A
CHN,1970,N/A
CIV,1970,N/A
CMR,1970,N/A
COD,1970,N/A
COG,1970,N/A
COL,1970,N/A
COM,1970,N/A
CPV,1970,N/A
CRI,1970,N/A
CUB,1970,N/A
CYM,1970,N/A
CYP,1970,N/A
CZE,1970,N/A
DEU,1970,N/A
DJI,1970,N/A
DMA,1970,N/A
DNK,1970,N/A
DOM,1970,N/A
DZA,1970,N/A
ECU,1970,N/A
EGY,1970,N/A
ERI,1970,N/A
ESP,1970,N/A
EST,1970,N/A
ETH,1970,N/A
FIN,1970,N/A
FJI,1970,N/A
FRA,1970,N/A
FSM,1970,N/A
GAB,1970,N/A
GBR,1970,N/A
GEO,1970,N/A
GHA,1970,N/A
GIN,1970,N/A
GMB,1970,N/A
GNB,1970,N/A
GNQ,1970,N/A
GRC,1970,N/A
GRD,1970,N/A
GTM,1970,N/A
GUM,1970,N/A
GUY,1970,N/A
HKG,1970,N/A
HND,1970,N/A
HRV,1970,N/A
HTI,1970,N/A
HUN,1970,N/A
IDN,1970,N/A
IND,1970,N/A
IRL,1970,N/A
IRN,1970,N/A
IRQ,1970,N/A
ISL,1970,N/A
ISR,1970,N/A
ITA,1970,N/A
JAM,1970,N/A
JOR,1970,N/A
JPN,1970,N/A
KAZ,1970,N/A
KEN,1970,N/A
KGZ,1970,N/A
KHM,1970,N/A
KIR,1970,N/A
KNA,1970,N/A
KOR,1970,N/A
KWT,1970,N/A
LAO,1970,N/A
LBN,1970,N/A
LBR,1970,N/A
LBY,1970,N/A
LCA,1970,N/A
LIE,1970,N/A
LKA,1970,N/A
LSO,1970,N/A
LTU,1970,N/A
LUX,1970,N/A
LVA,1970,N/A
MAC,1970,N/A
MAF,1970,N/A
MAR,1970,N/A
MDA,1970,N/A
MDG,1970,N/A
MDV,1970,N/A
MEX,1970,N/A
MHL,1970,N/A
MKD,1970,N/A
MLI,1970,N/A
MLT,1970,N/A
MMR,1970,N/A
MNE,1970,N/A
MNG,1970,N/A
MNP,1970,N/A
MOZ,1970,N/A
MRT,1970,N/A
MUS,1970,N/A
MWI,1970,N/A
MYS,1970,N/A
NAM,1970,N/A
NCL,1970,N/A
NER,1970,N/A
NGA,1970,N/A
NIC,1970,N/A
NLD,1970,N/A
NOR,1970,N/A
NPL,1970,N/A
NZL,1970,N/A
OMN,1970,N/A
PAK,1970,N/A
PAN,1970,N/A
PER,1970,N/A
PHL,1970,N/A
PLW,1970,N/A
PNG,1970,N/A
POL,1970,N/A
PRI,1970,N/A
PRK,1970,N/A
PRT,1970,N/A
PRY,1970,N/A
PSE,1970,N/A
PYF,1970,N/A
QAT,1970,N/A
ROU,1970,N/A
RUS,1970,N/A
RWA,1970,N/A
SAU,1970,N/A
SDN,1970,N/A
SEN,1970,N/A
SGP,1970,N/A
SLB,1970,N/A
SLE,1970,N/A
SLV,1970,N/A
SOM,1970,N/A
SRB,1970,N/A
SSD,1970,N/A
STP,1970,N/A
SUR,1970,N/A
SVK,1970,N/A
SVN,1970,N/A
SWE,1970,N/A
SWZ,1970,N/A
SXM,1970,N/A
SYC,1970,N/A
SYR,1970,N/A
TCA,1970,N/A
TCD,1970,N/A
TGO,1970,N/A
THA,1970,N/A
TJK,1970,N/A
TKM,1970,N/A
TLS,1970,N/A
TON,1970,N/A
TTO,1970,N/A
TUN,1970,N/A
TUR,1970,N/A
TUV,1970,N/A
TZA,1970,N/A
UGA,1970,N/A
UKR,1970,N/A
URY,1970,N/A
USA,1970,N/A
UZB,1970,N/A
VCT,1970,N/A
VEN,1970,N/A
VGB,1970,N/A
VIR,1970,N/A
VNM,1970,N/A
VUT,1970,N/A
WSM,1970,N/A
YEM,1970,N/A
ZAF,1970,N/A
ZMB,1970,N/A
ZWE,1970,N/A
AFG,1971,N/A
AGO,1971,N/A
ALB,1971,N/A
ARE,1971,N/A
ARG,1971,N/A
ARM,1971,N/A
ASM,1971,N/A
ATG,1971,N/A
AUS,1971,N/A
AUT,1971,N/A
AZE,1971,N/A
BDI,1971,N/A
BEL,1971,N/A
BEN,1971,N/A
BFA,1971,N/A
BGD,1971,N/A
BGR,1971,N/A
BHR,1971,N/A
BHS,1971,N/A
BIH,1971,N/A
BLR,1971,N/A
BLZ,1971,N/A
BMU,1971,N/A
BOL,1971,N/A
BRA,1971,N/A
BRB,1971,N/A
BRN,1971,N/A
BTN,1971,N/A
BWA,1971,N/A
CAF,1971,N/A
CAN,1971,N/A
CHE,1971,N/A
CHL,1971,N/A
CHN,1971,N/A
CIV,1971,N/A
CMR,1971,N/A
COD,1971,N/A
COG,1971,N/A
COL,1971,N/A
COM,1971,N/A
CPV,1971,N/A
CRI,1971,N/A
CUB,1971,N/A
CYM,1971,N/A
CYP,1971,N/A
CZE,1971,N/A
DEU,1971,N/A
DJI,1971,N/A
DMA,1971,N/A
DNK,1971,N/A
DOM,1971,N/A
DZA,1971,N/A
ECU,1971,N/A
EGY,1971,N/A
ERI,1971,N/A
ESP,1971,N/A
EST,1971,N/A
ETH,1971,N/A
FIN,1971,N/A
FJI,1971,N/A
FRA,1971,N/A
FSM,1971,N/A
GAB,1971,N/A
GBR,1971,N/A
GEO,1971,N/A
GHA,1971,N/A
GIN,1971,N/A
GMB,1971,N/A
GNB,1971,N/A
GNQ,1971,N/A
GRC,1971,N/A
GRD,1971,N/A
GTM,1971,N/A
GUM,1971,N/A
GUY,1971,N/A
HKG,1971,N/A
HND,1971,N/A
HRV,1971,N/A
HTI,1971,N/A
HUN,1971,N/A
IDN,1971,N/A
IND,1971,N/A
IRL,1971,N/A
IRN,1971,N/A
IRQ,1971,N/A
ISL,1971,N/A
ISR,1971,N/A
ITA,1971,N/A
JAM,1971,N/A
JOR,1971,N/A
JPN,1971,N/A
KAZ,1971,N/A
KEN,1971,N/A
KGZ,1971,N/A
KHM,1971,N/A
KIR,1971,N/A
KNA,1971,N/A
KOR,1971,N/A
KWT,1971,N/A
LAO,1971,N/A
LBN,1971,N/A
LBR,1971,N/A
LBY,1971,N/A
LCA,1971,N/A
LIE,1971,N/A
LKA,1971,N/A
LSO,1971,N/A
LTU,1971,N/A
LUX,1971,N/A
LVA,1971,N/A
MAC,1971,N/A
MAF,1971,N/A
MAR,1971,N/A
MDA,1971,N/A
MDG,1971,N/A
MDV,1971,N/A
MEX,1971,N/A
MHL,1971,N/A
MKD,1971,N/A
MLI,1971,N/A
MLT,1971,N/A
MMR,1971,N/A
MNE,1971,N/A
MNG,1971,N/A
MNP,1971,N/A
MOZ,1971,N/A
MRT,1971,N/A
MUS,1971,N/A
MWI,1971,N/A
MYS,1971,N/A
NAM,1971,N/A
NCL,1971,N/A
NER,1971,N/A
NGA,1971,N/A
NIC,1971,N/A
NLD,1971,N/A
NOR,1971,N/A
NPL,1971,N/A
NZL,1971,N/A
OMN,1971,N/A
PAK,1971,N/A
PAN,1971,N/A
PER,1971,N/A
PHL,1971,N/A
PLW,1971,N/A
PNG,1971,N/A
POL,1971,N/A
PRI,1971,N/A
PRK,1971,N/A
PRT,1971,N/A
PRY,1971,N/A
PSE,1971,N/A
PYF,1971,N/A
QAT,1971,N/A
ROU,1971,N/A
RUS,1971,N/A
RWA,1971,N/A
SAU,1971,N/A
SDN,1971,N/A
SEN,1971,N/A
SGP,1971,N/A
SLB,1971,N/A
SLE,1971,N/A
SLV,1971,N/A
SOM,1971,N/A
SRB,1971,N/A
SSD,1971,N/A
STP,1971,N/A
SUR,1971,N/A
SVK,1971,N/A
SVN,1971,N/A
SWE,1971,N/A
SWZ,1971,N/A
SXM,1971,N/A
SYC,1971,N/A
SYR,1971,N/A
TCA,1971,N/A
TCD,1971,N/A
TGO,1971,N/A
THA,1971,N/A
TJK,1971,N/A
TKM,1971,N/A
TLS,1971,N/A
TON,1971,N/A
TTO,1971,N/A
TUN,1971,N/A
TUR,1971,N/A
TUV,1971,N/A
TZA,1971,N/A
UGA,1971,N/A
UKR,1971,N/A
URY,1971,N/A
USA,1971,N/A
UZB,1971,N/A
VCT,1971,N/A
VEN,1971,N/A
VGB,1971,N/A
VIR,1971,N/A
VNM,1971,N/A
VUT,1971,N/A
WSM,1971,N/A
YEM,1971,N/A
ZAF,1971,N/A
ZMB,1971,N/A
ZWE,1971,N/A
AFG,1972,N/A
AGO,1972,N/A
ALB,1972,N/A
ARE,1972,N/A
ARG,1972,N/A
ARM,1972,N/A
ASM,1972,N/A
ATG,1972,N/A
AUS,1972,N/A
AUT,1972,N/A
AZE,1972,N/A
BDI,1972,N/A
BEL,1972,N/A
BEN,1972,N/A
BFA,1972,N/A
BGD,1972,N/A
BGR,1972,N/A
BHR,1972,N/A
BHS,1972,N/A
BIH,1972,N/A
BLR,1972,N/A
BLZ,1972,N/A
BMU,1972,N/A
BOL,1972,N/A
BRA,1972,N/A
BRB,1972,N/A
BRN,1972,N/A
BTN,1972,N/A
BWA,1972,N/A
CAF,1972,N/A
CAN,1972,N/A
CHE,1972,N/A
CHL,1972,N/A
CHN,1972,N/A
CIV,1972,N/A
CMR,1972,N/A
COD,1972,N/A
COG,1972,N/A
COL,1972,N/A
COM,1972,N/A
CPV,1972,N/A
CRI,1972,N/A
CUB,1972,N/A
CYM,1972,N/A
CYP,1972,N/A
CZE,1972,N/A
DEU,1972,N/A
DJI,1972,N/A
DMA,1972,N/A
DNK,1972,N/A
DOM,1972,N/A
DZA,1972,N/A
ECU,1972,N/A
EGY,1972,N/A
ERI,1972,N/A
ESP,1972,N/A
EST,1972,N/A
ETH,1972,N/A
FIN,1972,N/A
FJI,1972,N/A
FRA,1972,N/A
FSM,1972,N/A
GAB,1972,N/A
GBR,1972,N/A
GEO,1972,N/A
GHA,1972,N/A
GIN,1972,N/A
GMB,1972,N/A
GNB,1972,N/A
GNQ,1972,N/A
GRC,1972,N/A
GRD,1972,N/A
GTM,1972,N/A
GUM,1972,N/A
GUY,1972,N/A
HKG,1972,N/A
HND,1972,N/A
HRV,1972,N/A
HTI,1972,N/A
HUN,1972,N/A
IDN,1972,N/A
IND,1972,N/A
IRL,1972,N/A
IRN,1972,N/A
IRQ,1972,N/A
ISL,1972,N/A
ISR,1972,N/A
ITA,1972,N/A
JAM,1972,N/A
JOR,1972,N/A
JPN,1972,N/A
KAZ,1972,N/A
KEN,1972,N/A
KGZ,1972,N/A
KHM,1972,N/A
KIR,1972,N/A
KNA,1972,N/A
KOR,1972,N/A
KWT,1972,N/A
LAO,1972,N/A
LBN,1972,N/A
LBR,1972,N/A
LBY,1972,N/A
LCA,1972,N/A
LIE,1972,N/A
LKA,1972,N/A
LSO,1972,N/A
LTU,1972,N/A
LUX,1972,N/A
LVA,1972,N/A
MAC,1972,N/A
MAF,1972,N/A
MAR,1972,N/A
MDA,1972,N/A
MDG,1972,N/A
MDV,1972,N/A
MEX,1972,N/A
MHL,1972,N/A
MKD,1972,N/A
MLI,1972,N/A
MLT,1972,N/A
MMR,1972,N/A
MNE,1972,N/A
MNG,1972,N/A
MNP,1972,N/A
MOZ,1972,N/A
MRT,1972,N/A
MUS,1972,N/A
MWI,1972,N/A
MYS,1972,N/A
NAM,1972,N/A
NCL,1972,N/A
NER,1972,N/A
NGA,1972,N/A
NIC,1972,N/A
NLD,1972,N/A
NOR,1972,N/A
NPL,1972,N/A
NZL,1972,N/A
OMN,1972,N/A
PAK,1972,N/A
PAN,1972,N/A
PER,1972,N/A
PHL,1972,N/A
PLW,1972,N/A
PNG,1972,N/A
POL,1972,N/A
PRI,1972,N/A
PRK,1972,N/A
PRT,1972,N/A
PRY,1972,N/A
PSE,1972,N/A
PYF,1972,N/A
QAT,1972,N/A
ROU,1972,N/A
RUS,1972,N/A
RWA,1972,N/A
SAU,1972,N/A
SDN,1972,N/A
SEN,1972,N/A
SGP,1972,N/A
SLB,1972,N/A
SLE,1972,N/A
SLV,1972,N/A
SOM,1972,N/A
SRB,1972,N/A
SSD,1972,N/A
STP,1972,N/A
SUR,1972,N/A
SVK,1972,N/A
SVN,1972,N/A
SWE,1972,N/A
SWZ,1972,N/A
SXM,1972,N/A
SYC,1972,N/A
SYR,1972,N/A
TCA,1972,N/A
TCD,1972,N/A
TGO,1972,N/A
THA,1972,N/A
TJK,1972,N/A
TKM,1972,N/A
TLS,1972,N/A
TON,1972,N/A
TTO,1972,N/A
TUN,1972,N/A
TUR,1972,N/A
TUV,1972,N/A
TZA,1972,N/A
UGA,1972,N/A
UKR,1972,N/A
URY,1972,N/A
USA,1972,N/A
UZB,1972,N/A
VCT,1972,N/A
VEN,1972,N/A
VGB,1972,N/A
VIR,1972,N/A
VNM,1972,N/A
VUT,1972,N/A
WSM,1972,N/A
YEM,1972,N/A
ZAF,1972,N/A
ZMB,1972,N/A
ZWE,1972,N/A
AFG,1973,N/A
AGO,1973,N/A
ALB,1973,N/A
ARE,1973,N/A
ARG,1973,N/A
ARM,1973,N/A
ASM,1973,N/A
ATG,1973,N/A
AUS,1973,N/A
AUT,1973,N/A
AZE,1973,N/A
BDI,1973,N/A
BEL,1973,N/A
BEN,1973,N/A
BFA,1973,N/A
BGD,1973,N/A
BGR,1973,N/A
BHR,1973,N/A
BHS,1973,N/A
BIH,1973,N/A
BLR,1973,N/A
BLZ,1973,N/A
BMU,1973,N/A
BOL,1973,N/A
BRA,1973,N/A
BRB,1973,N/A
BRN,1973,N/A
BTN,1973,N/A
BWA,1973,N/A
CAF,1973,N/A
CAN,1973,N/A
CHE,1973,N/A
CHL,1973,N/A
CHN,1973,N/A
CIV,1973,N/A
CMR,1973,N/A
COD,1973,N/A
COG,1973,N/A
COL,1973,N/A
COM,1973,N/A
CPV,1973,N/A
CRI,1973,N/A
CUB,1973,N/A
CYM,1973,N/A
CYP,1973,N/A
CZE,1973,N/A
DEU,1973,N/A
DJI,1973,N/A
DMA,1973,N/A
DNK,1973,N/A
DOM,1973,N/A
DZA,1973,N/A
ECU,1973,N/A
EGY,1973,N/A
ERI,1973,N/A
ESP,1973,N/A
EST,1973,N/A
ETH,1973,N/A
FIN,1973,N/A
FJI,1973,N/A
FRA,1973,N/A
FSM,1973,N/A
GAB,1973,N/A
GBR,1973,N/A
GEO,1973,N/A
GHA,1973,N/A
GIN,1973,N/A
GMB,1973,N/A
GNB,1973,N/A
GNQ,1973,N/A
GRC,1973,N/A
GRD,1973,N/A
GTM,1973,N/A
GUM,1973,N/A
GUY,1973,N/A
HKG,1973,N/A
HND,1973,N/A
HRV,1973,N/A
HTI,1973,N/A
HUN,1973,N/A
IDN,1973,N/A
IND,1973,N/A
IRL,1973,N/A
IRN,1973,N/A
IRQ,1973,N/A
ISL,1973,N/A
ISR,1973,N/A
ITA,1973,N/A
JAM,1973,N/A
JOR,1973,N/A
JPN,1973,N/A
KAZ,1973,N/A
KEN,1973,N/A
KGZ,1973,N/A
KHM,1973,N/A
KIR,1973,N/A
KNA,1973,N/A
KOR,1973,N/A
KWT,1973,N/A
LAO,1973,N/A
LBN,1973,N/A
LBR,1973,N/A
LBY,1973,N/A
LCA,1973,N/A
LIE,1973,N/A
LKA,1973,N/A
LSO,1973,N/A
LTU,1973,N/A
LUX,1973,N/A
LVA,1973,N/A
MAC,1973,N/A
MAF,1973,N/A
MAR,1973,N/A
MDA,1973,N/A
MDG,1973,N/A
MDV,1973,N/A
MEX,1973,N/A
MHL,1973,N/A
MKD,1973,N/A
MLI,1973,N/A
MLT,1973,N/A
MMR,1973,N/A
MNE,1973,N/A
MNG,1973,N/A
MNP,1973,N/A
MOZ,1973,N/A
MRT,1973,N/A
MUS,1973,N/A
MWI,1973,N/A
MYS,1973,N/A
NAM,1973,N/A
NCL,1973,N/A
NER,1973,N/A
NGA,1973,N/A
NIC,1973,N/A
NLD,1973,N/A
NOR,1973,N/A
NPL,1973,N/A
NZL,1973,N/A
OMN,1973,N/A
PAK,1973,N/A
PAN,1973,N/A
PER,1973,N/A
PHL,1973,N/A
PLW,1973,N/A
PNG,1973,N/A
POL,1973,N/A
PRI,1973,N/A
PRK,1973,N/A
PRT,1973,N/A
PRY,1973,N/A
PSE,1973,N/A
PYF,1973,N/A
QAT,1973,N/A
ROU,1973,N/A
RUS,1973,N/A
RWA,1973,N/A
SAU,1973,N/A
SDN,1973,N/A
SEN,1973,N/A
SGP,1973,N/A
SLB,1973,N/A
SLE,1973,N/A
SLV,1973,N/A
SOM,1973,N/A
SRB,1973,N/A
SSD,1973,N/A
STP,1973,N/A
SUR,1973,N/A
SVK,1973,N/A
SVN,1973,N/A
SWE,1973,N/A
SWZ,1973,N/A
SXM,1973,N/A
SYC,1973,N/A
SYR,1973,N/A
TCA,1973,N/A
TCD,1973,N/A
TGO,1973,N/A
THA,1973,N/A
TJK,1973,N/A
TKM,1973,N/A
TLS,1973,N/A
TON,1973,N/A
TTO,1973,N/A
TUN,1973,N/A
TUR,1973,N/A
TUV,1973,N/A
TZA,1973,N/A
UGA,1973,N/A
UKR,1973,N/A
URY,1973,N/A
USA,1973,N/A
UZB,1973,N/A
VCT,1973,N/A
VEN,1973,N/A
VGB,1973,N/A
VIR,1973,N/A
VNM,1973,N/A
VUT,1973,N/A
WSM,1973,N/A
YEM,1973,N/A
ZAF,1973,N/A
ZMB,1973,N/A
ZWE,1973,N/A
AFG,1974,N/A
AGO,1974,N/A
ALB,1974,N/A
ARE,1974,N/A
ARG,1974,N/A
ARM,1974,N/A
ASM,1974,N/A
ATG,1974,N/A
AUS,1974,N/A
AUT,1974,N/A
AZE,1974,N/A
BDI,1974,N/A
BEL,1974,N/A
BEN,1974,N/A
BFA,1974,N/A
BGD,1974,N/A
BGR,1974,N/A
BHR,1974,N/A
BHS,1974,N/A
BIH,1974,N/A
BLR,1974,N/A
BLZ,1974,N/A
BMU,1974,N/A
BOL,1974,N/A
BRA,1974,N/A
BRB,1974,N/A
BRN,1974,N/A
BTN,1974,N/A
BWA,1974,N/A
CAF,1974,N/A
CAN,1974,N/A
CHE,1974,N/A
CHL,1974,N/A
CHN,1974,N/A
CIV,1974,N/A
CMR,1974,N/A
COD,1974,N/A
COG,1974,N/A
COL,1974,N/A
COM,1974,N/A
CPV,1974,N/A
CRI,1974,N/A
CUB,1974,N/A
CYM,1974,N/A
CYP,1974,N/A
CZE,1974,N/A
DEU,1974,N/A
DJI,1974,N/A
DMA,1974,N/A
DNK,1974,N/A
DOM,1974,N/A
DZA,1974,N/A
ECU,1974,N/A
EGY,1974,N/A
ERI,1974,N/A
ESP,1974,N/A
EST,1974,N/A
ETH,1974,N/A
FIN,1974,N/A
FJI,1974,N/A
FRA,1974,N/A
FSM,1974,N/A
GAB,1974,N/A
GBR,1974,N/A
GEO,1974,N/A
GHA,1974,N/A
GIN,1974,N/A
GMB,1974,N/A
GNB,1974,N/A
GNQ,1974,N/A
GRC,1974,N/A
GRD,1974,N/A
GTM,1974,N/A
GUM,1974,N/A
GUY,1974,N/A
HKG,1974,N/A
HND,1974,N/A
HRV,1974,N/A
HTI,1974,N/A
HUN,1974,N/A
IDN,1974,N/A
IND,1974,N/A
IRL,1974,N/A
IRN,1974,N/A
IRQ,1974,N/A
ISL,1974,N/A
ISR,1974,N/A
ITA,1974,N/A
JAM,1974,N/A
JOR,1974,N/A
JPN,1974,N/A
KAZ,1974,N/A
KEN,1974,N/A
KGZ,1974,N/A
KHM,1974,N/A
KIR,1974,N/A
KNA,1974,N/A
KOR,1974,N/A
KWT,1974,N/A
LAO,1974,N/A
LBN,1974,N/A
LBR,1974,N/A
LBY,1974,N/A
LCA,1974,N/A
LIE,1974,N/A
LKA,1974,N/A
LSO,1974,N/A
LTU,1974,N/A
LUX,1974,N/A
LVA,1974,N/A
MAC,1974,N/A
MAF,1974,N/A
MAR,1974,N/A
MDA,1974,N/A
MDG,1974,N/A
MDV,1974,N/A
MEX,1974,N/A
MHL,1974,N/A
MKD,1974,N/A
MLI,1974,N/A
MLT,1974,N/A
MMR,1974,N/A
MNE,1974,N/A
MNG,1974,N/A
MNP,1974,N/A
MOZ,1974,N/A
MRT,1974,N/A
MUS,1974,N/A
MWI,1974,N/A
MYS,1974,N/A
NAM,1974,N/A
NCL,1974,N/A
NER,1974,N/A
NGA,1974,N/A
NIC,1974,N/A
NLD,1974,N/A
NOR,1974,N/A
NPL,1974,N/A
NZL,1974,N/A
OMN,1974,N/A
PAK,1974,N/A
PAN,1974,N/A
PER,1974,N/A
PHL,1974,N/A
PLW,1974,N/A
PNG,1974,N/A
POL,1974,N/A
PRI,1974,N/A
PRK,1974,N/A
PRT,1974,N/A
PRY,1974,N/A
PSE,1974,N/A
PYF,1974,N/A
QAT,1974,N/A
ROU,1974,N/A
RUS,1974,N/A
RWA,1974,N/A
SAU,1974,N/A
SDN,1974,N/A
SEN,1974,N/A
SGP,1974,N/A
SLB,1974,N/A
SLE,1974,N/A
SLV,1974,N/A
SOM,1974,N/A
SRB,1974,N/A
SSD,1974,N/A
STP,1974,N/A
SUR,1974,N/A
SVK,1974,N/A
SVN,1974,N/A
SWE,1974,N/A
SWZ,1974,N/A
SXM,1974,N/A
SYC,1974,N/A
SYR,1974,N/A
TCA,1974,N/A
TCD,1974,N/A
TGO,1974,N/A
THA,1974,N/A
TJK,1974,N/A
TKM,1974,N/A
TLS,1974,N/A
TON,1974,N/A
TTO,1974,N/A
TUN,1974,N/A
TUR,1974,N/A
TUV,1974,N/A
TZA,1974,N/A
UGA,1974,N/A
UKR,1974,N/A
URY,1974,N/A
USA,1974,N/A
UZB,1974,N/A
VCT,1974,N/A
VEN,1974,N/A
VGB,1974,N/A
VIR,1974,N/A
VNM,1974,N/A
VUT,1974,N/A
WSM,1974,N/A
YEM,1974,N/A
ZAF,1974,N/A
ZMB,1974,N/A
ZWE,1974,N/A
AFG,1975,N/A
AGO,1975,N/A
ALB,1975,N/A
ARE,1975,N/A
ARG,1975,N/A
ARM,1975,N/A
ASM,1975,N/A
ATG,1975,N/A
AUS,1975,N/A
AUT,1975,N/A
AZE,1975,N/A
BDI,1975,N/A
BEL,1975,N/A
BEN,1975,N/A
BFA,1975,N/A
BGD,1975,N/A
BGR,1975,N/A
BHR,1975,N/A
BHS,1975,N/A
BIH,1975,N/A
BLR,1975,N/A
BLZ,1975,N/A
BMU,1975,N/A
BOL,1975,N/A
BRA,1975,N/A
BRB,1975,N/A
BRN,1975,N/A
BTN,1975,N/A
BWA,1975,N/A
CAF,1975,N/A
CAN,1975,N/A
CHE,1975,N/A
CHL,1975,N/A
CHN,1975,N/A
CIV,1975,N/A
CMR,1975,N/A
COD,1975,N/A
COG,1975,N/A
COL,1975,N/A
COM,1975,N/A
CPV,1975,N/A
CRI,1975,N/A
CUB,1975,N/A
CYM,1975,N/A
CYP,1975,N/A
CZE,1975,N/A
DEU,1975,N/A
DJI,1975,N/A
DMA,1975,N/A
DNK,1975,N/A
DOM,1975,N/A
DZA,1975,N/A
ECU,1975,N/A
EGY,1975,N/A
ERI,1975,N/A
ESP,1975,N/A
EST,1975,N/A
ETH,1975,N/A
FIN,1975,N/A
FJI,1975,N/A
FRA,1975,N/A
FSM,1975,N/A
GAB,1975,N/A
GBR,1975,N/A
GEO,1975,N/A
GHA,1975,N/A
GIN,1975,N/A
GMB,1975,N/A
GNB,1975,N/A
GNQ,1975,N/A
GRC,1975,N/A
GRD,1975,N/A
GTM,1975,N/A
GUM,1975,N/A
GUY,1975,N/A
HKG,1975,N/A
HND,1975,N/A
HRV,1975,N/A
HTI,1975,N/A
HUN,1975,N/A
IDN,1975,N/A
IND,1975,N/A
IRL,1975,N/A
IRN,1975,N/A
IRQ,1975,N/A
ISL,1975,N/A
ISR,1975,N/A
ITA,1975,N/A
JAM,1975,N/A
JOR,1975,N/A
JPN,1975,N/A
KAZ,1975,N/A
KEN,1975,N/A
KGZ,1975,N/A
KHM,1975,N/A
KIR,1975,N/A
KNA,1975,N/A
KOR,1975,N/A
KWT,1975,N/A
LAO,1975,N/A
LBN,1975,N/A
LBR,1975,N/A
LBY,1975,N/A
LCA,1975,N/A
LIE,1975,N/A
LKA,1975,N/A
LSO,1975,N/A
LTU,1975,N/A
LUX,1975,N/A
LVA,1975,N/A
MAC,1975,N/A
MAF,1975,N/A
MAR,1975,N/A
MDA,1975,N/A
MDG,1975,N/A
MDV,1975,N/A
MEX,1975,N/A
MHL,1975,N/A
MKD,1975,N/A
MLI,1975,N/A
MLT,1975,N/A
MMR,1975,N/A
MNE,1975,N/A
MNG,1975,N/A
MNP,1975,N/A
MOZ,1975,N/A
MRT,1975,N/A
MUS,1975,N/A
MWI,1975,N/A
MYS,1975,N/A
NAM,1975,N/A
NCL,1975,N/A
NER,1975,N/A
NGA,1975,N/A
NIC,1975,N/A
NLD,1975,N/A
NOR,1975,N/A
NPL,1975,N/A
NZL,1975,N/A
OMN,1975,N/A
PAK,1975,N/A
PAN,1975,N/A
PER,1975,N/A
PHL,1975,N/A
PLW,1975,N/A
PNG,1975,N/A
POL,1975,N/A
PRI,1975,N/A
PRK,1975,N/A
PRT,1975,N/A
PRY,1975,N/A
PSE,1975,N/A
PYF,1975,N/A
QAT,1975,N/A
ROU,1975,N/A
RUS,1975,N/A
RWA,1975,N/A
SAU,1975,N/A
SDN,1975,N/A
SEN,1975,N/A
SGP,1975,N/A
SLB,1975,N/A
SLE,1975,N/A
SLV,1975,N/A
SOM,1975,N/A
SRB,1975,N/A
SSD,1975,N/A
STP,1975,N/A
SUR,1975,N/A
SVK,1975,N/A
SVN,1975,N/A
SWE,1975,N/A
SWZ,1975,N/A
SXM,1975,N/A
SYC,1975,N/A
SYR,1975,N/A
TCA,1975,N/A
TCD,1975,N/A
TGO,1975,N/A
THA,1975,N/A
TJK,1975,N/A
TKM,1975,N/A
TLS,1975,N/A
TON,1975,N/A
TTO,1975,N/A
TUN,1975,N/A
TUR,1975,N/A
TUV,1975,N/A
TZA,1975,N/A
UGA,1975,N/A
UKR,1975,N/A
URY,1975,N/A
USA,1975,N/A
UZB,1975,N/A
VCT,1975,N/A
VEN,1975,N/A
VGB,1975,N/A
VIR,1975,N/A
VNM,1975,N/A
VUT,1975,N/A
WSM,1975,N/A
YEM,1975,N/A
ZAF,1975,N/A
ZMB,1975,N/A
ZWE,1975,N/A
AFG,1976,N/A
AGO,1976,N/A
ALB,1976,N/A
ARE,1976,N/A
ARG,1976,N/A
ARM,1976,N/A
ASM,1976,N/A
ATG,1976,N/A
AUS,1976,N/A
AUT,1976,N/A
AZE,1976,N/A
BDI,1976,N/A
BEL,1976,N/A
BEN,1976,N/A
BFA,1976,N/A
BGD,1976,N/A
BGR,1976,N/A
BHR,1976,N/A
BHS,1976,N/A
BIH,1976,N/A
BLR,1976,N/A
BLZ,1976,N/A
BMU,1976,N/A
BOL,1976,N/A
BRA,1976,N/A
BRB,1976,N/A
BRN,1976,N/A
BTN,1976,N/A
BWA,1976,N/A
CAF,1976,N/A
CAN,1976,N/A
CHE,1976,N/A
CHL,1976,N/A
CHN,1976,N/A
CIV,1976,N/A
CMR,1976,N/A
COD,1976,N/A
COG,1976,N/A
COL,1976,N/A
COM,1976,N/A
CPV,1976,N/A
CRI,1976,N/A
CUB,1976,N/A
CYM,1976,N/A
CYP,1976,N/A
CZE,1976,N/A
DEU,1976,N/A
DJI,1976,N/A
DMA,1976,N/A
DNK,1976,N/A
DOM,1976,N/A
DZA,1976,N/A
ECU,1976,N/A
EGY,1976,N/A
ERI,1976,N/A
ESP,1976,N/A
EST,1976,N/A
ETH,1976,N/A
FIN,1976,N/A
FJI,1976,N/A
FRA,1976,N/A
FSM,1976,N/A
GAB,1976,N/A
GBR,1976,N/A
GEO,1976,N/A
GHA,1976,N/A
GIN,1976,N/A
GMB,1976,N/A
GNB,1976,N/A
GNQ,1976,N/A
GRC,1976,N/A
GRD,1976,N/A
GTM,1976,N/A
GUM,1976,N/A
GUY,1976,N/A
HKG,1976,N/A
HND,1976,N/A
HRV,1976,N/A
HTI,1976,N/A
HUN,1976,N/A
IDN,1976,N/A
IND,1976,N/A
IRL,1976,N/A
IRN,1976,N/A
IRQ,1976,N/A
ISL,1976,N/A
ISR,1976,N/A
ITA,1976,N/A
JAM,1976,N/A
JOR,1976,N/A
JPN,1976,N/A
KAZ,1976,N/A
KEN,1976,N/A
KGZ,1976,N/A
KHM,1976,N/A
KIR,1976,N/A
KNA,1976,N/A
KOR,1976,N/A
KWT,1976,N/A
LAO,1976,N/A
LBN,1976,N/A
LBR,1976,N/A
LBY,1976,N/A
LCA,1976,N/A
LIE,1976,N/A
LKA,1976,N/A
LSO,1976,N/A
LTU,1976,N/A
LUX,1976,N/A
LVA,1976,N/A
MAC,1976,N/A
MAF,1976,N/A
MAR,1976,N/A
MDA,1976,N/A
MDG,1976,N/A
MDV,1976,N/A
MEX,1976,N/A
MHL,1976,N/A
MKD,1976,N/A
MLI,1976,N/A
MLT,1976,N/A
MMR,1976,N/A
MNE,1976,N/A
MNG,1976,N/A
MNP,1976,N/A
MOZ,1976,N/A
MRT,1976,N/A
MUS,1976,N/A
MWI,1976,N/A
MYS,1976,N/A
NAM,1976,N/A
NCL,1976,N/A
NER,1976,N/A
NGA,1976,N/A
NIC,1976,N/A
NLD,1976,N/A
NOR,1976,N/A
NPL,1976,N/A
NZL,1976,N/A
OMN,1976,N/A
PAK,1976,N/A
PAN,1976,N/A
PER,1976,N/A
PHL,1976,N/A
PLW,1976,N/A
PNG,1976,N/A
POL,1976,N/A
PRI,1976,N/A
PRK,1976,N/A
PRT,1976,N/A
PRY,1976,N/A
PSE,1976,N/A
PYF,1976,N/A
QAT,1976,N/A
ROU,1976,N/A
RUS,1976,N/A
RWA,1976,N/A
SAU,1976,N/A
SDN,1976,N/A
SEN,1976,N/A
SGP,1976,N/A
SLB,1976,N/A
SLE,1976,N/A
SLV,1976,N/A
SOM,1976,N/A
SRB,1976,N/A
SSD,1976,N/A
STP,1976,N/A
SUR,1976,N/A
SVK,1976,N/A
SVN,1976,N/A
SWE,1976,N/A
SWZ,1976,N/A
SXM,1976,N/A
SYC,1976,N/A
SYR,1976,N/A
TCA,1976,N/A
TCD,1976,N/A
TGO,1976,N/A
THA,1976,N/A
TJK,1976,N/A
TKM,1976,N/A
TLS,1976,N/A
TON,1976,N/A
TTO,1976,N/A
TUN,1976,N/A
TUR,1976,N/A
TUV,1976,N/A
TZA,1976,N/A
UGA,1976,N/A
UKR,1976,N/A
URY,1976,N/A
USA,1976,N/A
UZB,1976,N/A
VCT,1976,N/A
VEN,1976,N/A
VGB,1976,N/A
VIR,1976,N/A
VNM,1976,N/A
VUT,1976,N/A
WSM,1976,N/A
YEM,1976,N/A
ZAF,1976,N/A
ZMB,1976,N/A
ZWE,1976,N/A
AFG,1977,N/A
AGO,1977,N/A
ALB,1977,N/A
ARE,1977,N/A
ARG,1977,N/A
ARM,1977,N/A
ASM,1977,N/A
ATG,1977,N/A
AUS,1977,N/A
AUT,1977,N/A
AZE,1977,N/A
BDI,1977,N/A
BEL,1977,N/A
BEN,1977,N/A
BFA,1977,N/A
BGD,1977,N/A
BGR,1977,N/A
BHR,1977,N/A
BHS,1977,N/A
BIH,1977,N/A
BLR,1977,N/A
BLZ,1977,N/A
BMU,1977,N/A
BOL,1977,N/A
BRA,1977,N/A
BRB,1977,N/A
BRN,1977,N/A
BTN,1977,N/A
BWA,1977,N/A
CAF,1977,N/A
CAN,1977,N/A
CHE,1977,N/A
CHL,1977,N/A
CHN,1977,N/A
CIV,1977,N/A
CMR,1977,N/A
COD,1977,N/A
COG,1977,N/A
COL,1977,N/A
COM,1977,N/A
CPV,1977,N/A
CRI,1977,N/A
CUB,1977,N/A
CYM,1977,N/A
CYP,1977,N/A
CZE,1977,N/A
DEU,1977,N/A
DJI,1977,N/A
DMA,1977,N/A
DNK,1977,N/A
DOM,1977,N/A
DZA,1977,N/A
ECU,1977,N/A
EGY,1977,N/A
ERI,1977,N/A
ESP,1977,N/A
EST,1977,N/A
ETH,1977,N/A
FIN,1977,N/A
FJI,1977,N/A
FRA,1977,N/A
FSM,1977,N/A
GAB,1977,N/A
GBR,1977,N/A
GEO,1977,N/A
GHA,1977,N/A
GIN,1977,N/A
GMB,1977,N/A
GNB,1977,N/A
GNQ,1977,N/A
GRC,1977,N/A
GRD,1977,N/A
GTM,1977,N/A
GUM,1977,N/A
GUY,1977,N/A
HKG,1977,N/A
HND,1977,N/A
HRV,1977,N/A
HTI,1977,N/A
HUN,1977,N/A
IDN,1977,N/A
IND,1977,N/A
IRL,1977,N/A
IRN,1977,N/A
IRQ,1977,N/A
ISL,1977,N/A
ISR,1977,N/A
ITA,1977,N/A
JAM,1977,N/A
JOR,1977,N/A
JPN,1977,N/A
KAZ,1977,N/A
KEN,1977,N/A
KGZ,1977,N/A
KHM,1977,N/A
KIR,1977,N/A
KNA,1977,N/A
KOR,1977,N/A
KWT,1977,N/A
LAO,1977,N/A
LBN,1977,N/A
LBR,1977,N/A
LBY,1977,N/A
LCA,1977,N/A
LIE,1977,N/A
LKA,1977,N/A
LSO,1977,N/A
LTU,1977,N/A
LUX,1977,N/A
LVA,1977,N/A
MAC,1977,N/A
MAF,1977,N/A
MAR,1977,N/A
MDA,1977,N/A
MDG,1977,N/A
MDV,1977,N/A
MEX,1977,N/A
MHL,1977,N/A
MKD,1977,N/A
MLI,1977,N/A
MLT,1977,N/A
MMR,1977,N/A
MNE,1977,N/A
MNG,1977,N/A
MNP,1977,N/A
MOZ,1977,N/A
MRT,1977,N/A
MUS,1977,N/A
MWI,1977,N/A
MYS,1977,N/A
NAM,1977,N/A
NCL,1977,N/A
NER,1977,N/A
NGA,1977,N/A
NIC,1977,N/A
NLD,1977,N/A
NOR,1977,N/A
NPL,1977,N/A
NZL,1977,N/A
OMN,1977,N/A
PAK,1977,N/A
PAN,1977,N/A
PER,1977,N/A
PHL,1977,N/A
PLW,1977,N/A
PNG,1977,N/A
POL,1977,N/A
PRI,1977,N/A
PRK,1977,N/A
PRT,1977,N/A
PRY,1977,N/A
PSE,1977,N/A
PYF,1977,N/A
QAT,1977,N/A
ROU,1977,N/A
RUS,1977,N/A
RWA,1977,N/A
SAU,1977,N/A
SDN,1977,N/A
SEN,1977,N/A
SGP,1977,N/A
SLB,1977,N/A
SLE,1977,N/A
SLV,1977,N/A
SOM,1977,N/A
SRB,1977,N/A
SSD,1977,N/A
STP,1977,N/A
SUR,1977,N/A
SVK,1977,N/A
SVN,1977,N/A
SWE,1977,N/A
SWZ,1977,N/A
SXM,1977,N/A
SYC,1977,N/A
SYR,1977,N/A
TCA,1977,N/A
TCD,1977,N/A
TGO,1977,N/A
THA,1977,N/A
TJK,1977,N/A
TKM,1977,N/A
TLS,1977,N/A
TON,1977,N/A
TTO,1977,N/A
TUN,1977,N/A
TUR,1977,N/A
TUV,1977,N/A
TZA,1977,N/A
UGA,1977,N/A
UKR,1977,N/A
URY,1977,N/A
USA,1977,N/A
UZB,1977,N/A
VCT,1977,N/A
VEN,1977,N/A
VGB,1977,N/A
VIR,1977,N/A
VNM,1977,N/A
VUT,1977,N/A
WSM,1977,N/A
YEM,1977,N/A
ZAF,1977,N/A
ZMB,1977,N/A
ZWE,1977,N/A
AFG,1978,N/A
AGO,1978,N/A
ALB,1978,N/A
ARE,1978,N/A
ARG,1978,N/A
ARM,1978,N/A
ASM,1978,N/A
ATG,1978,N/A
AUS,1978,N/A
AUT,1978,N/A
AZE,1978,N/A
BDI,1978,N/A
BEL,1978,N/A
BEN,1978,N/A
BFA,1978,N/A
BGD,1978,N/A
BGR,1978,N/A
BHR,1978,N/A
BHS,1978,N/A
BIH,1978,N/A
BLR,1978,N/A
BLZ,1978,N/A
BMU,1978,N/A
BOL,1978,N/A
BRA,1978,N/A
BRB,1978,N/A
BRN,1978,N/A
BTN,1978,N/A
BWA,1978,N/A
CAF,1978,N/A
CAN,1978,N/A
CHE,1978,N/A
CHL,1978,N/A
CHN,1978,N/A
CIV,1978,N/A
CMR,1978,N/A
COD,1978,N/A
COG,1978,N/A
COL,1978,N/A
COM,1978,N/A
CPV,1978,N/A
CRI,1978,N/A
CUB,1978,N/A
CYM,1978,N/A
CYP,1978,N/A
CZE,1978,N/A
DEU,1978,N/A
DJI,1978,N/A
DMA,1978,N/A
DNK,1978,N/A
DOM,1978,N/A
DZA,1978,N/A
ECU,1978,N/A
EGY,1978,N/A
ERI,1978,N/A
ESP,1978,N/A
EST,1978,N/A
ETH,1978,N/A
FIN,1978,N/A
FJI,1978,N/A
FRA,1978,N/A
FSM,1978,N/A
GAB,1978,N/A
GBR,1978,N/A
GEO,1978,N/A
GHA,1978,N/A
GIN,1978,N/A
GMB,1978,N/A
GNB,1978,N/A
GNQ,1978,N/A
GRC,1978,N/A
GRD,1978,N/A
GTM,1978,N/A
GUM,1978,N/A
GUY,1978,N/A
HKG,1978,N/A
HND,1978,N/A
HRV,1978,N/A
HTI,1978,N/A
HUN,1978,N/A
IDN,1978,N/A
IND,1978,N/A
IRL,1978,N/A
IRN,1978,N/A
IRQ,1978,N/A
ISL,1978,N/A
ISR,1978,N/A
ITA,1978,N/A
JAM,1978,N/A
JOR,1978,N/A
JPN,1978,N/A
KAZ,1978,N/A
KEN,1978,N/A
KGZ,1978,N/A
KHM,1978,N/A
KIR,1978,N/A
KNA,1978,N/A
KOR,1978,N/A
KWT,1978,N/A
LAO,1978,N/A
LBN,1978,N/A
LBR,1978,N/A
LBY,1978,N/A
LCA,1978,N/A
LIE,1978,N/A
LKA,1978,N/A
LSO,1978,N/A
LTU,1978,N/A
LUX,1978,N/A
LVA,1978,N/A
MAC,1978,N/A
MAF,1978,N/A
MAR,1978,N/A
MDA,1978,N/A
MDG,1978,N/A
MDV,1978,N/A
MEX,1978,N/A
MHL,1978,N/A
MKD,1978,N/A
MLI,1978,N/A
MLT,1978,N/A
MMR,1978,N/A
MNE,1978,N/A
MNG,1978,N/A
MNP,1978,N/A
MOZ,1978,N/A
MRT,1978,N/A
MUS,1978,N/A
MWI,1978,N/A
MYS,1978,N/A
NAM,1978,N/A
NCL,1978,N/A
NER,1978,N/A
NGA,1978,N/A
NIC,1978,N/A
NLD,1978,N/A
NOR,1978,N/A
NPL,1978,N/A
NZL,1978,N/A
OMN,1978,N/A
PAK,1978,N/A
PAN,1978,N/A
PER,1978,N/A
PHL,1978,N/A
PLW,1978,N/A
PNG,1978,N/A
POL,1978,N/A
PRI,1978,N/A
PRK,1978,N/A
PRT,1978,N/A
PRY,1978,N/A
PSE,1978,N/A
PYF,1978,N/A
QAT,1978,N/A
ROU,1978,N/A
RUS,1978,N/A
RWA,1978,N/A
SAU,1978,N/A
SDN,1978,N/A
SEN,1978,N/A
SGP,1978,N/A
SLB,1978,N/A
SLE,1978,N/A
SLV,1978,N/A
SOM,1978,N/A
SRB,1978,N/A
SSD,1978,N/A
STP,1978,N/A
SUR,1978,N/A
SVK,1978,N/A
SVN,1978,N/A
SWE,1978,N/A
SWZ,1978,N/A
SXM,1978,N/A
SYC,1978,N/A
SYR,1978,N/A
TCA,1978,N/A
TCD,1978,N/A
TGO,1978,N/A
THA,1978,N/A
TJK,1978,N/A
TKM,1978,N/A
TLS,1978,N/A
TON,1978,N/A
TTO,1978,N/A
TUN,1978,N/A
TUR,1978,N/A
TUV,1978,N/A
TZA,1978,N/A
UGA,1978,N/A
UKR,1978,N/A
URY,1978,N/A
USA,1978,N/A
UZB,1978,N/A
VCT,1978,N/A
VEN,1978,N/A
VGB,1978,N/A
VIR,1978,N/A
VNM,1978,N/A
VUT,1978,N/A
WSM,1978,N/A
YEM,1978,N/A
ZAF,1978,N/A
ZMB,1978,N/A
ZWE,1978,N/A
AFG,1979,N/A
AGO,1979,N/A
ALB,1979,N/A
ARE,1979,N/A
ARG,1979,N/A
ARM,1979,N/A
ASM,1979,N/A
ATG,1979,N/A
AUS,1979,N/A
AUT,1979,N/A
AZE,1979,N/A
BDI,1979,N/A
BEL,1979,N/A
BEN,1979,N/A
BFA,1979,N/A
BGD,1979,N/A
BGR,1979,N/A
BHR,1979,N/A
BHS,1979,N/A
BIH,1979,N/A
BLR,1979,N/A
BLZ,1979,N/A
BMU,1979,N/A
BOL,1979,N/A
BRA,1979,N/A
BRB,1979,N/A
BRN,1979,N/A
BTN,1979,N/A
BWA,1979,N/A
CAF,1979,N/A
CAN,1979,N/A
CHE,1979,N/A
CHL,1979,N/A
CHN,1979,N/A
CIV,1979,N/A
CMR,1979,N/A
COD,1979,N/A
COG,1979,N/A
COL,1979,N/A
COM,1979,N/A
CPV,1979,N/A
CRI,1979,N/A
CUB,1979,N/A
CYM,1979,N/A
CYP,1979,N/A
CZE,1979,N/A
DEU,1979,N/A
DJI,1979,N/A
DMA,1979,N/A
DNK,1979,N/A
DOM,1979,N/A
DZA,1979,N/A
ECU,1979,N/A
EGY,1979,N/A
ERI,1979,N/A
ESP,1979,N/A
EST,1979,N/A
ETH,1979,N/A
FIN,1979,N/A
FJI,1979,N/A
FRA,1979,N/A
FSM,1979,N/A
GAB,1979,N/A
GBR,1979,N/A
GEO,1979,N/A
GHA,1979,N/A
GIN,1979,N/A
GMB,1979,N/A
GNB,1979,N/A
GNQ,1979,N/A
GRC,1979,N/A
GRD,1979,N/A
GTM,1979,N/A
GUM,1979,N/A
GUY,1979,N/A
HKG,1979,N/A
HND,1979,N/A
HRV,1979,N/A
HTI,1979,N/A
HUN,1979,N/A
IDN,1979,N/A
IND,1979,N/A
IRL,1979,N/A
IRN,1979,N/A
IRQ,1979,N/A
ISL,1979,N/A
ISR,1979,N/A
ITA,1979,N/A
JAM,1979,N/A
JOR,1979,N/A
JPN,1979,N/A
KAZ,1979,N/A
KEN,1979,N/A
KGZ,1979,N/A
KHM,1979,N/A
KIR,1979,N/A
KNA,1979,N/A
KOR,1979,N/A
KWT,1979,N/A
LAO,1979,N/A
LBN,1979,N/A
LBR,1979,N/A
LBY,1979,N/A
LCA,1979,N/A
LIE,1979,N/A
LKA,1979,N/A
LSO,1979,N/A
LTU,1979,N/A
LUX,1979,N/A
LVA,1979,N/A
MAC,1979,N/A
MAF,1979,N/A
MAR,1979,N/A
MDA,1979,N/A
MDG,1979,N/A
MDV,1979,N/A
MEX,1979,N/A
MHL,1979,N/A
MKD,1979,N/A
MLI,1979,N/A
MLT,1979,N/A
MMR,1979,N/A
MNE,1979,N/A
MNG,1979,N/A
MNP,1979,N/A
MOZ,1979,N/A
MRT,1979,N/A
MUS,1979,N/A
MWI,1979,N/A
MYS,1979,N/A
NAM,1979,N/A
NCL,1979,N/A
NER,1979,N/A
NGA,1979,N/A
NIC,1979,N/A
NLD,1979,N/A
NOR,1979,N/A
NPL,1979,N/A
NZL,1979,N/A
OMN,1979,N/A
PAK,1979,N/A
PAN,1979,N/A
PER,1979,N/A
PHL,1979,N/A
PLW,1979,N/A
PNG,1979,N/A
POL,1979,N/A
PRI,1979,N/A
PRK,1979,N/A
PRT,1979,N/A
PRY,1979,N/A
PSE,1979,N/A
PYF,1979,N/A
QAT,1979,N/A
ROU,1979,N/A
RUS,1979,N/A
RWA,1979,N/A
SAU,1979,N/A
SDN,1979,N/A
SEN,1979,N/A
SGP,1979,N/A
SLB,1979,N/A
SLE,1979,N/A
SLV,1979,N/A
SOM,1979,N/A
SRB,1979,N/A
SSD,1979,N/A
STP,1979,N/A
SUR,1979,N/A
SVK,1979,N/A
SVN,1979,N/A
SWE,1979,N/A
SWZ,1979,N/A
SXM,1979,N/A
SYC,1979,N/A
SYR,1979,N/A
TCA,1979,N/A
TCD,1979,N/A
TGO,1979,N/A
THA,1979,N/A
TJK,1979,N/A
TKM,1979,N/A
TLS,1979,N/A
TON,1979,N/A
TTO,1979,N/A
TUN,1979,N/A
TUR,1979,N/A
TUV,1979,N/A
TZA,1979,N/A
UGA,1979,N/A
UKR,1979,N/A
URY,1979,N/A
USA,1979,N/A
UZB,1979,N/A
VCT,1979,N/A
VEN,1979,N/A
VGB,1979,N/A
VIR,1979,N/A
VNM,1979,N/A
VUT,1979,N/A
WSM,1979,N/A
YEM,1979,N/A
ZAF,1979,N/A
ZMB,1979,N/A
ZWE,1979,N/A
AFG,1980,N/A
AGO,1980,N/A
ALB,1980,N/A
ARE,1980,N/A
ARG,1980,N/A
ARM,1980,N/A
ASM,1980,N/A
ATG,1980,N/A
AUS,1980,N/A
AUT,1980,N/A
AZE,1980,N/A
BDI,1980,N/A
BEL,1980,N/A
BEN,1980,N/A
BFA,1980,N/A
BGD,1980,N/A
BGR,1980,N/A
BHR,1980,N/A
BHS,1980,N/A
BIH,1980,N/A
BLR,1980,N/A
BLZ,1980,N/A
BMU,1980,N/A
BOL,1980,N/A
BRA,1980,N/A
BRB,1980,N/A
BRN,1980,N/A
BTN,1980,N/A
BWA,1980,N/A
CAF,1980,N/A
CAN,1980,N/A
CHE,1980,N/A
CHL,1980,N/A
CHN,1980,N/A
CIV,1980,N/A
CMR,1980,N/A
COD,1980,N/A
COG,1980,N/A
COL,1980,N/A
COM,1980,N/A
CPV,1980,N/A
CRI,1980,N/A
CUB,1980,N/A
CYM,1980,N/A
CYP,1980,N/A
CZE,1980,N/A
DEU,1980,N/A
DJI,1980,N/A
DMA,1980,N/A
DNK,1980,N/A
DOM,1980,N/A
DZA,1980,N/A
ECU,1980,N/A
EGY,1980,N/A
ERI,1980,N/A
ESP,1980,N/A
EST,1980,N/A
ETH,1980,N/A
FIN,1980,N/A
FJI,1980,N/A
FRA,1980,N/A
FSM,1980,N/A
GAB,1980,N/A
GBR,1980,N/A
GEO,1980,N/A
GHA,1980,N/A
GIN,1980,N/A
GMB,1980,N/A
GNB,1980,N/A
GNQ,1980,N/A
GRC,1980,N/A
GRD,1980,N/A
GTM,1980,N/A
GUM,1980,N/A
GUY,1980,N/A
HKG,1980,N/A
HND,1980,N/A
HRV,1980,N/A
HTI,1980,N/A
HUN,1980,N/A
IDN,1980,N/A
IND,1980,N/A
IRL,1980,N/A
IRN,1980,N/A
IRQ,1980,N/A
ISL,1980,N/A
ISR,1980,N/A
ITA,1980,N/A
JAM,1980,N/A
JOR,1980,N/A
JPN,1980,N/A
KAZ,1980,N/A
KEN,1980,N/A
KGZ,1980,N/A
KHM,1980,N/A
KIR,1980,N/A
KNA,1980,N/A
KOR,1980,N/A
KWT,1980,N/A
LAO,1980,N/A
LBN,1980,N/A
LBR,1980,N/A
LBY,1980,N/A
LCA,1980,N/A
LIE,1980,N/A
LKA,1980,N/A
LSO,1980,N/A
LTU,1980,N/A
LUX,1980,N/A
LVA,1980,N/A
MAC,1980,N/A
MAF,1980,N/A
MAR,1980,N/A
MDA,1980,N/A
MDG,1980,N/A
MDV,1980,N/A
MEX,1980,N/A
MHL,1980,N/A
MKD,1980,N/A
MLI,1980,N/A
MLT,1980,N/A
MMR,1980,N/A
MNE,1980,N/A
MNG,1980,N/A
MNP,1980,N/A
MOZ,1980,N/A
MRT,1980,N/A
MUS,1980,N/A
MWI,1980,N/A
MYS,1980,N/A
NAM,1980,N/A
NCL,1980,N/A
NER,1980,N/A
NGA,1980,N/A
NIC,1980,N/A
NLD,1980,N/A
NOR,1980,N/A
NPL,1980,N/A
NZL,1980,N/A
OMN,1980,N/A
PAK,1980,N/A
PAN,1980,N/A
PER,1980,N/A
PHL,1980,N/A
PLW,1980,N/A
PNG,1980,N/A
POL,1980,N/A
PRI,1980,N/A
PRK,1980,N/A
PRT,1980,N/A
PRY,1980,N/A
PSE,1980,N/A
PYF,1980,N/A
QAT,1980,N/A
ROU,1980,N/A
RUS,1980,N/A
RWA,1980,N/A
SAU,1980,N/A
SDN,1980,N/A
SEN,1980,N/A
SGP,1980,N/A
SLB,1980,N/A
SLE,1980,N/A
SLV,1980,N/A
SOM,1980,N/A
SRB,1980,N/A
SSD,1980,N/A
STP,1980,N/A
SUR,1980,N/A
SVK,1980,N/A
SVN,1980,N/A
SWE,1980,N/A
SWZ,1980,N/A
SXM,1980,N/A
SYC,1980,N/A
SYR,1980,N/A
TCA,1980,N/A
TCD,1980,N/A
TGO,1980,N/A
THA,1980,N/A
TJK,1980,N/A
TKM,1980,N/A
TLS,1980,N/A
TON,1980,N/A
TTO,1980,N/A
TUN,1980,N/A
TUR,1980,N/A
TUV,1980,N/A
TZA,1980,N/A
UGA,1980,N/A
UKR,1980,N/A
URY,1980,N/A
USA,1980,N/A
UZB,1980,N/A
VCT,1980,N/A
VEN,1980,N/A
VGB,1980,N/A
VIR,1980,N/A
VNM,1980,N/A
VUT,1980,N/A
WSM,1980,N/A
YEM,1980,N/A
ZAF,1980,N/A
ZMB,1980,N/A
ZWE,1980,N/A
AFG,1981,N/A
AGO,1981,N/A
ALB,1981,N/A
ARE,1981,N/A
ARG,1981,N/A
ARM,1981,N/A
ASM,1981,N/A
ATG,1981,N/A
AUS,1981,N/A
AUT,1981,N/A
AZE,1981,N/A
BDI,1981,N/A
BEL,1981,N/A
BEN,1981,N/A
BFA,1981,N/A
BGD,1981,N/A
BGR,1981,N/A
BHR,1981,N/A
BHS,1981,N/A
BIH,1981,N/A
BLR,1981,N/A
BLZ,1981,N/A
BMU,1981,N/A
BOL,1981,N/A
BRA,1981,N/A
BRB,1981,N/A
BRN,1981,N/A
BTN,1981,N/A
BWA,1981,N/A
CAF,1981,N/A
CAN,1981,N/A
CHE,1981,N/A
CHL,1981,N/A
CHN,1981,N/A
CIV,1981,N/A
CMR,1981,N/A
COD,1981,N/A
COG,1981,N/A
COL,1981,N/A
COM,1981,N/A
CPV,1981,N/A
CRI,1981,N/A
CUB,1981,N/A
CYM,1981,N/A
CYP,1981,N/A
CZE,1981,N/A
DEU,1981,N/A
DJI,1981,N/A
DMA,1981,N/A
DNK,1981,N/A
DOM,1981,N/A
DZA,1981,N/A
ECU,1981,N/A
EGY,1981,N/A
ERI,1981,N/A
ESP,1981,N/A
EST,1981,N/A
ETH,1981,N/A
FIN,1981,N/A
FJI,1981,N/A
FRA,1981,N/A
FSM,1981,N/A
GAB,1981,N/A
GBR,1981,N/A
GEO,1981,N/A
GHA,1981,N/A
GIN,1981,N/A
GMB,1981,N/A
GNB,1981,N/A
GNQ,1981,N/A
GRC,1981,N/A
GRD,1981,N/A
GTM,1981,N/A
GUM,1981,N/A
GUY,1981,N/A
HKG,1981,N/A
HND,1981,N/A
HRV,1981,N/A
HTI,1981,N/A
HUN,1981,N/A
IDN,1981,N/A
IND,1981,N/A
IRL,1981,N/A
IRN,1981,N/A
IRQ,1981,N/A
ISL,1981,N/A
ISR,1981,N/A
ITA,1981,N/A
JAM,1981,N/A
JOR,1981,N/A
JPN,1981,N/A
KAZ,1981,N/A
KEN,1981,N/A
KGZ,1981,N/A
KHM,1981,N/A
KIR,1981,N/A
KNA,1981,N/A
KOR,1981,N/A
KWT,1981,N/A
LAO,1981,N/A
LBN,1981,N/A
LBR,1981,N/A
LBY,1981,N/A
LCA,1981,N/A
LIE,1981,N/A
LKA,1981,N/A
LSO,1981,N/A
LTU,1981,N/A
LUX,1981,N/A
LVA,1981,N/A
MAC,1981,N/A
MAF,1981,N/A
MAR,1981,N/A
MDA,1981,N/A
MDG,1981,N/A
MDV,1981,N/A
MEX,1981,N/A
MHL,1981,N/A
MKD,1981,N/A
MLI,1981,N/A
MLT,1981,N/A
MMR,1981,N/A
MNE,1981,N/A
MNG,1981,N/A
MNP,1981,N/A
MOZ,1981,N/A
MRT,1981,N/A
MUS,1981,N/A
MWI,1981,N/A
MYS,1981,N/A
NAM,1981,N/A
NCL,1981,N/A
NER,1981,N/A
NGA,1981,N/A
NIC,1981,N/A
NLD,1981,N/A
NOR,1981,N/A
NPL,1981,N/A
NZL,1981,N/A
OMN,1981,N/A
PAK,1981,N/A
PAN,1981,N/A
PER,1981,N/A
PHL,1981,N/A
PLW,1981,N/A
PNG,1981,N/A
POL,1981,N/A
PRI,1981,N/A
PRK,1981,N/A
PRT,1981,N/A
PRY,1981,N/A
PSE,1981,N/A
PYF,1981,N/A
QAT,1981,N/A
ROU,1981,N/A
RUS,1981,N/A
RWA,1981,N/A
SAU,1981,N/A
SDN,1981,N/A
SEN,1981,N/A
SGP,1981,N/A
SLB,1981,N/A
SLE,1981,N/A
SLV,1981,N/A
SOM,1981,N/A
SRB,1981,N/A
SSD,1981,N/A
STP,1981,N/A
SUR,1981,N/A
SVK,1981,N/A
SVN,1981,N/A
SWE,1981,N/A
SWZ,1981,N/A
SXM,1981,N/A
SYC,1981,N/A
SYR,1981,N/A
TCA,1981,N/A
TCD,1981,N/A
TGO,1981,N/A
THA,1981,N/A
TJK,1981,N/A
TKM,1981,N/A
TLS,1981,N/A
TON,1981,N/A
TTO,1981,N/A
TUN,1981,N/A
TUR,1981,N/A
TUV,1981,N/A
TZA,1981,N/A
UGA,1981,N/A
UKR,1981,N/A
URY,1981,N/A
USA,1981,N/A
UZB,1981,N/A
VCT,1981,N/A
VEN,1981,N/A
VGB,1981,N/A
VIR,1981,N/A
VNM,1981,N/A
VUT,1981,N/A
WSM,1981,N/A
YEM,1981,N/A
ZAF,1981,N/A
ZMB,1981,N/A
ZWE,1981,N/A
AFG,1982,N/A
AGO,1982,N/A
ALB,1982,N/A
ARE,1982,N/A
ARG,1982,N/A
ARM,1982,N/A
ASM,1982,N/A
ATG,1982,N/A
AUS,1982,N/A
AUT,1982,N/A
AZE,1982,N/A
BDI,1982,N/A
BEL,1982,N/A
BEN,1982,N/A
BFA,1982,N/A
BGD,1982,N/A
BGR,1982,N/A
BHR,1982,N/A
BHS,1982,N/A
BIH,1982,N/A
BLR,1982,N/A
BLZ,1982,N/A
BMU,1982,N/A
BOL,1982,N/A
BRA,1982,N/A
BRB,1982,N/A
BRN,1982,N/A
BTN,1982,N/A
BWA,1982,N/A
CAF,1982,N/A
CAN,1982,N/A
CHE,1982,N/A
CHL,1982,N/A
CHN,1982,N/A
CIV,1982,N/A
CMR,1982,N/A
COD,1982,N/A
COG,1982,N/A
COL,1982,N/A
COM,1982,N/A
CPV,1982,N/A
CRI,1982,N/A
CUB,1982,N/A
CYM,1982,N/A
CYP,1982,N/A
CZE,1982,N/A
DEU,1982,N/A
DJI,1982,N/A
DMA,1982,N/A
DNK,1982,N/A
DOM,1982,N/A
DZA,1982,N/A
ECU,1982,N/A
EGY,1982,N/A
ERI,1982,N/A
ESP,1982,N/A
EST,1982,N/A
ETH,1982,N/A
FIN,1982,N/A
FJI,1982,N/A
FRA,1982,N/A
FSM,1982,N/A
GAB,1982,N/A
GBR,1982,N/A
GEO,1982,N/A
GHA,1982,N/A
GIN,1982,N/A
GMB,1982,N/A
GNB,1982,N/A
GNQ,1982,N/A
GRC,1982,N/A
GRD,1982,N/A
GTM,1982,N/A
GUM,1982,N/A
GUY,1982,N/A
HKG,1982,N/A
HND,1982,N/A
HRV,1982,N/A
HTI,1982,N/A
HUN,1982,N/A
IDN,1982,N/A
IND,1982,N/A
IRL,1982,N/A
IRN,1982,N/A
IRQ,1982,N/A
ISL,1982,N/A
ISR,1982,N/A
ITA,1982,N/A
JAM,1982,N/A
JOR,1982,N/A
JPN,1982,N/A
KAZ,1982,N/A
KEN,1982,N/A
KGZ,1982,N/A
KHM,1982,N/A
KIR,1982,N/A
KNA,1982,N/A
KOR,1982,N/A
KWT,1982,N/A
LAO,1982,N/A
LBN,1982,N/A
LBR,1982,N/A
LBY,1982,N/A
LCA,1982,N/A
LIE,1982,N/A
LKA,1982,N/A
LSO,1982,N/A
LTU,1982,N/A
LUX,1982,N/A
LVA,1982,N/A
MAC,1982,N/A
MAF,1982,N/A
MAR,1982,N/A
MDA,1982,N/A
MDG,1982,N/A
MDV,1982,N/A
MEX,1982,N/A
MHL,1982,N/A
MKD,1982,N/A
MLI,1982,N/A
MLT,1982,N/A
MMR,1982,N/A
MNE,1982,N/A
MNG,1982,N/A
MNP,1982,N/A
MOZ,1982,N/A
MRT,1982,N/A
MUS,1982,N/A
MWI,1982,N/A
MYS,1982,N/A
NAM,1982,N/A
NCL,1982,N/A
NER,1982,N/A
NGA,1982,N/A
NIC,1982,N/A
NLD,1982,N/A
NOR,1982,N/A
NPL,1982,N/A
NZL,1982,N/A
OMN,1982,N/A
PAK,1982,N/A
PAN,1982,N/A
PER,1982,N/A
PHL,1982,N/A
PLW,1982,N/A
PNG,1982,N/A
POL,1982,N/A
PRI,1982,N/A
PRK,1982,N/A
PRT,1982,N/A
PRY,1982,N/A
PSE,1982,N/A
PYF,1982,N/A
QAT,1982,N/A
ROU,1982,N/A
RUS,1982,N/A
RWA,1982,N/A
SAU,1982,N/A
SDN,1982,N/A
SEN,1982,N/A
SGP,1982,N/A
SLB,1982,N/A
SLE,1982,N/A
SLV,1982,N/A
SOM,1982,N/A
SRB,1982,N/A
SSD,1982,N/A
STP,1982,N/A
SUR,1982,N/A
SVK,1982,N/A
SVN,1982,N/A
SWE,1982,N/A
SWZ,1982,N/A
SXM,1982,N/A
SYC,1982,N/A
SYR,1982,N/A
TCA,1982,N/A
TCD,1982,N/A
TGO,1982,N/A
THA,1982,N/A
TJK,1982,N/A
TKM,1982,N/A
TLS,1982,N/A
TON,1982,N/A
TTO,1982,N/A
TUN,1982,N/A
TUR,1982,N/A
TUV,1982,N/A
TZA,1982,N/A
UGA,1982,N/A
UKR,1982,N/A
URY,1982,N/A
USA,1982,N/A
UZB,1982,N/A
VCT,1982,N/A
VEN,1982,N/A
VGB,1982,N/A
VIR,1982,N/A
VNM,1982,N/A
VUT,1982,N/A
WSM,1982,N/A
YEM,1982,N/A
ZAF,1982,N/A
ZMB,1982,N/A
ZWE,1982,N/A
AFG,1983,N/A
AGO,1983,N/A
ALB,1983,N/A
ARE,1983,N/A
ARG,1983,N/A
ARM,1983,N/A
ASM,1983,N/A
ATG,1983,N/A
AUS,1983,N/A
AUT,1983,N/A
AZE,1983,N/A
BDI,1983,N/A
BEL,1983,N/A
BEN,1983,N/A
BFA,1983,N/A
BGD,1983,N/A
BGR,1983,N/A
BHR,1983,N/A
BHS,1983,N/A
BIH,1983,N/A
BLR,1983,N/A
BLZ,1983,N/A
BMU,1983,N/A
BOL,1983,N/A
BRA,1983,N/A
BRB,1983,N/A
BRN,1983,N/A
BTN,1983,N/A
BWA,1983,N/A
CAF,1983,N/A
CAN,1983,N/A
CHE,1983,N/A
CHL,1983,N/A
CHN,1983,N/A
CIV,1983,N/A
CMR,1983,N/A
COD,1983,N/A
COG,1983,N/A
COL,1983,N/A
COM,1983,N/A
CPV,1983,N/A
CRI,1983,N/A
CUB,1983,N/A
CYM,1983,N/A
CYP,1983,N/A
CZE,1983,N/A
DEU,1983,N/A
DJI,1983,N/A
DMA,1983,N/A
DNK,1983,N/A
DOM,1983,N/A
DZA,1983,N/A
ECU,1983,N/A
EGY,1983,N/A
ERI,1983,N/A
ESP,1983,N/A
EST,1983,N/A
ETH,1983,N/A
FIN,1983,N/A
FJI,1983,N/A
FRA,1983,N/A
FSM,1983,N/A
GAB,1983,N/A
GBR,1983,N/A
GEO,1983,N/A
GHA,1983,N/A
GIN,1983,N/A
GMB,1983,N/A
GNB,1983,N/A
GNQ,1983,N/A
GRC,1983,N/A
GRD,1983,N/A
GTM,1983,N/A
GUM,1983,N/A
GUY,1983,N/A
HKG,1983,N/A
HND,1983,N/A
HRV,1983,N/A
HTI,1983,N/A
HUN,1983,N/A
IDN,1983,N/A
IND,1983,N/A
IRL,1983,N/A
IRN,1983,N/A
IRQ,1983,N/A
ISL,1983,N/A
ISR,1983,N/A
ITA,1983,N/A
JAM,1983,N/A
JOR,1983,N/A
JPN,1983,N/A
KAZ,1983,N/A
KEN,1983,N/A
KGZ,1983,N/A
KHM,1983,N/A
KIR,1983,N/A
KNA,1983,N/A
KOR,1983,N/A
KWT,1983,N/A
LAO,1983,N/A
LBN,1983,N/A
LBR,1983,N/A
LBY,1983,N/A
LCA,1983,N/A
LIE,1983,N/A
LKA,1983,N/A
LSO,1983,N/A
LTU,1983,N/A
LUX,1983,N/A
LVA,1983,N/A
MAC,1983,N/A
MAF,1983,N/A
MAR,1983,N/A
MDA,1983,N/A
MDG,1983,N/A
MDV,1983,N/A
MEX,1983,N/A
MHL,1983,N/A
MKD,1983,N/A
MLI,1983,N/A
MLT,1983,N/A
MMR,1983,N/A
MNE,1983,N/A
MNG,1983,N/A
MNP,1983,N/A
MOZ,1983,N/A
MRT,1983,N/A
MUS,1983,N/A
MWI,1983,N/A
MYS,1983,N/A
NAM,1983,N/A
NCL,1983,N/A
NER,1983,N/A
NGA,1983,N/A
NIC,1983,N/A
NLD,1983,N/A
NOR,1983,N/A
NPL,1983,N/A
NZL,1983,N/A
OMN,1983,N/A
PAK,1983,N/A
PAN,1983,N/A
PER,1983,N/A
PHL,1983,N/A
PLW,1983,N/A
PNG,1983,N/A
POL,1983,N/A
PRI,1983,N/A
PRK,1983,N/A
PRT,1983,N/A
PRY,1983,N/A
PSE,1983,N/A
PYF,1983,N/A
QAT,1983,N/A
ROU,1983,N/A
RUS,1983,N/A
RWA,1983,N/A
SAU,1983,N/A
SDN,1983,N/A
SEN,1983,N/A
SGP,1983,N/A
SLB,1983,N/A
SLE,1983,N/A
SLV,1983,N/A
SOM,1983,N/A
SRB,1983,N/A
SSD,1983,N/A
STP,1983,N/A
SUR,1983,N/A
SVK,1983,N/A
SVN,1983,N/A
SWE,1983,N/A
SWZ,1983,N/A
SXM,1983,N/A
SYC,1983,N/A
SYR,1983,N/A
TCA,1983,N/A
TCD,1983,N/A
TGO,1983,N/A
THA,1983,N/A
TJK,1983,N/A
TKM,1983,N/A
TLS,1983,N/A
TON,1983,N/A
TTO,1983,N/A
TUN,1983,N/A
TUR,1983,N/A
TUV,1983,N/A
TZA,1983,N/A
UGA,1983,N/A
UKR,1983,N/A
URY,1983,N/A
USA,1983,N/A
UZB,1983,N/A
VCT,1983,N/A
VEN,1983,N/A
VGB,1983,N/A
VIR,1983,N/A
VNM,1983,N/A
VUT,1983,N/A
WSM,1983,N/A
YEM,1983,N/A
ZAF,1983,N/A
ZMB,1983,N/A
ZWE,1983,N/A
AFG,1984,N/A
AGO,1984,N/A
ALB,1984,N/A
ARE,1984,N/A
ARG,1984,N/A
ARM,1984,N/A
ASM,1984,N/A
ATG,1984,N/A
AUS,1984,N/A
AUT,1984,N/A
AZE,1984,N/A
BDI,1984,N/A
BEL,1984,N/A
BEN,1984,N/A
BFA,1984,N/A
BGD,1984,N/A
BGR,1984,N/A
BHR,1984,N/A
BHS,1984,N/A
BIH,1984,N/A
BLR,1984,N/A
BLZ,1984,N/A
BMU,1984,N/A
BOL,1984,N/A
BRA,1984,N/A
BRB,1984,N/A
BRN,1984,N/A
BTN,1984,N/A
BWA,1984,N/A
CAF,1984,N/A
CAN,1984,N/A
CHE,1984,N/A
CHL,1984,N/A
CHN,1984,N/A
CIV,1984,N/A
CMR,1984,N/A
COD,1984,N/A
COG,1984,N/A
COL,1984,N/A
COM,1984,N/A
CPV,1984,N/A
CRI,1984,N/A
CUB,1984,N/A
CYM,1984,N/A
CYP,1984,N/A
CZE,1984,N/A
DEU,1984,N/A
DJI,1984,N/A
DMA,1984,N/A
DNK,1984,N/A
DOM,1984,N/A
DZA,1984,N/A
ECU,1984,N/A
EGY,1984,N/A
ERI,1984,N/A
ESP,1984,N/A
EST,1984,N/A
ETH,1984,N/A
FIN,1984,N/A
FJI,1984,N/A
FRA,1984,N/A
FSM,1984,N/A
GAB,1984,N/A
GBR,1984,N/A
GEO,1984,N/A
GHA,1984,N/A
GIN,1984,N/A
GMB,1984,N/A
GNB,1984,N/A
GNQ,1984,N/A
GRC,1984,N/A
GRD,1984,N/A
GTM,1984,N/A
GUM,1984,N/A
GUY,1984,N/A
HKG,1984,N/A
HND,1984,N/A
HRV,1984,N/A
HTI,1984,N/A
HUN,1984,N/A
IDN,1984,N/A
IND,1984,N/A
IRL,1984,N/A
IRN,1984,N/A
IRQ,1984,N/A
ISL,1984,N/A
ISR,1984,N/A
ITA,1984,N/A
JAM,1984,N/A
JOR,1984,N/A
JPN,1984,N/A
KAZ,1984,N/A
KEN,1984,N/A
KGZ,1984,N/A
KHM,1984,N/A
KIR,1984,N/A
KNA,1984,N/A
KOR,1984,N/A
KWT,1984,N/A
LAO,1984,N/A
LBN,1984,N/A
LBR,1984,N/A
LBY,1984,N/A
LCA,1984,N/A
LIE,1984,N/A
LKA,1984,N/A
LSO,1984,N/A
LTU,1984,N/A
LUX,1984,N/A
LVA,1984,N/A
MAC,1984,N/A
MAF,1984,N/A
MAR,1984,N/A
MDA,1984,N/A
MDG,1984,N/A
MDV,1984,N/A
MEX,1984,N/A
MHL,1984,N/A
MKD,1984,N/A
MLI,1984,N/A
MLT,1984,N/A
MMR,1984,N/A
MNE,1984,N/A
MNG,1984,N/A
MNP,1984,N/A
MOZ,1984,N/A
MRT,1984,N/A
MUS,1984,N/A
MWI,1984,N/A
MYS,1984,N/A
NAM,1984,N/A
NCL,1984,N/A
NER,1984,N/A
NGA,1984,N/A
NIC,1984,N/A
NLD,1984,N/A
NOR,1984,N/A
NPL,1984,N/A
NZL,1984,N/A
OMN,1984,N/A
PAK,1984,N/A
PAN,1984,N/A
PER,1984,N/A
PHL,1984,N/A
PLW,1984,N/A
PNG,1984,N/A
POL,1984,N/A
PRI,1984,N/A
PRK,1984,N/A
PRT,1984,N/A
PRY,1984,N/A
PSE,1984,N/A
PYF,1984,N/A
QAT,1984,N/A
ROU,1984,N/A
RUS,1984,N/A
RWA,1984,N/A
SAU,1984,N/A
SDN,1984,N/A
SEN,1984,N/A
SGP,1984,N/A
SLB,1984,N/A
SLE,1984,N/A
SLV,1984,N/A
SOM,1984,N/A
SRB,1984,N/A
SSD,1984,N/A
STP,1984,N/A
SUR,1984,N/A
SVK,1984,N/A
SVN,1984,N/A
SWE,1984,N/A
SWZ,1984,N/A
SXM,1984,N/A
SYC,1984,N/A
SYR,1984,N/A
TCA,1984,N/A
TCD,1984,N/A
TGO,1984,N/A
THA,1984,N/A
TJK,1984,N/A
TKM,1984,N/A
TLS,1984,N/A
TON,1984,N/A
TTO,1984,N/A
TUN,1984,N/A
TUR,1984,N/A
TUV,1984,N/A
TZA,1984,N/A
UGA,1984,N/A
UKR,1984,N/A
URY,1984,N/A
USA,1984,N/A
UZB,1984,N/A
VCT,1984,N/A
VEN,1984,N/A
VGB,1984,N/A
VIR,1984,N/A
VNM,1984,N/A
VUT,1984,N/A
WSM,1984,N/A
YEM,1984,N/A
ZAF,1984,N/A
ZMB,1984,N/A
ZWE,1984,N/A
AFG,1985,N/A
AGO,1985,N/A
ALB,1985,N/A
ARE,1985,N/A
ARG,1985,N/A
ARM,1985,N/A
ASM,1985,N/A
ATG,1985,N/A
AUS,1985,N/A
AUT,1985,N/A
AZE,1985,N/A
BDI,1985,N/A
BEL,1985,N/A
BEN,1985,N/A
BFA,1985,N/A
BGD,1985,N/A
BGR,1985,N/A
BHR,1985,N/A
BHS,1985,N/A
BIH,1985,N/A
BLR,1985,N/A
BLZ,1985,N/A
BMU,1985,N/A
BOL,1985,N/A
BRA,1985,N/A
BRB,1985,N/A
BRN,1985,N/A
BTN,1985,N/A
BWA,1985,N/A
CAF,1985,N/A
CAN,1985,N/A
CHE,1985,N/A
CHL,1985,N/A
CHN,1985,N/A
CIV,1985,N/A
CMR,1985,N/A
COD,1985,N/A
COG,1985,N/A
COL,1985,N/A
COM,1985,N/A
CPV,1985,N/A
CRI,1985,N/A
CUB,1985,N/A
CYM,1985,N/A
CYP,1985,N/A
CZE,1985,N/A
DEU,1985,N/A
DJI,1985,N/A
DMA,1985,N/A
DNK,1985,N/A
DOM,1985,N/A
DZA,1985,N/A
ECU,1985,N/A
EGY,1985,N/A
ERI,1985,N/A
ESP,1985,N/A
EST,1985,N/A
ETH,1985,N/A
FIN,1985,N/A
FJI,1985,N/A
FRA,1985,N/A
FSM,1985,N/A
GAB,1985,N/A
GBR,1985,N/A
GEO,1985,N/A
GHA,1985,N/A
GIN,1985,N/A
GMB,1985,N/A
GNB,1985,N/A
GNQ,1985,N/A
GRC,1985,N/A
GRD,1985,N/A
GTM,1985,N/A
GUM,1985,N/A
GUY,1985,N/A
HKG,1985,N/A
HND,1985,N/A
HRV,1985,N/A
HTI,1985,N/A
HUN,1985,N/A
IDN,1985,N/A
IND,1985,N/A
IRL,1985,N/A
IRN,1985,N/A
IRQ,1985,N/A
ISL,1985,N/A
ISR,1985,N/A
ITA,1985,N/A
JAM,1985,N/A
JOR,1985,N/A
JPN,1985,N/A
KAZ,1985,N/A
KEN,1985,N/A
KGZ,1985,N/A
KHM,1985,N/A
KIR,1985,N/A
KNA,1985,N/A
KOR,1985,N/A
KWT,1985,N/A
LAO,1985,N/A
LBN,1985,N/A
LBR,1985,N/A
LBY,1985,N/A
LCA,1985,N/A
LIE,1985,N/A
LKA,1985,N/A
LSO,1985,N/A
LTU,1985,N/A
LUX,1985,N/A
LVA,1985,N/A
MAC,1985,N/A
MAF,1985,N/A
MAR,1985,N/A
MDA,1985,N/A
MDG,1985,N/A
MDV,1985,N/A
MEX,1985,N/A
MHL,1985,N/A
MKD,1985,N/A
MLI,1985,N/A
MLT,1985,N/A
MMR,1985,N/A
MNE,1985,N/A
MNG,1985,N/A
MNP,1985,N/A
MOZ,1985,N/A
MRT,1985,N/A
MUS,1985,N/A
MWI,1985,N/A
MYS,1985,N/A
NAM,1985,N/A
NCL,1985,N/A
NER,1985,N/A
NGA,1985,N/A
NIC,1985,N/A
NLD,1985,N/A
NOR,1985,N/A
NPL,1985,N/A
NZL,1985,N/A
OMN,1985,N/A
PAK,1985,N/A
PAN,1985,N/A
PER,1985,N/A
PHL,1985,N/A
PLW,1985,N/A
PNG,1985,N/A
POL,1985,N/A
PRI,1985,N/A
PRK,1985,N/A
PRT,1985,N/A
PRY,1985,N/A
PSE,1985,N/A
PYF,1985,N/A
QAT,1985,N/A
ROU,1985,N/A
RUS,1985,N/A
RWA,1985,N/A
SAU,1985,N/A
SDN,1985,N/A
SEN,1985,N/A
SGP,1985,N/A
SLB,1985,N/A
SLE,1985,N/A
SLV,1985,N/A
SOM,1985,N/A
SRB,1985,N/A
SSD,1985,N/A
STP,1985,N/A
SUR,1985,N/A
SVK,1985,N/A
SVN,1985,N/A
SWE,1985,N/A
SWZ,1985,N/A
SXM,1985,N/A
SYC,1985,N/A
SYR,1985,N/A
TCA,1985,N/A
TCD,1985,N/A
TGO,1985,N/A
THA,1985,N/A
TJK,1985,N/A
TKM,1985,N/A
TLS,1985,N/A
TON,1985,N/A
TTO,1985,N/A
TUN,1985,N/A
TUR,1985,N/A
TUV,1985,N/A
TZA,1985,N/A
UGA,1985,N/A
UKR,1985,N/A
URY,1985,N/A
USA,1985,N/A
UZB,1985,N/A
VCT,1985,N/A
VEN,1985,N/A
VGB,1985,N/A
VIR,1985,N/A
VNM,1985,N/A
VUT,1985,N/A
WSM,1985,N/A
YEM,1985,N/A
ZAF,1985,N/A
ZMB,1985,N/A
ZWE,1985,N/A
AFG,1986,N/A
AGO,1986,N/A
ALB,1986,N/A
ARE,1986,N/A
ARG,1986,N/A
ARM,1986,N/A
ASM,1986,N/A
ATG,1986,N/A
AUS,1986,N/A
AUT,1986,N/A
AZE,1986,N/A
BDI,1986,N/A
BEL,1986,N/A
BEN,1986,N/A
BFA,1986,N/A
BGD,1986,N/A
BGR,1986,N/A
BHR,1986,N/A
BHS,1986,N/A
BIH,1986,N/A
BLR,1986,N/A
BLZ,1986,N/A
BMU,1986,N/A
BOL,1986,N/A
BRA,1986,N/A
BRB,1986,N/A
BRN,1986,N/A
BTN,1986,N/A
BWA,1986,N/A
CAF,1986,N/A
CAN,1986,N/A
CHE,1986,N/A
CHL,1986,N/A
CHN,1986,N/A
CIV,1986,N/A
CMR,1986,N/A
COD,1986,N/A
COG,1986,N/A
COL,1986,N/A
COM,1986,N/A
CPV,1986,N/A
CRI,1986,N/A
CUB,1986,N/A
CYM,1986,N/A
CYP,1986,N/A
CZE,1986,N/A
DEU,1986,N/A
DJI,1986,N/A
DMA,1986,N/A
DNK,1986,N/A
DOM,1986,N/A
DZA,1986,N/A
ECU,1986,N/A
EGY,1986,N/A
ERI,1986,N/A
ESP,1986,N/A
EST,1986,N/A
ETH,1986,N/A
FIN,1986,N/A
FJI,1986,N/A
FRA,1986,N/A
FSM,1986,N/A
GAB,1986,N/A
GBR,1986,N/A
GEO,1986,N/A
GHA,1986,N/A
GIN,1986,N/A
GMB,1986,N/A
GNB,1986,N/A
GNQ,1986,N/A
GRC,1986,N/A
GRD,1986,N/A
GTM,1986,N/A
GUM,1986,N/A
GUY,1986,N/A
HKG,1986,N/A
HND,1986,N/A
HRV,1986,N/A
HTI,1986,N/A
HUN,1986,N/A
IDN,1986,N/A
IND,1986,N/A
IRL,1986,N/A
IRN,1986,N/A
IRQ,1986,N/A
ISL,1986,N/A
ISR,1986,N/A
ITA,1986,N/A
JAM,1986,N/A
JOR,1986,N/A
JPN,1986,N/A
KAZ,1986,N/A
KEN,1986,N/A
KGZ,1986,N/A
KHM,1986,N/A
KIR,1986,N/A
KNA,1986,N/A
KOR,1986,N/A
KWT,1986,N/A
LAO,1986,N/A
LBN,1986,N/A
LBR,1986,N/A
LBY,1986,N/A
LCA,1986,N/A
LIE,1986,N/A
LKA,1986,N/A
LSO,1986,N/A
LTU,1986,N/A
LUX,1986,N/A
LVA,1986,N/A
MAC,1986,N/A
MAF,1986,N/A
MAR,1986,N/A
MDA,1986,N/A
MDG,1986,N/A
MDV,1986,N/A
MEX,1986,N/A
MHL,1986,N/A
MKD,1986,N/A
MLI,1986,N/A
MLT,1986,N/A
MMR,1986,N/A
MNE,1986,N/A
MNG,1986,N/A
MNP,1986,N/A
MOZ,1986,N/A
MRT,1986,N/A
MUS,1986,N/A
MWI,1986,N/A
MYS,1986,N/A
NAM,1986,N/A
NCL,1986,N/A
NER,1986,N/A
NGA,1986,N/A
NIC,1986,N/A
NLD,1986,N/A
NOR,1986,N/A
NPL,1986,N/A
NZL,1986,N/A
OMN,1986,N/A
PAK,1986,N/A
PAN,1986,N/A
PER,1986,N/A
PHL,1986,N/A
PLW,1986,N/A
PNG,1986,N/A
POL,1986,N/A
PRI,1986,N/A
PRK,1986,N/A
PRT,1986,N/A
PRY,1986,N/A
PSE,1986,N/A
PYF,1986,N/A
QAT,1986,N/A
ROU,1986,N/A
RUS,1986,N/A
RWA,1986,N/A
SAU,1986,N/A
SDN,1986,N/A
SEN,1986,N/A
SGP,1986,N/A
SLB,1986,N/A
SLE,1986,N/A
SLV,1986,N/A
SOM,1986,N/A
SRB,1986,N/A
SSD,1986,N/A
STP,1986,N/A
SUR,1986,N/A
SVK,1986,N/A
SVN,1986,N/A
SWE,1986,N/A
SWZ,1986,N/A
SXM,1986,N/A
SYC,1986,N/A
SYR,1986,N/A
TCA,1986,N/A
TCD,1986,N/A
TGO,1986,N/A
THA,1986,N/A
TJK,1986,N/A
TKM,1986,N/A
TLS,1986,N/A
TON,1986,N/A
TTO,1986,N/A
TUN,1986,N/A
TUR,1986,N/A
TUV,1986,N/A
TZA,1986,N/A
UGA,1986,N/A
UKR,1986,N/A
URY,1986,N/A
USA,1986,N/A
UZB,1986,N/A
VCT,1986,N/A
VEN,1986,N/A
VGB,1986,N/A
VIR,1986,N/A
VNM,1986,N/A
VUT,1986,N/A
WSM,1986,N/A
YEM,1986,N/A
ZAF,1986,N/A
ZMB,1986,N/A
ZWE,1986,N/A
AFG,1987,N/A
AGO,1987,N/A
ALB,1987,N/A
ARE,1987,N/A
ARG,1987,N/A
ARM,1987,N/A
ASM,1987,N/A
ATG,1987,N/A
AUS,1987,N/A
AUT,1987,N/A
AZE,1987,N/A
BDI,1987,N/A
BEL,1987,N/A
BEN,1987,N/A
BFA,1987,N/A
BGD,1987,N/A
BGR,1987,N/A
BHR,1987,N/A
BHS,1987,N/A
BIH,1987,N/A
BLR,1987,N/A
BLZ,1987,N/A
BMU,1987,N/A
BOL,1987,N/A
BRA,1987,N/A
BRB,1987,N/A
BRN,1987,N/A
BTN,1987,N/A
BWA,1987,N/A
CAF,1987,N/A
CAN,1987,N/A
CHE,1987,N/A
CHL,1987,N/A
CHN,1987,N/A
CIV,1987,N/A
CMR,1987,N/A
COD,1987,N/A
COG,1987,N/A
COL,1987,N/A
COM,1987,N/A
CPV,1987,N/A
CRI,1987,N/A
CUB,1987,N/A
CYM,1987,N/A
CYP,1987,N/A
CZE,1987,N/A
DEU,1987,N/A
DJI,1987,N/A
DMA,1987,N/A
DNK,1987,N/A
DOM,1987,N/A
DZA,1987,N/A
ECU,1987,N/A
EGY,1987,N/A
ERI,1987,N/A
ESP,1987,N/A
EST,1987,N/A
ETH,1987,N/A
FIN,1987,N/A
FJI,1987,N/A
FRA,1987,N/A
FSM,1987,N/A
GAB,1987,N/A
GBR,1987,N/A
GEO,1987,N/A
GHA,1987,N/A
GIN,1987,N/A
GMB,1987,N/A
GNB,1987,N/A
GNQ,1987,N/A
GRC,1987,N/A
GRD,1987,N/A
GTM,1987,N/A
GUM,1987,N/A
GUY,1987,N/A
HKG,1987,N/A
HND,1987,N/A
HRV,1987,N/A
HTI,1987,N/A
HUN,1987,N/A
IDN,1987,N/A
IND,1987,N/A
IRL,1987,N/A
IRN,1987,N/A
IRQ,1987,N/A
ISL,1987,N/A
ISR,1987,N/A
ITA,1987,N/A
JAM,1987,N/A
JOR,1987,N/A
JPN,1987,N/A
KAZ,1987,N/A
KEN,1987,N/A
KGZ,1987,N/A
KHM,1987,N/A
KIR,1987,N/A
KNA,1987,N/A
KOR,1987,N/A
KWT,1987,N/A
LAO,1987,N/A
LBN,1987,N/A
LBR,1987,N/A
LBY,1987,N/A
LCA,1987,N/A
LIE,1987,N/A
LKA,1987,N/A
LSO,1987,N/A
LTU,1987,N/A
LUX,1987,N/A
LVA,1987,N/A
MAC,1987,N/A
MAF,1987,N/A
MAR,1987,N/A
MDA,1987,N/A
MDG,1987,N/A
MDV,1987,N/A
MEX,1987,N/A
MHL,1987,N/A
MKD,1987,N/A
MLI,1987,N/A
MLT,1987,N/A
MMR,1987,N/A
MNE,1987,N/A
MNG,1987,N/A
MNP,1987,N/A
MOZ,1987,N/A
MRT,1987,N/A
MUS,1987,N/A
MWI,1987,N/A
MYS,1987,N/A
NAM,1987,N/A
NCL,1987,N/A
NER,1987,N/A
NGA,1987,N/A
NIC,1987,N/A
NLD,1987,N/A
NOR,1987,N/A
NPL,1987,N/A
NZL,1987,N/A
OMN,1987,N/A
PAK,1987,N/A
PAN,1987,N/A
PER,1987,N/A
PHL,1987,N/A
PLW,1987,N/A
PNG,1987,N/A
POL,1987,N/A
PRI,1987,N/A
PRK,1987,N/A
PRT,1987,N/A
PRY,1987,N/A
PSE,1987,N/A
PYF,1987,N/A
QAT,1987,N/A
ROU,1987,N/A
RUS,1987,N/A
RWA,1987,N/A
SAU,1987,N/A
SDN,1987,N/A
SEN,1987,N/A
SGP,1987,N/A
SLB,1987,N/A
SLE,1987,N/A
SLV,1987,N/A
SOM,1987,N/A
SRB,1987,N/A
SSD,1987,N/A
STP,1987,N/A
SUR,1987,N/A
SVK,1987,N/A
SVN,1987,N/A
SWE,1987,N/A
SWZ,1987,N/A
SXM,1987,N/A
SYC,1987,N/A
SYR,1987,N/A
TCA,1987,N/A
TCD,1987,N/A
TGO,1987,N/A
THA,1987,N/A
TJK,1987,N/A
TKM,1987,N/A
TLS,1987,N/A
TON,1987,N/A
TTO,1987,N/A
TUN,1987,N/A
TUR,1987,N/A
TUV,1987,N/A
TZA,1987,N/A
UGA,1987,N/A
UKR,1987,N/A
URY,1987,N/A
USA,1987,N/A
UZB,1987,N/A
VCT,1987,N/A
VEN,1987,N/A
VGB,1987,N/A
VIR,1987,N/A
VNM,1987,N/A
VUT,1987,N/A
WSM,1987,N/A
YEM,1987,N/A
ZAF,1987,N/A
ZMB,1987,N/A
ZWE,1987,N/A
AFG,1988,N/A
AGO,1988,N/A
ALB,1988,N/A
ARE,1988,N/A
ARG,1988,N/A
ARM,1988,N/A
ASM,1988,N/A
ATG,1988,N/A
AUS,1988,N/A
AUT,1988,N/A
AZE,1988,N/A
BDI,1988,N/A
BEL,1988,N/A
BEN,1988,N/A
BFA,1988,N/A
BGD,1988,N/A
BGR,1988,N/A
BHR,1988,N/A
BHS,1988,N/A
BIH,1988,N/A
BLR,1988,N/A
BLZ,1988,N/A
BMU,1988,N/A
BOL,1988,N/A
BRA,1988,N/A
BRB,1988,N/A
BRN,1988,N/A
BTN,1988,N/A
BWA,1988,N/A
CAF,1988,N/A
CAN,1988,N/A
CHE,1988,N/A
CHL,1988,N/A
CHN,1988,N/A
CIV,1988,N/A
CMR,1988,N/A
COD,1988,N/A
COG,1988,N/A
COL,1988,N/A
COM,1988,N/A
CPV,1988,N/A
CRI,1988,N/A
CUB,1988,N/A
CYM,1988,N/A
CYP,1988,N/A
CZE,1988,N/A
DEU,1988,N/A
DJI,1988,N/A
DMA,1988,N/A
DNK,1988,N/A
DOM,1988,N/A
DZA,1988,N/A
ECU,1988,N/A
EGY,1988,N/A
ERI,1988,N/A
ESP,1988,N/A
EST,1988,N/A
ETH,1988,N/A
FIN,1988,N/A
FJI,1988,N/A
FRA,1988,N/A
FSM,1988,N/A
GAB,1988,N/A
GBR,1988,N/A
GEO,1988,N/A
GHA,1988,N/A
GIN,1988,N/A
GMB,1988,N/A
GNB,1988,N/A
GNQ,1988,N/A
GRC,1988,N/A
GRD,1988,N/A
GTM,1988,N/A
GUM,1988,N/A
GUY,1988,N/A
HKG,1988,N/A
HND,1988,N/A
HRV,1988,N/A
HTI,1988,N/A
HUN,1988,N/A
IDN,1988,N/A
IND,1988,N/A
IRL,1988,N/A
IRN,1988,N/A
IRQ,1988,N/A
ISL,1988,N/A
ISR,1988,N/A
ITA,1988,N/A
JAM,1988,N/A
JOR,1988,N/A
JPN,1988,N/A
KAZ,1988,N/A
KEN,1988,N/A
KGZ,1988,N/A
KHM,1988,N/A
KIR,1988,N/A
KNA,1988,N/A
KOR,1988,N/A
KWT,1988,N/A
LAO,1988,N/A
LBN,1988,N/A
LBR,1988,N/A
LBY,1988,N/A
LCA,1988,N/A
LIE,1988,N/A
LKA,1988,N/A
LSO,1988,N/A
LTU,1988,N/A
LUX,1988,N/A
LVA,1988,N/A
MAC,1988,N/A
MAF,1988,N/A
MAR,1988,N/A
MDA,1988,N/A
MDG,1988,N/A
MDV,1988,N/A
MEX,1988,N/A
MHL,1988,N/A
MKD,1988,N/A
MLI,1988,N/A
MLT,1988,N/A
MMR,1988,N/A
MNE,1988,N/A
MNG,1988,N/A
MNP,1988,N/A
MOZ,1988,N/A
MRT,1988,N/A
MUS,1988,N/A
MWI,1988,N/A
MYS,1988,N/A
NAM,1988,N/A
NCL,1988,N/A
NER,1988,N/A
NGA,1988,N/A
NIC,1988,N/A
NLD,1988,N/A
NOR,1988,N/A
NPL,1988,N/A
NZL,1988,N/A
OMN,1988,N/A
PAK,1988,N/A
PAN,1988,N/A
PER,1988,N/A
PHL,1988,N/A
PLW,1988,N/A
PNG,1988,N/A
POL,1988,N/A
PRI,1988,N/A
PRK,1988,N/A
PRT,1988,N/A
PRY,1988,N/A
PSE,1988,N/A
PYF,1988,N/A
QAT,1988,N/A
ROU,1988,N/A
RUS,1988,N/A
RWA,1988,N/A
SAU,1988,N/A
SDN,1988,N/A
SEN,1988,N/A
SGP,1988,N/A
SLB,1988,N/A
SLE,1988,N/A
SLV,1988,N/A
SOM,1988,N/A
SRB,1988,N/A
SSD,1988,N/A
STP,1988,N/A
SUR,1988,N/A
SVK,1988,N/A
SVN,1988,N/A
SWE,1988,N/A
SWZ,1988,N/A
SXM,1988,N/A
SYC,1988,N/A
SYR,1988,N/A
TCA,1988,N/A
TCD,1988,N/A
TGO,1988,N/A
THA,1988,N/A
TJK,1988,N/A
TKM,1988,N/A
TLS,1988,N/A
TON,1988,N/A
TTO,1988,N/A
TUN,1988,N/A
TUR,1988,N/A
TUV,1988,N/A
TZA,1988,N/A
UGA,1988,N/A
UKR,1988,N/A
URY,1988,N/A
USA,1988,N/A
UZB,1988,N/A
VCT,1988,N/A
VEN,1988,N/A
VGB,1988,N/A
VIR,1988,N/A
VNM,1988,N/A
VUT,1988,N/A
WSM,1988,N/A
YEM,1988,N/A
ZAF,1988,N/A
ZMB,1988,N/A
ZWE,1988,N/A
AFG,1989,N/A
AGO,1989,N/A
ALB,1989,N/A
ARE,1989,N/A
ARG,1989,N/A
ARM,1989,N/A
ASM,1989,N/A
ATG,1989,N/A
AUS,1989,N/A
AUT,1989,N/A
AZE,1989,N/A
BDI,1989,N/A
BEL,1989,N/A
BEN,1989,N/A
BFA,1989,N/A
BGD,1989,N/A
BGR,1989,N/A
BHR,1989,N/A
BHS,1989,N/A
BIH,1989,N/A
BLR,1989,N/A
BLZ,1989,N/A
BMU,1989,N/A
BOL,1989,N/A
BRA,1989,N/A
BRB,1989,N/A
BRN,1989,N/A
BTN,1989,N/A
BWA,1989,N/A
CAF,1989,N/A
CAN,1989,N/A
CHE,1989,N/A
CHL,1989,N/A
CHN,1989,N/A
CIV,1989,N/A
CMR,1989,N/A
COD,1989,N/A
COG,1989,N/A
COL,1989,N/A
COM,1989,N/A
CPV,1989,N/A
CRI,1989,N/A
CUB,1989,N/A
CYM,1989,N/A
CYP,1989,N/A
CZE,1989,N/A
DEU,1989,N/A
DJI,1989,N/A
DMA,1989,N/A
DNK,1989,N/A
DOM,1989,N/A
DZA,1989,N/A
ECU,1989,N/A
EGY,1989,N/A
ERI,1989,N/A
ESP,1989,N/A
EST,1989,N/A
ETH,1989,N/A
FIN,1989,N/A
FJI,1989,N/A
FRA,1989,N/A
FSM,1989,N/A
GAB,1989,N/A
GBR,1989,N/A
GEO,1989,N/A
GHA,1989,N/A
GIN,1989,N/A
GMB,1989,N/A
GNB,1989,N/A
GNQ,1989,N/A
GRC,1989,N/A
GRD,1989,N/A
GTM,1989,N/A
GUM,1989,N/A
GUY,1989,N/A
HKG,1989,N/A
HND,1989,N/A
HRV,1989,N/A
HTI,1989,N/A
HUN,1989,N/A
IDN,1989,N/A
IND,1989,N/A
IRL,1989,N/A
IRN,1989,N/A
IRQ,1989,N/A
ISL,1989,N/A
ISR,1989,N/A
ITA,1989,N/A
JAM,1989,N/A
JOR,1989,N/A
JPN,1989,N/A
KAZ,1989,N/A
KEN,1989,N/A
KGZ,1989,N/A
KHM,1989,N/A
KIR,1989,N/A
KNA,1989,N/A
KOR,1989,N/A
KWT,1989,N/A
LAO,1989,N/A
LBN,1989,N/A
LBR,1989,N/A
LBY,1989,N/A
LCA,1989,N/A
LIE,1989,N/A
LKA,1989,N/A
LSO,1989,N/A
LTU,1989,N/A
LUX,1989,N/A
LVA,1989,N/A
MAC,1989,N/A
MAF,1989,N/A
MAR,1989,N/A
MDA,1989,N/A
MDG,1989,N/A
MDV,1989,N/A
MEX,1989,N/A
MHL,1989,N/A
MKD,1989,N/A
MLI,1989,N/A
MLT,1989,N/A
MMR,1989,N/A
MNE,1989,N/A
MNG,1989,N/A
MNP,1989,N/A
MOZ,1989,N/A
MRT,1989,N/A
MUS,1989,N/A
MWI,1989,N/A
MYS,1989,N/A
NAM,1989,N/A
NCL,1989,N/A
NER,1989,N/A
NGA,1989,N/A
NIC,1989,N/A
NLD,1989,N/A
NOR,1989,N/A
NPL,1989,N/A
NZL,1989,N/A
OMN,1989,N/A
PAK,1989,N/A
PAN,1989,N/A
PER,1989,N/A
PHL,1989,N/A
PLW,1989,N/A
PNG,1989,N/A
POL,1989,N/A
PRI,1989,N/A
PRK,1989,N/A
PRT,1989,N/A
PRY,1989,N/A
PSE,1989,N/A
PYF,1989,N/A
QAT,1989,N/A
ROU,1989,N/A
RUS,1989,N/A
RWA,1989,N/A
SAU,1989,N/A
SDN,1989,N/A
SEN,1989,N/A
SGP,1989,N/A
SLB,1989,N/A
SLE,1989,N/A
SLV,1989,N/A
SOM,1989,N/A
SRB,1989,N/A
SSD,1989,N/A
STP,1989,N/A
SUR,1989,N/A
SVK,1989,N/A
SVN,1989,N/A
SWE,1989,N/A
SWZ,1989,N/A
SXM,1989,N/A
SYC,1989,N/A
SYR,1989,N/A
TCA,1989,N/A
TCD,1989,N/A
TGO,1989,N/A
THA,1989,N/A
TJK,1989,N/A
TKM,1989,N/A
TLS,1989,N/A
TON,1989,N/A
TTO,1989,N/A
TUN,1989,N/A
TUR,1989,N/A
TUV,1989,N/A
TZA,1989,N/A
UGA,1989,N/A
UKR,1989,N/A
URY,1989,N/A
USA,1989,N/A
UZB,1989,N/A
VCT,1989,N/A
VEN,1989,N/A
VGB,1989,N/A
VIR,1989,N/A
VNM,1989,N/A
VUT,1989,N/A
WSM,1989,N/A
YEM,1989,N/A
ZAF,1989,N/A
ZMB,1989,N/A
ZWE,1989,N/A
AFG,1990,N/A
AGO,1990,N/A
ALB,1990,N/A
ARE,1990,N/A
ARG,1990,N/A
ARM,1990,N/A
ASM,1990,N/A
ATG,1990,N/A
AUS,1990,N/A
AUT,1990,N/A
AZE,1990,N/A
BDI,1990,N/A
BEL,1990,N/A
BEN,1990,N/A
BFA,1990,N/A
BGD,1990,N/A
BGR,1990,N/A
BHR,1990,N/A
BHS,1990,N/A
BIH,1990,N/A
BLR,1990,N/A
BLZ,1990,N/A
BMU,1990,N/A
BOL,1990,N/A
BRA,1990,N/A
BRB,1990,N/A
BRN,1990,N/A
BTN,1990,N/A
BWA,1990,N/A
CAF,1990,N/A
CAN,1990,N/A
CHE,1990,N/A
CHL,1990,N/A
CHN,1990,N/A
CIV,1990,N/A
CMR,1990,N/A
COD,1990,N/A
COG,1990,N/A
COL,1990,N/A
COM,1990,N/A
CPV,1990,N/A
CRI,1990,N/A
CUB,1990,N/A
CYM,1990,N/A
CYP,1990,N/A
CZE,1990,N/A
DEU,1990,N/A
DJI,1990,N/A
DMA,1990,N/A
DNK,1990,N/A
DOM,1990,N/A
DZA,1990,N/A
ECU,1990,N/A
EGY,1990,N/A
ERI,1990,N/A
ESP,1990,N/A
EST,1990,N/A
ETH,1990,N/A
FIN,1990,N/A
FJI,1990,N/A
FRA,1990,N/A
FSM,1990,N/A
GAB,1990,N/A
GBR,1990,N/A
GEO,1990,N/A
GHA,1990,N/A
GIN,1990,N/A
GMB,1990,N/A
GNB,1990,N/A
GNQ,1990,N/A
GRC,1990,N/A
GRD,1990,N/A
GTM,1990,N/A
GUM,1990,N/A
GUY,1990,N/A
HKG,1990,N/A
HND,1990,N/A
HRV,1990,N/A
HTI,1990,N/A
HUN,1990,N/A
IDN,1990,N/A
IND,1990,N/A
IRL,1990,N/A
IRN,1990,N/A
IRQ,1990,N/A
ISL,1990,N/A
ISR,1990,N/A
ITA,1990,N/A
JAM,1990,N/A
JOR,1990,N/A
JPN,1990,N/A
KAZ,1990,N/A
KEN,1990,N/A
KGZ,1990,N/A
KHM,1990,N/A
KIR,1990,N/A
KNA,1990,N/A
KOR,1990,N/A
KWT,1990,N/A
LAO,1990,N/A
LBN,1990,N/A
LBR,1990,N/A
LBY,1990,N/A
LCA,1990,N/A
LIE,1990,N/A
LKA,1990,N/A
LSO,1990,N/A
LTU,1990,N/A
LUX,1990,N/A
LVA,1990,N/A
MAC,1990,N/A
MAF,1990,N/A
MAR,1990,N/A
MDA,1990,N/A
MDG,1990,N/A
MDV,1990,N/A
MEX,1990,N/A
MHL,1990,N/A
MKD,1990,N/A
MLI,1990,N/A
MLT,1990,N/A
MMR,1990,N/A
MNE,1990,N/A
MNG,1990,N/A
MNP,1990,N/A
MOZ,1990,N/A
MRT,1990,N/A
MUS,1990,N/A
MWI,1990,N/A
MYS,1990,N/A
NAM,1990,N/A
NCL,1990,N/A
NER,1990,N/A
NGA,1990,N/A
NIC,1990,N/A
NLD,1990,N/A
NOR,1990,N/A
NPL,1990,N/A
NZL,1990,N/A
OMN,1990,N/A
PAK,1990,N/A
PAN,1990,N/A
PER,1990,N/A
PHL,1990,N/A
PLW,1990,N/A
PNG,1990,N/A
POL,1990,N/A
PRI,1990,N/A
PRK,1990,N/A
PRT,1990,N/A
PRY,1990,N/A
PSE,1990,N/A
PYF,1990,N/A
QAT,1990,N/A
ROU,1990,N/A
RUS,1990,N/A
RWA,1990,N/A
SAU,1990,N/A
SDN,1990,N/A
SEN,1990,N/A
SGP,1990,N/A
SLB,1990,N/A
SLE,1990,N/A
SLV,1990,N/A
SOM,1990,N/A
SRB,1990,N/A
SSD,1990,N/A
STP,1990,N/A
SUR,1990,N/A
SVK,1990,N/A
SVN,1990,N/A
SWE,1990,N/A
SWZ,1990,N/A
SXM,1990,N/A
SYC,1990,N/A
SYR,1990,N/A
TCA,1990,N/A
TCD,1990,N/A
TGO,1990,N/A
THA,1990,N/A
TJK,1990,N/A
TKM,1990,N/A
TLS,1990,N/A
TON,1990,N/A
TTO,1990,N/A
TUN,1990,N/A
TUR,1990,N/A
TUV,1990,N/A
TZA,1990,N/A
UGA,1990,N/A
UKR,1990,N/A
URY,1990,N/A
USA,1990,N/A
UZB,1990,N/A
VCT,1990,N/A
VEN,1990,N/A
VGB,1990,N/A
VIR,1990,N/A
VNM,1990,N/A
VUT,1990,N/A
WSM,1990,N/A
YEM,1990,N/A
ZAF,1990,N/A
ZMB,1990,N/A
ZWE,1990,N/A
AFG,1991,N/A
AGO,1991,N/A
ALB,1991,N/A
ARE,1991,N/A
ARG,1991,N/A
ARM,1991,N/A
ASM,1991,N/A
ATG,1991,N/A
AUS,1991,N/A
AUT,1991,N/A
AZE,1991,N/A
BDI,1991,N/A
BEL,1991,N/A
BEN,1991,N/A
BFA,1991,N/A
BGD,1991,N/A
BGR,1991,N/A
BHR,1991,N/A
BHS,1991,N/A
BIH,1991,N/A
BLR,1991,N/A
BLZ,1991,N/A
BMU,1991,N/A
BOL,1991,N/A
BRA,1991,N/A
BRB,1991,N/A
BRN,1991,N/A
BTN,1991,N/A
BWA,1991,N/A
CAF,1991,N/A
CAN,1991,N/A
CHE,1991,N/A
CHL,1991,N/A
CHN,1991,N/A
CIV,1991,N/A
CMR,1991,N/A
COD,1991,N/A
COG,1991,N/A
COL,1991,N/A
COM,1991,N/A
CPV,1991,N/A
CRI,1991,N/A
CUB,1991,N/A
CYM,1991,N/A
CYP,1991,N/A
CZE,1991,N/A
DEU,1991,N/A
DJI,1991,N/A
DMA,1991,N/A
DNK,1991,N/A
DOM,1991,N/A
DZA,1991,N/A
ECU,1991,N/A
EGY,1991,N/A
ERI,1991,N/A
ESP,1991,N/A
EST,1991,N/A
ETH,1991,N/A
FIN,1991,N/A
FJI,1991,N/A
FRA,1991,N/A
FSM,1991,N/A
GAB,1991,N/A
GBR,1991,N/A
GEO,1991,N/A
GHA,1991,N/A
GIN,1991,N/A
GMB,1991,N/A
GNB,1991,N/A
GNQ,1991,N/A
GRC,1991,N/A
GRD,1991,N/A
GTM,1991,N/A
GUM,1991,N/A
GUY,1991,N/A
HKG,1991,N/A
HND,1991,N/A
HRV,1991,N/A
HTI,1991,N/A
HUN,1991,N/A
IDN,1991,N/A
IND,1991,N/A
IRL,1991,N/A
IRN,1991,N/A
IRQ,1991,N/A
ISL,1991,N/A
ISR,1991,N/A
ITA,1991,N/A
JAM,1991,N/A
JOR,1991,N/A
JPN,1991,N/A
KAZ,1991,N/A
KEN,1991,N/A
KGZ,1991,N/A
KHM,1991,N/A
KIR,1991,N/A
KNA,1991,N/A
KOR,1991,N/A
KWT,1991,N/A
LAO,1991,N/A
LBN,1991,N/A
LBR,1991,N/A
LBY,1991,N/A
LCA,1991,N/A
LIE,1991,N/A
LKA,1991,N/A
LSO,1991,N/A
LTU,1991,N/A
LUX,1991,N/A
LVA,1991,N/A
MAC,1991,N/A
MAF,1991,N/A
MAR,1991,N/A
MDA,1991,N/A
MDG,1991,N/A
MDV,1991,N/A
MEX,1991,N/A
MHL,1991,N/A
MKD,1991,N/A
MLI,1991,N/A
MLT,1991,N/A
MMR,1991,N/A
MNE,1991,N/A
MNG,1991,N/A
MNP,1991,N/A
MOZ,1991,N/A
MRT,1991,N/A
MUS,1991,N/A
MWI,1991,N/A
MYS,1991,N/A
NAM,1991,N/A
NCL,1991,N/A
NER,1991,N/A
NGA,1991,N/A
NIC,1991,N/A
NLD,1991,N/A
NOR,1991,N/A
NPL,1991,N/A
NZL,1991,N/A
OMN,1991,N/A
PAK,1991,N/A
PAN,1991,N/A
PER,1991,N/A
PHL,1991,N/A
PLW,1991,N/A
PNG,1991,N/A
POL,1991,N/A
PRI,1991,N/A
PRK,1991,N/A
PRT,1991,N/A
PRY,1991,N/A
PSE,1991,N/A
PYF,1991,N/A
QAT,1991,N/A
ROU,1991,N/A
RUS,1991,N/A
RWA,1991,N/A
SAU,1991,N/A
SDN,1991,N/A
SEN,1991,N/A
SGP,1991,N/A
SLB,1991,N/A
SLE,1991,N/A
SLV,1991,N/A
SOM,1991,N/A
SRB,1991,N/A
SSD,1991,N/A
STP,1991,N/A
SUR,1991,N/A
SVK,1991,N/A
SVN,1991,N/A
SWE,1991,N/A
SWZ,1991,N/A
SXM,1991,N/A
SYC,1991,N/A
SYR,1991,N/A
TCA,1991,N/A
TCD,1991,N/A
TGO,1991,N/A
THA,1991,N/A
TJK,1991,N/A
TKM,1991,N/A
TLS,1991,N/A
TON,1991,N/A
TTO,1991,N/A
TUN,1991,N/A
TUR,1991,N/A
TUV,1991,N/A
TZA,1991,N/A
UGA,1991,N/A
UKR,1991,N/A
URY,1991,N/A
USA,1991,N/A
UZB,1991,N/A
VCT,1991,N/A
VEN,1991,N/A
VGB,1991,N/A
VIR,1991,N/A
VNM,1991,N/A
VUT,1991,N/A
WSM,1991,N/A
YEM,1991,N/A
ZAF,1991,N/A
ZMB,1991,N/A
ZWE,1991,N/A
AFG,1992,N/A
AGO,1992,N/A
ALB,1992,N/A
ARE,1992,N/A
ARG,1992,N/A
ARM,1992,N/A
ASM,1992,N/A
ATG,1992,N/A
AUS,1992,N/A
AUT,1992,N/A
AZE,1992,N/A
BDI,1992,N/A
BEL,1992,N/A
BEN,1992,N/A
BFA,1992,N/A
BGD,1992,N/A
BGR,1992,N/A
BHR,1992,N/A
BHS,1992,N/A
BIH,1992,N/A
BLR,1992,N/A
BLZ,1992,N/A
BMU,1992,N/A
BOL,1992,N/A
BRA,1992,N/A
BRB,1992,N/A
BRN,1992,N/A
BTN,1992,N/A
BWA,1992,N/A
CAF,1992,N/A
CAN,1992,N/A
CHE,1992,N/A
CHL,1992,N/A
CHN,1992,N/A
CIV,1992,N/A
CMR,1992,N/A
COD,1992,N/A
COG,1992,N/A
COL,1992,N/A
COM,1992,N/A
CPV,1992,N/A
CRI,1992,N/A
CUB,1992,N/A
CYM,1992,N/A
CYP,1992,N/A
CZE,1992,N/A
DEU,1992,N/A
DJI,1992,N/A
DMA,1992,N/A
DNK,1992,N/A
DOM,1992,N/A
DZA,1992,N/A
ECU,1992,N/A
EGY,1992,N/A
ERI,1992,N/A
ESP,1992,N/A
EST,1992,N/A
ETH,1992,N/A
FIN,1992,N/A
FJI,1992,N/A
FRA,1992,N/A
FSM,1992,N/A
GAB,1992,N/A
GBR,1992,N/A
GEO,1992,N/A
GHA,1992,N/A
GIN,1992,N/A
GMB,1992,N/A
GNB,1992,N/A
GNQ,1992,N/A
GRC,1992,N/A
GRD,1992,N/A
GTM,1992,N/A
GUM,1992,N/A
GUY,1992,N/A
HKG,1992,N/A
HND,1992,N/A
HRV,1992,N/A
HTI,1992,N/A
HUN,1992,N/A
IDN,1992,N/A
IND,1992,N/A
IRL,1992,N/A
IRN,1992,N/A
IRQ,1992,N/A
ISL,1992,N/A
ISR,1992,N/A
ITA,1992,N/A
JAM,1992,N/A
JOR,1992,N/A
JPN,1992,N/A
KAZ,1992,N/A
KEN,1992,N/A
KGZ,1992,N/A
KHM,1992,N/A
KIR,1992,N/A
KNA,1992,N/A
KOR,1992,N/A
KWT,1992,N/A
LAO,1992,N/A
LBN,1992,N/A
LBR,1992,N/A
LBY,1992,N/A
LCA,1992,N/A
LIE,1992,N/A
LKA,1992,N/A
LSO,1992,N/A
LTU,1992,N/A
LUX,1992,N/A
LVA,1992,N/A
MAC,1992,N/A
MAF,1992,N/A
MAR,1992,N/A
MDA,1992,N/A
MDG,1992,N/A
MDV,1992,N/A
MEX,1992,N/A
MHL,1992,N/A
MKD,1992,N/A
MLI,1992,N/A
MLT,1992,N/A
MMR,1992,N/A
MNE,1992,N/A
MNG,1992,N/A
MNP,1992,N/A
MOZ,1992,N/A
MRT,1992,N/A
MUS,1992,N/A
MWI,1992,N/A
MYS,1992,N/A
NAM,1992,N/A
NCL,1992,N/A
NER,1992,N/A
NGA,1992,N/A
NIC,1992,N/A
NLD,1992,N/A
NOR,1992,N/A
NPL,1992,N/A
NZL,1992,N/A
OMN,1992,N/A
PAK,1992,N/A
PAN,1992,N/A
PER,1992,N/A
PHL,1992,N/A
PLW,1992,N/A
PNG,1992,N/A
POL,1992,N/A
PRI,1992,N/A
PRK,1992,N/A
PRT,1992,N/A
PRY,1992,N/A
PSE,1992,N/A
PYF,1992,N/A
QAT,1992,N/A
ROU,1992,N/A
RUS,1992,N/A
RWA,1992,N/A
SAU,1992,N/A
SDN,1992,N/A
SEN,1992,N/A
SGP,1992,N/A
SLB,1992,N/A
SLE,1992,N/A
SLV,1992,N/A
SOM,1992,N/A
SRB,1992,N/A
SSD,1992,N/A
STP,1992,N/A
SUR,1992,N/A
SVK,1992,N/A
SVN,1992,N/A
SWE,1992,N/A
SWZ,1992,N/A
SXM,1992,N/A
SYC,1992,N/A
SYR,1992,N/A
TCA,1992,N/A
TCD,1992,N/A
TGO,1992,N/A
THA,1992,N/A
TJK,1992,N/A
TKM,1992,N/A
TLS,1992,N/A
TON,1992,N/A
TTO,1992,N/A
TUN,1992,N/A
TUR,1992,N/A
TUV,1992,N/A
TZA,1992,N/A
UGA,1992,N/A
UKR,1992,N/A
URY,1992,N/A
USA,1992,N/A
UZB,1992,N/A
VCT,1992,N/A
VEN,1992,N/A
VGB,1992,N/A
VIR,1992,N/A
VNM,1992,N/A
VUT,1992,N/A
WSM,1992,N/A
YEM,1992,N/A
ZAF,1992,N/A
ZMB,1992,N/A
ZWE,1992,N/A
AFG,1993,N/A
AGO,1993,N/A
ALB,1993,N/A
ARE,1993,N/A
ARG,1993,N/A
ARM,1993,N/A
ASM,1993,N/A
ATG,1993,N/A
AUS,1993,N/A
AUT,1993,N/A
AZE,1993,N/A
BDI,1993,N/A
BEL,1993,N/A
BEN,1993,N/A
BFA,1993,N/A
BGD,1993,N/A
BGR,1993,N/A
BHR,1993,N/A
BHS,1993,N/A
BIH,1993,N/A
BLR,1993,N/A
BLZ,1993,N/A
BMU,1993,N/A
BOL,1993,N/A
BRA,1993,N/A
BRB,1993,N/A
BRN,1993,N/A
BTN,1993,N/A
BWA,1993,N/A
CAF,1993,N/A
CAN,1993,N/A
CHE,1993,N/A
CHL,1993,N/A
CHN,1993,N/A
CIV,1993,N/A
CMR,1993,N/A
COD,1993,N/A
COG,1993,N/A
COL,1993,N/A
COM,1993,N/A
CPV,1993,N/A
CRI,1993,N/A
CUB,1993,N/A
CYM,1993,N/A
CYP,1993,N/A
CZE,1993,N/A
DEU,1993,N/A
DJI,1993,N/A
DMA,1993,N/A
DNK,1993,N/A
DOM,1993,N/A
DZA,1993,N/A
ECU,1993,N/A
EGY,1993,N/A
ERI,1993,N/A
ESP,1993,N/A
EST,1993,N/A
ETH,1993,N/A
FIN,1993,N/A
FJI,1993,N/A
FRA,1993,N/A
FSM,1993,N/A
GAB,1993,N/A
GBR,1993,N/A
GEO,1993,N/A
GHA,1993,N/A
GIN,1993,N/A
GMB,1993,N/A
GNB,1993,N/A
GNQ,1993,N/A
GRC,1993,N/A
GRD,1993,N/A
GTM,1993,N/A
GUM,1993,N/A
GUY,1993,N/A
HKG,1993,N/A
HND,1993,N/A
HRV,1993,N/A
HTI,1993,N/A
HUN,1993,N/A
IDN,1993,N/A
IND,1993,N/A
IRL,1993,N/A
IRN,1993,N/A
IRQ,1993,N/A
ISL,1993,N/A
ISR,1993,N/A
ITA,1993,N/A
JAM,1993,N/A
JOR,1993,N/A
JPN,1993,N/A
KAZ,1993,N/A
KEN,1993,N/A
KGZ,1993,N/A
KHM,1993,N/A
KIR,1993,N/A
KNA,1993,N/A
KOR,1993,N/A
KWT,1993,N/A
LAO,1993,N/A
LBN,1993,N/A
LBR,1993,N/A
LBY,1993,N/A
LCA,1993,N/A
LIE,1993,N/A
LKA,1993,N/A
LSO,1993,N/A
LTU,1993,N/A
LUX,1993,N/A
LVA,1993,N/A
MAC,1993,N/A
MAF,1993,N/A
MAR,1993,N/A
MDA,1993,N/A
MDG,1993,N/A
MDV,1993,N/A
MEX,1993,N/A
MHL,1993,N/A
MKD,1993,N/A
MLI,1993,N/A
MLT,1993,N/A
MMR,1993,N/A
MNE,1993,N/A
MNG,1993,N/A
MNP,1993,N/A
MOZ,1993,N/A
MRT,1993,N/A
MUS,1993,N/A
MWI,1993,N/A
MYS,1993,N/A
NAM,1993,N/A
NCL,1993,N/A
NER,1993,N/A
NGA,1993,N/A
NIC,1993,N/A
NLD,1993,N/A
NOR,1993,N/A
NPL,1993,N/A
NZL,1993,N/A
OMN,1993,N/A
PAK,1993,N/A
PAN,1993,N/A
PER,1993,N/A
PHL,1993,N/A
PLW,1993,N/A
PNG,1993,N/A
POL,1993,N/A
PRI,1993,N/A
PRK,1993,N/A
PRT,1993,N/A
PRY,1993,N/A
PSE,1993,N/A
PYF,1993,N/A
QAT,1993,N/A
ROU,1993,N/A
RUS,1993,N/A
RWA,1993,N/A
SAU,1993,N/A
SDN,1993,N/A
SEN,1993,N/A
SGP,1993,N/A
SLB,1993,N/A
SLE,1993,N/A
SLV,1993,N/A
SOM,1993,N/A
SRB,1993,N/A
SSD,1993,N/A
STP,1993,N/A
SUR,1993,N/A
SVK,1993,N/A
SVN,1993,N/A
SWE,1993,N/A
SWZ,1993,N/A
SXM,1993,N/A
SYC,1993,N/A
SYR,1993,N/A
TCA,1993,N/A
TCD,1993,N/A
TGO,1993,N/A
THA,1993,N/A
TJK,1993,N/A
TKM,1993,N/A
TLS,1993,N/A
TON,1993,N/A
TTO,1993,N/A
TUN,1993,N/A
TUR,1993,N/A
TUV,1993,N/A
TZA,1993,N/A
UGA,1993,N/A
UKR,1993,N/A
URY,1993,N/A
USA,1993,N/A
UZB,1993,N/A
VCT,1993,N/A
VEN,1993,N/A
VGB,1993,N/A
VIR,1993,N/A
VNM,1993,N/A
VUT,1993,N/A
WSM,1993,N/A
YEM,1993,N/A
ZAF,1993,N/A
ZMB,1993,N/A
ZWE,1993,N/A
AFG,1994,N/A
AGO,1994,N/A
ALB,1994,N/A
ARE,1994,N/A
ARG,1994,N/A
ARM,1994,N/A
ASM,1994,N/A
ATG,1994,N/A
AUS,1994,N/A
AUT,1994,N/A
AZE,1994,N/A
BDI,1994,N/A
BEL,1994,N/A
BEN,1994,N/A
BFA,1994,N/A
BGD,1994,N/A
BGR,1994,N/A
BHR,1994,N/A
BHS,1994,N/A
BIH,1994,N/A
BLR,1994,N/A
BLZ,1994,N/A
BMU,1994,N/A
BOL,1994,N/A
BRA,1994,N/A
BRB,1994,N/A
BRN,1994,N/A
BTN,1994,N/A
BWA,1994,N/A
CAF,1994,N/A
CAN,1994,N/A
CHE,1994,N/A
CHL,1994,N/A
CHN,1994,N/A
CIV,1994,N/A
CMR,1994,N/A
COD,1994,N/A
COG,1994,N/A
COL,1994,N/A
COM,1994,N/A
CPV,1994,N/A
CRI,1994,N/A
CUB,1994,N/A
CYM,1994,N/A
CYP,1994,N/A
CZE,1994,N/A
DEU,1994,N/A
DJI,1994,N/A
DMA,1994,N/A
DNK,1994,N/A
DOM,1994,N/A
DZA,1994,N/A
ECU,1994,N/A
EGY,1994,N/A
ERI,1994,N/A
ESP,1994,N/A
EST,1994,N/A
ETH,1994,N/A
FIN,1994,N/A
FJI,1994,N/A
FRA,1994,N/A
FSM,1994,N/A
GAB,1994,N/A
GBR,1994,N/A
GEO,1994,N/A
GHA,1994,N/A
GIN,1994,N/A
GMB,1994,N/A
GNB,1994,N/A
GNQ,1994,N/A
GRC,1994,N/A
GRD,1994,N/A
GTM,1994,N/A
GUM,1994,N/A
GUY,1994,N/A
HKG,1994,N/A
HND,1994,N/A
HRV,1994,N/A
HTI,1994,N/A
HUN,1994,N/A
IDN,1994,N/A
IND,1994,N/A
IRL,1994,N/A
IRN,1994,N/A
IRQ,1994,N/A
ISL,1994,N/A
ISR,1994,N/A
ITA,1994,N/A
JAM,1994,N/A
JOR,1994,N/A
JPN,1994,N/A
KAZ,1994,N/A
KEN,1994,N/A
KGZ,1994,N/A
KHM,1994,N/A
KIR,1994,N/A
KNA,1994,N/A
KOR,1994,N/A
KWT,1994,N/A
LAO,1994,N/A
LBN,1994,N/A
LBR,1994,N/A
LBY,1994,N/A
LCA,1994,N/A
LIE,1994,N/A
LKA,1994,N/A
LSO,1994,N/A
LTU,1994,N/A
LUX,1994,N/A
LVA,1994,N/A
MAC,1994,N/A
MAF,1994,N/A
MAR,1994,N/A
MDA,1994,N/A
MDG,1994,N/A
MDV,1994,N/A
MEX,1994,N/A
MHL,1994,N/A
MKD,1994,N/A
MLI,1994,N/A
MLT,1994,N/A
MMR,1994,N/A
MNE,1994,N/A
MNG,1994,N/A
MNP,1994,N/A
MOZ,1994,N/A
MRT,1994,N/A
MUS,1994,N/A
MWI,1994,N/A
MYS,1994,N/A
NAM,1994,N/A
NCL,1994,N/A
NER,1994,N/A
NGA,1994,N/A
NIC,1994,N/A
NLD,1994,N/A
NOR,1994,N/A
NPL,1994,N/A
NZL,1994,N/A
OMN,1994,N/A
PAK,1994,N/A
PAN,1994,N/A
PER,1994,N/A
PHL,1994,N/A
PLW,1994,N/A
PNG,1994,N/A
POL,1994,N/A
PRI,1994,N/A
PRK,1994,N/A
PRT,1994,N/A
PRY,1994,N/A
PSE,1994,N/A
PYF,1994,N/A
QAT,1994,N/A
ROU,1994,N/A
RUS,1994,N/A
RWA,1994,N/A
SAU,1994,N/A
SDN,1994,N/A
SEN,1994,N/A
SGP,1994,N/A
SLB,1994,N/A
SLE,1994,N/A
SLV,1994,N/A
SOM,1994,N/A
SRB,1994,N/A
SSD,1994,N/A
STP,1994,N/A
SUR,1994,N/A
SVK,1994,N/A
SVN,1994,N/A
SWE,1994,N/A
SWZ,1994,N/A
SXM,1994,N/A
SYC,1994,N/A
SYR,1994,N/A
TCA,1994,N/A
TCD,1994,N/A
TGO,1994,N/A
THA,1994,N/A
TJK,1994,N/A
TKM,1994,N/A
TLS,1994,N/A
TON,1994,N/A
TTO,1994,N/A
TUN,1994,N/A
TUR,1994,N/A
TUV,1994,N/A
TZA,1994,N/A
UGA,1994,N/A
UKR,1994,N/A
URY,1994,N/A
USA,1994,N/A
UZB,1994,N/A
VCT,1994,N/A
VEN,1994,N/A
VGB,1994,N/A
VIR,1994,N/A
VNM,1994,N/A
VUT,1994,N/A
WSM,1994,N/A
YEM,1994,N/A
ZAF,1994,N/A
ZMB,1994,N/A
ZWE,1994,N/A
AFG,1995,N/A
AGO,1995,9000.0
ALB,1995,304000.0
ARE,1995,N/A
ARG,1995,2289000.0
ARM,1995,12000.0
ASM,1995,34000.0
ATG,1995,447000.0
AUS,1995,3726000.0
AUT,1995,17173000.0
AZE,1995,93000.0
BDI,1995,34000.0
BEL,1995,5560000.0
BEN,1995,580000.0
BFA,1995,124000.0
BGD,1995,156000.0
BGR,1995,8005000.0
BHR,1995,2311000.0
BHS,1995,3239000.0
BIH,1995,N/A
BLR,1995,N/A
BLZ,1995,342000.0
BMU,1995,557000.0
BOL,1995,284000.0
BRA,1995,1991000.0
BRB,1995,927000.0
BRN,1995,498000.0
BTN,1995,4800.00019073486
BWA,1995,636000.0
CAF,1995,26000.0
CAN,1995,41657000.0
CHE,1995,6946000.0
CHL,1995,N/A
CHN,1995,46387000.0
CIV,1995,188000.0
CMR,1995,N/A
COD,1995,35000.0
COG,1995,N/A
COL,1995,1433000.0
COM,1995,23000.0
CPV,1995,28000.0
CRI,1995,924000.0
CUB,1995,745000.0
CYM,1995,1044000.0
CYP,1995,2253000.0
CZE,1995,N/A
DEU,1995,14847000.0
DJI,1995,21000.0
DMA,1995,203000.0
DNK,1995,N/A
DOM,1995,1806000.0
DZA,1995,520000.0
ECU,1995,440000.0
EGY,1995,3133000.0
ERI,1995,315000.0
ESP,1995,52460000.0
EST,1995,2111000.0
ETH,1995,103000.0
FIN,1995,1779000.0
FJI,1995,476000.0
FRA,1995,N/A
FSM,1995,N/A
GAB,1995,203000.0
GBR,1995,23537000.0
GEO,1995,85000.0
GHA,1995,286000.0
GIN,1995,N/A
GMB,1995,45000.0
GNB,1995,N/A
GNQ,1995,N/A
GRC,1995,10712000.0
GRD,1995,369000.0
GTM,1995,563000.0
GUM,1995,1362000.0
GUY,1995,106000.0
HKG,1995,10200000.0
HND,1995,N/A
HRV,1995,16100000.0
HTI,1995,370000.0
HUN,1995,39240000.0
IDN,1995,4324000.0
IND,1995,2124000.0
IRL,1995,4818000.0
IRN,1995,452000.0
IRQ,1995,61000.0
ISL,1995,211000.0
ISR,1995,2530000.0
ITA,1995,55706000.0
JAM,1995,1752000.0
JOR,1995,3277000.0
JPN,1995,3345000.0
KAZ,1995,N/A
KEN,1995,974000.0
KGZ,1995,N/A
KHM,1995,220000.0
KIR,1995,N/A
KNA,1995,203000.0
KOR,1995,3753000.0
KWT,1995,1443000.0
LAO,1995,346000.0
LBN,1995,450000.0
LBR,1995,N/A
LBY,1995,1832000.0
LCA,1995,407000.0
LIE,1995,59000.0
LKA,1995,414000.0
LSO,1995,209000.0
LTU,1995,2600000.0
LUX,1995,768000.0
LVA,1995,1633000.0
MAC,1995,7752000.0
MAF,1995,N/A
MAR,1995,2752000.0
MDA,1995,32000.0
MDG,1995,115000.0
MDV,1995,315000.0
MEX,1995,85446000.0
MHL,1995,5500.0
MKD,1995,147000.0
MLI,1995,42000.0
MLT,1995,1193000.0
MMR,1995,194000.0
MNE,1995,N/A
MNG,1995,108000.0
MNP,1995,676000.0
MOZ,1995,N/A
MRT,1995,N/A
MUS,1995,437000.0
MWI,1995,192000.0
MYS,1995,7469000.0
NAM,1995,421000.0
NCL,1995,86000.0
NER,1995,35000.0
NGA,1995,1031000.0
NIC,1995,341000.0
NLD,1995,6574000.0
NOR,1995,2880000.0
NPL,1995,363000.0
NZL,1995,1409000.0
OMN,1995,N/A
PAK,1995,378000.0
PAN,1995,417000.0
PER,1995,N/A
PHL,1995,1760000.0
PLW,1995,53000.0
PNG,1995,N/A
POL,1995,82244000.0
PRI,1995,4087000.0
PRK,1995,N/A
PRT,1995,9511000.0
PRY,1995,15678000.0
PSE,1995,N/A
PYF,1995,186000.0
QAT,1995,N/A
ROU,1995,5445000.0
RUS,1995,10290000.0
RWA,1995,N/A
SAU,1995,4398000.0
SDN,1995,29000.0
SEN,1995,N/A
SGP,1995,7137000.0
SLB,1995,11800.0001907349
SLE,1995,N/A
SLV,1995,N/A
SOM,1995,N/A
SRB,1995,N/A
SSD,1995,N/A
STP,1995,6199.99980926514
SUR,1995,69000.0
SVK,1995,N/A
SVN,1995,732000.0
SWE,1995,2310000.0
SWZ,1995,N/A
SXM,1995,1024000.0
SYC,1995,127000.0
SYR,1995,2253000.0
TCA,1995,N/A
TCD,1995,19000.0
TGO,1995,53000.0
THA,1995,6952000.0
TJK,1995,N/A
TKM,1995,233000.0
TLS,1995,N/A
TON,1995,33000.0
TTO,1995,282000.0
TUN,1995,4120000.0
TUR,1995,7727000.0
TUV,1995,899.999976158142
TZA,1995,295000.0
UGA,1995,160000.0
UKR,1995,6127000.0
URY,1995,2177000.0
USA,1995,79732000.0
UZB,1995,92000.0
VCT,1995,218000.0
VEN,1995,879000.0
VGB,1995,219000.0
VIR,1995,1741000.0
VNM,1995,1351000.0
VUT,1995,82000.0
WSM,1995,N/A
YEM,1995,N/A
ZAF,1995,4684000.0
ZMB,1995,163000.0
ZWE,1995,1416000.0
AFG,1996,N/A
AGO,1996,21000.0
ALB,1996,287000.0
ARE,1996,N/A
ARG,1996,2614000.0
ARM,1996,13000.0
ASM,1996,35000.0
ATG,1996,498000.0
AUS,1996,4165000.0
AUT,1996,17090000.0
AZE,1996,210000.0
BDI,1996,27000.0
BEL,1996,5829000.0
BEN,1996,516000.0
BFA,1996,131000.0
BGD,1996,166000.0
BGR,1996,6811000.0
BHR,1996,1988000.0
BHS,1996,3416000.0
BIH,1996,N/A
BLR,1996,N/A
BLZ,1996,349000.0
BMU,1996,570000.0
BOL,1996,313000.0
BRA,1996,2666000.0
BRB,1996,957000.0
BRN,1996,837000.0
BTN,1996,5199.99980926514
BWA,1996,656000.0
CAF,1996,21000.0
CAN,1996,43256000.0
CHE,1996,6730000.0
CHL,1996,N/A
CHN,1996,51128000.0
CIV,1996,237000.0
CMR,1996,N/A
COD,1996,37000.0
COG,1996,N/A
COL,1996,751000.0
COM,1996,24000.0
CPV,1996,37000.0
CRI,1996,940000.0
CUB,1996,1004000.0
CYM,1996,1173000.0
CYP,1996,2089000.0
CZE,1996,N/A
DEU,1996,15205000.0
DJI,1996,20000.0
DMA,1996,261000.0
DNK,1996,N/A
DOM,1996,2037000.0
DZA,1996,605000.0
ECU,1996,494000.0
EGY,1996,3896000.0
ERI,1996,417000.0
ESP,1996,55077000.0
EST,1996,2444000.0
ETH,1996,109000.0
FIN,1996,1724000.0
FJI,1996,534000.0
FRA,1996,148263000.0
FSM,1996,17600.0003814697
GAB,1996,217000.0
GBR,1996,25163000.0
GEO,1996,117000.0
GHA,1996,305000.0
GIN,1996,12000.0
GMB,1996,77000.0
GNB,1996,N/A
GNQ,1996,N/A
GRC,1996,9782000.0
GRD,1996,386000.0
GTM,1996,520000.0
GUM,1996,1373000.0
GUY,1996,92000.0
HKG,1996,12974000.0
HND,1996,271000.0
HRV,1996,19085000.0
HTI,1996,400000.0
HUN,1996,39833000.0
IDN,1996,5034000.0
IND,1996,2288000.0
IRL,1996,5289000.0
IRN,1996,573000.0
IRQ,1996,51000.0
ISL,1996,223000.0
ISR,1996,2360000.0
ITA,1996,59805000.0
JAM,1996,1821000.0
JOR,1996,3164000.0
JPN,1996,3837000.0
KAZ,1996,202000.0
KEN,1996,1003000.0
KGZ,1996,N/A
KHM,1996,260000.0
KIR,1996,N/A
KNA,1996,172000.0
KOR,1996,3684000.0
KWT,1996,1565000.0
LAO,1996,403000.0
LBN,1996,424000.0
LBR,1996,N/A
LBY,1996,1276000.0
LCA,1996,422000.0
LIE,1996,56000.0
LKA,1996,315000.0
LSO,1996,312000.0
LTU,1996,3497000.0
LUX,1996,724000.0
LVA,1996,1750000.0
MAC,1996,8151000.0
MAF,1996,N/A
MAR,1996,2856000.0
MDA,1996,29000.0
MDG,1996,N/A
MDV,1996,339000.0
MEX,1996,90394000.0
MHL,1996,6199.99980926514
MKD,1996,136000.0
MLI,1996,98000.0
MLT,1996,1123000.0
MMR,1996,490000.0
MNE,1996,N/A
MNG,1996,71000.0
MNP,1996,736000.0
MOZ,1996,N/A
MRT,1996,N/A
MUS,1996,509000.0
MWI,1996,194000.0
MYS,1996,7138000.0
NAM,1996,560000.0
NCL,1996,91000.0
NER,1996,68000.0
NGA,1996,1230000.0
NIC,1996,388000.0
NLD,1996,6580000.0
NOR,1996,2746000.0
NPL,1996,394000.0
NZL,1996,1529000.0
OMN,1996,N/A
PAK,1996,369000.0
PAN,1996,443000.0
PER,1996,N/A
PHL,1996,2049000.0
PLW,1996,69000.0
PNG,1996,N/A
POL,1996,87439000.0
PRI,1996,4110000.0
PRK,1996,N/A
PRT,1996,9730000.0
PRY,1996,12868000.0
PSE,1996,220000.0
PYF,1996,184000.0
QAT,1996,N/A
ROU,1996,5205000.0
RUS,1996,16208000.0
RWA,1996,N/A
SAU,1996,N/A
SDN,1996,38000.0
SEN,1996,N/A
SGP,1996,7292000.0
SLB,1996,10300.0001907349
SLE,1996,N/A
SLV,1996,N/A
SOM,1996,N/A
SRB,1996,N/A
SSD,1996,N/A
STP,1996,6400.00009536743
SUR,1996,74000.0
SVK,1996,N/A
SVN,1996,832000.0
SWE,1996,2376000.0
SWZ,1996,1337000.0
SXM,1996,1022000.0
SYC,1996,142000.0
SYR,1996,2435000.0
TCA,1996,N/A
TCD,1996,20000.0
TGO,1996,58000.0
THA,1996,7244000.0
TJK,1996,699.999988079071
TKM,1996,282000.0
TLS,1996,N/A
TON,1996,31000.0
TTO,1996,317000.0
TUN,1996,3885000.0
TUR,1996,8614000.0
TUV,1996,1000.0
TZA,1996,326000.0
UGA,1996,174000.0
UKR,1996,6750000.0
URY,1996,2258000.0
USA,1996,82756000.0
UZB,1996,173000.0
VCT,1996,216000.0
VEN,1996,960000.0
VGB,1996,244000.0
VIR,1996,1779000.0
VNM,1996,1607000.0
VUT,1996,103000.0
WSM,1996,N/A
YEM,1996,N/A
ZAF,1996,5186000.0
ZMB,1996,264000.0
ZWE,1996,1597000.0
AFG,1997,N/A
AGO,1997,45000.0
ALB,1997,119000.0
ARE,1997,N/A
ARG,1997,2764000.0
ARM,1997,23000.0
ASM,1997,26000.0
ATG,1997,526000.0
AUS,1997,4318000.0
AUT,1997,16647000.0
AZE,1997,306000.0
BDI,1997,11000.0
BEL,1997,6037000.0
BEN,1997,541000.0
BFA,1997,138000.0
BGD,1997,182000.0
BGR,1997,7543000.0
BHR,1997,2600000.0
BHS,1997,3446000.0
BIH,1997,115000.0
BLR,1997,N/A
BLZ,1997,305000.0
BMU,1997,562000.0
BOL,1997,355000.0
BRA,1997,2850000.0
BRB,1997,990000.0
BRN,1997,643000.0
BTN,1997,5400.00009536743
BWA,1997,765000.0
CAF,1997,17000.0
CAN,1997,45076000.0
CHE,1997,7039000.0
CHL,1997,N/A
CHN,1997,57588000.0
CIV,1997,274000.0
CMR,1997,N/A
COD,1997,30000.0
COG,1997,N/A
COL,1997,758000.0
COM,1997,26000.0
CPV,1997,45000.0
CRI,1997,1013000.0
CUB,1997,1170000.0
CYM,1997,1248000.0
CYP,1997,2194000.0
CZE,1997,N/A
DEU,1997,15837000.0
DJI,1997,20000.0
DMA,1997,299000.0
DNK,1997,N/A
DOM,1997,2482000.0
DZA,1997,635000.0
ECU,1997,529000.0
EGY,1997,3961000.0
ERI,1997,410000.0
ESP,1997,62415000.0
EST,1997,2618000.0
ETH,1997,139000.0
FIN,1997,1832000.0
FJI,1997,547000.0
FRA,1997,157551000.0
FSM,1997,17200.0007629395
GAB,1997,247000.0
GBR,1997,25515000.0
GEO,1997,313000.0
GHA,1997,325000.0
GIN,1997,17000.0
GMB,1997,85000.0
GNB,1997,N/A
GNQ,1997,N/A
GRC,1997,10588000.0
GRD,1997,368000.0
GTM,1997,576000.0
GUM,1997,1382000.0
GUY,1997,76000.0
HKG,1997,11273000.0
HND,1997,310000.0
HRV,1997,23660000.0
HTI,1997,387000.0
HUN,1997,37315000.0
IDN,1997,5185000.0
IND,1997,2374000.0
IRL,1997,5587000.0
IRN,1997,764000.0
IRQ,1997,15000.0
ISL,1997,223000.0
ISR,1997,2295000.0
ITA,1997,57998000.0
JAM,1997,1904000.0
JOR,1997,3068000.0
JPN,1997,4218000.0
KAZ,1997,284000.0
KEN,1997,1001000.0
KGZ,1997,N/A
KHM,1997,219000.0
KIR,1997,N/A
KNA,1997,194000.0
KOR,1997,3908000.0
KWT,1997,1638000.0
LAO,1997,463000.0
LBN,1997,558000.0
LBR,1997,N/A
LBY,1997,913000.0
LCA,1997,563000.0
LIE,1997,57000.0
LKA,1997,384000.0
LSO,1997,313000.0
LTU,1997,3702000.0
LUX,1997,778000.0
LVA,1997,1842000.0
MAC,1997,7000000.0
MAF,1997,N/A
MAR,1997,3203000.0
MDA,1997,21000.0
MDG,1997,N/A
MDV,1997,366000.0
MEX,1997,92915000.0
MHL,1997,6400.00009536743
MKD,1997,121000.0
MLI,1997,75000.0
MLT,1997,1238000.0
MMR,1997,491000.0
MNE,1997,N/A
MNG,1997,82000.0
MNP,1997,695000.0
MOZ,1997,N/A
MRT,1997,N/A
MUS,1997,558000.0
MWI,1997,207000.0
MYS,1997,6211000.0
NAM,1997,610000.0
NCL,1997,105000.0
NER,1997,68000.0
NGA,1997,1292000.0
NIC,1997,453000.0
NLD,1997,7841000.0
NOR,1997,2702000.0
NPL,1997,422000.0
NZL,1997,1497000.0
OMN,1997,N/A
PAK,1997,375000.0
PAN,1997,504000.0
PER,1997,N/A
PHL,1997,2223000.0
PLW,1997,74000.0
PNG,1997,N/A
POL,1997,87817000.0
PRI,1997,4350000.0
PRK,1997,N/A
PRT,1997,10172000.0
PRY,1997,10955000.0
PSE,1997,210000.0
PYF,1997,201000.0
QAT,1997,N/A
ROU,1997,5149000.0
RUS,1997,17463000.0
RWA,1997,N/A
SAU,1997,N/A
SDN,1997,30000.0
SEN,1997,N/A
SGP,1997,7198000.0
SLB,1997,13800.0001907349
SLE,1997,N/A
SLV,1997,N/A
SOM,1997,N/A
SRB,1997,N/A
SSD,1997,N/A
STP,1997,4800.00019073486
SUR,1997,78000.0
SVK,1997,N/A
SVN,1997,974000.0
SWE,1997,2388000.0
SWZ,1997,1635000.0
SXM,1997,1325000.0
SYC,1997,136000.0
SYR,1997,2332000.0
TCA,1997,N/A
TCD,1997,27000.0
TGO,1997,92000.0
THA,1997,7294000.0
TJK,1997,2099.99990463257
TKM,1997,332000.0
TLS,1997,N/A
TON,1997,29000.0
TTO,1997,360000.0
TUN,1997,4263000.0
TUR,1997,9689000.0
TUV,1997,1000.0
TZA,1997,360000.0
UGA,1997,175000.0
UKR,1997,14743000.0
URY,1997,2463000.0
USA,1997,82525000.0
UZB,1997,960000.0
VCT,1997,200000.0
VEN,1997,933000.0
VGB,1997,244000.0
VIR,1997,2128000.0
VNM,1997,1716000.0
VUT,1997,81000.0
WSM,1997,N/A
YEM,1997,N/A
ZAF,1997,5170000.0
ZMB,1997,341000.0
ZWE,1997,1336000.0
AFG,1998,N/A
AGO,1998,52000.0
ALB,1998,184000.0
ARE,1998,N/A
ARG,1998,3012000.0
ARM,1998,32000.0
ASM,1998,36000.0
ATG,1998,570000.0
AUS,1998,4167000.0
AUT,1998,17352000.0
AZE,1998,483000.0
BDI,1998,15000.0
BEL,1998,6179000.0
BEN,1998,575000.0
BFA,1998,160000.0
BGD,1998,172000.0
BGR,1998,5240000.0
BHR,1998,2898000.0
BHS,1998,3348000.0
BIH,1998,148000.0
BLR,1998,N/A
BLZ,1998,300000.0
BMU,1998,558000.0
BOL,1998,387000.0
BRA,1998,4818000.0
BRB,1998,1019000.0
BRN,1998,964000.0
BTN,1998,6199.99980926514
BWA,1998,940000.0
CAF,1998,7500.0
CAN,1998,48064000.0
CHE,1998,7185000.0
CHL,1998,N/A
CHN,1998,63478000.0
CIV,1998,301000.0
CMR,1998,N/A
COD,1998,53000.0
COG,1998,N/A
COL,1998,823000.0
COM,1998,27000.0
CPV,1998,52000.0
CRI,1998,1167000.0
CUB,1998,1416000.0
CYM,1998,1275000.0
CYP,1998,2357000.0
CZE,1998,N/A
DEU,1998,16511000.0
DJI,1998,21000.0
DMA,1998,312000.0
DNK,1998,N/A
DOM,1998,2702000.0
DZA,1998,678000.0
ECU,1998,511000.0
EGY,1998,3454000.0
ERI,1998,188000.0
ESP,1998,68068000.0
EST,1998,2909000.0
ETH,1998,112000.0
FIN,1998,2644000.0
FJI,1998,499000.0
FRA,1998,N/A
FSM,1998,13399.9996185303
GAB,1998,274000.0
GBR,1998,25745000.0
GEO,1998,317000.0
GHA,1998,348000.0
GIN,1998,23000.0
GMB,1998,91000.0
GNB,1998,N/A
GNQ,1998,N/A
GRC,1998,11364000.0
GRD,1998,392000.0
GTM,1998,636000.0
GUM,1998,1137000.0
GUY,1998,66000.0
HKG,1998,10160000.0
HND,1998,324000.0
HRV,1998,25499000.0
HTI,1998,393000.0
HUN,1998,33624000.0
IDN,1998,4606000.0
IND,1998,2359000.0
IRL,1998,6064000.0
IRN,1998,1008000.0
IRQ,1998,45000.0
ISL,1998,255000.0
ISR,1998,2200000.0
ITA,1998,58499000.0
JAM,1998,1899000.0
JOR,1998,3438000.0
JPN,1998,4106000.0
KAZ,1998,257000.0
KEN,1998,894000.0
KGZ,1998,290000.0
KHM,1998,287000.0
KIR,1998,N/A
KNA,1998,250000.0
KOR,1998,4250000.0
KWT,1998,1763000.0
LAO,1998,500000.0
LBN,1998,631000.0
LBR,1998,N/A
LBY,1998,850000.0
LCA,1998,629000.0
LIE,1998,59000.0
LKA,1998,409000.0
LSO,1998,290000.0
LTU,1998,4287000.0
LUX,1998,789000.0
LVA,1998,1788000.0
MAC,1998,6949000.0
MAF,1998,N/A
MAR,1998,3267000.0
MDA,1998,19000.0
MDG,1998,N/A
MDV,1998,396000.0
MEX,1998,95214000.0
MHL,1998,6400.00009536743
MKD,1998,157000.0
MLI,1998,83000.0
MLT,1998,1326000.0
MMR,1998,478000.0
MNE,1998,N/A
MNG,1998,197000.0
MNP,1998,490000.0
MOZ,1998,N/A
MRT,1998,N/A
MUS,1998,579000.0
MWI,1998,220000.0
MYS,1998,5551000.0
NAM,1998,681000.0
NCL,1998,104000.0
NER,1998,41000.0
NGA,1998,1357000.0
NIC,1998,483000.0
NLD,1998,9312000.0
NOR,1998,3256000.0
NPL,1998,464000.0
NZL,1998,1485000.0
OMN,1998,N/A
PAK,1998,429000.0
PAN,1998,529000.0
PER,1998,N/A
PHL,1998,2149000.0
PLW,1998,64000.0
PNG,1998,N/A
POL,1998,88592000.0
PRI,1998,4671000.0
PRK,1998,N/A
PRT,1998,11295000.0
PRY,1998,9818000.0
PSE,1998,200000.0
PYF,1998,211000.0
QAT,1998,N/A
ROU,1998,4831000.0
RUS,1998,16188000.0
RWA,1998,N/A
SAU,1998,N/A
SDN,1998,36000.0
SEN,1998,N/A
SGP,1998,6242000.0
SLB,1998,15800.0001907349
SLE,1998,N/A
SLV,1998,N/A
SOM,1998,N/A
SRB,1998,N/A
SSD,1998,N/A
STP,1998,5599.99990463257
SUR,1998,70000.0
SVK,1998,N/A
SVN,1998,977000.0
SWE,1998,2573000.0
SWZ,1998,986000.0
SXM,1998,1339000.0
SYC,1998,134000.0
SYR,1998,2464000.0
TCA,1998,N/A
TCD,1998,41000.0
TGO,1998,69000.0
THA,1998,7843000.0
TJK,1998,3200.00004768372
TKM,1998,380000.0
TLS,1998,N/A
TON,1998,35000.0
TTO,1998,377000.0
TUN,1998,4718000.0
TUR,1998,9753000.0
TUV,1998,1000.0
TZA,1998,482000.0
UGA,1998,195000.0
UKR,1998,12003000.0
URY,1998,2324000.0
USA,1998,74767000.0
UZB,1998,811000.0
VCT,1998,202000.0
VEN,1998,813000.0
VGB,1998,279000.0
VIR,1998,2139000.0
VNM,1998,1520000.0
VUT,1998,78000.0
WSM,1998,N/A
YEM,1998,N/A
ZAF,1998,5898000.0
ZMB,1998,362000.0
ZWE,1998,2090000.0
AFG,1999,N/A
AGO,1999,45000.0
ALB,1999,371000.0
ARE,1999,N/A
ARG,1999,2898000.0
ARM,1999,41000.0
ASM,1999,41000.0
ATG,1999,560000.0
AUS,1999,4459000.0
AUT,1999,17467000.0
AZE,1999,602000.0
BDI,1999,26000.0
BEL,1999,6369000.0
BEN,1999,941000.0
BFA,1999,117000.0
BGD,1999,173000.0
BGR,1999,5056000.0
BHR,1999,3280000.0
BHS,1999,3648000.0
BIH,1999,147000.0
BLR,1999,N/A
BLZ,1999,340000.0
BMU,1999,549000.0
BOL,1999,342000.0
BRA,1999,5107000.0
BRB,1999,947000.0
BRN,1999,967000.0
BTN,1999,7199.99980926514
BWA,1999,1039000.0
CAF,1999,10000.0
CAN,1999,49055000.0
CHE,1999,7154000.0
CHL,1999,N/A
CHN,1999,72796000.0
CIV,1999,N/A
CMR,1999,N/A
COD,1999,80000.0
COG,1999,N/A
COL,1999,725000.0
COM,1999,24000.0
CPV,1999,67000.0
CRI,1999,1267000.0
CUB,1999,1603000.0
CYM,1999,1431000.0
CYP,1999,2578000.0
CZE,1999,N/A
DEU,1999,17116000.0
DJI,1999,21000.0
DMA,1999,280000.0
DNK,1999,N/A
DOM,1999,2932000.0
DZA,1999,749000.0
ECU,1999,518000.0
EGY,1999,4797000.0
ERI,1999,57000.0
ESP,1999,72040000.0
EST,1999,3181000.0
ETH,1999,115000.0
FIN,1999,2454000.0
FJI,1999,544000.0
FRA,1999,N/A
FSM,1999,16100.0003814697
GAB,1999,262000.0
GBR,1999,25394000.0
GEO,1999,384000.0
GHA,1999,373000.0
GIN,1999,27000.0
GMB,1999,96000.0
GNB,1999,N/A
GNQ,1999,N/A
GRC,1999,12606000.0
GRD,1999,379000.0
GTM,1999,823000.0
GUM,1999,1162000.0
GUY,1999,75000.0
HKG,1999,11328000.0
HND,1999,428000.0
HRV,1999,29215000.0
HTI,1999,386000.0
HUN,1999,28803000.0
IDN,1999,4728000.0
IND,1999,2482000.0
IRL,1999,6403000.0
IRN,1999,1321000.0
IRQ,1999,30000.0
ISL,1999,281000.0
ISR,1999,2566000.0
ITA,1999,59521000.0
JAM,1999,2013000.0
JOR,1999,3231000.0
JPN,1999,4438000.0
KAZ,1999,394000.0
KEN,1999,969000.0
KGZ,1999,165000.0
KHM,1999,368000.0
KIR,1999,20299.9992370605
KNA,1999,226000.0
KOR,1999,4660000.0
KWT,1999,1884000.0
LAO,1999,614000.0
LBN,1999,673000.0
LBR,1999,N/A
LBY,1999,965000.0
LCA,1999,666000.0
LIE,1999,60000.0
LKA,1999,465000.0
LSO,1999,308000.0
LTU,1999,4454000.0
LUX,1999,863000.0
LVA,1999,1738000.0
MAC,1999,7444000.0
MAF,1999,N/A
MAR,1999,4088000.0
MDA,1999,14000.0
MDG,1999,N/A
MDV,1999,430000.0
MEX,1999,99869000.0
MHL,1999,4599.99990463257
MKD,1999,181000.0
MLI,1999,82000.0
MLT,1999,1402000.0
MMR,1999,435000.0
MNE,1999,N/A
MNG,1999,160000.0
MNP,1999,502000.0
MOZ,1999,N/A
MRT,1999,24000.0
MUS,1999,600000.0
MWI,1999,254000.0
MYS,1999,7931000.0
NAM,1999,694000.0
NCL,1999,100000.0
NER,1999,39000.0
NGA,1999,1425000.0
NIC,1999,530000.0
NLD,1999,9874000.0
NOR,1999,3223000.0
NPL,1999,492000.0
NZL,1999,1607000.0
OMN,1999,N/A
PAK,1999,432000.0
PAN,1999,555000.0
PER,1999,N/A
PHL,1999,2171000.0
PLW,1999,55000.0
PNG,1999,N/A
POL,1999,89118000.0
PRI,1999,4221000.0
PRK,1999,N/A
PRT,1999,11632000.0
PRY,1999,6569000.0
PSE,1999,300000.0
PYF,1999,236000.0
QAT,1999,N/A
ROU,1999,5224000.0
RUS,1999,18820000.0
RWA,1999,N/A
SAU,1999,N/A
SDN,1999,39000.0
SEN,1999,N/A
SGP,1999,6958000.0
SLB,1999,N/A
SLE,1999,N/A
SLV,1999,N/A
SOM,1999,N/A
SRB,1999,N/A
SSD,1999,N/A
STP,1999,5800.00019073486
SUR,1999,72000.0
SVK,1999,N/A
SVN,1999,884000.0
SWE,1999,2595000.0
SWZ,1999,1253000.0
SXM,1999,1061000.0
SYC,1999,130000.0
SYR,1999,2682000.0
TCA,1999,N/A
TCD,1999,46000.0
TGO,1999,70000.0
THA,1999,8651000.0
TJK,1999,4500.0
TKM,1999,N/A
TLS,1999,N/A
TON,1999,44000.0
TTO,1999,421000.0
TUN,1999,4832000.0
TUR,1999,7487000.0
TUV,1999,1100.00002384186
TZA,1999,627000.0
UGA,1999,189000.0
UKR,1999,10990000.0
URY,1999,2273000.0
USA,1999,75796000.0
UZB,1999,487000.0
VCT,1999,223000.0
VEN,1999,702000.0
VGB,1999,284000.0
VIR,1999,1964000.0
VNM,1999,1782000.0
VUT,1999,96000.0
WSM,1999,N/A
YEM,1999,N/A
ZAF,1999,6026000.0
ZMB,1999,404000.0
ZWE,1999,2250000.0
AFG,2000,N/A
AGO,2000,51000.0
ALB,2000,317000.0
ARE,2000,N/A
ARG,2000,2909000.0
ARM,2000,45000.0
ASM,2000,44000.0
ATG,2000,634000.0
AUS,2000,4931000.0
AUT,2000,17982000.0
AZE,2000,681000.0
BDI,2000,29000.0
BEL,2000,6457000.0
BEN,2000,1068000.0
BFA,2000,126000.0
BGD,2000,199000.0
BGR,2000,4922000.0
BHR,2000,3869000.0
BHS,2000,4204000.0
BIH,2000,171000.0
BLR,2000,2030000.0
BLZ,2000,374000.0
BMU,2000,539000.0
BOL,2000,319000.0
BRA,2000,5313000.0
BRB,2000,1078000.0
BRN,2000,984000.0
BTN,2000,7599.99990463257
BWA,2000,1306000.0
CAF,2000,11199.9998092651
CAN,2000,48638000.0
CHE,2000,7821000.0
CHL,2000,N/A
CHN,2000,83444000.0
CIV,2000,N/A
CMR,2000,N/A
COD,2000,103000.0
COG,2000,N/A
COL,2000,707000.0
COM,2000,24000.0
CPV,2000,115000.0
CRI,2000,1278000.0
CUB,2000,1774000.0
CYM,2000,1385000.0
CYP,2000,2912000.0
CZE,2000,N/A
DEU,2000,18983000.0
DJI,2000,20100.0003814697
DMA,2000,312000.0
DNK,2000,N/A
DOM,2000,3161000.0
DZA,2000,866000.0
ECU,2000,627000.0
EGY,2000,5506000.0
ERI,2000,70000.0
ESP,2000,74580000.0
EST,2000,3310000.0
ETH,2000,136000.0
FIN,2000,2714000.0
FJI,2000,434000.0
FRA,2000,N/A
FSM,2000,20500.0
GAB,2000,230000.0
GBR,2000,25209000.0
GEO,2000,387000.0
GHA,2000,399000.0
GIN,2000,33000.0
GMB,2000,79000.0
GNB,2000,N/A
GNQ,2000,N/A
GRC,2000,13567000.0
GRD,2000,316000.0
GTM,2000,826000.0
GUM,2000,1287000.0
GUY,2000,105000.0
HKG,2000,13059000.0
HND,2000,689000.0
HRV,2000,37226000.0
HTI,2000,445000.0
HUN,2000,31141000.0
IDN,2000,5064000.0
IND,2000,2649000.0
IRL,2000,6646000.0
IRN,2000,1342000.0
IRQ,2000,78000.0
ISL,2000,328000.0
ISR,2000,2672000.0
ITA,2000,62702000.0
JAM,2000,2230000.0
JOR,2000,2700000.0
JPN,2000,4757000.0
KAZ,2000,1683000.0
KEN,2000,1037000.0
KGZ,2000,173000.0
KHM,2000,466000.0
KIR,2000,13399.9996185303
KNA,2000,247000.0
KOR,2000,5322000.0
KWT,2000,1944000.0
LAO,2000,737000.0
LBN,2000,742000.0
LBR,2000,N/A
LBY,2000,963000.0
LCA,2000,727000.0
LIE,2000,61599.9984741211
LKA,2000,445000.0
LSO,2000,302000.0
LTU,2000,4092000.0
LUX,2000,852000.0
LVA,2000,1882000.0
MAC,2000,9162000.0
MAF,2000,N/A
MAR,2000,4458000.0
MDA,2000,18000.0
MDG,2000,N/A
MDV,2000,467000.0
MEX,2000,105673000.0
MHL,2000,5199.99980926514
MKD,2000,224000.0
MLI,2000,86000.0
MLT,2000,1387000.0
MMR,2000,416000.0
MNE,2000,N/A
MNG,2000,158000.0
MNP,2000,529000.0
MOZ,2000,N/A
MRT,2000,30000.0
MUS,2000,678000.0
MWI,2000,228000.0
MYS,2000,10222000.0
NAM,2000,759000.0
NCL,2000,110000.0
NER,2000,50000.0
NGA,2000,1492000.0
NIC,2000,581000.0
NLD,2000,10003000.0
NOR,2000,3104000.0
NPL,2000,464000.0
NZL,2000,1787000.0
OMN,2000,N/A
PAK,2000,557000.0
PAN,2000,600000.0
PER,2000,N/A
PHL,2000,1992000.0
PLW,2000,58000.0
PNG,2000,N/A
POL,2000,84515000.0
PRI,2000,4566000.0
PRK,2000,N/A
PRT,2000,12097000.0
PRY,2000,3924000.0
PSE,2000,310000.0
PYF,2000,N/A
QAT,2000,N/A
ROU,2000,5264000.0
RUS,2000,21169000.0
RWA,2000,N/A
SAU,2000,N/A
SDN,2000,38000.0
SEN,2000,N/A
SGP,2000,7691000.0
SLB,2000,5199.99980926514
SLE,2000,N/A
SLV,2000,867000.0
SOM,2000,N/A
SRB,2000,N/A
SSD,2000,N/A
STP,2000,7099.99990463257
SUR,2000,72000.0
SVK,2000,N/A
SVN,2000,1090000.0
SWE,2000,3828000.0
SWZ,2000,1151000.0
SXM,2000,1300000.0
SYC,2000,140000.0
SYR,2000,3412000.0
TCA,2000,N/A
TCD,2000,43000.0
TGO,2000,60000.0
THA,2000,9579000.0
TJK,2000,7699.99980926514
TKM,2000,N/A
TLS,2000,N/A
TON,2000,43000.0
TTO,2000,503000.0
TUN,2000,5058000.0
TUR,2000,10428000.0
TUV,2000,1100.00002384186
TZA,2000,501000.0
UGA,2000,193000.0
UKR,2000,11691000.0
URY,2000,2236000.0
USA,2000,78343000.0
UZB,2000,302000.0
VCT,2000,256000.0
VEN,2000,602000.0
VGB,2000,272000.0
VIR,2000,2396000.0
VNM,2000,2140000.0
VUT,2000,106000.0
WSM,2000,N/A
YEM,2000,N/A
ZAF,2000,6001000.0
ZMB,2000,457000.0
ZWE,2000,1967000.0
AFG,2001,N/A
AGO,2001,67000.0
ALB,2001,354000.0
ARE,2001,N/A
ARG,2001,2620000.0
ARM,2001,123000.0
ASM,2001,36000.0
ATG,2001,624000.0
AUS,2001,4856000.0
AUT,2001,18180000.0
AZE,2001,767000.0
BDI,2001,36000.0
BEL,2001,6452000.0
BEN,2001,1155000.0
BFA,2001,128000.0
BGD,2001,207000.0
BGR,2001,5104000.0
BHR,2001,4388000.0
BHS,2001,4183000.0
BIH,2001,139000.0
BLR,2001,1852000.0
BLZ,2001,385000.0
BMU,2001,458000.0
BOL,2001,316000.0
BRA,2001,4773000.0
BRB,2001,1035000.0
BRN,2001,840000.0
BTN,2001,6400.00009536743
BWA,2001,1451000.0
CAF,2001,9899.99961853027
CAN,2001,47147000.0
CHE,2001,7455000.0
CHL,2001,N/A
CHN,2001,89013000.0
CIV,2001,N/A
CMR,2001,N/A
COD,2001,55000.0
COG,2001,N/A
COL,2001,788000.0
COM,2001,19399.9996185303
CPV,2001,134000.0
CRI,2001,1320000.0
CUB,2001,1775000.0
CYM,2001,1549000.0
CYP,2001,2841000.0
CZE,2001,N/A
DEU,2001,17861000.0
DJI,2001,21600.0003814697
DMA,2001,276000.0
DNK,2001,N/A
DOM,2001,3090000.0
DZA,2001,901000.0
ECU,2001,641000.0
EGY,2001,4648000.0
ERI,2001,113000.0
ESP,2001,75564000.0
EST,2001,3230000.0
ETH,2001,148000.0
FIN,2001,2826000.0
FJI,2001,446000.0
FRA,2001,N/A
FSM,2001,15300.0001907349
GAB,2001,236000.0
GBR,2001,22835000.0
GEO,2001,302000.0
GHA,2001,439000.0
GIN,2001,38000.0
GMB,2001,57000.0
GNB,2001,7800.00019073486
GNQ,2001,N/A
GRC,2001,14678000.0
GRD,2001,277000.0
GTM,2001,835000.0
GUM,2001,1159000.0
GUY,2001,99000.0
HKG,2001,13725000.0
HND,2001,672000.0
HRV,2001,40129000.0
HTI,2001,499000.0
HUN,2001,30679000.0
IDN,2001,5153000.0
IND,2001,2537000.0
IRL,2001,6353000.0
IRN,2001,1402000.0
IRQ,2001,127000.0
ISL,2001,329000.0
ISR,2001,1219000.0
ITA,2001,60960000.0
JAM,2001,2117000.0
JOR,2001,3034000.0
JPN,2001,4772000.0
KAZ,2001,2693000.0
KEN,2001,994000.0
KGZ,2001,199000.0
KHM,2001,605000.0
KIR,2001,14500.0
KNA,2001,334000.0
KOR,2001,5147000.0
KWT,2001,2072000.0
LAO,2001,674000.0
LBN,2001,837000.0
LBR,2001,N/A
LBY,2001,953000.0
LCA,2001,747000.0
LIE,2001,56500.0
LKA,2001,397000.0
LSO,2001,295000.0
LTU,2001,4195000.0
LUX,2001,836000.0
LVA,2001,2061000.0
MAC,2001,10279000.0
MAF,2001,N/A
MAR,2001,4596000.0
MDA,2001,16000.0
MDG,2001,N/A
MDV,2001,461000.0
MEX,2001,100718000.0
MHL,2001,5400.00009536743
MKD,2001,99000.0
MLI,2001,89000.0
MLT,2001,1439000.0
MMR,2001,475000.0
MNE,2001,N/A
MNG,2001,192000.0
MNP,2001,444000.0
MOZ,2001,404000.0
MRT,2001,N/A
MUS,2001,675000.0
MWI,2001,266000.0
MYS,2001,12775000.0
NAM,2001,700000.0
NCL,2001,101000.0
NER,2001,52000.0
NGA,2001,1753000.0
NIC,2001,584000.0
NLD,2001,9500000.0
NOR,2001,3073000.0
NPL,2001,361000.0
NZL,2001,1909000.0
OMN,2001,1095000.0
PAK,2001,500000.0
PAN,2001,737000.0
PER,2001,N/A
PHL,2001,1797000.0
PLW,2001,54000.0
PNG,2001,N/A
POL,2001,61431000.0
PRI,2001,4908000.0
PRK,2001,N/A
PRT,2001,12167000.0
PRY,2001,3550000.0
PSE,2001,43000.0
PYF,2001,N/A
QAT,2001,N/A
ROU,2001,4938000.0
RUS,2001,21595000.0
RWA,2001,N/A
SAU,2001,N/A
SDN,2001,50000.0
SEN,2001,N/A
SGP,2001,7522000.0
SLB,2001,N/A
SLE,2001,N/A
SLV,2001,804000.0
SOM,2001,N/A
SRB,2001,N/A
SSD,2001,N/A
STP,2001,7500.0
SUR,2001,68000.0
SVK,2001,N/A
SVN,2001,1219000.0
SWE,2001,4108000.0
SWZ,2001,1312000.0
SXM,2001,1271000.0
SYC,2001,138000.0
SYR,2001,3671000.0
TCA,2001,N/A
TCD,2001,57000.0
TGO,2001,57000.0
THA,2001,10133000.0
TJK,2001,5199.99980926514
TKM,2001,N/A
TLS,2001,N/A
TON,2001,38000.0
TTO,2001,468000.0
TUN,2001,5387000.0
TUR,2001,11619000.0
TUV,2001,1100.00002384186
TZA,2001,525000.0
UGA,2001,205000.0
UKR,2001,11877000.0
URY,2001,2136000.0
USA,2001,70975000.0
UZB,2001,345000.0
VCT,2001,254000.0
VEN,2001,792000.0
VGB,2001,296000.0
VIR,2001,2497000.0
VNM,2001,2330000.0
VUT,2001,106000.0
WSM,2001,N/A
YEM,2001,N/A
ZAF,2001,5908000.0
ZMB,2001,492000.0
ZWE,2001,2217000.0
AFG,2002,N/A
AGO,2002,91000.0
ALB,2002,470000.0
ARE,2002,N/A
ARG,2002,2820000.0
ARM,2002,162000.0
ASM,2002,N/A
ATG,2002,528000.0
AUS,2002,4841000.0
AUT,2002,18611000.0
AZE,2002,834000.0
BDI,2002,74000.0
BEL,2002,6720000.0
BEN,2002,853000.0
BFA,2002,150000.0
BGD,2002,207000.0
BGR,2002,5563000.0
BHR,2002,4831000.0
BHS,2002,4406000.0
BIH,2002,160000.0
BLR,2002,1907000.0
BLZ,2002,694000.0
BMU,2002,484000.0
BOL,2002,334000.0
BRA,2002,3785000.0
BRB,2002,1021000.0
BRN,2002,891000.0
BTN,2002,5599.99990463257
BWA,2002,1485000.0
CAF,2002,2900.00009536743
CAN,2002,44896000.0
CHE,2002,6868000.0
CHL,2002,N/A
CHN,2002,97908000.0
CIV,2002,N/A
CMR,2002,N/A
COD,2002,28000.0
COG,2002,N/A
COL,2002,661000.0
COM,2002,18899.9996185303
CPV,2002,126000.0
CRI,2002,1335000.0
CUB,2002,1686000.0
CYM,2002,1878000.0
CYP,2002,2495000.0
CZE,2002,N/A
DEU,2002,17969000.0
DJI,2002,22500.0
DMA,2002,208000.0
DNK,2002,N/A
DOM,2002,3058000.0
DZA,2002,988000.0
ECU,2002,683000.0
EGY,2002,5192000.0
ERI,2002,101000.0
ESP,2002,79313000.0
EST,2002,3253000.0
ETH,2002,156000.0
FIN,2002,2875000.0
FJI,2002,461000.0
FRA,2002,N/A
FSM,2002,19100.0003814697
GAB,2002,269000.0
GBR,2002,24180000.0
GEO,2002,298000.0
GHA,2002,483000.0
GIN,2002,43000.0
GMB,2002,81000.0
GNB,2002,N/A
GNQ,2002,N/A
GRC,2002,14918000.0
GRD,2002,271000.0
GTM,2002,884000.0
GUM,2002,1059000.0
GUY,2002,104000.0
HKG,2002,16566000.0
HND,2002,788000.0
HRV,2002,41737000.0
HTI,2002,482000.0
HUN,2002,31739000.0
IDN,2002,5033000.0
IND,2002,2384000.0
IRL,2002,6476000.0
IRN,2002,1585000.0
IRQ,2002,N/A
ISL,2002,315000.0
ISR,2002,862099.975585938
ITA,2002,63561000.0
JAM,2002,2131000.0
JOR,2002,4677000.0
JPN,2002,5239000.0
KAZ,2002,3678000.0
KEN,2002,1001000.0
KGZ,2002,183000.0
KHM,2002,787000.0
KIR,2002,119500.0
KNA,2002,240000.0
KOR,2002,5347000.0
KWT,2002,2316000.0
LAO,2002,736000.0
LBN,2002,956000.0
LBR,2002,N/A
LBY,2002,858000.0
LCA,2002,648000.0
LIE,2002,48700.0007629395
LKA,2002,457000.0
LSO,2002,287000.0
LTU,2002,3999000.0
LUX,2002,885000.0
LVA,2002,2297000.0
MAC,2002,11531000.0
MAF,2002,N/A
MAR,2002,4709000.0
MDA,2002,18000.0
MDG,2002,N/A
MDV,2002,485000.0
MEX,2002,100153000.0
MHL,2002,6000.0
MKD,2002,123000.0
MLI,2002,96000.0
MLT,2002,1483000.0
MMR,2002,487000.0
MNE,2002,136000.0
MNG,2002,235000.0
MNP,2002,476000.0
MOZ,2002,943000.0
MRT,2002,N/A
MUS,2002,709000.0
MWI,2002,383000.0
MYS,2002,13292000.0
NAM,2002,799000.0
NCL,2002,104000.0
NER,2002,39000.0
NGA,2002,2046000.0
NIC,2002,579000.0
NLD,2002,9595000.0
NOR,2002,3111000.0
NPL,2002,275000.0
NZL,2002,2045000.0
OMN,2002,1112000.0
PAK,2002,498000.0
PAN,2002,800000.0
PER,2002,N/A
PHL,2002,1933000.0
PLW,2002,59000.0
PNG,2002,N/A
POL,2002,50735000.0
PRI,2002,4364000.0
PRK,2002,N/A
PRT,2002,11644000.0
PRY,2002,3194000.0
PSE,2002,33000.0
PYF,2002,N/A
QAT,2002,N/A
ROU,2002,4794000.0
RUS,2002,23309000.0
RWA,2002,N/A
SAU,2002,N/A
SDN,2002,52000.0
SEN,2002,N/A
SGP,2002,7567000.0
SLB,2002,N/A
SLE,2002,N/A
SLV,2002,885000.0
SOM,2002,N/A
SRB,2002,312000.0
SSD,2002,N/A
STP,2002,9199.99980926514
SUR,2002,N/A
SVK,2002,N/A
SVN,2002,1302000.0
SWE,2002,4276000.0
SWZ,2002,1371000.0
SXM,2002,1436000.0
SYC,2002,135000.0
SYR,2002,4678000.0
TCA,2002,N/A
TCD,2002,32000.0
TGO,2002,58000.0
THA,2002,10873000.0
TJK,2002,N/A
TKM,2002,N/A
TLS,2002,N/A
TON,2002,45000.0
TTO,2002,451000.0
TUN,2002,5064000.0
TUR,2002,13256000.0
TUV,2002,1299.99995231628
TZA,2002,575000.0
UGA,2002,254000.0
UKR,2002,12793000.0
URY,2002,1354000.0
USA,2002,64434000.0
UZB,2002,332000.0
VCT,2002,247000.0
VEN,2002,590000.0
VGB,2002,282000.0
VIR,2002,2337000.0
VNM,2002,2628000.0
VUT,2002,99000.0
WSM,2002,N/A
YEM,2002,N/A
ZAF,2002,6550000.0
ZMB,2002,565000.0
ZWE,2002,2041000.0
AFG,2003,N/A
AGO,2003,107000.0
ALB,2003,557000.0
ARE,2003,N/A
ARG,2003,2995000.0
ARM,2003,206000.0
ASM,2003,N/A
ATG,2003,623000.0
AUS,2003,4746000.0
AUT,2003,19078000.0
AZE,2003,1038000.0
BDI,2003,74000.0
BEL,2003,6690000.0
BEN,2003,850000.0
BFA,2003,163000.0
BGD,2003,245000.0
BGR,2003,6241000.0
BHR,2003,4844000.0
BHS,2003,4594000.0
BIH,2003,165000.0
BLR,2003,1729000.0
BLZ,2003,999000.0
BMU,2003,483000.0
BOL,2003,427000.0
BRA,2003,4133000.0
BRB,2003,1090000.0
BRN,2003,944000.0
BTN,2003,6300.00019073486
BWA,2003,1592000.0
CAF,2003,5699.99980926514
CAN,2003,38903000.0
CHE,2003,6530000.0
CHL,2003,N/A
CHN,2003,91662000.0
CIV,2003,N/A
CMR,2003,N/A
COD,2003,35000.0
COG,2003,N/A
COL,2003,668000.0
COM,2003,20600.0003814697
CPV,2003,150000.0
CRI,2003,1514000.0
CUB,2003,1906000.0
CYM,2003,2113000.0
CYP,2003,2416000.0
CZE,2003,20108000.0
DEU,2003,18399000.0
DJI,2003,23200.0007629395
DMA,2003,254000.0
DNK,2003,21119000.0
DOM,2003,3680000.0
DZA,2003,1166000.0
ECU,2003,761000.0
EGY,2003,6044000.0
ERI,2003,80000.0
ESP,2003,82326000.0
EST,2003,3378000.0
ETH,2003,180000.0
FIN,2003,2601000.0
FJI,2003,451000.0
FRA,2003,N/A
FSM,2003,18200.0007629395
GAB,2003,234000.0
GBR,2003,24715000.0
GEO,2003,313000.0
GHA,2003,531000.0
GIN,2003,44000.0
GMB,2003,89000.0
GNB,2003,N/A
GNQ,2003,N/A
GRC,2003,14785000.0
GRD,2003,294000.0
GTM,2003,880000.0
GUM,2003,910000.0
GUY,2003,101000.0
HKG,2003,15537000.0
HND,2003,887000.0
HRV,2003,42857000.0
HTI,2003,518000.0
HUN,2003,31412000.0
IDN,2003,4467000.0
IND,2003,2726000.0
IRL,2003,6764000.0
IRN,2003,1546000.0
IRQ,2003,N/A
ISL,2003,348000.0
ISR,2003,N/A
ITA,2003,63026000.0
JAM,2003,2483000.0
JOR,2003,4600000.0
JPN,2003,5212000.0
KAZ,2003,3237000.0
KEN,2003,1146000.0
KGZ,2003,342000.0
KHM,2003,701000.0
KIR,2003,130100.006103516
KNA,2003,247000.0
KOR,2003,4753000.0
KWT,2003,2602000.0
LAO,2003,636000.0
LBN,2003,1016000.0
LBR,2003,N/A
LBY,2003,958000.0
LCA,2003,683000.0
LIE,2003,49000.0
LKA,2003,583000.0
LSO,2003,329000.0
LTU,2003,3635000.0
LUX,2003,867000.0
LVA,2003,2524000.0
MAC,2003,11888000.0
MAF,2003,N/A
MAR,2003,5021000.0
MDA,2003,21000.0
MDG,2003,N/A
MDV,2003,564000.0
MEX,2003,92330000.0
MHL,2003,7199.99980926514
MKD,2003,158000.0
MLI,2003,110000.0
MLT,2003,1512000.0
MMR,2003,597000.0
MNE,2003,142000.0
MNG,2003,205000.0
MNP,2003,459000.0
MOZ,2003,726000.0
MRT,2003,N/A
MUS,2003,721000.0
MWI,2003,424000.0
MYS,2003,10577000.0
NAM,2003,739000.0
NCL,2003,102000.0
NER,2003,55000.0
NGA,2003,2253000.0
NIC,2003,646000.0
NLD,2003,9181000.0
NOR,2003,3269000.0
NPL,2003,338000.0
NZL,2003,2104000.0
OMN,2003,1210000.0
PAK,2003,501000.0
PAN,2003,897000.0
PER,2003,N/A
PHL,2003,1907000.0
PLW,2003,63000.0
PNG,2003,N/A
POL,2003,52130000.0
PRI,2003,4402000.0
PRK,2003,N/A
PRT,2003,11707000.0
PRY,2003,2859000.0
PSE,2003,37000.0
PYF,2003,N/A
QAT,2003,N/A
ROU,2003,5595000.0
RUS,2003,22521000.0
RWA,2003,N/A
SAU,2003,N/A
SDN,2003,52000.0
SEN,2003,502000.0
SGP,2003,6127000.0
SLB,2003,6599.99990463257
SLE,2003,N/A
SLV,2003,798000.0
SOM,2003,N/A
SRB,2003,339000.0
SSD,2003,N/A
STP,2003,10000.0
SUR,2003,100000.0
SVK,2003,N/A
SVN,2003,1373000.0
SWE,2003,4268000.0
SWZ,2003,1543000.0
SXM,2003,1600000.0
SYC,2003,127000.0
SYR,2003,4837000.0
TCA,2003,N/A
TCD,2003,21000.0
TGO,2003,61000.0
THA,2003,10082000.0
TJK,2003,N/A
TKM,2003,N/A
TLS,2003,N/A
TON,2003,51000.0
TTO,2003,474000.0
TUN,2003,5114000.0
TUR,2003,14030000.0
TUV,2003,1399.99997615814
TZA,2003,576000.0
UGA,2003,305000.0
UKR,2003,15161000.0
URY,2003,1508000.0
USA,2003,62082000.0
UZB,2003,231000.0
VCT,2003,242000.0
VEN,2003,435000.0
VGB,2003,278000.0
VIR,2003,2395000.0
VNM,2003,2429000.0
VUT,2003,102000.0
WSM,2003,N/A
YEM,2003,N/A
ZAF,2003,6640000.0
ZMB,2003,413000.0
ZWE,2003,2256000.0
AFG,2004,N/A
AGO,2004,194000.0
ALB,2004,645000.0
ARE,2004,N/A
ARG,2004,3457000.0
ARM,2004,263000.0
ASM,2004,N/A
ATG,2004,769000.0
AUS,2004,5215000.0
AUT,2004,19374000.0
AZE,2004,1279000.0
BDI,2004,133000.0
BEL,2004,6710000.0
BEN,2004,845000.0
BFA,2004,222000.0
BGD,2004,271000.0
BGR,2004,6982000.0
BHR,2004,5667000.0
BHS,2004,5004000.0
BIH,2004,190000.0
BLR,2004,1816000.0
BLZ,2004,1329000.0
BMU,2004,478000.0
BOL,2004,480000.0
BRA,2004,4794000.0
BRB,2004,1273000.0
BRN,2004,N/A
BTN,2004,9199.99980926514
BWA,2004,1727000.0
CAF,2004,8199.99980926514
CAN,2004,38845000.0
CHE,2004,N/A
CHL,2004,N/A
CHN,2004,109038000.0
CIV,2004,N/A
CMR,2004,N/A
COD,2004,36000.0
COG,2004,N/A
COL,2004,840000.0
COM,2004,23299.9992370605
CPV,2004,157000.0
CRI,2004,1771000.0
CUB,2004,2049000.0
CYM,2004,1953000.0
CYP,2004,2478000.0
CZE,2004,23808000.0
DEU,2004,20137000.0
DJI,2004,26299.9992370605
DMA,2004,466000.0
DNK,2004,22054000.0
DOM,2004,3907000.0
DZA,2004,1234000.0
ECU,2004,819000.0
EGY,2004,8104000.0
ERI,2004,87000.0
ESP,2004,85981000.0
EST,2004,N/A
ETH,2004,184000.0
FIN,2004,2840000.0
FJI,2004,513000.0
FRA,2004,190282000.0
FSM,2004,19299.9992370605
GAB,2004,351000.0
GBR,2004,27755000.0
GEO,2004,368000.0
GHA,2004,584000.0
GIN,2004,45000.0
GMB,2004,90000.0
GNB,2004,N/A
GNQ,2004,N/A
GRC,2004,14268000.0
GRD,2004,370000.0
GTM,2004,1182000.0
GUM,2004,1160000.0
GUY,2004,122000.0
HKG,2004,21811000.0
HND,2004,1026000.0
HRV,2004,44974000.0
HTI,2004,385000.0
HUN,2004,33934000.0
IDN,2004,5321000.0
IND,2004,3457000.0
IRL,2004,6953000.0
IRN,2004,1659000.0
IRQ,2004,N/A
ISL,2004,405000.0
ISR,2004,1505800.04882813
ITA,2004,58480000.0
JAM,2004,2515000.0
JOR,2004,5587000.0
JPN,2004,6138000.0
KAZ,2004,4291000.0
KEN,2004,1361000.0
KGZ,2004,398000.0
KHM,2004,1055000.0
KIR,2004,63900.0015258789
KNA,2004,383000.0
KOR,2004,5818000.0
KWT,2004,3056000.0
LAO,2004,895000.0
LBN,2004,1278000.0
LBR,2004,N/A
LBY,2004,N/A
LCA,2004,791000.0
LIE,2004,48500.0
LKA,2004,681000.0
LSO,2004,304000.0
LTU,2004,N/A
LUX,2004,878000.0
LVA,2004,3127000.0
MAC,2004,16673000.0
MAF,2004,N/A
MAR,2004,5732000.0
MDA,2004,69000.0
MDG,2004,N/A
MDV,2004,617000.0
MEX,2004,99250000.0
MHL,2004,9000.0
MKD,2004,165000.0
MLI,2004,113000.0
MLT,2004,1428000.0
MMR,2004,657000.0
MNE,2004,188000.0
MNG,2004,305000.0
MNP,2004,536000.0
MOZ,2004,711000.0
MRT,2004,N/A
MUS,2004,739000.0
MWI,2004,427000.0
MYS,2004,15703000.0
NAM,2004,986000.0
NCL,2004,100000.0
NER,2004,57000.0
NGA,2004,2646000.0
NIC,2004,735000.0
NLD,2004,9646000.0
NOR,2004,3628000.0
NPL,2004,385000.0
NZL,2004,2334000.0
OMN,2004,1407000.0
PAK,2004,648000.0
PAN,2004,1004000.0
PER,2004,1650000.0
PHL,2004,2291000.0
PLW,2004,89000.0
PNG,2004,N/A
POL,2004,61918000.0
PRI,2004,4889000.0
PRK,2004,N/A
PRT,2004,10639000.0
PRY,2004,2589000.0
PSE,2004,56000.0
PYF,2004,N/A
QAT,2004,N/A
ROU,2004,6600000.0
RUS,2004,22064000.0
RWA,2004,N/A
SAU,2004,11083000.0
SDN,2004,61000.0
SEN,2004,677000.0
SGP,2004,8329000.0
SLB,2004,5599.99990463257
SLE,2004,N/A
SLV,2004,1030000.0
SOM,2004,N/A
SRB,2004,392000.0
SSD,2004,N/A
STP,2004,10600.0003814697
SUR,2004,N/A
SVK,2004,N/A
SVN,2004,1499000.0
SWE,2004,4676000.0
SWZ,2004,N/A
SXM,2004,1823000.0
SYC,2004,126000.0
SYR,2004,6334000.0
TCA,2004,N/A
TCD,2004,26000.0
TGO,2004,83000.0
THA,2004,11737000.0
TJK,2004,N/A
TKM,2004,N/A
TLS,2004,N/A
TON,2004,51000.0
TTO,2004,501000.0
TUN,2004,5998000.0
TUR,2004,17517000.0
TUV,2004,1299.99995231628
TZA,2004,583000.0
UGA,2004,512000.0
UKR,2004,18583000.0
URY,2004,1871000.0
USA,2004,67606000.0
UZB,2004,262000.0
VCT,2004,262000.0
VEN,2004,618000.0
VGB,2004,304000.0
VIR,2004,2620000.0
VNM,2004,2928000.0
VUT,2004,99000.0
WSM,2004,N/A
YEM,2004,N/A
ZAF,2004,6815000.0
ZMB,2004,515000.0
ZWE,2004,1854000.0
AFG,2005,N/A
AGO,2005,210000.0
ALB,2005,748000.0
ARE,2005,N/A
ARG,2005,3823000.0
ARM,2005,319000.0
ASM,2005,24500.0
ATG,2005,712000.0
AUS,2005,5499000.0
AUT,2005,19952000.0
AZE,2005,1177000.0
BDI,2005,148000.0
BEL,2005,6747000.0
BEN,2005,960000.0
BFA,2005,245000.0
BGD,2005,208000.0
BGR,2005,7282000.0
BHR,2005,6313000.0
BHS,2005,4779000.0
BIH,2005,217000.0
BLR,2005,4738000.0
BLZ,2005,1037000.0
BMU,2005,517000.0
BOL,2005,524000.0
BRA,2005,5358000.0
BRB,2005,1111000.0
BRN,2005,815000.0
BTN,2005,13600.0003814697
BWA,2005,1684000.0
CAF,2005,12000.0
CAN,2005,36160000.0
CHE,2005,7229000.0
CHL,2005,N/A
CHN,2005,120292000.0
CIV,2005,N/A
CMR,2005,N/A
COD,2005,61000.0
COG,2005,N/A
COL,2005,981000.0
COM,2005,25899.9996185303
CPV,2005,198000.0
CRI,2005,1959000.0
CUB,2005,2319000.0
CYM,2005,1967000.0
CYP,2005,2657000.0
CZE,2005,24747000.0
DEU,2005,21500000.0
DJI,2005,30200.0007629395
DMA,2005,381000.0
DNK,2005,26927000.0
DOM,2005,3981000.0
DZA,2005,1443000.0
ECU,2005,860000.0
EGY,2005,8608000.0
ERI,2005,83000.0
ESP,2005,92563000.0
EST,2005,N/A
ETH,2005,227000.0
FIN,2005,3140000.0
FJI,2005,547000.0
FRA,2005,185829000.0
FSM,2005,19000.0
GAB,2005,526000.0
GBR,2005,29970000.0
GEO,2005,560000.0
GHA,2005,429000.0
GIN,2005,45000.0
GMB,2005,108000.0
GNB,2005,5000.0
GNQ,2005,N/A
GRC,2005,15938000.0
GRD,2005,380000.0
GTM,2005,1316000.0
GUM,2005,1228000.0
GUY,2005,117000.0
HKG,2005,23359000.0
HND,2005,1118000.0
HRV,2005,45762000.0
HTI,2005,480000.0
HUN,2005,36173000.0
IDN,2005,5002000.0
IND,2005,3919000.0
IRL,2005,7333000.0
IRN,2005,1889000.0
IRQ,2005,N/A
ISL,2005,429000.0
ISR,2005,1916000.0
ITA,2005,59230000.0
JAM,2005,2615000.0
JOR,2005,5817000.0
JPN,2005,6728000.0
KAZ,2005,4365000.0
KEN,2005,1479000.0
KGZ,2005,319000.0
KHM,2005,1422000.0
KIR,2005,50200.0007629395
KNA,2005,365000.0
KOR,2005,6023000.0
KWT,2005,3474000.0
LAO,2005,1095000.0
LBN,2005,1140000.0
LBR,2005,N/A
LBY,2005,N/A
LCA,2005,720000.0
LIE,2005,49799.9992370605
LKA,2005,669000.0
LSO,2005,304000.0
LTU,2005,N/A
LUX,2005,913000.0
LVA,2005,3791000.0
MAC,2005,18711000.0
MAF,2005,N/A
MAR,2005,6077000.0
MDA,2005,67000.0
MDG,2005,N/A
MDV,2005,395000.0
MEX,2005,103146000.0
MHL,2005,9199.99980926514
MKD,2005,197000.0
MLI,2005,143000.0
MLT,2005,1484000.0
MMR,2005,660000.0
MNE,2005,272000.0
MNG,2005,345000.0
MNP,2005,507000.0
MOZ,2005,954000.0
MRT,2005,N/A
MUS,2005,782000.0
MWI,2005,438000.0
MYS,2005,16431000.0
NAM,2005,856000.0
NCL,2005,101000.0
NER,2005,58000.0
NGA,2005,2778000.0
NIC,2005,804000.0
NLD,2005,10012000.0
NOR,2005,3824000.0
NPL,2005,375000.0
NZL,2005,2366000.0
OMN,2005,1101000.0
PAK,2005,798000.0
PAN,2005,1070000.0
PER,2005,1938000.0
PHL,2005,2623000.0
PLW,2005,81000.0
PNG,2005,N/A
POL,2005,64606000.0
PRI,2005,5073000.0
PRK,2005,N/A
PRT,2005,10612000.0
PRY,2005,2648000.0
PSE,2005,88000.0
PYF,2005,N/A
QAT,2005,N/A
ROU,2005,5839000.0
RUS,2005,22201000.0
RWA,2005,N/A
SAU,2005,10417000.0
SDN,2005,246000.0
SEN,2005,779000.0
SGP,2005,8943000.0
SLB,2005,9399.99961853027
SLE,2005,N/A
SLV,2005,1306000.0
SOM,2005,N/A
SRB,2005,453000.0
SSD,2005,N/A
STP,2005,15800.0001907349
SUR,2005,N/A
SVK,2005,N/A
SVN,2005,1555000.0
SWE,2005,4883000.0
SWZ,2005,1182000.0
SXM,2005,1956000.0
SYC,2005,135000.0
SYR,2005,5859000.0
TCA,2005,N/A
TCD,2005,29000.0
TGO,2005,81000.0
THA,2005,11567000.0
TJK,2005,N/A
TKM,2005,N/A
TLS,2005,N/A
TON,2005,60000.0
TTO,2005,529000.0
TUN,2005,6378000.0
TUR,2005,21125000.0
TUV,2005,1100.00002384186
TZA,2005,613000.0
UGA,2005,468000.0
UKR,2005,20489000.0
URY,2005,1917000.0
USA,2005,71484000.0
UZB,2005,242000.0
VCT,2005,256000.0
VEN,2005,846000.0
VGB,2005,337000.0
VIR,2005,2602000.0
VNM,2005,3477000.0
VUT,2005,126000.0
WSM,2005,N/A
YEM,2005,N/A
ZAF,2005,7518000.0
ZMB,2005,669000.0
ZWE,2005,1559000.0
AFG,2006,N/A
AGO,2006,121000.0
ALB,2006,937000.0
ARE,2006,N/A
ARG,2006,4173000.0
ARM,2006,382000.0
ASM,2006,25299.9992370605
ATG,2006,838000.0
AUS,2006,5532000.0
AUT,2006,20269000.0
AZE,2006,1194000.0
BDI,2006,214000.0
BEL,2006,6995000.0
BEN,2006,975000.0
BFA,2006,264000.0
BGD,2006,200000.0
BGR,2006,7499000.0
BHR,2006,7289000.0
BHS,2006,4731000.0
BIH,2006,256000.0
BLR,2006,5276000.0
BLZ,2006,903000.0
BMU,2006,635000.0
BOL,2006,521000.0
BRA,2006,5017000.0
BRB,2006,1102000.0
BRN,2006,836000.0
BTN,2006,17299.9992370605
BWA,2006,1642000.0
CAF,2006,13800.0001907349
CAN,2006,33390000.0
CHE,2006,7863000.0
CHL,2006,N/A
CHN,2006,124942000.0
CIV,2006,N/A
CMR,2006,451000.0
COD,2006,55000.0
COG,2006,N/A
COL,2006,2096000.0
COM,2006,28500.0
CPV,2006,242000.0
CRI,2006,2071000.0
CUB,2006,2221000.0
CYM,2006,2197000.0
CYP,2006,2629000.0
CZE,2006,25102000.0
DEU,2006,23569000.0
DJI,2006,39500.0
DMA,2006,465000.0
DNK,2006,26936000.0
DOM,2006,4268000.0
DZA,2006,1638000.0
ECU,2006,841000.0
EGY,2006,9083000.0
ERI,2006,78000.0
ESP,2006,96152000.0
EST,2006,N/A
ETH,2006,330000.0
FIN,2006,3375000.0
FJI,2006,N/A
FRA,2006,193882000.0
FSM,2006,19100.0003814697
GAB,2006,N/A
GBR,2006,32713000.0
GEO,2006,983000.0
GHA,2006,497000.0
GIN,2006,46099.9984741211
GMB,2006,125000.0
GNB,2006,11600.0003814697
GNQ,2006,N/A
GRC,2006,17284000.0
GRD,2006,342000.0
GTM,2006,1502000.0
GUM,2006,1212000.0
GUY,2006,113000.0
HKG,2006,25251000.0
HND,2006,1136000.0
HRV,2006,47733000.0
HTI,2006,558000.0
HUN,2006,38318000.0
IDN,2006,4871000.0
IND,2006,4447000.0
IRL,2006,8001000.0
IRN,2006,2735000.0
IRQ,2006,N/A
ISL,2006,477000.0
ISR,2006,1834000.0
ITA,2006,66353000.0
JAM,2006,3016000.0
JOR,2006,6573000.0
JPN,2006,7334000.0
KAZ,2006,4707000.0
KEN,2006,1601000.0
KGZ,2006,766000.0
KHM,2006,1700000.0
KIR,2006,10800.0001907349
KNA,2006,350000.0
KOR,2006,6155000.0
KWT,2006,3899000.0
LAO,2006,1215000.0
LBN,2006,1063000.0
LBR,2006,N/A
LBY,2006,125000.0
LCA,2006,670000.0
LIE,2006,54900.0015258789
LKA,2006,689000.0
LSO,2006,357000.0
LTU,2006,N/A
LUX,2006,908000.0
LVA,2006,4649000.0
MAC,2006,21998000.0
MAF,2006,N/A
MAR,2006,6777000.0
MDA,2006,63000.0
MDG,2006,N/A
MDV,2006,602000.0
MEX,2006,97701000.0
MHL,2006,5800.00019073486
MKD,2006,202000.0
MLI,2006,153000.0
MLT,2006,1521000.0
MMR,2006,630000.0
MNE,2006,378000.0
MNG,2006,408000.0
MNP,2006,436000.0
MOZ,2006,1095000.0
MRT,2006,N/A
MUS,2006,807000.0
MWI,2006,638000.0
MYS,2006,17547000.0
NAM,2006,961000.0
NCL,2006,100000.0
NER,2006,60000.0
NGA,2006,3056000.0
NIC,2006,891000.0
NLD,2006,10739000.0
NOR,2006,4070000.0
NPL,2006,384000.0
NZL,2006,2409000.0
OMN,2006,1385000.0
PAK,2006,898000.0
PAN,2006,1215000.0
PER,2006,2227000.0
PHL,2006,2843000.0
PLW,2006,82000.0
PNG,2006,N/A
POL,2006,65115000.0
PRI,2006,5022000.0
PRK,2006,N/A
PRT,2006,11282000.0
PRY,2006,2830000.0
PSE,2006,123000.0
PYF,2006,N/A
QAT,2006,N/A
ROU,2006,6037000.0
RUS,2006,22486000.0
RWA,2006,531000.0
SAU,2006,10962000.0
SDN,2006,328000.0
SEN,2006,876000.0
SGP,2006,9751000.0
SLB,2006,11500.0
SLE,2006,N/A
SLV,2006,1501000.0
SOM,2006,N/A
SRB,2006,469000.0
SSD,2006,N/A
STP,2006,12300.0001907349
SUR,2006,154000.0
SVK,2006,N/A
SVN,2006,1617000.0
SWE,2006,4729000.0
SWZ,2006,1200000.0
SXM,2006,1890000.0
SYC,2006,151000.0
SYR,2006,5682000.0
TCA,2006,N/A
TCD,2006,46000.0
TGO,2006,94000.0
THA,2006,13822000.0
TJK,2006,N/A
TKM,2006,N/A
TLS,2006,14000.0
TON,2006,54000.0
TTO,2006,534000.0
TUN,2006,6550000.0
TUR,2006,19820000.0
TUV,2006,1100.00002384186
TZA,2006,644000.0
UGA,2006,539000.0
UKR,2006,21714000.0
URY,2006,1824000.0
USA,2006,183178000.0
UZB,2006,560000.0
VCT,2006,306000.0
VEN,2006,883000.0
VGB,2006,356000.0
VIR,2006,2571000.0
VNM,2006,3583000.0
VUT,2006,154000.0
WSM,2006,116000.0
YEM,2006,N/A
ZAF,2006,8509000.0
ZMB,2006,757000.0
ZWE,2006,2287000.0
AFG,2007,N/A
AGO,2007,195000.0
ALB,2007,1127000.0
ARE,2007,N/A
ARG,2007,4562000.0
ARM,2007,511000.0
ASM,2007,24100.0003814697
ATG,2007,935000.0
AUS,2007,5644000.0
AUT,2007,20773000.0
AZE,2007,1333000.0
BDI,2007,192000.0
BEL,2007,7045000.0
BEN,2007,1010000.0
BFA,2007,289000.0
BGD,2007,289000.0
BGR,2007,7726000.0
BHR,2007,7833000.0
BHS,2007,4601000.0
BIH,2007,306000.0
BLR,2007,5283000.0
BLZ,2007,880000.0
BMU,2007,660000.0
BOL,2007,573000.0
BRA,2007,5026000.0
BRB,2007,1191000.0
BRN,2007,877000.0
BTN,2007,21000.0
BWA,2007,1965000.0
CAF,2007,17100.0003814697
CAN,2007,30373000.0
CHE,2007,8448000.0
CHL,2007,N/A
CHN,2007,131873000.0
CIV,2007,182000.0
CMR,2007,477000.0
COD,2007,47000.0
COG,2007,N/A
COL,2007,2381000.0
COM,2007,15199.9998092651
CPV,2007,267000.0
CRI,2007,2302000.0
CUB,2007,2152000.0
CYM,2007,2008000.0
CYP,2007,2671000.0
CZE,2007,22625000.0
DEU,2007,24421000.0
DJI,2007,40000.0
DMA,2007,437000.0
DNK,2007,27138000.0
DOM,2007,4365000.0
DZA,2007,1743000.0
ECU,2007,937000.0
EGY,2007,11091000.0
ERI,2007,81000.0
ESP,2007,98907000.0
EST,2007,N/A
ETH,2007,358000.0
FIN,2007,3519000.0
FJI,2007,542000.0
FRA,2007,193319000.0
FSM,2007,21100.0003814697
GAB,2007,N/A
GBR,2007,32778000.0
GEO,2007,1052000.0
GHA,2007,587000.0
GIN,2007,30000.0
GMB,2007,143000.0
GNB,2007,15600.0003814697
GNQ,2007,N/A
GRC,2007,N/A
GRD,2007,406000.0
GTM,2007,1628000.0
GUM,2007,1225000.0
GUY,2007,134000.0
HKG,2007,28169000.0
HND,2007,1309000.0
HRV,2007,52271000.0
HTI,2007,868000.0
HUN,2007,39379000.0
IDN,2007,5506000.0
IND,2007,5082000.0
IRL,2007,8332000.0
IRN,2007,2219000.0
IRQ,2007,N/A
ISL,2007,539000.0
ISR,2007,2294000.0
ITA,2007,70271000.0
JAM,2007,2880000.0
JOR,2007,6529000.0
JPN,2007,8347000.0
KAZ,2007,5311000.0
KEN,2007,1817000.0
KGZ,2007,1656000.0
KHM,2007,2015000.0
KIR,2007,32299.9992370605
KNA,2007,379000.0
KOR,2007,6448000.0
KWT,2007,4482000.0
LAO,2007,1624000.0
LBN,2007,1017000.0
LBR,2007,N/A
LBY,2007,106000.0
LCA,2007,905000.0
LIE,2007,72800.0030517578
LKA,2007,592000.0
LSO,2007,300000.0
LTU,2007,4251000.0
LUX,2007,914000.0
LVA,2007,5209000.0
MAC,2007,27003000.0
MAF,2007,N/A
MAR,2007,7701000.0
MDA,2007,70000.0
MDG,2007,N/A
MDV,2007,676000.0
MEX,2007,93582000.0
MHL,2007,7199.99980926514
MKD,2007,230000.0
MLI,2007,164000.0
MLT,2007,1723000.0
MMR,2007,716000.0
MNE,2007,984000.0
MNG,2007,455000.0
MNP,2007,389000.0
MOZ,2007,1259000.0
MRT,2007,N/A
MUS,2007,933000.0
MWI,2007,735000.0
MYS,2007,20973000.0
NAM,2007,1048000.0
NCL,2007,103000.0
NER,2007,48000.0
NGA,2007,5239000.0
NIC,2007,978000.0
NLD,2007,11008000.0
NOR,2007,4377000.0
NPL,2007,527000.0
NZL,2007,2455000.0
OMN,2007,1360000.0
PAK,2007,840000.0
PAN,2007,1428000.0
PER,2007,2451000.0
PHL,2007,3092000.0
PLW,2007,88000.0
PNG,2007,N/A
POL,2007,66208000.0
PRI,2007,5062000.0
PRK,2007,N/A
PRT,2007,6788000.0
PRY,2007,3005000.0
PSE,2007,264000.0
PYF,2007,243000.0
QAT,2007,N/A
ROU,2007,7722000.0
RUS,2007,22909000.0
RWA,2007,610000.0
SAU,2007,13479000.0
SDN,2007,436000.0
SEN,2007,879000.0
SGP,2007,10285000.0
SLB,2007,13699.9998092651
SLE,2007,N/A
SLV,2007,1720000.0
SOM,2007,N/A
SRB,2007,696000.0
SSD,2007,N/A
STP,2007,11800.0001907349
SUR,2007,167000.0
SVK,2007,N/A
SVN,2007,1751000.0
SWE,2007,5224000.0
SWZ,2007,1230000.0
SXM,2007,1891000.0
SYC,2007,171000.0
SYR,2007,5434000.0
TCA,2007,N/A
TCD,2007,77000.0
TGO,2007,86000.0
THA,2007,14464000.0
TJK,2007,N/A
TKM,2007,N/A
TLS,2007,22000.0
TON,2007,65000.0
TTO,2007,531000.0
TUN,2007,6762000.0
TUR,2007,27215000.0
TUV,2007,1100.00002384186
TZA,2007,719000.0
UGA,2007,642000.0
UKR,2007,26162000.0
URY,2007,1815000.0
USA,2007,175299000.0
UZB,2007,903000.0
VCT,2007,328000.0
VEN,2007,898000.0
VGB,2007,358000.0
VIR,2007,2606000.0
VNM,2007,4229000.0
VUT,2007,167000.0
WSM,2007,122000.0
YEM,2007,N/A
ZAF,2007,9208000.0
ZMB,2007,897000.0
ZWE,2007,2506000.0
AFG,2008,N/A
AGO,2008,294000.0
ALB,2008,1420000.0
ARE,2008,N/A
ARG,2008,4700000.0
ARM,2008,558000.0
ASM,2008,24299.9992370605
ATG,2008,863000.0
AUS,2008,5586000.0
AUT,2008,21935000.0
AZE,2008,1899000.0
BDI,2008,202000.0
BEL,2008,7165000.0
BEN,2008,1027000.0
BFA,2008,272000.0
BGD,2008,467000.0
BGR,2008,8533000.0
BHR,2008,8631000.0
BHS,2008,4394000.0
BIH,2008,322000.0
BLR,2008,5262000.0
BLZ,2008,846000.0
BMU,2008,550000.0
BOL,2008,594000.0
BRA,2008,5050000.0
BRB,2008,1165000.0
BRN,2008,N/A
BTN,2008,28000.0
BWA,2008,2344000.0
CAF,2008,30600.0003814697
CAN,2008,27370000.0
CHE,2008,8608000.0
CHL,2008,3713000.0
CHN,2008,130027000.0
CIV,2008,205000.0
CMR,2008,487000.0
COD,2008,50000.0
COG,2008,N/A
COL,2008,2545000.0
COM,2008,14800.0001907349
CPV,2008,285000.0
CRI,2008,2409000.0
CUB,2008,2348000.0
CYM,2008,1856000.0
CYP,2008,2631000.0
CZE,2008,21850000.0
DEU,2008,24884000.0
DJI,2008,54000.0
DMA,2008,468000.0
DNK,2008,26870000.0
DOM,2008,4455000.0
DZA,2008,1772000.0
ECU,2008,1005000.0
EGY,2008,12835000.0
ERI,2008,70000.0
ESP,2008,97670000.0
EST,2008,3828000.0
ETH,2008,383000.0
FIN,2008,3583000.0
FJI,2008,627000.0
FRA,2008,193571000.0
FSM,2008,25700.0007629395
GAB,2008,N/A
GBR,2008,31888000.0
GEO,2008,1290000.0
GHA,2008,698000.0
GIN,2008,24000.0
GMB,2008,147000.0
GNB,2008,18000.0
GNQ,2008,N/A
GRC,2008,N/A
GRD,2008,428000.0
GTM,2008,1715000.0
GUM,2008,1142000.0
GUY,2008,130000.0
HKG,2008,29507000.0
HND,2008,1561000.0
HRV,2008,51336000.0
HTI,2008,758000.0
HUN,2008,39554000.0
IDN,2008,6234000.0
IND,2008,5283000.0
IRL,2008,8026000.0
IRN,2008,2034000.0
IRQ,2008,864000.0
ISL,2008,561000.0
ISR,2008,3034000.0
ITA,2008,70719000.0
JAM,2008,2859000.0
JOR,2008,7100000.0
JPN,2008,8351000.0
KAZ,2008,4117000.0
KEN,2008,1203000.0
KGZ,2008,2379000.0
KHM,2008,2125000.0
KIR,2008,N/A
KNA,2008,533000.0
KOR,2008,6891000.0
KWT,2008,4736000.0
LAO,2008,1737000.0
LBN,2008,1333000.0
LBR,2008,N/A
LBY,2008,760000.0
LCA,2008,925000.0
LIE,2008,72900.0015258789
LKA,2008,526000.0
LSO,2008,293000.0
LTU,2008,4459000.0
LUX,2008,877000.0
LVA,2008,5496000.0
MAC,2008,22933000.0
MAF,2008,N/A
MAR,2008,8209000.0
MDA,2008,73000.0
MDG,2008,N/A
MDV,2008,683000.0
MEX,2008,92948000.0
MHL,2008,6000.0
MKD,2008,255000.0
MLI,2008,190000.0
MLT,2008,1832000.0
MMR,2008,731000.0
MNE,2008,1031000.0
MNG,2008,469000.0
MNP,2008,397000.0
MOZ,2008,1439000.0
MRT,2008,N/A
MUS,2008,970000.0
MWI,2008,742000.0
MYS,2008,22052000.0
NAM,2008,1079000.0
NCL,2008,104000.0
NER,2008,73000.0
NGA,2008,5820000.0
NIC,2008,1011000.0
NLD,2008,10104000.0
NOR,2008,4347000.0
NPL,2008,500000.0
NZL,2008,2483000.0
OMN,2008,1540000.0
PAK,2008,823000.0
PAN,2008,1575000.0
PER,2008,2581000.0
PHL,2008,3139000.0
PLW,2008,81000.0
PNG,2008,120000.0
POL,2008,59935000.0
PRI,2008,5213000.0
PRK,2008,N/A
PRT,2008,6962000.0
PRY,2008,3118000.0
PSE,2008,387000.0
PYF,2008,227000.0
QAT,2008,N/A
ROU,2008,8862000.0
RUS,2008,23676000.0
RWA,2008,669000.0
SAU,2008,17717000.0
SDN,2008,440000.0
SEN,2008,877000.0
SGP,2008,10116000.0
SLB,2008,16299.9992370605
SLE,2008,N/A
SLV,2008,1875000.0
SOM,2008,N/A
SRB,2008,646000.0
SSD,2008,N/A
STP,2008,14500.0
SUR,2008,151000.0
SVK,2008,N/A
SVN,2008,1958000.0
SWE,2008,4555000.0
SWZ,2008,1186000.0
SXM,2008,1821000.0
SYC,2008,173000.0
SYR,2008,6951000.0
TCA,2008,757000.0
TCD,2008,61000.0
TGO,2008,74000.0
THA,2008,14584000.0
TJK,2008,325000.0
TKM,2008,N/A
TLS,2008,36000.0
TON,2008,65000.0
TTO,2008,482000.0
TUN,2008,7050000.0
TUR,2008,31138000.0
TUV,2008,1700.00004768372
TZA,2008,770000.0
UGA,2008,844000.0
UKR,2008,28827000.0
URY,2008,2255000.0
USA,2008,175703000.0
UZB,2008,1069000.0
VCT,2008,250000.0
VEN,2008,702000.0
VGB,2008,346000.0
VIR,2008,2435000.0
VNM,2008,4236000.0
VUT,2008,196600.006103516
WSM,2008,122000.0
YEM,2008,N/A
ZAF,2008,9729000.0
ZMB,2008,812000.0
ZWE,2008,1956000.0
AFG,2009,N/A
AGO,2009,366000.0
ALB,2009,1856000.0
ARE,2009,N/A
ARG,2009,4308000.0
ARM,2009,575000.0
ASM,2009,23500.0
ATG,2009,944000.0
AUS,2009,5490000.0
AUT,2009,21355000.0
AZE,2009,1830000.0
BDI,2009,212000.0
BEL,2009,6815000.0
BEN,2009,N/A
BFA,2009,269000.0
BGD,2009,267000.0
BGR,2009,7873000.0
BHR,2009,8861000.0
BHS,2009,4645000.0
BIH,2009,311000.0
BLR,2009,4872000.0
BLZ,2009,941000.0
BMU,2009,554000.0
BOL,2009,599000.0
BRA,2009,4802000.0
BRB,2009,1154000.0
BRN,2009,N/A
BTN,2009,23000.0
BWA,2009,N/A
CAF,2009,52400.0015258789
CAN,2009,24696000.0
CHE,2009,8294000.0
CHL,2009,3657000.0
CHN,2009,126476000.0
CIV,2009,231000.0
CMR,2009,498000.0
COD,2009,53000.0
COG,2009,N/A
COL,2009,2649000.0
COM,2009,11300.0001907349
CPV,2009,287000.0
CRI,2009,2309000.0
CUB,2009,2430000.0
CYM,2009,1792000.0
CYP,2009,2370000.0
CZE,2009,23285000.0
DEU,2009,24220000.0
DJI,2009,58000.0
DMA,2009,608000.0
DNK,2009,26571000.0
DOM,2009,4489000.0
DZA,2009,1912000.0
ECU,2009,968000.0
EGY,2009,12536000.0
ERI,2009,79000.0
ESP,2009,91899000.0
EST,2009,3834000.0
ETH,2009,427000.0
FIN,2009,3423000.0
FJI,2009,605000.0
FRA,2009,192369000.0
FSM,2009,47500.0
GAB,2009,N/A
GBR,2009,31072000.0
GEO,2009,1500000.0
GHA,2009,803000.0
GIN,2009,N/A
GMB,2009,142000.0
GNB,2009,16000.0
GNQ,2009,N/A
GRC,2009,N/A
GRD,2009,460000.0
GTM,2009,1311000.0
GUM,2009,1053000.0
GUY,2009,141000.0
HKG,2009,29591000.0
HND,2009,1589000.0
HRV,2009,47573000.0
HTI,2009,826000.0
HUN,2009,40624000.0
IDN,2009,6324000.0
IND,2009,5168000.0
IRL,2009,7189000.0
IRN,2009,2116000.0
IRQ,2009,1262000.0
ISL,2009,563000.0
ISR,2009,2740000.0
ITA,2009,71692000.0
JAM,2009,2753000.0
JOR,2009,7085000.0
JPN,2009,6790000.0
KAZ,2009,3774000.0
KEN,2009,1490000.0
KGZ,2009,2451000.0
KHM,2009,2162000.0
KIR,2009,N/A
KNA,2009,548000.0
KOR,2009,7818000.0
KWT,2009,5088000.0
LAO,2009,2008000.0
LBN,2009,1844000.0
LBR,2009,N/A
LBY,2009,N/A
LCA,2009,982000.0
LIE,2009,66500.0
LKA,2009,538000.0
LSO,2009,344000.0
LTU,2009,4001000.0
LUX,2009,847000.0
LVA,2009,4727000.0
MAC,2009,21753000.0
MAF,2009,N/A
MAR,2009,8661000.0
MDA,2009,60000.0
MDG,2009,N/A
MDV,2009,656000.0
MEX,2009,88044000.0
MHL,2009,5400.00009536743
MKD,2009,259000.0
MLI,2009,160000.0
MLT,2009,1608000.0
MMR,2009,763000.0
MNE,2009,1044000.0
MNG,2009,465000.0
MNP,2009,354000.0
MOZ,2009,1711000.0
MRT,2009,N/A
MUS,2009,890000.0
MWI,2009,755000.0
MYS,2009,23646000.0
NAM,2009,1100000.0
NCL,2009,99000.0
NER,2009,66000.0
NGA,2009,6053000.0
NIC,2009,1010000.0
NLD,2009,9921000.0
NOR,2009,4346000.0
NPL,2009,510000.0
NZL,2009,2473000.0
OMN,2009,1584000.0
PAK,2009,855000.0
PAN,2009,1562000.0
PER,2009,2681000.0
PHL,2009,3017000.0
PLW,2009,71000.0
PNG,2009,126000.0
POL,2009,53840000.0
PRI,2009,4415000.0
PRK,2009,N/A
PRT,2009,6439000.0
PRY,2009,3183000.0
PSE,2009,396000.0
PYF,2009,190000.0
QAT,2009,1482000.0
ROU,2009,7575000.0
RUS,2009,21339000.0
RWA,2009,664000.0
SAU,2009,13319000.0
SDN,2009,420000.0
SEN,2009,815000.0
SGP,2009,9683000.0
SLB,2009,18299.9992370605
SLE,2009,N/A
SLV,2009,1482000.0
SOM,2009,N/A
SRB,2009,645000.0
SSD,2009,N/A
STP,2009,15199.9998092651
SUR,2009,151000.0
SVK,2009,N/A
SVN,2009,1824000.0
SWE,2009,4899000.0
SWZ,2009,1344000.0
SXM,2009,1655000.0
SYC,2009,178000.0
SYR,2009,7721000.0
TCA,2009,865000.0
TCD,2009,70000.0
TGO,2009,150000.0
THA,2009,14150000.0
TJK,2009,207000.0
TKM,2009,N/A
TLS,2009,44000.0
TON,2009,74699.9969482422
TTO,2009,534000.0
TUN,2009,7797000.0
TUR,2009,31760000.0
TUV,2009,1600.00002384186
TZA,2009,714000.0
UGA,2009,807000.0
UKR,2009,24033000.0
URY,2009,2303000.0
USA,2009,160508000.0
UZB,2009,1215000.0
VCT,2009,271000.0
VEN,2009,567000.0
VGB,2009,309000.0
VIR,2009,2245000.0
VNM,2009,3747000.0
VUT,2009,225500.0
WSM,2009,129000.0
YEM,2009,N/A
ZAF,2009,9532000.0
ZMB,2009,710000.0
ZWE,2009,2017000.0
AFG,2010,N/A
AGO,2010,425000.0
ALB,2010,2417000.0
ARE,2010,N/A
ARG,2010,6800000.0
ARM,2010,684000.0
ASM,2010,23100.0003814697
ATG,2010,788000.0
AUS,2010,5790000.0
AUT,2010,22004000.0
AZE,2010,1963000.0
BDI,2010,142000.0
BEL,2010,7186000.0
BEN,2010,N/A
BFA,2010,274000.0
BGD,2010,139000.0
BGR,2010,8374000.0
BHR,2010,11952000.0
BHS,2010,5255000.0
BIH,2010,365000.0
BLR,2010,5674000.0
BLZ,2010,1054000.0
BMU,2010,580000.0
BOL,2010,679000.0
BRA,2010,5161000.0
BRB,2010,1197000.0
BRN,2010,N/A
BTN,2010,41000.0
BWA,2010,N/A
CAF,2010,53799.9992370605
CAN,2010,25621000.0
CHE,2010,8628000.0
CHL,2010,3584000.0
CHN,2010,133762000.0
CIV,2010,252000.0
CMR,2010,573000.0
COD,2010,81000.0
COG,2010,199000.0
COL,2010,1701000.0
COM,2010,15300.0001907349
CPV,2010,336000.0
CRI,2010,2495000.0
CUB,2010,2532000.0
CYM,2010,1886000.0
CYP,2010,2450000.0
CZE,2010,21941000.0
DEU,2010,26875000.0
DJI,2010,51000.0
DMA,2010,595000.0
DNK,2010,26730000.0
DOM,2010,4478000.0
DZA,2010,2070000.0
ECU,2010,1047000.0
EGY,2010,14731000.0
ERI,2010,84000.0
ESP,2010,93744000.0
EST,2010,4369000.0
ETH,2010,468000.0
FIN,2010,3670000.0
FJI,2010,692000.0
FRA,2010,189826000.0
FSM,2010,44700.0007629395
GAB,2010,N/A
GBR,2010,30398000.0
GEO,2010,2032000.0
GHA,2010,931000.0
GIN,2010,12399.9996185303
GMB,2010,91000.0
GNB,2010,22299.9992370605
GNQ,2010,N/A
GRC,2010,N/A
GRD,2010,445000.0
GTM,2010,1384000.0
GUM,2010,1197000.0
GUY,2010,152000.0
HKG,2010,36030000.0
HND,2010,1965000.0
HRV,2010,49006000.0
HTI,2010,793000.0
HUN,2010,39904000.0
IDN,2010,7003000.0
IND,2010,5776000.0
IRL,2010,7134000.0
IRN,2010,2938000.0
IRQ,2010,1518000.0
ISL,2010,559000.0
ISR,2010,3444000.0
ITA,2010,73225000.0
JAM,2010,2832000.0
JOR,2010,8078000.0
JPN,2010,8611000.0
KAZ,2010,4097000.0
KEN,2010,1609000.0
KGZ,2010,1224000.0
KHM,2010,2508000.0
KIR,2010,N/A
KNA,2010,624000.0
KOR,2010,8798000.0
KWT,2010,5208000.0
LAO,2010,2513000.0
LBN,2010,2168000.0
LBR,2010,N/A
LBY,2010,N/A
LCA,2010,984000.0
LIE,2010,64300.0030517578
LKA,2010,766000.0
LSO,2010,426000.0
LTU,2010,4073000.0
LUX,2010,805000.0
LVA,2010,5042000.0
MAC,2010,24965000.0
MAF,2010,N/A
MAR,2010,9752000.0
MDA,2010,64000.0
MDG,2010,N/A
MDV,2010,792000.0
MEX,2010,81953000.0
MHL,2010,4599.99990463257
MKD,2010,262000.0
MLI,2010,169000.0
MLT,2010,1815000.0
MMR,2010,792000.0
MNE,2010,1088000.0
MNG,2010,557000.0
MNP,2010,379000.0
MOZ,2010,1836000.0
MRT,2010,N/A
MUS,2010,956000.0
MWI,2010,746000.0
MYS,2010,24577000.0
NAM,2010,1114000.0
NCL,2010,99000.0
NER,2010,74000.0
NGA,2010,6113000.0
NIC,2010,1071000.0
NLD,2010,10883000.0
NOR,2010,4767000.0
NPL,2010,603000.0
NZL,2010,2530000.0
OMN,2010,1500000.0
PAK,2010,907000.0
PAN,2010,1726000.0
PER,2010,2948000.0
PHL,2010,3520000.0
PLW,2010,85000.0
PNG,2010,146000.0
POL,2010,58340000.0
PRI,2010,4379000.0
PRK,2010,N/A
PRT,2010,6756000.0
PRY,2010,3171000.0
PSE,2010,522000.0
PYF,2010,179000.0
QAT,2010,1700000.0
ROU,2010,7498000.0
RUS,2010,22281000.0
RWA,2010,667000.0
SAU,2010,13025000.0
SDN,2010,495000.0
SEN,2010,906000.0
SGP,2010,11642000.0
SLB,2010,20500.0
SLE,2010,N/A
SLV,2010,1606000.0
SOM,2010,N/A
SRB,2010,683000.0
SSD,2010,N/A
STP,2010,8000.0
SUR,2010,206000.0
SVK,2010,N/A
SVN,2010,2049000.0
SWE,2010,5183000.0
SWZ,2010,1343000.0
SXM,2010,1956000.0
SYC,2010,191000.0
SYR,2010,10970000.0
TCA,2010,899000.0
TCD,2010,71000.0
TGO,2010,202000.0
THA,2010,15936000.0
TJK,2010,160000.0
TKM,2010,N/A
TLS,2010,40000.0
TON,2010,65000.0
TTO,2010,490000.0
TUN,2010,7828000.0
TUR,2010,32997000.0
TUV,2010,1700.00004768372
TZA,2010,783000.0
UGA,2010,946000.0
UKR,2010,24114000.0
URY,2010,2708000.0
USA,2010,162275000.0
UZB,2010,975000.0
VCT,2010,231000.0
VEN,2010,535000.0
VGB,2010,330000.0
VIR,2010,2531000.0
VNM,2010,5050000.0
VUT,2010,237699.996948242
WSM,2010,130000.0
YEM,2010,1035000.0
ZAF,2010,11303000.0
ZMB,2010,815000.0
ZWE,2010,2239000.0
AFG,2011,N/A
AGO,2011,481000.0
ALB,2011,2932000.0
ARE,2011,N/A
ARG,2011,6703000.0
ARM,2011,758000.0
ASM,2011,22600.0003814697
ATG,2011,848000.0
AUS,2011,5771000.0
AUT,2011,23012000.0
AZE,2011,2239000.0
BDI,2011,144000.0
BEL,2011,7494000.0
BEN,2011,222000.0
BFA,2011,238000.0
BGD,2011,157000.0
BGR,2011,8713000.0
BHR,2011,6732000.0
BHS,2011,5588000.0
BIH,2011,392000.0
BLR,2011,5877000.0
BLZ,2011,1106000.0
BMU,2011,652000.0
BOL,2011,711000.0
BRA,2011,5433000.0
BRB,2011,1187000.0
BRN,2011,N/A
BTN,2011,66000.0
BWA,2011,N/A
CAF,2011,65400.0015258789
CAN,2011,25066000.0
CHE,2011,8534000.0
CHL,2011,3963000.0
CHN,2011,135423000.0
CIV,2011,270000.0
CMR,2011,604000.0
COD,2011,186000.0
COG,2011,224000.0
COL,2011,2356000.0
COM,2011,18799.9992370605
CPV,2011,428000.0
CRI,2011,2526000.0
CUB,2011,2716000.0
CYM,2011,1710000.0
CYP,2011,2626000.0
CZE,2011,22810000.0
DEU,2011,28374000.0
DJI,2011,56000.0
DMA,2011,418000.0
DNK,2011,25811000.0
DOM,2011,4654000.0
DZA,2011,2395000.0
ECU,2011,1141000.0
EGY,2011,9845000.0
ERI,2011,107000.0
ESP,2011,99187000.0
EST,2011,4907000.0
ETH,2011,523000.0
FIN,2011,4192000.0
FJI,2011,734000.0
FRA,2011,196595000.0
FSM,2011,35400.0015258789
GAB,2011,N/A
GBR,2011,31886000.0
GEO,2011,2712000.0
GHA,2011,821000.0
GIN,2011,131000.0
GMB,2011,106000.0
GNB,2011,36700.0007629395
GNQ,2011,N/A
GRC,2011,N/A
GRD,2011,447000.0
GTM,2011,1434000.0
GUM,2011,1160000.0
GUY,2011,157000.0
HKG,2011,41921000.0
HND,2011,1852000.0
HRV,2011,49969000.0
HTI,2011,946000.0
HUN,2011,41304000.0
IDN,2011,7650000.0
IND,2011,6309000.0
IRL,2011,7630000.0
IRN,2011,3354000.0
IRQ,2011,1510000.0
ISL,2011,628000.0
ISR,2011,3362000.0
ITA,2011,75866000.0
JAM,2011,3077000.0
JOR,2011,6813000.0
JPN,2011,6219000.0
KAZ,2011,5685000.0
KEN,2011,1823000.0
KGZ,2011,3025000.0
KHM,2011,2882000.0
KIR,2011,N/A
KNA,2011,723000.0
KOR,2011,9795000.0
KWT,2011,5574000.0
LAO,2011,2724000.0
LBN,2011,1655000.0
LBR,2011,N/A
LBY,2011,N/A
LCA,2011,950000.0
LIE,2011,67000.0
LKA,2011,976000.0
LSO,2011,398000.0
LTU,2011,4504000.0
LUX,2011,874000.0
LVA,2011,5538000.0
MAC,2011,28002000.0
MAF,2011,N/A
MAR,2011,9784000.0
MDA,2011,75000.0
MDG,2011,N/A
MDV,2011,931000.0
MEX,2011,75732000.0
MHL,2011,4599.99990463257
MKD,2011,327000.0
MLI,2011,160000.0
MLT,2011,1916000.0
MMR,2011,816000.0
MNE,2011,1201000.0
MNG,2011,627000.0
MNP,2011,341000.0
MOZ,2011,2013000.0
MRT,2011,N/A
MUS,2011,983000.0
MWI,2011,767000.0
MYS,2011,24714000.0
NAM,2011,1163000.0
NCL,2011,112000.0
NER,2011,82000.0
NGA,2011,3765000.0
NIC,2011,1122000.0
NLD,2011,11300000.0
NOR,2011,4963000.0
NPL,2011,736000.0
NZL,2011,2617000.0
OMN,2011,1393000.0
PAK,2011,1161000.0
PAN,2011,2004000.0
PER,2011,3299000.0
PHL,2011,3917000.0
PLW,2011,111000.0
PNG,2011,165000.0
POL,2011,60745000.0
PRI,2011,4214000.0
PRK,2011,N/A
PRT,2011,7264000.0
PRY,2011,3365000.0
PSE,2011,449000.0
PYF,2011,196000.0
QAT,2011,2057000.0
ROU,2011,7611000.0
RUS,2011,24932000.0
RWA,2011,908000.0
SAU,2011,15776000.0
SDN,2011,536000.0
SEN,2011,977000.0
SGP,2011,13171000.0
SLB,2011,22899.9996185303
SLE,2011,N/A
SLV,2011,1634000.0
SOM,2011,N/A
SRB,2011,764000.0
SSD,2011,N/A
STP,2011,12199.9998092651
SUR,2011,221000.0
SVK,2011,N/A
SVN,2011,2236000.0
SWE,2011,11567000.0
SWZ,2011,1328000.0
SXM,2011,2080000.0
SYC,2011,210000.0
SYR,2011,6476000.0
TCA,2011,1010000.0
TCD,2011,77000.0
TGO,2011,300000.0
THA,2011,19230000.0
TJK,2011,183000.0
TKM,2011,N/A
TLS,2011,51000.0
TON,2011,68400.0015258789
TTO,2011,491000.0
TUN,2011,5746000.0
TUR,2011,36769000.0
TUV,2011,1200.00004768372
TZA,2011,868000.0
UGA,2011,1151000.0
UKR,2011,24535000.0
URY,2011,3244000.0
USA,2011,147271421.875
UZB,2011,1393000.0
VCT,2011,208000.0
VEN,2011,625000.0
VGB,2011,338000.0
VIR,2011,2686000.0
VNM,2011,6014000.0
VUT,2011,248899.993896484
WSM,2011,128000.0
YEM,2011,1175000.0
ZAF,2011,12097000.0
ZMB,2011,920000.0
ZWE,2011,2423000.0
AFG,2012,N/A
AGO,2012,528000.0
ALB,2012,3514000.0
ARE,2012,N/A
ARG,2012,6497000.0
ARM,2012,963000.0
ASM,2012,22600.0003814697
ATG,2012,819000.0
AUS,2012,6032000.0
AUT,2012,24151000.0
AZE,2012,2484000.0
BDI,2012,147000.0
BEL,2012,7560000.0
BEN,2012,232000.0
BFA,2012,237000.0
BGD,2012,160000.0
BGR,2012,8867000.0
BHR,2012,8062000.0
BHS,2012,5940000.0
BIH,2012,439000.0
BLR,2012,6130000.0
BLZ,2012,1028000.0
BMU,2012,610000.0
BOL,2012,798000.0
BRA,2012,5677000.0
BRB,2012,1053000.0
BRN,2012,N/A
BTN,2012,105000.0
BWA,2012,N/A
CAF,2012,70800.0030517578
CAN,2012,25318000.0
CHE,2012,8566000.0
CHL,2012,4397000.0
CHN,2012,132405000.0
CIV,2012,289000.0
CMR,2012,817000.0
COD,2012,167000.0
COG,2012,259000.0
COL,2012,2434000.0
COM,2012,22799.9992370605
CPV,2012,482000.0
CRI,2012,2542000.0
CUB,2012,2847000.0
CYM,2012,1829000.0
CYP,2012,2635000.0
CZE,2012,25750000.0
DEU,2012,30411000.0
DJI,2012,60000.0
DMA,2012,348000.0
DNK,2012,26402000.0
DOM,2012,4901000.0
DZA,2012,2634000.0
ECU,2012,1272000.0
EGY,2012,11532000.0
ERI,2012,129000.0
ESP,2012,98128000.0
EST,2012,5007000.0
ETH,2012,597000.0
FIN,2012,4226000.0
FJI,2012,741000.0
FRA,2012,197522000.0
FSM,2012,38299.9992370605
GAB,2012,N/A
GBR,2012,32221000.0
GEO,2012,4106000.0
GHA,2012,903000.0
GIN,2012,96000.0
GMB,2012,157000.0
GNB,2012,35400.0015258789
GNQ,2012,N/A
GRC,2012,N/A
GRD,2012,370000.0
GTM,2012,1491000.0
GUM,2012,1308000.0
GUY,2012,177000.0
HKG,2012,48615000.0
HND,2012,1903000.0
HRV,2012,47185000.0
HTI,2012,959000.0
HUN,2012,43565000.0
IDN,2012,8044000.0
IND,2012,6578000.0
IRL,2012,7550000.0
IRN,2012,3834000.0
IRQ,2012,1111000.0
ISL,2012,765000.0
ISR,2012,3520000.0
ITA,2012,76293000.0
JAM,2012,3306000.0
JOR,2012,6314000.0
JPN,2012,8358000.0
KAZ,2012,6163000.0
KEN,2012,1711000.0
KGZ,2012,3393000.0
KHM,2012,3584000.0
KIR,2012,N/A
KNA,2012,666000.0
KOR,2012,11140000.0
KWT,2012,5729000.0
LAO,2012,3330000.0
LBN,2012,1366000.0
LBR,2012,N/A
LBY,2012,N/A
LCA,2012,889000.0
LIE,2012,62400.0015258789
LKA,2012,1133000.0
LSO,2012,423000.0
LTU,2012,4979000.0
LUX,2012,950000.0
LVA,2012,5569000.0
MAC,2012,28082000.0
MAF,2012,N/A
MAR,2012,9830000.0
MDA,2012,89000.0
MDG,2012,N/A
MDV,2012,958000.0
MEX,2012,76749000.0
MHL,2012,4599.99990463257
MKD,2012,351000.0
MLI,2012,134000.0
MLT,2012,2007000.0
MMR,2012,1059000.0
MNE,2012,1264000.0
MNG,2012,624000.0
MNP,2012,401000.0
MOZ,2012,2206000.0
MRT,2012,N/A
MUS,2012,984000.0
MWI,2012,770000.0
MYS,2012,25033000.0
NAM,2012,1245000.0
NCL,2012,112000.0
NER,2012,94000.0
NGA,2012,4673000.0
NIC,2012,1233000.0
NLD,2012,11680000.0
NOR,2012,4538000.0
NPL,2012,803000.0
NZL,2012,2574000.0
OMN,2012,1714000.0
PAK,2012,966000.0
PAN,2012,2086000.0
PER,2012,3642000.0
PHL,2012,4273000.0
PLW,2012,120000.0
PNG,2012,175000.0
POL,2012,67390000.0
PRI,2012,4197000.0
PRK,2012,N/A
PRT,2012,7503000.0
PRY,2012,3655000.0
PSE,2012,490000.0
PYF,2012,210000.0
QAT,2012,2324000.0
ROU,2012,7937000.0
RUS,2012,28177000.0
RWA,2012,1061000.0
SAU,2012,19847000.0
SDN,2012,575000.0
SEN,2012,967000.0
SGP,2012,14496000.0
SLB,2012,23899.9996185303
SLE,2012,75000.0
SLV,2012,1738000.0
SOM,2012,N/A
SRB,2012,810000.0
SSD,2012,N/A
STP,2012,N/A
SUR,2012,240000.0
SVK,2012,N/A
SVN,2012,2377000.0
SWE,2012,12372000.0
SWZ,2012,1278000.0
SXM,2012,2210000.0
SYC,2012,216000.0
SYR,2012,N/A
TCA,2012,968000.0
TCD,2012,86000.0
TGO,2012,235000.0
THA,2012,22354000.0
TJK,2012,244000.0
TKM,2012,N/A
TLS,2012,58000.0
TON,2012,57200.0007629395
TTO,2012,504000.0
TUN,2012,6999000.0
TUR,2012,37715000.0
TUV,2012,1100.00002384186
TZA,2012,1077000.0
UGA,2012,1197000.0
UKR,2012,25061000.0
URY,2012,3155000.0
USA,2012,171629890.625
UZB,2012,1895000.0
VCT,2012,200000.0
VEN,2012,1061000.0
VGB,2012,351000.0
VIR,2012,2640000.0
VNM,2012,6848000.0
VUT,2012,321000.0
WSM,2012,135000.0
YEM,2012,1282000.0
ZAF,2012,13069000.0
ZMB,2012,859000.0
ZWE,2012,1794000.0
AFG,2013,N/A
AGO,2013,650000.0
ALB,2013,3256000.0
ARE,2013,N/A
ARG,2013,6510000.0
ARM,2013,1084000.0
ASM,2013,20799.9992370605
ATG,2013,777000.0
AUS,2013,6482000.0
AUT,2013,24813000.0
AZE,2013,2509000.0
BDI,2013,234000.0
BEL,2013,7684000.0
BEN,2013,252000.0
BFA,2013,218000.0
BGD,2013,104000.0
BGR,2013,9192000.0
BHR,2013,9163000.0
BHS,2013,6151000.0
BIH,2013,529000.0
BLR,2013,6242000.0
BLZ,2013,1022000.0
BMU,2013,576000.0
BOL,2013,798000.0
BRA,2013,5813000.0
BRB,2013,1079000.0
BRN,2013,N/A
BTN,2013,116000.0
BWA,2013,N/A
CAF,2013,83500.0
CAN,2013,25167000.0
CHE,2013,8967000.0
CHL,2013,4457000.0
CHN,2013,129078000.0
CIV,2013,380000.0
CMR,2013,783000.0
COD,2013,191000.0
COG,2013,345000.0
COL,2013,2595000.0
COM,2013,21899.9996185303
CPV,2013,503000.0
CRI,2013,2641000.0
CUB,2013,2862000.0
CYM,2013,1721000.0
CYP,2013,2626000.0
CZE,2013,26332000.0
DEU,2013,31545000.0
DJI,2013,63000.0
DMA,2013,311000.0
DNK,2013,26516000.0
DOM,2013,5114000.0
DZA,2013,2733000.0
ECU,2013,1364000.0
EGY,2013,9464000.0
ERI,2013,141000.0
ESP,2013,103231000.0
EST,2013,5737000.0
ETH,2013,681000.0
FIN,2013,2797000.0
FJI,2013,769000.0
FRA,2013,204410000.0
FSM,2013,42099.9984741211
GAB,2013,N/A
GBR,2013,33567000.0
GEO,2013,4954000.0
GHA,2013,994000.0
GIN,2013,56000.0
GMB,2013,171000.0
GNB,2013,35500.0
GNQ,2013,N/A
GRC,2013,20112000.0
GRD,2013,327000.0
GTM,2013,1516000.0
GUM,2013,1334000.0
GUY,2013,200000.0
HKG,2013,54299000.0
HND,2013,1857000.0
HRV,2013,48345000.0
HTI,2013,1064000.0
HUN,2013,43611000.0
IDN,2013,8802000.0
IND,2013,6968000.0
IRL,2013,8260000.0
IRN,2013,4769000.0
IRQ,2013,892000.0
ISL,2013,900000.0
ISR,2013,3540000.0
ITA,2013,76762000.0
JAM,2013,3274000.0
JOR,2013,5389000.0
JPN,2013,10364000.0
KAZ,2013,6841000.0
KEN,2013,1520000.0
KGZ,2013,4134000.0
KHM,2013,4210000.0
KIR,2013,N/A
KNA,2013,695000.0
KOR,2013,12176000.0
KWT,2013,6217000.0
LAO,2013,3779000.0
LBN,2013,1274000.0
LBR,2013,N/A
LBY,2013,N/A
LCA,2013,921000.0
LIE,2013,59599.9984741211
LKA,2013,1415000.0
LSO,2013,433000.0
LTU,2013,5264000.0
LUX,2013,945000.0
LVA,2013,5822000.0
MAC,2013,29325000.0
MAF,2013,N/A
MAR,2013,10349000.0
MDA,2013,95599.9984741211
MDG,2013,N/A
MDV,2013,1125000.0
MEX,2013,78100000.0
MHL,2013,N/A
MKD,2013,400000.0
MLI,2013,142000.0
MLT,2013,2013000.0
MMR,2013,2044000.0
MNE,2013,1324000.0
MNG,2013,515000.0
MNP,2013,439000.0
MOZ,2013,1970000.0
MRT,2013,N/A
MUS,2013,1015000.0
MWI,2013,795000.0
MYS,2013,25715000.0
NAM,2013,1327000.0
NCL,2013,108000.0
NER,2013,123000.0
NGA,2013,4038000.0
NIC,2013,1273000.0
NLD,2013,12783000.0
NOR,2013,4778000.0
NPL,2013,798000.0
NZL,2013,2710000.0
OMN,2013,1923000.0
PAK,2013,N/A
PAN,2013,2202000.0
PER,2013,4010000.0
PHL,2013,4681000.0
PLW,2013,108000.0
PNG,2013,182000.0
POL,2013,72310000.0
PRI,2013,4210000.0
PRK,2013,N/A
PRT,2013,9177000.0
PRY,2013,3538000.0
PSE,2013,545000.0
PYF,2013,214000.0
QAT,2013,2612000.0
ROU,2013,8019000.0
RUS,2013,30792000.0
RWA,2013,1122000.0
SAU,2013,19934000.0
SDN,2013,591000.0
SEN,2013,1069000.0
SGP,2013,15568000.0
SLB,2013,24399.9996185303
SLE,2013,95000.0
SLV,2013,1822000.0
SOM,2013,N/A
SRB,2013,922000.0
SSD,2013,N/A
STP,2013,N/A
SUR,2013,250000.0
SVK,2013,12583000.0
SVN,2013,2502000.0
SWE,2013,10980000.0
SWZ,2013,1299000.0
SXM,2013,2253000.0
SYC,2013,237000.0
SYR,2013,N/A
TCA,2013,1069000.0
TCD,2013,97000.0
TGO,2013,327000.0
THA,2013,26547000.0
TJK,2013,208000.0
TKM,2013,N/A
TLS,2013,79000.0
TON,2013,59700.0007629395
TTO,2013,467000.0
TUN,2013,7352000.0
TUR,2013,39861000.0
TUV,2013,1299.99995231628
TZA,2013,1096000.0
UGA,2013,1206000.0
UKR,2013,26025000.0
URY,2013,3242000.0
USA,2013,179309906.25
UZB,2013,1969000.0
VCT,2013,200000.0
VEN,2013,1085000.0
VGB,2013,366000.0
VIR,2013,2702000.0
VNM,2013,7572000.0
VUT,2013,357000.0
WSM,2013,125000.0
YEM,2013,1323000.0
ZAF,2013,14318000.0
ZMB,2013,915000.0
ZWE,2013,1833000.0
AFG,2014,N/A
AGO,2014,595000.0
ALB,2014,3673000.0
ARE,2014,N/A
ARG,2014,7165000.0
ARM,2014,1204000.0
ASM,2014,21600.0003814697
ATG,2014,771000.0
AUS,2014,6922000.0
AUT,2014,25291000.0
AZE,2014,2298000.0
BDI,2014,235000.0
BEL,2014,7887000.0
BEN,2014,265000.0
BFA,2014,191000.0
BGD,2014,134000.0
BGR,2014,9409000.0
BHR,2014,10452000.0
BHS,2014,6320000.0
BIH,2014,536000.0
BLR,2014,5375000.0
BLZ,2014,1289000.0
BMU,2014,580000.0
BOL,2014,871000.0
BRA,2014,6430000.0
BRB,2014,1079000.0
BRN,2014,N/A
BTN,2014,133000.0
BWA,2014,N/A
CAF,2014,95699.9969482422
CAN,2014,25558000.0
CHE,2014,9158000.0
CHL,2014,4601000.0
CHN,2014,128499000.0
CIV,2014,471000.0
CMR,2014,822000.0
COD,2014,334000.0
COG,2014,229000.0
COL,2014,2866000.0
COM,2014,22799.9992370605
CPV,2014,494000.0
CRI,2014,2760000.0
CUB,2014,3014000.0
CYM,2014,1993000.0
CYP,2014,2558000.0
CZE,2014,27166000.0
DEU,2014,32999000.0
DJI,2014,N/A
DMA,2014,370000.0
DNK,2014,28070000.0
DOM,2014,5576000.0
DZA,2014,2301000.0
ECU,2014,1695000.0
EGY,2014,9878000.0
ERI,2014,119000.0
ESP,2014,107144000.0
EST,2014,5804000.0
ETH,2014,770000.0
FIN,2014,2731000.0
FJI,2014,781000.0
FRA,2014,206599000.0
FSM,2014,35400.0015258789
GAB,2014,N/A
GBR,2014,35337000.0
GEO,2014,5004000.0
GHA,2014,825000.0
GIN,2014,33000.0
GMB,2014,156000.0
GNB,2014,36099.9984741211
GNQ,2014,N/A
GRC,2014,24272000.0
GRD,2014,387000.0
GTM,2014,1739000.0
GUM,2014,1343000.0
GUY,2014,206000.0
HKG,2014,60839000.0
HND,2014,2082000.0
HRV,2014,51168000.0
HTI,2014,1127599.97558594
HUN,2014,45984000.0
IDN,2014,9435000.0
IND,2014,13107000.0
IRL,2014,8813000.0
IRN,2014,4968000.0
IRQ,2014,N/A
ISL,2014,1102000.0
ISR,2014,3251000.0
ITA,2014,77694000.0
JAM,2014,3504000.0
JOR,2014,5327000.0
JPN,2014,13413000.0
KAZ,2014,6333000.0
KEN,2014,1350000.0
KGZ,2014,3791000.0
KHM,2014,4503000.0
KIR,2014,8300.00019073486
KNA,2014,818000.0
KOR,2014,14202000.0
KWT,2014,6528000.0
LAO,2014,4159000.0
LBN,2014,1355000.0
LBR,2014,N/A
LBY,2014,N/A
LCA,2014,987000.0
LIE,2014,61299.9992370605
LKA,2014,1665000.0
LSO,2014,1079000.0
LTU,2014,5217000.0
LUX,2014,1038000.0
LVA,2014,6246000.0
MAC,2014,31526000.0
MAF,2014,N/A
MAR,2014,10507000.0
MDA,2014,93900.0015258789
MDG,2014,N/A
MDV,2014,1205000.0
MEX,2014,81042000.0
MHL,2014,4900.00009536743
MKD,2014,425000.0
MLI,2014,168000.0
MLT,2014,2162000.0
MMR,2014,3081000.0
MNE,2014,1350000.0
MNG,2014,506000.0
MNP,2014,460000.0
MOZ,2014,1751000.0
MRT,2014,N/A
MUS,2014,1065000.0
MWI,2014,819000.0
MYS,2014,27437000.0
NAM,2014,1429000.0
NCL,2014,107000.0
NER,2014,135000.0
NGA,2014,4803000.0
NIC,2014,1390000.0
NLD,2014,13925000.0
NOR,2014,4855000.0
NPL,2014,790000.0
NZL,2014,2854000.0
OMN,2014,2225000.0
PAK,2014,N/A
PAN,2014,2305000.0
PER,2014,4062000.0
PHL,2014,4833000.0
PLW,2014,140000.0
PNG,2014,191000.0
POL,2014,73750000.0
PRI,2014,4456000.0
PRK,2014,N/A
PRT,2014,10497000.0
PRY,2014,3455000.0
PSE,2014,556000.0
PYF,2014,228000.0
QAT,2014,2839000.0
ROU,2014,8442000.0
RUS,2014,32421000.0
RWA,2014,1220000.0
SAU,2014,23010000.0
SDN,2014,684000.0
SEN,2014,976000.0
SGP,2014,15095000.0
SLB,2014,20100.0003814697
SLE,2014,53000.0
SLV,2014,1886000.0
SOM,2014,N/A
SRB,2014,1029000.0
SSD,2014,N/A
STP,2014,N/A
SUR,2014,253000.0
SVK,2014,11556000.0
SVN,2014,2675000.0
SWE,2014,10522000.0
SWZ,2014,1325000.0
SXM,2014,2502000.0
SYC,2014,239000.0
SYR,2014,N/A
TCA,2014,1330000.0
TCD,2014,119000.0
TGO,2014,282000.0
THA,2014,24810000.0
TJK,2014,213000.0
TKM,2014,N/A
TLS,2014,60000.0
TON,2014,65800.0030517578
TTO,2014,455000.0
TUN,2014,7163000.0
TUR,2014,41627000.0
TUV,2014,1399.99997615814
TZA,2014,1140000.0
UGA,2014,1266000.0
UKR,2014,13227000.0
URY,2014,3195000.0
USA,2014,178311359.375
UZB,2014,1862000.0
VCT,2014,205000.0
VEN,2014,967000.0
VGB,2014,386000.0
VIR,2014,2814000.0
VNM,2014,7874000.0
VUT,2014,329000.0
WSM,2014,132000.0
YEM,2014,1218000.0
ZAF,2014,14530000.0
ZMB,2014,947000.0
ZWE,2014,1880000.0
AFG,2015,N/A
AGO,2015,592000.0
ALB,2015,4131000.0
ARE,2015,19313000.0
ARG,2015,6816000.0
ARM,2015,1192000.0
ASM,2015,20299.9992370605
ATG,2015,894000.0
AUS,2015,7449000.0
AUT,2015,26728000.0
AZE,2015,2006000.0
BDI,2015,131000.0
BEL,2015,8355000.0
BEN,2015,279000.0
BFA,2015,163000.0
BGD,2015,126000.0
BGR,2015,9317000.0
BHR,2015,9670000.0
BHS,2015,6112000.0
BIH,2015,678000.0
BLR,2015,4386000.0
BLZ,2015,1299000.0
BMU,2015,597000.0
BOL,2015,882000.0
BRA,2015,6306000.0
BRB,2015,1179000.0
BRN,2015,N/A
BTN,2015,155000.0
BWA,2015,1660000.0
CAF,2015,120500.0
CAN,2015,27555000.0
CHE,2015,9305000.0
CHL,2015,5487000.0
CHN,2015,133820000.0
CIV,2015,1441000.0
CMR,2015,897000.0
COD,2015,354000.0
COG,2015,224000.0
COL,2015,3371000.0
COM,2015,23600.0003814697
CPV,2015,520000.0
CRI,2015,2899000.0
CUB,2015,3540000.0
CYM,2015,2102000.0
CYP,2015,2780000.0
CZE,2015,29604000.0
DEU,2015,34970000.0
DJI,2015,N/A
DMA,2015,358000.0
DNK,2015,28209000.0
DOM,2015,6129000.0
DZA,2015,1710000.0
ECU,2015,1676000.0
EGY,2015,9328000.0
ERI,2015,114000.0
ESP,2015,109834000.0
EST,2015,5696000.0
ETH,2015,864000.0
FIN,2015,2622000.0
FJI,2015,869000.0
FRA,2015,203302000.0
FSM,2015,31200.0007629395
GAB,2015,N/A
GBR,2015,36792000.0
GEO,2015,5256000.0
GHA,2015,897000.0
GIN,2015,35000.0
GMB,2015,449000.0
GNB,2015,43799.9992370605
GNQ,2015,N/A
GRC,2015,26114000.0
GRD,2015,437000.0
GTM,2015,1865000.0
GUM,2015,1409000.0
GUY,2015,207000.0
HKG,2015,59308000.0
HND,2015,2093000.0
HRV,2015,55858000.0
HTI,2015,1190000.0
HUN,2015,48345000.0
IDN,2015,10407000.0
IND,2015,13284000.0
IRL,2015,9528000.0
IRN,2015,5237000.0
IRQ,2015,N/A
ISL,2015,1389000.0
ISR,2015,3109000.0
ITA,2015,81068000.0
JAM,2015,3692000.0
JOR,2015,4809000.0
JPN,2015,19737000.0
KAZ,2015,6430000.0
KEN,2015,1181000.0
KGZ,2015,4000000.0
KHM,2015,4775000.0
KIR,2015,8199.99980926514
KNA,2015,1036000.0
KOR,2015,13232000.0
KWT,2015,6941000.0
LAO,2015,4684000.0
LBN,2015,1518000.0
LBR,2015,N/A
LBY,2015,N/A
LCA,2015,1031000.0
LIE,2015,56700.0007629395
LKA,2015,1993000.0
LSO,2015,1082000.0
LTU,2015,5048000.0
LUX,2015,1090000.0
LVA,2015,6842000.0
MAC,2015,30715000.0
MAF,2015,N/A
MAR,2015,10542000.0
MDA,2015,94400.0015258789
MDG,2015,282000.0
MDV,2015,1234000.0
MEX,2015,87129000.0
MHL,2015,6300.00019073486
MKD,2015,486000.0
MLI,2015,159000.0
MLT,2015,2383000.0
MMR,2015,4681000.0
MNE,2015,1560000.0
MNG,2015,467000.0
MNP,2015,479000.0
MOZ,2015,1634000.0
MRT,2015,N/A
MUS,2015,1174000.0
MWI,2015,805000.0
MYS,2015,25721000.0
NAM,2015,1488000.0
NCL,2015,114000.0
NER,2015,135000.0
NGA,2015,6017000.0
NIC,2015,1456000.0
NLD,2015,15007000.0
NOR,2015,5361000.0
NPL,2015,539000.0
NZL,2015,3129000.0
OMN,2015,2634000.0
PAK,2015,N/A
PAN,2015,2553000.0
PER,2015,4381000.0
PHL,2015,5361000.0
PLW,2015,162000.0
PNG,2015,199000.0
POL,2015,77743000.0
PRI,2015,5051000.0
PRK,2015,N/A
PRT,2015,11723000.0
PRY,2015,4102000.0
PSE,2015,432000.0
PYF,2015,239000.0
QAT,2015,2941000.0
ROU,2015,9331000.0
RUS,2015,33729000.0
RWA,2015,1298000.0
SAU,2015,21834000.0
SDN,2015,741000.0
SEN,2015,1014000.0
SGP,2015,15231500.0
SLB,2015,21600.0003814697
SLE,2015,31000.0
SLV,2015,1973000.0
SOM,2015,N/A
SRB,2015,1132000.0
SSD,2015,N/A
STP,2015,25600.0003814697
SUR,2015,229000.0
SVK,2015,14936000.0
SVN,2015,3022000.0
SWE,2015,6482000.0
SWZ,2015,1256000.0
SXM,2015,2407000.0
SYC,2015,296000.0
SYR,2015,N/A
TCA,2015,1316000.0
TCD,2015,120000.0
TGO,2015,273000.0
THA,2015,29923000.0
TJK,2015,414000.0
TKM,2015,N/A
TLS,2015,61599.9984741211
TON,2015,72599.9984741211
TTO,2015,519000.0
TUN,2015,5359000.0
TUR,2015,41114000.0
TUV,2015,2400.00009536743
TZA,2015,1137000.0
UGA,2015,1303000.0
UKR,2015,13025000.0
URY,2015,3286000.0
USA,2015,176864531.25
UZB,2015,1918000.0
VCT,2015,207000.0
VEN,2015,882000.0
VGB,2015,393000.0
VIR,2015,2643000.0
VNM,2015,7944000.0
VUT,2015,287000.0
WSM,2015,139000.0
YEM,2015,398000.0
ZAF,2015,13952000.0
ZMB,2015,932000.0
ZWE,2015,2057000.0
AFG,2016,N/A
AGO,2016,397000.0
ALB,2016,4736000.0
ARE,2016,20894000.0
ARG,2016,6668000.0
ARM,2016,1260000.0
ASM,2016,20100.0003814697
ATG,2016,874000.0
AUS,2016,8269000.0
AUT,2016,28121000.0
AZE,2016,2249000.0
BDI,2016,187000.0
BEL,2016,7481000.0
BEN,2016,292000.0
BFA,2016,152000.0
BGD,2016,182000.0
BGR,2016,10604000.0
BHR,2016,10158000.0
BHS,2016,6265000.0
BIH,2016,778000.0
BLR,2016,10935000.0
BLZ,2016,1391000.0
BMU,2016,642000.0
BOL,2016,961000.0
BRA,2016,6547000.0
BRB,2016,1227000.0
BRN,2016,4257000.0
BTN,2016,210000.0
BWA,2016,1712000.0
CAF,2016,82000.0
CAN,2016,30142000.0
CHE,2016,10402000.0
CHL,2016,6712000.0
CHN,2016,141774000.0
CIV,2016,1583000.0
CMR,2016,994000.0
COD,2016,351000.0
COG,2016,213000.0
COL,2016,3675000.0
COM,2016,26799.9992370605
CPV,2016,598000.0
CRI,2016,3204000.0
CUB,2016,4009000.0
CYM,2016,2097000.0
CYP,2016,3286000.0
CZE,2016,32519000.0
DEU,2016,35555000.0
DJI,2016,N/A
DMA,2016,356000.0
DNK,2016,28692000.0
DOM,2016,6769000.0
DZA,2016,2039000.0
ECU,2016,1569000.0
EGY,2016,5399000.0
ERI,2016,142000.0
ESP,2016,115561000.0
EST,2016,5942000.0
ETH,2016,871000.0
FIN,2016,2789000.0
FJI,2016,963000.0
FRA,2016,203042000.0
FSM,2016,29600.0003814697
GAB,2016,N/A
GBR,2016,39129000.0
GEO,2016,5393000.0
GHA,2016,N/A
GIN,2016,63000.0
GMB,2016,450000.0
GNB,2016,45200.0007629395
GNQ,2016,N/A
GRC,2016,28071000.0
GRD,2016,474000.0
GTM,2016,1906000.0
GUM,2016,1536000.0
GUY,2016,235000.0
HKG,2016,56655000.0
HND,2016,2228000.0
HRV,2016,57587000.0
HTI,2016,1153000.0
HUN,2016,52890000.0
IDN,2016,11519000.0
IND,2016,14570000.0
IRL,2016,10100000.0
IRN,2016,4942000.0
IRQ,2016,N/A
ISL,2016,1891000.0
ISR,2016,3070000.0
ITA,2016,84925000.0
JAM,2016,3837000.0
JOR,2016,4236000.0
JPN,2016,24039000.0
KAZ,2016,6509000.0
KEN,2016,1340000.0
KGZ,2016,3853000.0
KHM,2016,5012000.0
KIR,2016,7599.99990463257
KNA,2016,1055000.0
KOR,2016,17242000.0
KWT,2016,7055000.0
LAO,2016,4239000.0
LBN,2016,1688000.0
LBR,2016,N/A
LBY,2016,N/A
LCA,2016,948000.0
LIE,2016,69099.9984741211
LKA,2016,2168000.0
LSO,2016,1196000.0
LTU,2016,5322000.0
LUX,2016,1054000.0
LVA,2016,6797000.0
MAC,2016,30950000.0
MAF,2016,N/A
MAR,2016,10677000.0
MDA,2016,121000.0
MDG,2016,333000.0
MDV,2016,1286000.0
MEX,2016,94853000.0
MHL,2016,5400.00009536743
MKD,2016,510000.0
MLI,2016,173000.0
MLT,2016,2592000.0
MMR,2016,2907000.0
MNE,2016,1662000.0
MNG,2016,471000.0
MNP,2016,531000.0
MOZ,2016,1715000.0
MRT,2016,N/A
MUS,2016,1307000.0
MWI,2016,849000.0
MYS,2016,26757000.0
NAM,2016,1551000.0
NCL,2016,116000.0
NER,2016,152000.0
NGA,2016,5265000.0
NIC,2016,1596000.0
NLD,2016,15828000.0
NOR,2016,5960000.0
NPL,2016,753000.0
NZL,2016,3494000.0
OMN,2016,3207000.0
PAK,2016,N/A
PAN,2016,2379000.0
PER,2016,4718000.0
PHL,2016,5967000.0
PLW,2016,138000.0
PNG,2016,198000.0
POL,2016,80476000.0
PRI,2016,5003000.0
PRK,2016,N/A
PRT,2016,13359000.0
PRY,2016,4318000.0
PSE,2016,400000.0
PYF,2016,241000.0
QAT,2016,2938000.0
ROU,2016,10223000.0
RUS,2016,24571000.0
RWA,2016,1377000.0
SAU,2016,20887000.0
SDN,2016,800000.0
SEN,2016,1219000.0
SGP,2016,16403000.0
SLB,2016,23200.0007629395
SLE,2016,60000.0
SLV,2016,2052000.0
SOM,2016,N/A
SRB,2016,1281000.0
SSD,2016,N/A
STP,2016,28899.9996185303
SUR,2016,257000.0
SVK,2016,17376000.0
SVN,2016,3397000.0
SWE,2016,6782000.0
SWZ,2016,1279000.0
SXM,2016,2197000.0
SYC,2016,333000.0
SYR,2016,1043000.0
TCA,2016,1296000.0
TCD,2016,98000.0
TGO,2016,338000.0
THA,2016,32530000.0
TJK,2016,344000.0
TKM,2016,N/A
TLS,2016,65599.9984741211
TON,2016,86699.9969482422
TTO,2016,492000.0
TUN,2016,5724000.0
TUR,2016,30907000.0
TUV,2016,2500.0
TZA,2016,1284000.0
UGA,2016,1323000.0
UKR,2016,13734000.0
URY,2016,3632000.0
USA,2016,175261484.375
UZB,2016,2027000.0
VCT,2016,227000.0
VEN,2016,681000.0
VGB,2016,408000.0
VIR,2016,2574000.0
VNM,2016,10013000.0
VUT,2016,351600.006103516
WSM,2016,146000.0
YEM,2016,N/A
ZAF,2016,15121000.0
ZMB,2016,956000.0
ZWE,2016,2168000.0
AFG,2017,N/A
AGO,2017,261000.0
ALB,2017,5118000.0
ARE,2017,21805000.0
ARG,2017,6711000.0
ARM,2017,1495000.0
ASM,2017,20000.0
ATG,2017,1040000.0
AUS,2017,8815000.0
AUT,2017,29460000.0
AZE,2017,2697000.0
BDI,2017,299000.0
BEL,2017,8385000.0
BEN,2017,307000.0
BFA,2017,143000.0
BGD,2017,237000.0
BGR,2017,11596000.0
BHR,2017,11374000.0
BHS,2017,6136000.0
BIH,2017,923000.0
BLR,2017,11060000.0
BLZ,2017,1441000.0
BMU,2017,688000.0
BOL,2017,1109000.0
BRA,2017,6589000.0
BRB,2017,1345000.0
BRN,2017,4316000.0
BTN,2017,255000.0
BWA,2017,1775000.0
CAF,2017,107000.0
CAN,2017,31081000.0
CHE,2017,11133000.0
CHL,2017,7621000.0
CHN,2017,153260000.0
CIV,2017,1800000.0
CMR,2017,1081000.0
COD,2017,N/A
COG,2017,151000.0
COL,2017,4056000.0
COM,2017,28000.0
CPV,2017,668000.0
CRI,2017,3231000.0
CUB,2017,4654000.0
CYM,2017,2147000.0
CYP,2017,3750000.0
CZE,2017,34701000.0
DEU,2017,37452000.0
DJI,2017,N/A
DMA,2017,230000.0
DNK,2017,30736000.0
DOM,2017,7296000.0
DZA,2017,2451000.0
ECU,2017,1806000.0
EGY,2017,8292000.0
ERI,2017,N/A
ESP,2017,121717000.0
EST,2017,6145000.0
ETH,2017,933000.0
FIN,2017,3180000.0
FJI,2017,1027000.0
FRA,2017,207274000.0
FSM,2017,N/A
GAB,2017,N/A
GBR,2017,41080000.0
GEO,2017,6483000.0
GHA,2017,N/A
GIN,2017,99000.0
GMB,2017,522000.0
GNB,2017,49500.0
GNQ,2017,N/A
GRC,2017,30161000.0
GRD,2017,468000.0
GTM,2017,2120000.0
GUM,2017,1545000.0
GUY,2017,247000.0
HKG,2017,58472000.0
HND,2017,2144000.0
HRV,2017,59238000.0
HTI,2017,1262000.0
HUN,2017,54962000.0
IDN,2017,14040000.0
IND,2017,15543000.0
IRL,2017,10338000.0
IRN,2017,4867000.0
IRQ,2017,N/A
ISL,2017,2353000.0
ISR,2017,3863000.0
ITA,2017,89931000.0
JAM,2017,4276000.0
JOR,2017,4565000.0
JPN,2017,28691000.0
KAZ,2017,7701000.0
KEN,2017,1449000.0
KGZ,2017,4568000.0
KHM,2017,5602000.0
KIR,2017,7500.0
KNA,2017,1194000.0
KOR,2017,13336000.0
KWT,2017,7407000.0
LAO,2017,3869000.0
LBN,2017,1857000.0
LBR,2017,N/A
LBY,2017,N/A
LCA,2017,1064000.0
LIE,2017,79300.0030517578
LKA,2017,2248000.0
LSO,2017,1137000.0
LTU,2017,5590000.0
LUX,2017,1046000.0
LVA,2017,7726000.0
MAC,2017,32611000.0
MAF,2017,N/A
MAR,2017,11540000.0
MDA,2017,145000.0
MDG,2017,285000.0
MDV,2017,1390000.0
MEX,2017,99349000.0
MHL,2017,6000.0
MKD,2017,631000.0
MLI,2017,193000.0
MLT,2017,2944000.0
MMR,2017,3443000.0
MNE,2017,1877000.0
MNG,2017,543000.0
MNP,2017,660000.0
MOZ,2017,1514000.0
MRT,2017,N/A
MUS,2017,1371000.0
MWI,2017,837000.0
MYS,2017,25948000.0
NAM,2017,1581000.0
NCL,2017,121000.0
NER,2017,164000.0
NGA,2017,N/A
NIC,2017,1958000.0
NLD,2017,17924000.0
NOR,2017,6252000.0
NPL,2017,940000.0
NZL,2017,3723000.0
OMN,2017,3178000.0
PAK,2017,N/A
PAN,2017,2517000.0
PER,2017,4992000.0
PHL,2017,6621000.0
PLW,2017,123000.0
PNG,2017,182000.0
POL,2017,83804000.0
PRI,2017,4927000.0
PRK,2017,N/A
PRT,2017,15432000.0
PRY,2017,4744000.0
PSE,2017,503000.0
PYF,2017,254000.0
QAT,2017,2256000.0
ROU,2017,10926000.0
RUS,2017,24390000.0
RWA,2017,1570000.0
SAU,2017,18607000.0
SDN,2017,813000.0
SEN,2017,1376000.0
SGP,2017,17425000.0
SLB,2017,25700.0007629395
SLE,2017,59000.0
SLV,2017,2247000.0
SOM,2017,N/A
SRB,2017,1497000.0
SSD,2017,N/A
STP,2017,28899.9996185303
SUR,2017,279000.0
SVK,2017,15406000.0
SVN,2017,3991000.0
SWE,2017,7054000.0
SWZ,2017,1343000.0
SXM,2017,1640000.0
SYC,2017,382000.0
SYR,2017,1291000.0
TCA,2017,1243000.0
TCD,2017,87000.0
TGO,2017,514000.0
THA,2017,35592000.0
TJK,2017,431000.0
TKM,2017,N/A
TLS,2017,73900.0015258789
TON,2017,86599.9984741211
TTO,2017,465000.0
TUN,2017,7052000.0
TUR,2017,37970000.0
TUV,2017,2500.0
TZA,2017,1327000.0
UGA,2017,1402000.0
UKR,2017,14579000.0
URY,2017,4219000.0
USA,2017,174291750.0
UZB,2017,2690000.0
VCT,2017,303000.0
VEN,2017,429000.0
VGB,2017,335000.0
VIR,2017,1954000.0
VNM,2017,12922000.0
VUT,2017,332700.012207031
WSM,2017,158000.0
YEM,2017,N/A
ZAF,2017,14975000.0
ZMB,2017,1009000.0
ZWE,2017,2423000.0
AFG,2018,N/A
AGO,2018,218000.0
ALB,2018,5927000.0
ARE,2018,23092000.0
ARG,2018,6942000.0
ARM,2018,1652000.0
ASM,2018,20200.0007629395
ATG,2018,1064000.0
AUS,2018,9246000.0
AUT,2018,30816000.0
AZE,2018,2850000.0
BDI,2018,N/A
BEL,2018,9119000.0
BEN,2018,322000.0
BFA,2018,144000.0
BGD,2018,267000.0
BGR,2018,12368000.0
BHR,2018,12045000.0
BHS,2018,6622000.0
BIH,2018,1053000.0
BLR,2018,11502000.0
BLZ,2018,1697000.0
BMU,2018,766000.0
BOL,2018,1142000.0
BRA,2018,6621000.0
BRB,2018,1356000.0
BRN,2018,4521000.0
BTN,2018,274000.0
BWA,2018,1830000.0
CAF,2018,109000.0
CAN,2018,31274000.0
CHE,2018,11715000.0
CHL,2018,6603000.0
CHN,2018,158606000.0
CIV,2018,1965000.0
CMR,2018,997000.0
COD,2018,N/A
COG,2018,158000.0
COL,2018,4397000.0
COM,2018,35900.0015258789
CPV,2018,710000.0
CRI,2018,3313000.0
CUB,2018,4712000.0
CYM,2018,2384000.0
CYP,2018,4024000.0
CZE,2018,36268000.0
DEU,2018,38881000.0
DJI,2018,N/A
DMA,2018,199000.0
DNK,2018,30801000.0
DOM,2018,7551000.0
DZA,2018,2657000.0
ECU,2018,2535000.0
EGY,2018,11346000.0
ERI,2018,N/A
ESP,2018,124456000.0
EST,2018,6033000.0
ETH,2018,849000.0
FIN,2018,3224000.0
FJI,2018,1058000.0
FRA,2018,211998000.0
FSM,2018,19200.0007629395
GAB,2018,N/A
GBR,2018,40283000.0
GEO,2018,7203000.0
GHA,2018,N/A
GIN,2018,N/A
GMB,2018,552000.0
GNB,2018,55000.0
GNQ,2018,N/A
GRC,2018,33072000.0
GRD,2018,529000.0
GTM,2018,2406000.0
GUM,2018,1549000.0
GUY,2018,287000.0
HKG,2018,65148000.0
HND,2018,2323000.0
HRV,2018,57668000.0
HTI,2018,1333000.0
HUN,2018,57667000.0
IDN,2018,15810000.0
IND,2018,17423000.0
IRL,2018,10926000.0
IRN,2018,7295000.0
IRQ,2018,N/A
ISL,2018,2488000.0
ISR,2018,4389000.0
ITA,2018,93228601.5625
JAM,2018,4319000.0
JOR,2018,4922000.0
JPN,2018,31191000.0
KAZ,2018,8789000.0
KEN,2018,2025000.0
KGZ,2018,6947000.0
KHM,2018,6201000.0
KIR,2018,9000.0
KNA,2018,1278000.0
KOR,2018,15347000.0
KWT,2018,8508000.0
LAO,2018,4186000.0
LBN,2018,1964000.0
LBR,2018,N/A
LBY,2018,N/A
LCA,2018,1165000.0
LIE,2018,85300.0030517578
LKA,2018,2521000.0
LSO,2018,1173000.0
LTU,2018,6115000.0
LUX,2018,1018000.0
LVA,2018,7775000.0
MAC,2018,35804000.0
MAF,2018,N/A
MAR,2018,12489000.0
MDA,2018,160000.0
MDG,2018,360000.0
MDV,2018,1484000.0
MEX,2018,96497000.0
MHL,2018,6800.00019073486
MKD,2018,707000.0
MLI,2018,203000.0
MLT,2018,3232000.0
MMR,2018,3551000.0
MNE,2018,2077000.0
MNG,2018,598000.0
MNP,2018,518000.0
MOZ,2018,2870000.0
MRT,2018,N/A
MUS,2018,1431000.0
MWI,2018,871000.0
MYS,2018,25832000.0
NAM,2018,1639000.0
NCL,2018,120000.0
NER,2018,157000.0
NGA,2018,N/A
NIC,2018,1412000.0
NLD,2018,18780000.0
NOR,2018,5688000.0
NPL,2018,1173000.0
NZL,2018,3858000.0
OMN,2018,3242000.0
PAK,2018,N/A
PAN,2018,2487000.0
PER,2018,5384000.0
PHL,2018,7168000.0
PLW,2018,106000.0
PNG,2018,195000.0
POL,2018,85946000.0
PRI,2018,4260000.0
PRK,2018,N/A
PRT,2018,16186000.0
PRY,2018,4183000.0
PSE,2018,606000.0
PYF,2018,264000.0
QAT,2018,1819000.0
ROU,2018,11720000.0
RUS,2018,24551000.0
RWA,2018,1711000.0
SAU,2018,17570000.0
SDN,2018,836000.0
SEN,2018,N/A
SGP,2018,18508000.0
SLB,2018,27899.9996185303
SLE,2018,66000.0
SLV,2018,2536000.0
SOM,2018,N/A
SRB,2018,1711000.0
SSD,2018,N/A
STP,2018,33400.0015258789
SUR,2018,N/A
SVK,2018,15299000.0
SVN,2018,4425000.0
SWE,2018,7440000.0
SWZ,2018,1277000.0
SXM,2018,1775000.0
SYC,2018,405000.0
SYR,2018,1802000.0
TCA,2018,1463000.0
TCD,2018,63000.0
TGO,2018,573000.0
THA,2018,38178000.0
TJK,2018,1035000.0
TKM,2018,N/A
TLS,2018,74599.9984741211
TON,2018,77300.0030517578
TTO,2018,501000.0
TUN,2018,8299000.0
TUR,2018,46113000.0
TUV,2018,3200.00004768372
TZA,2018,1506000.0
UGA,2018,1506000.0
UKR,2018,14342000.0
URY,2018,3954000.0
USA,2018,169324921.875
UZB,2018,5346000.0
VCT,2018,356000.0
VEN,2018,N/A
VGB,2018,192000.0
VIR,2018,1922000.0
VNM,2018,15498000.0
VUT,2018,350200.012207031
WSM,2018,172000.0
YEM,2018,N/A
ZAF,2018,15004000.0
ZMB,2018,1072000.0
ZWE,2018,2580000.0
AFG,2019,N/A
AGO,2019,218000.0
ALB,2019,6406000.0
ARE,2019,25282000.0
ARG,2019,7399000.0
ARM,2019,1894000.0
ASM,2019,19200.0007629395
ATG,2019,1035000.0
AUS,2019,9466000.0
AUT,2019,31884000.0
AZE,2019,3170000.0
BDI,2019,N/A
BEL,2019,9343000.0
BEN,2019,337000.0
BFA,2019,143000.0
BGD,2019,323000.0
BGR,2019,12552000.0
BHR,2019,11061000.0
BHS,2019,7250000.0
BIH,2019,1198000.0
BLR,2019,11832000.0
BLZ,2019,1674000.0
BMU,2019,805000.0
BOL,2019,1239000.0
BRA,2019,6353000.0
BRB,2019,966000.0
BRN,2019,4449000.0
BTN,2019,316000.0
BWA,2019,N/A
CAF,2019,87000.0
CAN,2019,32430000.0
CHE,2019,11818000.0
CHL,2019,5431000.0
CHN,2019,162538000.0
CIV,2019,2070000.0
CMR,2019,1021000.0
COD,2019,N/A
COG,2019,N/A
COL,2019,4531000.0
COM,2019,45099.9984741211
CPV,2019,758000.0
CRI,2019,3366000.0
CUB,2019,4276000.0
CYM,2019,2334000.0
CYP,2019,4117000.0
CZE,2019,37202000.0
DEU,2019,39563000.0
DJI,2019,N/A
DMA,2019,322000.0
DNK,2019,33093000.0
DOM,2019,7550000.0
DZA,2019,2371000.0
ECU,2019,2108000.0
EGY,2019,13026000.0
ERI,2019,N/A
ESP,2019,126170000.0
EST,2019,6103000.0
ETH,2019,812000.0
FIN,2019,3290000.0
FJI,2019,969000.0
FRA,2019,217877000.0
FSM,2019,18000.0
GAB,2019,N/A
GBR,2019,40857000.0
GEO,2019,7726000.0
GHA,2019,N/A
GIN,2019,N/A
GMB,2019,620000.0
GNB,2019,52400.0015258789
GNQ,2019,N/A
GRC,2019,34005000.0
GRD,2019,526000.0
GTM,2019,2560000.0
GUM,2019,1667000.0
GUY,2019,315000.0
HKG,2019,55913000.0
HND,2019,2315000.0
HRV,2019,60021000.0
HTI,2019,938000.0
HUN,2019,61397000.0
IDN,2019,16107000.0
IND,2019,17914000.0
IRL,2019,10951000.0
IRN,2019,9107000.0
IRQ,2019,N/A
ISL,2019,2202000.0
ISR,2019,4905000.0
ITA,2019,95399000.0
JAM,2019,4233000.0
JOR,2019,5361000.0
JPN,2019,31881000.0
KAZ,2019,8515000.0
KEN,2019,2049000.0
KGZ,2019,8508000.0
KHM,2019,6611000.0
KIR,2019,12000.0
KNA,2019,1107000.0
KOR,2019,17503000.0
KWT,2019,8565000.0
LAO,2019,4791000.0
LBN,2019,1936000.0
LBR,2019,N/A
LBY,2019,N/A
LCA,2019,1220000.0
LIE,2019,98099.9984741211
LKA,2019,2027000.0
LSO,2019,1142000.0
LTU,2019,6150000.0
LUX,2019,1041000.0
LVA,2019,8342000.0
MAC,2019,39406000.0
MAF,2019,N/A
MAR,2019,13109000.0
MDA,2019,174000.0
MDG,2019,486000.0
MDV,2019,1703000.0
MEX,2019,97406000.0
MHL,2019,6099.99990463257
MKD,2019,758000.0
MLI,2019,217000.0
MLT,2019,3519000.0
MMR,2019,4364000.0
MNE,2019,2510000.0
MNG,2019,637000.0
MNP,2019,487000.0
MOZ,2019,2033000.0
MRT,2019,N/A
MUS,2019,1418000.0
MWI,2019,N/A
MYS,2019,26101000.0
NAM,2019,1651000.0
NCL,2019,130000.0
NER,2019,192000.0
NGA,2019,N/A
NIC,2019,1455000.0
NLD,2019,20129000.0
NOR,2019,5879000.0
NPL,2019,1197000.0
NZL,2019,3888000.0
OMN,2019,3506000.0
PAK,2019,N/A
PAN,2019,2494000.0
PER,2019,5275000.0
PHL,2019,8261000.0
PLW,2019,94000.0
PNG,2019,211000.0
POL,2019,88515000.0
PRI,2019,4931000.0
PRK,2019,N/A
PRT,2019,17283000.0
PRY,2019,4368000.0
PSE,2019,688000.0
PYF,2019,300000.0
QAT,2019,2136500.0
ROU,2019,12815000.0
RUS,2019,24419000.0
RWA,2019,1634000.0
SAU,2019,20292000.0
SDN,2019,N/A
SEN,2019,N/A
SGP,2019,19116000.0
SLB,2019,28899.9996185303
SLE,2019,71000.0
SLV,2019,2639000.0
SOM,2019,N/A
SRB,2019,1847000.0
SSD,2019,N/A
STP,2019,N/A
SUR,2019,N/A
SVK,2019,N/A
SVN,2019,4702000.0
SWE,2019,7616000.0
SWZ,2019,1226000.0
SXM,2019,1952000.0
SYC,2019,428000.0
SYR,2019,2424000.0
TCA,2019,1599000.0
TCD,2019,81000.0
TGO,2019,876000.0
THA,2019,39916000.0
TJK,2019,N/A
TKM,2019,N/A
TLS,2019,74800.0030517578
TON,2019,94000.0
TTO,2019,480000.0
TUN,2019,9429000.0
TUR,2019,51747000.0
TUV,2019,3599.99990463257
TZA,2019,1527000.0
UGA,2019,1543000.0
UKR,2019,13710000.0
URY,2019,3480000.0
USA,2019,165478000.0
UZB,2019,6749000.0
VCT,2019,392000.0
VEN,2019,N/A
VGB,2019,302399.993896484
VIR,2019,2074000.0
VNM,2019,18009000.0
VUT,2019,256000.0
WSM,2019,181000.0
YEM,2019,N/A
ZAF,2019,14797000.0
ZMB,2019,1266000.0
ZWE,2019,2294000.0
AFG,2020,N/A
AGO,2020,N/A
ALB,2020,2658000.0
ARE,2020,8084000.0
ARG,2020,N/A
ARM,2020,375000.0
ASM,2020,899.999976158142
ATG,2020,384500.0
AUS,2020,1828000.0
AUT,2020,15091000.0
AZE,2020,796000.0
BDI,2020,N/A
BEL,2020,2584000.0
BEN,2020,N/A
BFA,2020,67000.0
BGD,2020,N/A
BGR,2020,4973000.0
BHR,2020,1909000.0
BHS,2020,1794500.0
BIH,2020,197000.0
BLR,2020,3598000.0
BLZ,2020,487000.0
BMU,2020,51400.0015258789
BOL,2020,323299.987792969
BRA,2020,N/A
BRB,2020,N/A
BRN,2020,1071000.0
BTN,2020,29799.9992370605
BWA,2020,N/A
CAF,2020,N/A
CAN,2020,N/A
CHE,2020,N/A
CHL,2020,N/A
CHN,2020,30402000.0
CIV,2020,668000.0
CMR,2020,N/A
COD,2020,N/A
COG,2020,N/A
COL,2020,1396000.0
COM,2020,7000.0
CPV,2020,180000.0
CRI,2020,1146500.0
CUB,2020,1086000.0
CYM,2020,660000.0
CYP,2020,N/A
CZE,2020,N/A
DEU,2020,12449000.0
DJI,2020,N/A
DMA,2020,140000.0
DNK,2020,15595000.0
DOM,2020,2748000.0
DZA,2020,591000.0
ECU,2020,N/A
EGY,2020,N/A
ERI,2020,N/A
ESP,2020,36410000.0
EST,2020,1695000.0
ETH,2020,518000.0
FIN,2020,896000.0
FJI,2020,168000.0
FRA,2020,117109000.0
FSM,2020,N/A
GAB,2020,N/A
GBR,2020,11101000.0
GEO,2020,1513000.0
GHA,2020,N/A
GIN,2020,N/A
GMB,2020,246000.0
GNB,2020,N/A
GNQ,2020,N/A
GRC,2020,7406000.0
GRD,2020,217000.0
GTM,2020,594000.0
GUM,2020,328000.0
GUY,2020,86400.0015258789
HKG,2020,3569000.0
HND,2020,669000.0
HRV,2020,21608000.0
HTI,2020,N/A
HUN,2020,31641000.0
IDN,2020,4053000.0
IND,2020,N/A
IRL,2020,N/A
IRN,2020,1550000.0
IRQ,2020,N/A
ISL,2020,488000.0
ISR,2020,N/A
ITA,2020,38419000.0
JAM,2020,1329699.95117188
JOR,2020,1240000.0
JPN,2020,4115799.8046875
KAZ,2020,2035000.0
KEN,2020,N/A
KGZ,2020,N/A
KHM,2020,1306000.0
KIR,2020,N/A
KNA,2020,301399.993896484
KOR,2020,2519000.0
KWT,2020,2161000.0
LAO,2020,886400.024414063
LBN,2020,N/A
LBR,2020,N/A
LBY,2020,N/A
LCA,2020,432500.0
LIE,2020,58400.0015258789
LKA,2020,540000.0
LSO,2020,N/A
LTU,2020,2284000.0
LUX,2020,525000.0
LVA,2020,3204000.0
MAC,2020,5897000.0
MAF,2020,N/A
MAR,2020,2802000.0
MDA,2020,29000.0
MDG,2020,87099.9984741211
MDV,2020,555000.0
MEX,2020,51128000.0
MHL,2020,N/A
MKD,2020,118000.0
MLI,2020,N/A
MLT,2020,718000.0
MMR,2020,903000.0
MNE,2020,351000.0
MNG,2020,66900.0015258789
MNP,2020,N/A
MOZ,2020,N/A
MRT,2020,N/A
MUS,2020,316000.0
MWI,2020,N/A
MYS,2020,4333000.0
NAM,2020,187100.006103516
NCL,2020,31000.0
NER,2020,85000.0
NGA,2020,N/A
NIC,2020,474000.0
NLD,2020,7265000.0
NOR,2020,1397000.0
NPL,2020,230000.0
NZL,2020,996000.0
OMN,2020,869000.0
PAK,2020,N/A
PAN,2020,647000.0
PER,2020,1119000.0
PHL,2020,1483000.0
PLW,2020,18399.9996185303
PNG,2020,39000.0
POL,2020,N/A
PRI,2020,3882000.0
PRK,2020,N/A
PRT,2020,4208000.0
PRY,2020,1077000.0
PSE,2020,93000.0
PYF,2020,89400.0015258789
QAT,2020,582000.0
ROU,2020,5023000.0
RUS,2020,6359000.0
RWA,2020,N/A
SAU,2020,N/A
SDN,2020,N/A
SEN,2020,N/A
SGP,2020,2742000.0
SLB,2020,4400.00009536743
SLE,2020,N/A
SLV,2020,707000.0
SOM,2020,N/A
SRB,2020,446000.0
SSD,2020,N/A
STP,2020,N/A
SUR,2020,N/A
SVK,2020,N/A
SVN,2020,1216000.0
SWE,2020,1957000.0
SWZ,2020,345299.987792969
SXM,2020,N/A
SYC,2020,124500.0
SYR,2020,N/A
TCA,2020,370399.993896484
TCD,2020,10399.9996185303
TGO,2020,482000.0
THA,2020,N/A
TJK,2020,N/A
TKM,2020,N/A
TLS,2020,N/A
TON,2020,N/A
TTO,2020,141000.0
TUN,2020,2012000.0
TUR,2020,15971000.0
TUV,2020,N/A
TZA,2020,N/A
UGA,2020,473000.0
UKR,2020,3382000.0
URY,2020,N/A
USA,2020,45037000.0
UZB,2020,N/A
VCT,2020,N/A
VEN,2020,N/A
VGB,2020,83000.0
VIR,2020,8612000.0
VNM,2020,3837000.0
VUT,2020,82400.0015258789
WSM,2020,23899.9996185303
YEM,2020,N/A
ZAF,2020,3886600.09765625
ZMB,2020,502000.0
ZWE,2020,639000.0
AFG,2021,N/A
AGO,2021,N/A
ALB,2021,N/A
ARE,2021,N/A
ARG,2021,N/A
ARM,2021,N/A
ASM,2021,N/A
ATG,2021,N/A
AUS,2021,N/A
AUT,2021,N/A
AZE,2021,N/A
BDI,2021,N/A
BEL,2021,N/A
BEN,2021,N/A
BFA,2021,N/A
BGD,2021,N/A
BGR,2021,N/A
BHR,2021,N/A
BHS,2021,N/A
BIH,2021,N/A
BLR,2021,N/A
BLZ,2021,N/A
BMU,2021,N/A
BOL,2021,N/A
BRA,2021,N/A
BRB,2021,N/A
BRN,2021,N/A
BTN,2021,N/A
BWA,2021,N/A
CAF,2021,N/A
CAN,2021,N/A
CHE,2021,N/A
CHL,2021,N/A
CHN,2021,N/A
CIV,2021,N/A
CMR,2021,N/A
COD,2021,N/A
COG,2021,N/A
COL,2021,N/A
COM,2021,N/A
CPV,2021,N/A
CRI,2021,N/A
CUB,2021,N/A
CYM,2021,N/A
CYP,2021,N/A
CZE,2021,N/A
DEU,2021,N/A
DJI,2021,N/A
DMA,2021,N/A
DNK,2021,N/A
DOM,2021,N/A
DZA,2021,N/A
ECU,2021,N/A
EGY,2021,N/A
ERI,2021,N/A
ESP,2021,N/A
EST,2021,N/A
ETH,2021,N/A
FIN,2021,N/A
FJI,2021,N/A
FRA,2021,N/A
FSM,2021,N/A
GAB,2021,N/A
GBR,2021,N/A
GEO,2021,N/A
GHA,2021,N/A
GIN,2021,N/A
GMB,2021,N/A
GNB,2021,N/A
GNQ,2021,N/A
GRC,2021,N/A
GRD,2021,N/A
GTM,2021,N/A
GUM,2021,N/A
GUY,2021,N/A
HKG,2021,N/A
HND,2021,N/A
HRV,2021,N/A
HTI,2021,N/A
HUN,2021,N/A
IDN,2021,N/A
IND,2021,N/A
IRL,2021,N/A
IRN,2021,N/A
IRQ,2021,N/A
ISL,2021,N/A
ISR,2021,N/A
ITA,2021,N/A
JAM,2021,N/A
JOR,2021,N/A
JPN,2021,N/A
KAZ,2021,N/A
KEN,2021,N/A
KGZ,2021,N/A
KHM,2021,N/A
KIR,2021,N/A
KNA,2021,N/A
KOR,2021,N/A
KWT,2021,N/A
LAO,2021,N/A
LBN,2021,N/A
LBR,2021,N/A
LBY,2021,N/A
LCA,2021,N/A
LIE,2021,N/A
LKA,2021,N/A
LSO,2021,N/A
LTU,2021,N/A
LUX,2021,N/A
LVA,2021,N/A
MAC,2021,N/A
MAF,2021,N/A
MAR,2021,N/A
MDA,2021,N/A
MDG,2021,N/A
MDV,2021,N/A
MEX,2021,N/A
MHL,2021,N/A
MKD,2021,N/A
MLI,2021,N/A
MLT,2021,N/A
MMR,2021,N/A
MNE,2021,N/A
MNG,2021,N/A
MNP,2021,N/A
MOZ,2021,N/A
MRT,2021,N/A
MUS,2021,N/A
MWI,2021,N/A
MYS,2021,N/A
NAM,2021,N/A
NCL,2021,N/A
NER,2021,N/A
NGA,2021,N/A
NIC,2021,N/A
NLD,2021,N/A
NOR,2021,N/A
NPL,2021,N/A
NZL,2021,N/A
OMN,2021,N/A
PAK,2021,N/A
PAN,2021,N/A
PER,2021,N/A
PHL,2021,N/A
PLW,2021,N/A
PNG,2021,N/A
POL,2021,N/A
PRI,2021,N/A
PRK,2021,N/A
PRT,2021,N/A
PRY,2021,N/A
PSE,2021,N/A
PYF,2021,N/A
QAT,2021,N/A
ROU,2021,N/A
RUS,2021,N/A
RWA,2021,N/A
SAU,2021,N/A
SDN,2021,N/A
SEN,2021,N/A
SGP,2021,N/A
SLB,2021,N/A
SLE,2021,N/A
SLV,2021,N/A
SOM,2021,N/A
SRB,2021,N/A
SSD,2021,N/A
STP,2021,N/A
SUR,2021,N/A
SVK,2021,N/A
SVN,2021,N/A
SWE,2021,N/A
SWZ,2021,N/A
SXM,2021,N/A
SYC,2021,N/A
SYR,2021,N/A
TCA,2021,N/A
TCD,2021,N/A
TGO,2021,N/A
THA,2021,N/A
TJK,2021,N/A
TKM,2021,N/A
TLS,2021,N/A
TON,2021,N/A
TTO,2021,N/A
TUN,2021,N/A
TUR,2021,N/A
TUV,2021,N/A
TZA,2021,N/A
UGA,2021,N/A
UKR,2021,N/A
URY,2021,N/A
USA,2021,N/A
UZB,2021,N/A
VCT,2021,N/A
VEN,2021,N/A
VGB,2021,N/A
VIR,2021,N/A
VNM,2021,N/A
VUT,2021,N/A
WSM,2021,N/A
YEM,2021,N/A
ZAF,2021,N/A
ZMB,2021,N/A
ZWE,2021,N/A
AFG,2022,N/A
AGO,2022,N/A
ALB,2022,N/A
ARE,2022,N/A
ARG,2022,N/A
ARM,2022,N/A
ASM,2022,N/A
ATG,2022,N/A
AUS,2022,N/A
AUT,2022,N/A
AZE,2022,N/A
BDI,2022,N/A
BEL,2022,N/A
BEN,2022,N/A
BFA,2022,N/A
BGD,2022,N/A
BGR,2022,N/A
BHR,2022,N/A
BHS,2022,N/A
BIH,2022,N/A
BLR,2022,N/A
BLZ,2022,N/A
BMU,2022,N/A
BOL,2022,N/A
BRA,2022,N/A
BRB,2022,N/A
BRN,2022,N/A
BTN,2022,N/A
BWA,2022,N/A
CAF,2022,N/A
CAN,2022,N/A
CHE,2022,N/A
CHL,2022,N/A
CHN,2022,N/A
CIV,2022,N/A
CMR,2022,N/A
COD,2022,N/A
COG,2022,N/A
COL,2022,N/A
COM,2022,N/A
CPV,2022,N/A
CRI,2022,N/A
CUB,2022,N/A
CYM,2022,N/A
CYP,2022,N/A
CZE,2022,N/A
DEU,2022,N/A
DJI,2022,N/A
DMA,2022,N/A
DNK,2022,N/A
DOM,2022,N/A
DZA,2022,N/A
ECU,2022,N/A
EGY,2022,N/A
ERI,2022,N/A
ESP,2022,N/A
EST,2022,N/A
ETH,2022,N/A
FIN,2022,N/A
FJI,2022,N/A
FRA,2022,N/A
FSM,2022,N/A
GAB,2022,N/A
GBR,2022,N/A
GEO,2022,N/A
GHA,2022,N/A
GIN,2022,N/A
GMB,2022,N/A
GNB,2022,N/A
GNQ,2022,N/A
GRC,2022,N/A
GRD,2022,N/A
GTM,2022,N/A
GUM,2022,N/A
GUY,2022,N/A
HKG,2022,N/A
HND,2022,N/A
HRV,2022,N/A
HTI,2022,N/A
HUN,2022,N/A
IDN,2022,N/A
IND,2022,N/A
IRL,2022,N/A
IRN,2022,N/A
IRQ,2022,N/A
ISL,2022,N/A
ISR,2022,N/A
ITA,2022,N/A
JAM,2022,N/A
JOR,2022,N/A
JPN,2022,N/A
KAZ,2022,N/A
KEN,2022,N/A
KGZ,2022,N/A
KHM,2022,N/A
KIR,2022,N/A
KNA,2022,N/A
KOR,2022,N/A
KWT,2022,N/A
LAO,2022,N/A
LBN,2022,N/A
LBR,2022,N/A
LBY,2022,N/A
LCA,2022,N/A
LIE,2022,N/A
LKA,2022,N/A
LSO,2022,N/A
LTU,2022,N/A
LUX,2022,N/A
LVA,2022,N/A
MAC,2022,N/A
MAF,2022,N/A
MAR,2022,N/A
MDA,2022,N/A
MDG,2022,N/A
MDV,2022,N/A
MEX,2022,N/A
MHL,2022,N/A
MKD,2022,N/A
MLI,2022,N/A
MLT,2022,N/A
MMR,2022,N/A
MNE,2022,N/A
MNG,2022,N/A
MNP,2022,N/A
MOZ,2022,N/A
MRT,2022,N/A
MUS,2022,N/A
MWI,2022,N/A
MYS,2022,N/A
NAM,2022,N/A
NCL,2022,N/A
NER,2022,N/A
NGA,2022,N/A
NIC,2022,N/A
NLD,2022,N/A
NOR,2022,N/A
NPL,2022,N/A
NZL,2022,N/A
OMN,2022,N/A
PAK,2022,N/A
PAN,2022,N/A
PER,2022,N/A
PHL,2022,N/A
PLW,2022,N/A
PNG,2022,N/A
POL,2022,N/A
PRI,2022,N/A
PRK,2022,N/A
PRT,2022,N/A
PRY,2022,N/A
PSE,2022,N/A
PYF,2022,N/A
QAT,2022,N/A
ROU,2022,N/A
RUS,2022,N/A
RWA,2022,N/A
SAU,2022,N/A
SDN,2022,N/A
SEN,2022,N/A
SGP,2022,N/A
SLB,2022,N/A
SLE,2022,N/A
SLV,2022,N/A
SOM,2022,N/A
SRB,2022,N/A
SSD,2022,N/A
STP,2022,N/A
SUR,2022,N/A
SVK,2022,N/A
SVN,2022,N/A
SWE,2022,N/A
SWZ,2022,N/A
SXM,2022,N/A
SYC,2022,N/A
SYR,2022,N/A
TCA,2022,N/A
TCD,2022,N/A
TGO,2022,N/A
THA,2022,N/A
TJK,2022,N/A
TKM,2022,N/A
TLS,2022,N/A
TON,2022,N/A
TTO,2022,N/A
TUN,2022,N/A
TUR,2022,N/A
TUV,2022,N/A
TZA,2022,N/A
UGA,2022,N/A
UKR,2022,N/A
URY,2022,N/A
USA,2022,N/A
UZB,2022,N/A
VCT,2022,N/A
VEN,2022,N/A
VGB,2022,N/A
VIR,2022,N/A
VNM,2022,N/A
VUT,2022,N/A
WSM,2022,N/A
YEM,2022,N/A
ZAF,2022,N/A
ZMB,2022,N/A
ZWE,2022,N/A
AFG,2023,N/A
AGO,2023,N/A
ALB,2023,N/A
ARE,2023,N/A
ARG,2023,N/A
ARM,2023,N/A
ASM,2023,N/A
ATG,2023,N/A
AUS,2023,N/A
AUT,2023,N/A
AZE,2023,N/A
BDI,2023,N/A
BEL,2023,N/A
BEN,2023,N/A
BFA,2023,N/A
BGD,2023,N/A
BGR,2023,N/A
BHR,2023,N/A
BHS,2023,N/A
BIH,2023,N/A
BLR,2023,N/A
BLZ,2023,N/A
BMU,2023,N/A
BOL,2023,N/A
BRA,2023,N/A
BRB,2023,N/A
BRN,2023,N/A
BTN,2023,N/A
BWA,2023,N/A
CAF,2023,N/A
CAN,2023,N/A
CHE,2023,N/A
CHL,2023,N/A
CHN,2023,N/A
CIV,2023,N/A
CMR,2023,N/A
COD,2023,N/A
COG,2023,N/A
COL,2023,N/A
COM,2023,N/A
CPV,2023,N/A
CRI,2023,N/A
CUB,2023,N/A
CYM,2023,N/A
CYP,2023,N/A
CZE,2023,N/A
DEU,2023,N/A
DJI,2023,N/A
DMA,2023,N/A
DNK,2023,N/A
DOM,2023,N/A
DZA,2023,N/A
ECU,2023,N/A
EGY,2023,N/A
ERI,2023,N/A
ESP,2023,N/A
EST,2023,N/A
ETH,2023,N/A
FIN,2023,N/A
FJI,2023,N/A
FRA,2023,N/A
FSM,2023,N/A
GAB,2023,N/A
GBR,2023,N/A
GEO,2023,N/A
GHA,2023,N/A
GIN,2023,N/A
GMB,2023,N/A
GNB,2023,N/A
GNQ,2023,N/A
GRC,2023,N/A
GRD,2023,N/A
GTM,2023,N/A
GUM,2023,N/A
GUY,2023,N/A
HKG,2023,N/A
HND,2023,N/A
HRV,2023,N/A
HTI,2023,N/A
HUN,2023,N/A
IDN,2023,N/A
IND,2023,N/A
IRL,2023,N/A
IRN,2023,N/A
IRQ,2023,N/A
ISL,2023,N/A
ISR,2023,N/A
ITA,2023,N/A
JAM,2023,N/A
JOR,2023,N/A
JPN,2023,N/A
KAZ,2023,N/A
KEN,2023,N/A
KGZ,2023,N/A
KHM,2023,N/A
KIR,2023,N/A
KNA,2023,N/A
KOR,2023,N/A
KWT,2023,N/A
LAO,2023,N/A
LBN,2023,N/A
LBR,2023,N/A
LBY,2023,N/A
LCA,2023,N/A
LIE,2023,N/A
LKA,2023,N/A
LSO,2023,N/A
LTU,2023,N/A
LUX,2023,N/A
LVA,2023,N/A
MAC,2023,N/A
MAF,2023,N/A
MAR,2023,N/A
MDA,2023,N/A
MDG,2023,N/A
MDV,2023,N/A
MEX,2023,N/A
MHL,2023,N/A
MKD,2023,N/A
MLI,2023,N/A
MLT,2023,N/A
MMR,2023,N/A
MNE,2023,N/A
MNG,2023,N/A
MNP,2023,N/A
MOZ,2023,N/A
MRT,2023,N/A
MUS,2023,N/A
MWI,2023,N/A
MYS,2023,N/A
NAM,2023,N/A
NCL,2023,N/A
NER,2023,N/A
NGA,2023,N/A
NIC,2023,N/A
NLD,2023,N/A
NOR,2023,N/A
NPL,2023,N/A
NZL,2023,N/A
OMN,2023,N/A
PAK,2023,N/A
PAN,2023,N/A
PER,2023,N/A
PHL,2023,N/A
PLW,2023,N/A
PNG,2023,N/A
POL,2023,N/A
PRI,2023,N/A
PRK,2023,N/A
PRT,2023,N/A
PRY,2023,N/A
PSE,2023,N/A
PYF,2023,N/A
QAT,2023,N/A
ROU,2023,N/A
RUS,2023,N/A
RWA,2023,N/A
SAU,2023,N/A
SDN,2023,N/A
SEN,2023,N/A
SGP,2023,N/A
SLB,2023,N/A
SLE,2023,N/A
SLV,2023,N/A
SOM,2023,N/A
SRB,2023,N/A
SSD,2023,N/A
STP,2023,N/A
SUR,2023,N/A
SVK,2023,N/A
SVN,2023,N/A
SWE,2023,N/A
SWZ,2023,N/A
SXM,2023,N/A
SYC,2023,N/A
SYR,2023,N/A
TCA,2023,N/A
TCD,2023,N/A
TGO,2023,N/A
THA,2023,N/A
TJK,2023,N/A
TKM,2023,N/A
TLS,2023,N/A
TON,2023,N/A
TTO,2023,N/A
TUN,2023,N/A
TUR,2023,N/A
TUV,2023,N/A
TZA,2023,N/A
UGA,2023,N/A
UKR,2023,N/A
URY,2023,N/A
USA,2023,N/A
UZB,2023,N/A
VCT,2023,N/A
VEN,2023,N/A
VGB,2023,N/A
VIR,2023,N/A
VNM,2023,N/A
VUT,2023,N/A
WSM,2023,N/A
YEM,2023,N/A
ZAF,2023,N/A
ZMB,2023,N/A
ZWE,2023,N/A
