Country Code,Year,urban_pop_percentage
AFG,1960,8.401
AGO,1960,10.435
ALB,1960,30.705
ARE,1960,73.5
ARG,1960,73.611
ARM,1960,51.275
ASM,1960,66.211
ATG,1960,39.656
AUS,1960,81.529
AUT,1960,64.72
AZE,1960,52.663
BDI,1960,2.077
BEL,1960,92.46
BEN,1960,9.275
BFA,1960,4.7
BGD,1960,5.135
BGR,1960,37.1
BHR,1960,82.32
BHS,1960,59.712
BIH,1960,19.04
BLR,1960,32.401
BLZ,1960,54.028
BMU,1960,100.0
BOL,1960,36.762
BRA,1960,46.139
BRB,1960,36.777
BRN,1960,43.401
BTN,1960,3.596
BWA,1960,3.06
CAF,1960,20.1
CAN,1960,69.061
CHE,1960,70.924
CHL,1960,67.836
CHN,1960,16.203
CIV,1960,17.679
CMR,1960,13.937
COD,1960,22.3
COG,1960,31.601
COL,1960,46.268
COM,1960,12.551
CPV,1960,16.679
CRI,1960,34.254
CUB,1960,58.401
CYM,1960,100.0
CYP,1960,35.628
CZE,1960,59.548
DEU,1960,71.384
DJI,1960,50.325
DMA,1960,37.846
DNK,1960,73.687
DOM,1960,30.191
DZA,1960,30.51
ECU,1960,33.878
EGY,1960,37.864
ERI,1960,9.799
ESP,1960,56.567
EST,1960,57.533
ETH,1960,6.433
FIN,1960,55.29
FJI,1960,29.681
FRA,1960,61.88
FSM,1960,22.312
GAB,1960,17.398
GBR,1960,78.444
GEO,1960,43.069
GHA,1960,23.252
GIN,1960,10.472
GMB,1960,12.129
GNB,1960,13.6
GNQ,1960,25.537
GRC,1960,55.936
GRD,1960,30.332
GTM,1960,31.121
GUM,1960,50.147
GUY,1960,29.009
HKG,1960,85.2
HND,1960,22.747
HRV,1960,30.154
HTI,1960,15.593
HUN,1960,55.911
IDN,1960,14.586
IND,1960,17.924
IRL,1960,45.184
IRN,1960,33.735
IRQ,1960,42.899
ISL,1960,80.3
ISR,1960,76.848
ITA,1960,59.361
JAM,1960,33.769
JOR,1960,50.879
JPN,1960,63.272
KAZ,1960,44.198
KEN,1960,7.362
KGZ,1960,34.181
KHM,1960,10.285
KIR,1960,16.29
KNA,1960,27.644
KOR,1960,27.71
KWT,1960,74.893
LAO,1960,7.946
LBN,1960,42.343
LBR,1960,18.632
LBY,1960,27.323
LCA,1960,21.46
LIE,1960,20.437
LKA,1960,16.431
LSO,1960,3.512
LTU,1960,39.46
LUX,1960,69.556
LVA,1960,52.867
MAC,1960,95.289
MAF,1960,N/A
MAR,1960,29.357
MDA,1960,23.424
MDG,1960,10.642
MDV,1960,11.173
MEX,1960,50.753
MHL,1960,35.584
MKD,1960,34.02
MLI,1960,11.066
MLT,1960,90.129
MMR,1960,19.226
MNE,1960,18.788
MNG,1960,35.679
MNP,1960,51.219
MOZ,1960,6.868
MRT,1960,6.88
MUS,1960,35.111
MWI,1960,4.39
MYS,1960,26.598
NAM,1960,17.909
NCL,1960,37.36
NER,1960,5.793
NGA,1960,15.41
NIC,1960,39.581
NLD,1960,59.752
NOR,1960,49.92
NPL,1960,3.48
NZL,1960,75.998
OMN,1960,16.4
PAK,1960,22.104
PAN,1960,41.249
PER,1960,46.811
PHL,1960,30.297
PLW,1960,56.823
PNG,1960,3.725
POL,1960,47.892
PRI,1960,44.547
PRK,1960,40.195
PRT,1960,34.955
PRY,1960,35.569
PSE,1960,44.044
PYF,1960,42.281
QAT,1960,85.275
ROU,1960,34.209
RUS,1960,53.731
RWA,1960,2.6
SAU,1960,31.25
SDN,1960,10.746
SEN,1960,23.0
SGP,1960,100.0
SLB,1960,5.768
SLE,1960,17.352
SLV,1960,38.354
SOM,1960,17.312
SRB,1960,29.064
SSD,1960,8.748
STP,1960,16.073
SUR,1960,47.26
SVK,1960,33.464
SVN,1960,28.204
SWE,1960,72.49
SWZ,1960,3.913
SXM,1960,100.0
SYC,1960,27.673
SYR,1960,36.807
TCA,1960,47.679
TCD,1960,6.695
TGO,1960,10.098
THA,1960,19.672
TJK,1960,33.168
TKM,1960,46.412
TLS,1960,10.091
TON,1960,17.552
TTO,1960,34.155
TUN,1960,37.511
TUR,1960,31.515
TUV,1960,15.895
TZA,1960,5.246
UGA,1960,4.417
UKR,1960,46.792
URY,1960,80.241
USA,1960,69.996
UZB,1960,33.978
VCT,1960,25.943
VEN,1960,61.613
VGB,1960,12.228
VIR,1960,56.477
VNM,1960,14.7
VUT,1960,10.404
WSM,1960,18.926
YEM,1960,9.1
ZAF,1960,46.619
ZMB,1960,18.145
ZWE,1960,12.608
AFG,1961,8.684
AGO,1961,10.798
ALB,1961,30.943
ARE,1961,74.383
ARG,1961,74.217
ARM,1961,52.147
ASM,1961,66.641
ATG,1961,39.04
AUS,1961,81.941
AUT,1961,64.814
AZE,1961,52.364
BDI,1961,2.115
BEL,1961,92.554
BEN,1961,9.856
BFA,1961,4.796
BGD,1961,5.278
BGR,1961,38.782
BHR,1961,82.337
BHS,1961,60.454
BIH,1961,19.686
BLR,1961,33.522
BLZ,1961,53.72
BMU,1961,100.0
BOL,1961,37.059
BRA,1961,47.122
BRB,1961,36.849
BRN,1961,45.228
BTN,1961,3.792
BWA,1961,3.097
CAF,1961,20.751
CAN,1961,69.668
CHE,1961,71.243
CHL,1961,68.66
CHN,1961,16.708
CIV,1961,18.911
CMR,1961,14.488
COD,1961,22.523
COG,1961,32.318
COL,1961,47.702
COM,1961,13.348
CPV,1961,16.948
CRI,1961,34.329
CUB,1961,58.588
CYM,1961,100.0
CYP,1961,36.175
CZE,1961,60.063
DEU,1961,71.697
DJI,1961,51.448
DMA,1961,37.912
DNK,1961,74.417
DOM,1961,31.112
DZA,1961,31.797
ECU,1961,34.466
EGY,1961,38.272
ERI,1961,10.114
ESP,1961,57.303
EST,1961,58.304
ETH,1961,6.65
FIN,1961,56.321
FJI,1961,30.248
FRA,1961,62.607
FSM,1961,22.553
GAB,1961,18.33
GBR,1961,78.374
GEO,1961,43.559
GHA,1961,23.797
GIN,1961,10.936
GMB,1961,12.331
GNB,1961,13.747
GNQ,1961,26.144
GRC,1961,56.453
GRD,1961,30.519
GTM,1961,31.768
GUM,1961,51.23
GUY,1961,29.049
HKG,1961,85.293
HND,1961,23.318
HRV,1961,31.04
HTI,1961,15.975
HUN,1961,56.335
IDN,1961,14.821
IND,1961,18.032
IRL,1961,45.393
IRN,1961,34.389
IRQ,1961,44.432
ISL,1961,80.803
ISR,1961,77.985
ITA,1961,59.856
JAM,1961,34.5
JOR,1961,52.412
JPN,1961,64.213
KAZ,1961,44.746
KEN,1961,7.565
KGZ,1961,34.511
KHM,1961,10.293
KIR,1961,16.918
KNA,1961,28.269
KOR,1961,28.531
KWT,1961,75.787
LAO,1961,8.02
LBN,1961,44.039
LBR,1961,19.291
LBY,1961,28.197
LCA,1961,21.696
LIE,1961,20.315
LKA,1961,16.592
LSO,1961,3.96
LTU,1961,40.443
LUX,1961,69.927
LVA,1961,53.663
MAC,1961,95.328
MAF,1961,N/A
MAR,1961,29.849
MDA,1961,24.216
MDG,1961,10.971
MDV,1961,11.23
MEX,1961,51.59
MHL,1961,36.959
MKD,1961,35.214
MLI,1961,11.361
MLT,1961,90.069
MMR,1961,19.566
MNE,1961,19.502
MNG,1961,37.682
MNP,1961,52.741
MOZ,1961,7.051
MRT,1961,7.435
MUS,1961,35.829
MWI,1961,4.489
MYS,1961,27.241
NAM,1961,18.334
NCL,1961,38.781
NER,1961,5.896
NGA,1961,15.633
NIC,1961,40.03
NLD,1961,60.02
NOR,1961,50.998
NPL,1961,3.571
NZL,1961,76.525
OMN,1961,17.475
PAK,1961,22.501
PAN,1961,41.853
PER,1961,47.398
PHL,1961,30.555
PLW,1961,57.114
PNG,1961,4.024
POL,1961,48.527
PRI,1961,45.933
PRK,1961,41.162
PRT,1961,35.344
PRY,1961,35.67
PSE,1961,44.734
PYF,1961,43.217
QAT,1961,85.693
ROU,1961,34.894
RUS,1961,54.626
RWA,1961,2.654
SAU,1961,32.373
SDN,1961,11.232
SEN,1961,23.645
SGP,1961,100.0
SLB,1961,6.038
SLE,1961,17.903
SLV,1961,38.527
SOM,1961,17.835
SRB,1961,30.052
SSD,1961,8.737
STP,1961,16.805
SUR,1961,47.297
SVK,1961,33.953
SVN,1961,29.107
SWE,1961,73.295
SWZ,1961,4.335
SXM,1961,100.0
SYC,1961,28.717
SYR,1961,37.399
TCA,1961,48.021
TCD,1961,6.962
TGO,1961,10.94
THA,1961,19.781
TJK,1961,33.56
TKM,1961,46.557
TLS,1961,10.243
TON,1961,17.929
TTO,1961,35.004
TUN,1961,37.95
TUR,1961,32.064
TUV,1961,16.444
TZA,1961,5.394
UGA,1961,4.617
UKR,1961,47.542
URY,1961,80.462
USA,1961,70.377
UZB,1961,34.238
VCT,1961,26.394
VEN,1961,62.875
VGB,1961,12.618
VIR,1961,57.864
VNM,1961,15.031
VUT,1961,10.583
WSM,1961,18.986
YEM,1961,9.459
ZAF,1961,46.793
ZMB,1961,18.951
ZWE,1961,12.821
AFG,1962,8.976
AGO,1962,11.204
ALB,1962,31.015
ARE,1962,75.248
ARG,1962,74.767
ARM,1962,53.019
ASM,1962,67.068
ATG,1962,38.427
AUS,1962,82.228
AUT,1962,64.863
AZE,1962,52.064
BDI,1962,2.154
BEL,1962,92.679
BEN,1962,10.47
BFA,1962,4.893
BGD,1962,5.498
BGR,1962,40.494
BHR,1962,82.355
BHS,1962,61.193
BIH,1962,20.437
BLR,1962,34.663
BLZ,1962,53.41
BMU,1962,100.0
BOL,1962,37.357
BRA,1962,48.099
BRB,1962,36.922
BRN,1962,47.07
BTN,1962,3.999
BWA,1962,3.134
CAF,1962,21.418
CAN,1962,70.494
CHE,1962,71.539
CHL,1962,69.435
CHN,1962,17.226
CIV,1962,20.21
CMR,1962,15.058
COD,1962,22.749
COG,1962,33.045
COL,1962,49.143
COM,1962,14.189
CPV,1962,17.224
CRI,1962,34.404
CUB,1962,58.776
CYM,1962,100.0
CYP,1962,36.674
CZE,1962,60.555
DEU,1962,71.762
DJI,1962,52.619
DMA,1962,37.979
DNK,1962,75.093
DOM,1962,32.074
DZA,1962,33.214
ECU,1962,35.06
EGY,1962,38.624
ERI,1962,10.438
ESP,1962,58.308
EST,1962,59.072
ETH,1962,6.874
FIN,1962,57.162
FJI,1962,30.823
FRA,1962,63.489
FSM,1962,22.797
GAB,1962,19.594
GBR,1962,78.237
GEO,1962,44.051
GHA,1962,24.352
GIN,1962,11.418
GMB,1962,12.535
GNB,1962,13.895
GNQ,1962,26.234
GRC,1962,57.34
GRD,1962,30.707
GTM,1962,32.424
GUM,1962,52.314
GUY,1962,29.089
HKG,1962,85.582
HND,1962,23.9
HRV,1962,32.001
HTI,1962,16.365
HUN,1962,56.758
IDN,1962,15.058
IND,1962,18.218
IRL,1962,45.603
IRN,1962,35.051
IRQ,1962,45.978
ISL,1962,81.297
ISR,1962,78.754
ITA,1962,60.355
JAM,1962,35.239
JOR,1962,53.215
JPN,1962,65.144
KAZ,1962,45.296
KEN,1962,7.774
KGZ,1962,34.844
KHM,1962,10.333
KIR,1962,17.566
KNA,1962,28.903
KOR,1962,29.461
KWT,1962,76.66
LAO,1962,8.095
LBN,1962,45.752
LBR,1962,19.969
LBY,1962,29.089
LCA,1962,21.934
LIE,1962,20.102
LKA,1962,16.753
LSO,1962,4.464
LTU,1962,41.435
LUX,1962,70.443
LVA,1962,54.459
MAC,1962,95.556
MAF,1962,N/A
MAR,1962,30.345
MDA,1962,25.027
MDG,1962,11.309
MDV,1962,11.288
MEX,1962,52.428
MHL,1962,38.358
MKD,1962,36.473
MLI,1962,11.662
MLT,1962,90.008
MMR,1962,19.91
MNE,1962,20.237
MNG,1962,39.73
MNP,1962,54.26
MOZ,1962,7.246
MRT,1962,8.031
MUS,1962,36.555
MWI,1962,4.59
MYS,1962,27.895
NAM,1962,18.748
NCL,1962,40.224
NER,1962,6.0
NGA,1962,15.858
NIC,1962,40.481
NLD,1962,60.204
NOR,1962,52.653
NPL,1962,3.612
NZL,1962,77.133
OMN,1962,18.607
PAK,1962,22.751
PAN,1962,42.494
PER,1962,48.514
PHL,1962,30.816
PLW,1962,57.405
PNG,1962,4.347
POL,1962,48.926
PRI,1962,47.327
PRK,1962,42.136
PRT,1962,35.722
PRY,1962,35.771
PSE,1962,45.661
PYF,1962,44.16
QAT,1962,86.101
ROU,1962,35.586
RUS,1962,55.518
RWA,1962,2.71
SAU,1962,33.518
SDN,1962,11.737
SEN,1962,24.303
SGP,1962,100.0
SLB,1962,6.321
SLE,1962,18.467
SLV,1962,38.628
SOM,1962,18.372
SRB,1962,31.062
SSD,1962,8.725
STP,1962,17.969
SUR,1962,47.335
SVK,1962,34.714
SVN,1962,29.934
SWE,1962,74.271
SWZ,1962,4.8
SXM,1962,100.0
SYC,1962,29.786
SYR,1962,38.044
TCA,1962,48.364
TCD,1962,7.239
TGO,1962,11.844
THA,1962,19.89
TJK,1962,33.955
TKM,1962,46.702
TLS,1962,10.511
TON,1962,18.312
TTO,1962,35.864
TUN,1962,38.391
TUR,1962,32.598
TUV,1962,17.008
TZA,1962,5.547
UGA,1962,4.826
UKR,1962,48.294
URY,1962,80.681
USA,1962,70.757
UZB,1962,34.5
VCT,1962,26.851
VEN,1962,63.933
VGB,1962,13.019
VIR,1962,59.241
VNM,1962,15.369
VUT,1962,10.765
WSM,1962,19.061
YEM,1962,9.831
ZAF,1962,46.906
ZMB,1962,19.785
ZWE,1962,13.082
AFG,1963,9.276
AGO,1963,11.624
ALB,1963,31.086
ARE,1963,76.093
ARG,1963,75.309
ARM,1963,53.889
ASM,1963,67.493
ATG,1963,37.817
AUS,1963,82.511
AUT,1963,64.913
AZE,1963,51.764
BDI,1963,2.193
BEL,1963,92.835
BEN,1963,11.118
BFA,1963,4.993
BGD,1963,5.727
BGR,1963,42.23
BHR,1963,82.372
BHS,1963,61.926
BIH,1963,21.209
BLR,1963,35.822
BLZ,1963,53.101
BMU,1963,100.0
BOL,1963,37.656
BRA,1963,49.078
BRB,1963,36.995
BRN,1963,48.92
BTN,1963,4.217
BWA,1963,3.171
CAF,1963,22.1
CAN,1963,71.307
CHE,1963,71.834
CHL,1963,70.2
CHN,1963,17.757
CIV,1963,21.575
CMR,1963,15.647
COD,1963,22.976
COG,1963,33.78
COL,1963,50.584
COM,1963,15.074
CPV,1963,17.503
CRI,1963,34.606
CUB,1963,58.963
CYM,1963,100.0
CYP,1963,37.176
CZE,1963,61.044
DEU,1963,71.826
DJI,1963,53.787
DMA,1963,38.046
DNK,1963,75.757
DOM,1963,33.052
DZA,1963,34.662
ECU,1963,35.606
EGY,1963,38.977
ERI,1963,10.772
ESP,1963,59.306
EST,1963,59.836
ETH,1963,7.104
FIN,1963,57.998
FJI,1963,31.403
FRA,1963,64.702
FSM,1963,23.042
GAB,1963,20.923
GBR,1963,78.099
GEO,1963,44.544
GHA,1963,24.915
GIN,1963,11.919
GMB,1963,12.862
GNB,1963,14.045
GNQ,1963,26.323
GRC,1963,58.222
GRD,1963,30.895
GTM,1963,33.086
GUM,1963,53.396
GUY,1963,29.129
HKG,1963,85.867
HND,1963,24.491
HRV,1963,32.979
HTI,1963,16.762
HUN,1963,57.181
IDN,1963,15.299
IND,1963,18.405
IRL,1963,45.813
IRN,1963,35.718
IRQ,1963,47.532
ISL,1963,81.781
ISR,1963,79.502
ITA,1963,60.853
JAM,1963,35.985
JOR,1963,53.565
JPN,1963,66.064
KAZ,1963,45.847
KEN,1963,8.038
KGZ,1963,35.178
KHM,1963,10.497
KIR,1963,18.233
KNA,1963,29.545
KOR,1963,30.407
KWT,1963,77.511
LAO,1963,8.17
LBN,1963,47.475
LBR,1963,20.664
LBY,1963,29.998
LCA,1963,22.174
LIE,1963,19.89
LKA,1963,16.916
LSO,1963,5.029
LTU,1963,42.434
LUX,1963,70.953
LVA,1963,55.253
MAC,1963,95.773
MAF,1963,N/A
MAR,1963,30.846
MDA,1963,25.856
MDG,1963,11.657
MDV,1963,11.345
MEX,1963,53.265
MHL,1963,39.776
MKD,1963,37.75
MLI,1963,11.97
MLT,1963,89.948
MMR,1963,20.259
MNE,1963,20.993
MNG,1963,41.056
MNP,1963,55.771
MOZ,1963,7.445
MRT,1963,8.671
MUS,1963,37.286
MWI,1963,4.694
MYS,1963,28.558
NAM,1963,19.17
NCL,1963,41.684
NER,1963,6.259
NGA,1963,16.087
NIC,1963,41.005
NLD,1963,60.387
NOR,1963,54.302
NPL,1963,3.653
NZL,1963,77.73
OMN,1963,19.794
PAK,1963,23.002
PAN,1963,43.137
PER,1963,49.632
PHL,1963,31.077
PLW,1963,57.696
PNG,1963,4.694
POL,1963,49.326
PRI,1963,48.724
PRK,1963,43.116
PRT,1963,36.101
PRY,1963,35.916
PSE,1963,46.737
PYF,1963,45.389
QAT,1963,86.5
ROU,1963,36.284
RUS,1963,56.408
RWA,1963,2.766
SAU,1963,35.011
SDN,1963,12.262
SEN,1963,24.973
SGP,1963,100.0
SLB,1963,6.616
SLE,1963,19.06
SLV,1963,38.729
SOM,1963,18.92
SRB,1963,32.091
SSD,1963,8.714
STP,1963,19.194
SUR,1963,47.372
SVK,1963,35.483
SVN,1963,30.776
SWE,1963,75.223
SWZ,1963,5.312
SXM,1963,100.0
SYC,1963,30.877
SYR,1963,38.694
TCA,1963,48.706
TCD,1963,7.527
TGO,1963,12.811
THA,1963,20.0
TJK,1963,34.351
TKM,1963,46.848
TLS,1963,10.785
TON,1963,18.701
TTO,1963,36.734
TUN,1963,38.833
TUR,1963,33.137
TUV,1963,17.587
TZA,1963,5.704
UGA,1963,5.045
UKR,1963,49.046
URY,1963,80.899
USA,1963,71.134
UZB,1963,34.762
VCT,1963,27.314
VEN,1963,64.977
VGB,1963,13.43
VIR,1963,60.604
VNM,1963,15.714
VUT,1963,10.95
WSM,1963,19.141
YEM,1963,10.216
ZAF,1963,47.02
ZMB,1963,20.712
ZWE,1963,13.578
AFG,1964,9.586
AGO,1964,12.058
ALB,1964,31.158
ARE,1964,76.919
ARG,1964,75.844
ARM,1964,54.758
ASM,1964,67.916
ATG,1964,37.211
AUS,1964,82.792
AUT,1964,64.962
AZE,1964,51.464
BDI,1964,2.233
BEL,1964,92.988
BEN,1964,11.801
BFA,1964,5.095
BGD,1964,5.964
BGR,1964,43.987
BHR,1964,82.389
BHS,1964,62.642
BIH,1964,22.004
BLR,1964,37.0
BLZ,1964,52.79
BMU,1964,100.0
BOL,1964,37.957
BRA,1964,50.059
BRB,1964,37.068
BRN,1964,50.776
BTN,1964,4.446
BWA,1964,3.318
CAF,1964,22.803
CAN,1964,72.107
CHE,1964,72.127
CHL,1964,70.955
CHN,1964,18.299
CIV,1964,23.007
CMR,1964,16.255
COD,1964,23.204
COG,1964,34.524
COL,1964,52.027
COM,1964,16.004
CPV,1964,17.787
CRI,1964,35.197
CUB,1964,59.15
CYM,1964,100.0
CYP,1964,37.681
CZE,1964,61.532
DEU,1964,71.891
DJI,1964,54.952
DMA,1964,38.113
DNK,1964,76.409
DOM,1964,34.046
DZA,1964,36.141
ECU,1964,36.122
EGY,1964,39.331
ERI,1964,11.115
ESP,1964,60.298
EST,1964,60.596
ETH,1964,7.342
FIN,1964,58.832
FJI,1964,31.991
FRA,1964,65.898
FSM,1964,23.289
GAB,1964,22.318
GBR,1964,77.96
GEO,1964,45.039
GHA,1964,25.488
GIN,1964,12.439
GMB,1964,13.677
GNB,1964,14.197
GNQ,1964,26.413
GRC,1964,59.099
GRD,1964,31.085
GTM,1964,33.682
GUM,1964,54.475
GUY,1964,29.169
HKG,1964,86.147
HND,1964,25.094
HRV,1964,33.972
HTI,1964,17.168
HUN,1964,57.603
IDN,1964,15.543
IND,1964,18.595
IRL,1964,46.023
IRN,1964,36.391
IRQ,1964,49.093
ISL,1964,82.256
ISR,1964,80.232
ITA,1964,61.35
JAM,1964,36.74
JOR,1964,53.914
JPN,1964,66.972
KAZ,1964,46.4
KEN,1964,8.318
KGZ,1964,35.515
KHM,1964,10.662
KIR,1964,18.92
KNA,1964,30.197
KOR,1964,31.372
KWT,1964,78.341
LAO,1964,8.246
LBN,1964,49.207
LBR,1964,21.378
LBY,1964,30.924
LCA,1964,22.416
LIE,1964,19.679
LKA,1964,17.014
LSO,1964,5.661
LTU,1964,43.441
LUX,1964,71.459
LVA,1964,56.045
MAC,1964,95.98
MAF,1964,N/A
MAR,1964,31.353
MDA,1964,26.703
MDG,1964,12.014
MDV,1964,11.404
MEX,1964,54.1
MHL,1964,41.214
MKD,1964,39.047
MLI,1964,12.286
MLT,1964,89.886
MMR,1964,20.613
MNE,1964,21.77
MNG,1964,41.585
MNP,1964,57.274
MOZ,1964,7.65
MRT,1964,9.357
MUS,1964,38.025
MWI,1964,4.8
MYS,1964,29.232
NAM,1964,19.6
NCL,1964,43.161
NER,1964,6.529
NGA,1964,16.318
NIC,1964,41.855
NLD,1964,60.57
NOR,1964,55.944
NPL,1964,3.695
NZL,1964,78.317
OMN,1964,21.04
PAK,1964,23.256
PAN,1964,43.784
PER,1964,50.752
PHL,1964,31.34
PLW,1964,57.987
PNG,1964,5.069
POL,1964,49.727
PRI,1964,50.126
PRK,1964,44.102
PRT,1964,36.483
PRY,1964,36.079
PSE,1964,47.818
PYF,1964,46.783
QAT,1964,86.78
ROU,1964,36.989
RUS,1964,57.294
RWA,1964,2.824
SAU,1964,36.872
SDN,1964,12.808
SEN,1964,25.657
SGP,1964,100.0
SLB,1964,6.924
SLE,1964,19.712
SLV,1964,38.83
SOM,1964,19.453
SRB,1964,33.14
SSD,1964,8.702
STP,1964,20.484
SUR,1964,47.341
SVK,1964,36.26
SVN,1964,31.631
SWE,1964,76.153
SWZ,1964,5.876
SXM,1964,100.0
SYC,1964,31.991
SYR,1964,39.349
TCA,1964,49.049
TCD,1964,7.877
TGO,1964,13.847
THA,1964,20.11
TJK,1964,34.751
TKM,1964,46.993
TLS,1964,11.066
TON,1964,19.098
TTO,1964,37.613
TUN,1964,39.279
TUR,1964,33.68
TUV,1964,18.183
TZA,1964,5.865
UGA,1964,5.273
UKR,1964,49.8
URY,1964,81.114
USA,1964,71.508
UZB,1964,35.025
VCT,1964,27.781
VEN,1964,66.009
VGB,1964,13.854
VIR,1964,61.952
VNM,1964,16.064
VUT,1964,11.138
WSM,1964,19.221
YEM,1964,10.614
ZAF,1964,47.134
ZMB,1964,22.015
ZWE,1964,14.092
AFG,1965,9.904
AGO,1965,12.504
ALB,1965,31.23
ARE,1965,77.723
ARG,1965,76.369
ARM,1965,55.622
ASM,1965,68.334
ATG,1965,36.61
AUS,1965,83.068
AUT,1965,65.011
AZE,1965,51.164
BDI,1965,2.294
BEL,1965,93.137
BEN,1965,12.519
BFA,1965,5.198
BGD,1965,6.211
BGR,1965,45.755
BHR,1965,82.5
BHS,1965,63.343
BIH,1965,22.817
BLR,1965,38.127
BLZ,1965,52.481
BMU,1965,100.0
BOL,1965,38.257
BRA,1965,51.037
BRB,1965,37.141
BRN,1965,52.625
BTN,1965,4.687
BWA,1965,3.839
CAF,1965,23.519
CAN,1965,72.892
CHE,1965,72.417
CHL,1965,71.696
CHN,1965,18.086
CIV,1965,24.5
CMR,1965,16.88
COD,1965,23.434
COG,1965,35.273
COL,1965,52.82
COM,1965,16.978
CPV,1965,18.073
CRI,1965,35.791
CUB,1965,59.337
CYM,1965,100.0
CYP,1965,38.188
CZE,1965,62.016
DEU,1965,71.955
DJI,1965,56.109
DMA,1965,38.18
DNK,1965,77.048
DOM,1965,35.052
DZA,1965,37.643
ECU,1965,36.64
EGY,1965,39.686
ERI,1965,11.466
ESP,1965,61.278
EST,1965,61.348
ETH,1965,7.587
FIN,1965,59.658
FJI,1965,32.582
FRA,1965,67.071
FSM,1965,23.537
GAB,1965,23.775
GBR,1965,77.821
GEO,1965,45.534
GHA,1965,26.067
GIN,1965,12.978
GMB,1965,14.533
GNB,1965,14.349
GNQ,1965,26.502
GRC,1965,59.969
GRD,1965,31.274
GTM,1965,33.989
GUM,1965,55.548
GUY,1965,29.209
HKG,1965,86.422
HND,1965,25.704
HRV,1965,34.977
HTI,1965,17.58
HUN,1965,58.022
IDN,1965,15.789
IND,1965,18.785
IRL,1965,46.233
IRN,1965,37.068
IRQ,1965,50.651
ISL,1965,82.72
ISR,1965,80.94
ITA,1965,61.843
JAM,1965,37.499
JOR,1965,54.262
JPN,1965,67.866
KAZ,1965,47.047
KEN,1965,8.605
KGZ,1965,35.851
KHM,1965,10.83
KIR,1965,19.625
KNA,1965,30.855
KOR,1965,32.351
KWT,1965,79.273
LAO,1965,8.323
LBN,1965,50.935
LBR,1965,22.108
LBY,1965,33.666
LCA,1965,22.66
LIE,1965,19.471
LKA,1965,17.11
LSO,1965,6.366
LTU,1965,44.45
LUX,1965,71.958
LVA,1965,56.832
MAC,1965,96.177
MAF,1965,N/A
MAR,1965,31.862
MDA,1965,27.566
MDG,1965,12.379
MDV,1965,11.458
MEX,1965,54.931
MHL,1965,42.663
MKD,1965,40.355
MLI,1965,12.608
MLT,1965,89.825
MMR,1965,20.971
MNE,1965,22.566
MNG,1965,42.114
MNP,1965,58.759
MOZ,1965,7.86
MRT,1965,10.09
MUS,1965,38.767
MWI,1965,4.908
MYS,1965,29.913
NAM,1965,20.035
NCL,1965,44.646
NER,1965,6.809
NGA,1965,16.551
NIC,1965,42.707
NLD,1965,60.753
NOR,1965,57.568
NPL,1965,3.737
NZL,1965,78.891
OMN,1965,22.338
PAK,1965,23.511
PAN,1965,44.431
PER,1965,51.868
PHL,1965,31.604
PLW,1965,58.276
PNG,1965,5.47
POL,1965,50.126
PRI,1965,51.524
PRK,1965,45.091
PRT,1965,36.866
PRY,1965,36.243
PSE,1965,48.898
PYF,1965,48.178
QAT,1965,87.054
ROU,1965,37.697
RUS,1965,58.173
RWA,1965,2.882
SAU,1965,38.769
SDN,1965,13.373
SEN,1965,26.351
SGP,1965,100.0
SLB,1965,7.245
SLE,1965,20.379
SLV,1965,38.931
SOM,1965,19.964
SRB,1965,34.202
SSD,1965,8.69
STP,1965,21.833
SUR,1965,47.109
SVK,1965,37.043
SVN,1965,32.497
SWE,1965,77.056
SWZ,1965,6.494
SXM,1965,100.0
SYC,1965,33.123
SYR,1965,40.006
TCA,1965,49.392
TCD,1965,8.406
TGO,1965,14.95
THA,1965,20.221
TJK,1965,35.152
TKM,1965,47.139
TLS,1965,11.353
TON,1965,19.499
TTO,1965,38.498
TUN,1965,39.724
TUR,1965,34.227
TUV,1965,18.793
TZA,1965,6.03
UGA,1965,5.509
UKR,1965,50.649
URY,1965,81.328
USA,1965,71.879
UZB,1965,35.289
VCT,1965,28.252
VEN,1965,67.022
VGB,1965,14.287
VIR,1965,63.279
VNM,1965,16.421
VUT,1965,11.329
WSM,1965,19.301
YEM,1965,11.026
ZAF,1965,47.248
ZMB,1965,23.372
ZWE,1965,14.62
AFG,1966,10.233
AGO,1966,12.965
ALB,1966,31.302
ARE,1966,78.508
ARG,1966,76.888
ARM,1966,56.483
ASM,1966,68.75
ATG,1966,36.012
AUS,1966,83.34
AUT,1966,65.061
AZE,1966,50.864
BDI,1966,2.395
BEL,1966,93.284
BEN,1966,13.275
BFA,1966,5.303
BGD,1966,6.467
BGR,1966,47.233
BHR,1966,82.761
BHS,1966,64.04
BIH,1966,23.652
BLR,1966,39.269
BLZ,1966,52.17
BMU,1966,100.0
BOL,1966,38.559
BRA,1966,52.016
BRB,1966,37.214
BRN,1966,54.469
BTN,1966,4.94
BWA,1966,4.437
CAF,1966,24.252
CAN,1966,73.642
CHE,1966,72.706
CHL,1966,72.427
CHN,1966,17.915
CIV,1966,25.206
CMR,1966,17.525
COD,1966,23.666
COG,1966,36.031
COL,1966,53.587
COM,1966,18.0
CPV,1966,18.363
CRI,1966,36.39
CUB,1966,59.523
CYM,1966,100.0
CYP,1966,38.698
CZE,1966,62.498
DEU,1966,72.019
DJI,1966,57.26
DMA,1966,38.247
DNK,1966,77.619
DOM,1966,36.073
DZA,1966,38.84
ECU,1966,37.162
EGY,1966,40.042
ERI,1966,11.828
ESP,1966,62.251
EST,1966,62.097
ETH,1966,7.84
FIN,1966,60.48
FJI,1966,33.18
FRA,1966,68.225
FSM,1966,23.788
GAB,1966,25.297
GBR,1966,77.682
GEO,1966,46.03
GHA,1966,26.656
GIN,1966,13.537
GMB,1966,15.433
GNB,1966,14.503
GNQ,1966,26.592
GRC,1966,60.833
GRD,1966,31.465
GTM,1966,34.298
GUM,1966,56.617
GUY,1966,29.249
HKG,1966,86.692
HND,1966,26.325
HRV,1966,35.997
HTI,1966,18.001
HUN,1966,58.441
IDN,1966,16.039
IND,1966,18.977
IRL,1966,46.637
IRN,1966,37.752
IRQ,1966,51.868
ISL,1966,83.175
ISR,1966,81.63
ITA,1966,62.334
JAM,1966,38.265
JOR,1966,54.61
JPN,1966,68.704
KAZ,1966,47.696
KEN,1966,8.902
KGZ,1966,36.19
KHM,1966,11.0
KIR,1966,20.351
KNA,1966,31.521
KOR,1966,33.347
KWT,1966,80.716
LAO,1966,8.4
LBN,1966,52.664
LBR,1966,22.856
LBY,1966,36.698
LCA,1966,22.905
LIE,1966,19.264
LKA,1966,17.207
LSO,1966,7.065
LTU,1966,45.465
LUX,1966,72.452
LVA,1966,57.617
MAC,1966,96.365
MAF,1966,N/A
MAR,1966,32.377
MDA,1966,28.447
MDG,1966,12.747
MDV,1966,11.393
MEX,1966,55.761
MHL,1966,44.126
MKD,1966,41.68
MLI,1966,12.938
MLT,1966,89.764
MMR,1966,21.334
MNE,1966,23.383
MNG,1966,42.647
MNP,1966,60.231
MOZ,1966,8.075
MRT,1966,10.874
MUS,1966,39.516
MWI,1966,5.018
MYS,1966,30.604
NAM,1966,20.478
NCL,1966,46.142
NER,1966,7.1
NGA,1966,16.788
NIC,1966,43.565
NLD,1966,60.936
NOR,1966,59.179
NPL,1966,3.78
NZL,1966,79.421
OMN,1966,23.694
PAK,1966,23.769
PAN,1966,45.08
PER,1966,52.983
PHL,1966,31.869
PLW,1966,58.565
PNG,1966,5.902
POL,1966,50.526
PRI,1966,52.921
PRK,1966,46.084
PRT,1966,37.25
PRY,1966,36.407
PSE,1966,49.98
PYF,1966,49.578
QAT,1966,87.323
ROU,1966,38.345
RUS,1966,59.048
RWA,1966,2.942
SAU,1966,40.702
SDN,1966,13.959
SEN,1966,27.057
SGP,1966,100.0
SLB,1966,7.579
SLE,1966,21.064
SLV,1966,39.033
SOM,1966,20.487
SRB,1966,35.282
SSD,1966,8.679
STP,1966,23.247
SUR,1966,46.877
SVK,1966,37.833
SVN,1966,33.376
SWE,1966,77.914
SWZ,1966,7.157
SXM,1966,100.0
SYC,1966,34.277
SYR,1966,40.667
TCA,1966,49.734
TCD,1966,8.968
TGO,1966,16.125
THA,1966,20.332
TJK,1966,35.555
TKM,1966,47.284
TLS,1966,11.646
TON,1966,19.908
TTO,1966,39.392
TUN,1966,40.23
TUR,1966,34.949
TUV,1966,19.419
TZA,1966,6.199
UGA,1966,5.757
UKR,1966,51.499
URY,1966,81.539
USA,1966,72.247
UZB,1966,35.554
VCT,1966,28.729
VEN,1966,68.022
VGB,1966,14.732
VIR,1966,64.587
VNM,1966,16.784
VUT,1966,11.522
WSM,1966,19.382
YEM,1966,11.451
ZAF,1966,47.362
ZMB,1966,24.789
ZWE,1966,15.165
AFG,1967,10.57
AGO,1967,13.441
ALB,1967,31.374
ARE,1967,79.272
ARG,1967,77.398
ARM,1967,57.341
ASM,1967,69.163
ATG,1967,35.418
AUS,1967,83.507
AUT,1967,65.11
AZE,1967,50.564
BDI,1967,2.501
BEL,1967,93.428
BEN,1967,14.069
BFA,1967,5.411
BGD,1967,6.733
BGR,1967,48.499
BHR,1967,83.019
BHS,1967,64.73
BIH,1967,24.509
BLR,1967,40.422
BLZ,1967,51.86
BMU,1967,100.0
BOL,1967,38.862
BRA,1967,52.993
BRB,1967,37.287
BRN,1967,56.3
BTN,1967,5.207
BWA,1967,5.124
CAF,1967,25.0
CAN,1967,74.155
CHE,1967,72.993
CHL,1967,73.146
CHN,1967,17.785
CIV,1967,25.926
CMR,1967,18.19
COD,1967,23.899
COG,1967,36.796
COL,1967,54.352
COM,1967,18.34
CPV,1967,18.657
CRI,1967,36.993
CUB,1967,59.709
CYM,1967,100.0
CYP,1967,39.21
CZE,1967,62.978
DEU,1967,72.083
DJI,1967,58.404
DMA,1967,38.314
DNK,1967,78.163
DOM,1967,37.106
DZA,1967,39.004
ECU,1967,37.686
EGY,1967,40.399
ERI,1967,12.2
ESP,1967,63.214
EST,1967,62.839
ETH,1967,8.1
FIN,1967,61.295
FJI,1967,33.604
FRA,1967,69.357
FSM,1967,24.04
GAB,1967,26.883
GBR,1967,77.541
GEO,1967,46.527
GHA,1967,27.254
GIN,1967,14.116
GMB,1967,16.379
GNB,1967,14.658
GNQ,1967,26.682
GRC,1967,61.691
GRD,1967,31.656
GTM,1967,34.608
GUM,1967,57.68
GUY,1967,29.289
HKG,1967,86.958
HND,1967,26.955
HRV,1967,37.03
HTI,1967,18.429
HUN,1967,58.859
IDN,1967,16.293
IND,1967,19.171
IRL,1967,47.795
IRN,1967,38.557
IRQ,1967,52.945
ISL,1967,83.621
ISR,1967,82.3
ITA,1967,62.822
JAM,1967,39.036
JOR,1967,54.957
JPN,1967,69.516
KAZ,1967,48.346
KEN,1967,9.209
KGZ,1967,36.53
KHM,1967,12.098
KIR,1967,21.097
KNA,1967,32.196
KOR,1967,34.971
KWT,1967,82.081
LAO,1967,8.692
LBN,1967,54.386
LBR,1967,23.622
LBY,1967,39.839
LCA,1967,23.153
LIE,1967,19.059
LKA,1967,17.304
LSO,1967,7.425
LTU,1967,46.484
LUX,1967,72.941
LVA,1967,58.398
MAC,1967,96.544
MAF,1967,N/A
MAR,1967,32.896
MDA,1967,29.345
MDG,1967,13.074
MDV,1967,11.336
MEX,1967,56.587
MHL,1967,45.6
MKD,1967,43.016
MLI,1967,13.274
MLT,1967,89.702
MMR,1967,21.701
MNE,1967,24.22
MNG,1967,43.181
MNP,1967,61.688
MOZ,1967,8.296
MRT,1967,11.712
MUS,1967,40.269
MWI,1967,5.249
MYS,1967,31.304
NAM,1967,20.929
NCL,1967,47.646
NER,1967,7.493
NGA,1967,17.027
NIC,1967,44.427
NLD,1967,61.118
NOR,1967,60.77
NPL,1967,3.823
NZL,1967,79.852
OMN,1967,25.106
PAK,1967,24.028
PAN,1967,45.732
PER,1967,54.096
PHL,1967,32.135
PLW,1967,58.853
PNG,1967,6.712
POL,1967,50.926
PRI,1967,54.314
PRK,1967,47.081
PRT,1967,37.636
PRY,1967,36.571
PSE,1967,51.062
PYF,1967,50.979
QAT,1967,87.588
ROU,1967,38.835
RUS,1967,59.918
RWA,1967,3.003
SAU,1967,42.665
SDN,1967,14.567
SEN,1967,27.776
SGP,1967,100.0
SLB,1967,7.928
SLE,1967,21.765
SLV,1967,39.134
SOM,1967,21.02
SRB,1967,36.377
SSD,1967,8.667
STP,1967,24.724
SUR,1967,46.644
SVK,1967,38.63
SVN,1967,34.266
SWE,1967,78.727
SWZ,1967,7.729
SXM,1967,100.0
SYC,1967,35.449
SYR,1967,41.332
TCA,1967,50.077
TCD,1967,9.564
TGO,1967,17.374
THA,1967,20.444
TJK,1967,35.96
TKM,1967,47.43
TLS,1967,11.946
TON,1967,20.097
TTO,1967,40.294
TUN,1967,41.036
TUR,1967,35.759
TUV,1967,20.061
TZA,1967,6.373
UGA,1967,6.014
UKR,1967,52.348
URY,1967,81.749
USA,1967,72.612
UZB,1967,35.82
VCT,1967,29.21
VEN,1967,69.005
VGB,1967,15.188
VIR,1967,65.874
VNM,1967,17.153
VUT,1967,11.718
WSM,1967,19.593
YEM,1967,11.891
ZAF,1967,47.476
ZMB,1967,26.261
ZWE,1967,15.727
AFG,1968,10.918
AGO,1968,13.932
ALB,1968,31.446
ARE,1968,79.8
ARG,1968,77.901
ARM,1968,58.195
ASM,1968,69.574
ATG,1968,34.829
AUS,1968,83.672
AUT,1968,65.159
AZE,1968,50.263
BDI,1968,2.611
BEL,1968,93.569
BEN,1968,14.903
BFA,1968,5.52
BGD,1968,7.009
BGR,1968,49.768
BHR,1968,83.275
BHS,1968,65.416
BIH,1968,25.387
BLR,1968,41.588
BLZ,1968,51.549
BMU,1968,100.0
BOL,1968,39.166
BRA,1968,53.97
BRB,1968,37.36
BRN,1968,58.118
BTN,1968,5.487
BWA,1968,5.912
CAF,1968,25.815
CAN,1968,74.662
CHE,1968,73.279
CHL,1968,73.854
CHN,1968,17.656
CIV,1968,26.659
CMR,1968,18.875
COD,1968,24.134
COG,1968,37.569
COL,1968,55.117
COM,1968,18.685
CPV,1968,18.954
CRI,1968,37.601
CUB,1968,59.895
CYM,1968,100.0
CYP,1968,39.726
CZE,1968,63.456
DEU,1968,72.147
DJI,1968,59.54
DMA,1968,38.381
DNK,1968,78.698
DOM,1968,38.153
DZA,1968,39.169
ECU,1968,38.215
EGY,1968,40.758
ERI,1968,12.358
ESP,1968,64.168
EST,1968,63.577
ETH,1968,8.26
FIN,1968,62.106
FJI,1968,33.987
FRA,1968,70.238
FSM,1968,24.295
GAB,1968,28.533
GBR,1968,77.4
GEO,1968,47.025
GHA,1968,27.86
GIN,1968,14.716
GMB,1968,17.373
GNB,1968,14.815
GNQ,1968,26.773
GRC,1968,62.543
GRD,1968,31.848
GTM,1968,34.919
GUM,1968,58.738
GUY,1968,29.329
HKG,1968,87.22
HND,1968,27.596
HRV,1968,38.076
HTI,1968,18.866
HUN,1968,59.276
IDN,1968,16.549
IND,1968,19.366
IRL,1968,48.956
IRN,1968,39.437
IRQ,1968,54.02
ISL,1968,84.057
ISR,1968,82.952
ITA,1968,63.309
JAM,1968,39.815
JOR,1968,55.296
JPN,1968,70.316
KAZ,1968,48.997
KEN,1968,9.525
KGZ,1968,36.871
KHM,1968,13.291
KIR,1968,21.863
KNA,1968,32.878
KOR,1968,36.846
KWT,1968,83.371
LAO,1968,8.994
LBN,1968,56.101
LBR,1968,24.407
LBY,1968,43.07
LCA,1968,23.403
LIE,1968,18.855
LKA,1968,17.402
LSO,1968,7.802
LTU,1968,47.507
LUX,1968,73.425
LVA,1968,59.175
MAC,1968,96.715
MAF,1968,N/A
MAR,1968,33.419
MDA,1968,30.26
MDG,1968,13.41
MDV,1968,11.516
MEX,1968,57.411
MHL,1968,48.229
MKD,1968,44.364
MLI,1968,13.619
MLT,1968,89.682
MMR,1968,22.073
MNE,1968,25.079
MNG,1968,43.717
MNP,1968,64.592
MOZ,1968,8.522
MRT,1968,12.606
MUS,1968,41.028
MWI,1968,5.505
MYS,1968,32.013
NAM,1968,21.387
NCL,1968,49.156
NER,1968,7.906
NGA,1968,17.269
NIC,1968,45.293
NLD,1968,61.3
NOR,1968,62.34
NPL,1968,3.867
NZL,1968,80.277
OMN,1968,26.575
PAK,1968,24.289
PAN,1968,46.385
PER,1968,55.207
PHL,1968,32.403
PLW,1968,59.142
PNG,1968,7.625
POL,1968,51.326
PRI,1968,55.702
PRK,1968,49.012
PRT,1968,38.025
PRY,1968,36.735
PSE,1968,52.145
PYF,1968,52.38
QAT,1968,87.848
ROU,1968,39.328
RUS,1968,60.783
RWA,1968,3.066
SAU,1968,44.654
SDN,1968,15.197
SEN,1968,28.507
SGP,1968,100.0
SLB,1968,8.292
SLE,1968,22.484
SLV,1968,39.236
SOM,1968,21.563
SRB,1968,37.488
SSD,1968,8.656
STP,1968,26.264
SUR,1968,46.412
SVK,1968,39.435
SVN,1968,35.169
SWE,1968,79.519
SWZ,1968,8.344
SXM,1968,100.0
SYC,1968,36.641
SYR,1968,42.001
TCA,1968,50.42
TCD,1968,10.196
TGO,1968,18.7
THA,1968,20.556
TJK,1968,36.368
TKM,1968,47.575
TLS,1968,12.253
TON,1968,20.127
TTO,1968,41.203
TUN,1968,41.848
TUR,1968,36.577
TUV,1968,20.719
TZA,1968,6.804
UGA,1968,6.283
UKR,1968,53.197
URY,1968,81.958
USA,1968,72.974
UZB,1968,36.087
VCT,1968,29.697
VEN,1968,69.973
VGB,1968,15.657
VIR,1968,67.14
VNM,1968,17.529
VUT,1968,11.918
WSM,1968,19.844
YEM,1968,12.347
ZAF,1968,47.59
ZMB,1968,27.791
ZWE,1968,16.306
AFG,1969,11.275
AGO,1969,14.436
ALB,1969,31.548
ARE,1969,79.8
ARG,1969,78.394
ARM,1969,59.042
ASM,1969,69.98
ATG,1969,34.245
AUS,1969,83.836
AUT,1969,65.208
AZE,1969,49.963
BDI,1969,2.726
BEL,1969,93.707
BEN,1969,15.776
BFA,1969,5.632
BGD,1969,7.296
BGR,1969,51.034
BHR,1969,83.526
BHS,1969,66.093
BIH,1969,26.283
BLR,1969,42.76
BLZ,1969,51.238
BMU,1969,100.0
BOL,1969,39.47
BRA,1969,54.94
BRB,1969,37.433
BRN,1969,59.908
BTN,1969,5.781
BWA,1969,6.81
CAF,1969,26.645
CAN,1969,75.161
CHE,1969,73.561
CHL,1969,74.547
CHN,1969,17.528
CIV,1969,27.404
CMR,1969,19.577
COD,1969,24.37
COG,1969,38.345
COL,1969,55.877
COM,1969,19.035
CPV,1969,19.255
CRI,1969,38.212
CUB,1969,60.081
CYM,1969,100.0
CYP,1969,40.242
CZE,1969,63.93
DEU,1969,72.211
DJI,1969,60.664
DMA,1969,38.448
DNK,1969,79.222
DOM,1969,39.207
DZA,1969,39.334
ECU,1969,38.744
EGY,1969,41.117
ERI,1969,12.517
ESP,1969,65.108
EST,1969,64.307
ETH,1969,8.422
FIN,1969,62.908
FJI,1969,34.371
FRA,1969,70.648
FSM,1969,24.551
GAB,1969,30.237
GBR,1969,77.259
GEO,1969,47.522
GHA,1969,28.473
GIN,1969,15.336
GMB,1969,18.41
GNB,1969,14.972
GNQ,1969,26.863
GRC,1969,63.385
GRD,1969,32.04
GTM,1969,35.232
GUM,1969,59.784
GUY,1969,29.369
HKG,1969,87.476
HND,1969,28.244
HRV,1969,39.13
HTI,1969,19.31
HUN,1969,59.691
IDN,1969,16.809
IND,1969,19.562
IRL,1969,50.115
IRN,1969,40.321
IRQ,1969,55.089
ISL,1969,84.483
ISR,1969,83.582
ITA,1969,63.792
JAM,1969,40.596
JOR,1969,55.633
JPN,1969,71.102
KAZ,1969,49.647
KEN,1969,9.85
KGZ,1969,37.214
KHM,1969,14.579
KIR,1969,22.871
KNA,1969,33.567
KOR,1969,38.756
KWT,1969,84.582
LAO,1969,9.304
LBN,1969,57.796
LBR,1969,25.207
LBY,1969,46.352
LCA,1969,23.654
LIE,1969,18.654
LKA,1969,17.5
LSO,1969,8.196
LTU,1969,48.53
LUX,1969,73.902
LVA,1969,59.946
MAC,1969,96.877
MAF,1969,N/A
MAR,1969,33.946
MDA,1969,31.189
MDG,1969,13.751
MDV,1969,11.698
MEX,1969,58.229
MHL,1969,50.861
MKD,1969,45.718
MLI,1969,13.971
MLT,1969,89.69
MMR,1969,22.449
MNE,1969,25.955
MNG,1969,44.336
MNP,1969,67.384
MOZ,1969,8.753
MRT,1969,13.554
MUS,1969,41.79
MWI,1969,5.773
MYS,1969,32.729
NAM,1969,21.852
NCL,1969,50.442
NER,1969,8.339
NGA,1969,17.513
NIC,1969,46.16
NLD,1969,61.481
NOR,1969,63.881
NPL,1969,3.911
NZL,1969,80.695
OMN,1969,28.093
PAK,1969,24.552
PAN,1969,47.038
PER,1969,56.309
PHL,1969,32.672
PLW,1969,59.429
PNG,1969,8.649
POL,1969,51.726
PRI,1969,57.077
PRK,1969,51.609
PRT,1969,38.414
PRY,1969,36.9
PSE,1969,53.222
PYF,1969,53.773
QAT,1969,88.103
ROU,1969,39.822
RUS,1969,61.638
RWA,1969,3.129
SAU,1969,46.655
SDN,1969,15.848
SEN,1969,29.247
SGP,1969,100.0
SLB,1969,8.67
SLE,1969,23.218
SLV,1969,39.337
SOM,1969,22.115
SRB,1969,38.609
SSD,1969,8.645
STP,1969,27.861
SUR,1969,46.18
SVK,1969,40.243
SVN,1969,36.081
SWE,1969,80.287
SWZ,1969,9.001
SXM,1969,100.0
SYC,1969,37.846
SYR,1969,42.671
TCA,1969,50.763
TCD,1969,10.862
TGO,1969,20.098
THA,1969,20.668
TJK,1969,36.777
TKM,1969,47.721
TLS,1969,12.566
TON,1969,20.157
TTO,1969,42.115
TUN,1969,42.662
TUR,1969,37.401
TUV,1969,21.392
TZA,1969,7.311
UGA,1969,6.562
UKR,1969,54.042
URY,1969,82.164
USA,1969,73.333
UZB,1969,36.354
VCT,1969,30.187
VEN,1969,70.92
VGB,1969,16.135
VIR,1969,68.378
VNM,1969,17.911
VUT,1969,12.12
WSM,1969,20.097
YEM,1969,12.815
ZAF,1969,47.704
ZMB,1969,29.37
ZWE,1969,16.88
AFG,1970,11.643
AGO,1970,14.957
ALB,1970,31.74
ARE,1970,79.8
ARG,1970,78.88
ARM,1970,59.864
ASM,1970,70.384
ATG,1970,33.819
AUS,1970,83.999
AUT,1970,65.258
AZE,1970,50.008
BDI,1970,2.845
BEL,1970,93.843
BEN,1970,16.691
BFA,1970,5.746
BGD,1970,7.593
BGR,1970,52.3
BHR,1970,83.775
BHS,1970,66.764
BIH,1970,27.201
BLR,1970,44.01
BLZ,1970,50.963
BMU,1970,100.0
BOL,1970,39.776
BRA,1970,55.909
BRB,1970,37.55
BRN,1970,61.675
BTN,1970,6.089
BWA,1970,7.834
CAF,1970,27.492
CAN,1970,75.654
CHE,1970,73.843
CHL,1970,75.227
CHN,1970,17.4
CIV,1970,28.163
CMR,1970,20.3
COD,1970,24.608
COG,1970,39.129
COL,1970,56.635
COM,1970,19.39
CPV,1970,19.559
CRI,1970,38.827
CUB,1970,60.266
CYM,1970,100.0
CYP,1970,40.761
CZE,1970,64.402
DEU,1970,72.274
DJI,1970,61.777
DMA,1970,38.683
DNK,1970,79.737
DOM,1970,40.274
DZA,1970,39.5
ECU,1970,39.278
EGY,1970,41.477
ERI,1970,12.678
ESP,1970,66.038
EST,1970,64.947
ETH,1970,8.588
FIN,1970,63.704
FJI,1970,34.758
FRA,1970,71.055
FSM,1970,24.808
GAB,1970,32.0
GBR,1970,77.117
GEO,1970,48.006
GHA,1970,28.958
GIN,1970,15.977
GMB,1970,19.496
GNB,1970,15.132
GNQ,1970,26.954
GRC,1970,64.22
GRD,1970,32.212
GTM,1970,35.545
GUM,1970,61.92
GUY,1970,29.425
HKG,1970,87.729
HND,1970,28.902
HRV,1970,40.196
HTI,1970,19.762
HUN,1970,60.112
IDN,1970,17.071
IND,1970,19.76
IRL,1970,51.276
IRN,1970,41.212
IRQ,1970,56.154
ISL,1970,84.9
ISR,1970,84.195
ITA,1970,64.272
JAM,1970,41.324
JOR,1970,55.971
JPN,1970,71.877
KAZ,1970,50.236
KEN,1970,10.295
KGZ,1970,37.466
KHM,1970,15.97
KIR,1970,24.088
KNA,1970,34.141
KOR,1970,40.704
KWT,1970,85.661
LAO,1970,9.625
LBN,1970,59.475
LBR,1970,26.025
LBY,1970,49.671
LCA,1970,23.907
LIE,1970,18.453
LKA,1970,17.598
LSO,1970,8.608
LTU,1970,49.555
LUX,1970,74.374
LVA,1970,60.713
MAC,1970,97.032
MAF,1970,N/A
MAR,1970,34.477
MDA,1970,32.068
MDG,1970,14.1
MDV,1970,11.893
MEX,1970,59.021
MHL,1970,53.492
MKD,1970,47.079
MLI,1970,14.33
MLT,1970,89.699
MMR,1970,22.83
MNE,1970,26.853
MNG,1970,45.052
MNP,1970,70.062
MOZ,1970,8.99
MRT,1970,14.564
MUS,1970,42.556
MWI,1970,6.053
MYS,1970,33.454
NAM,1970,22.292
NCL,1970,51.232
NER,1970,8.794
NGA,1970,17.76
NIC,1970,47.03
NLD,1970,61.663
NOR,1970,65.396
NPL,1970,3.956
NZL,1970,81.106
OMN,1970,29.665
PAK,1970,24.817
PAN,1970,47.64
PER,1970,57.406
PHL,1970,32.979
PLW,1970,59.715
PNG,1970,9.796
POL,1970,52.125
PRI,1970,58.328
PRK,1970,54.2
PRT,1970,38.804
PRY,1970,37.065
PSE,1970,54.298
PYF,1970,55.162
QAT,1970,88.354
ROU,1970,40.319
RUS,1970,62.471
RWA,1970,3.194
SAU,1970,48.669
SDN,1970,16.523
SEN,1970,30.0
SGP,1970,100.0
SLB,1970,8.917
SLE,1970,23.969
SLV,1970,39.439
SOM,1970,22.678
SRB,1970,39.744
SSD,1970,8.633
STP,1970,29.518
SUR,1970,45.948
SVK,1970,41.057
SVN,1970,37.004
SWE,1970,81.034
SWZ,1970,9.705
SXM,1970,100.0
SYC,1970,39.068
SYR,1970,43.345
TCA,1970,51.106
TCD,1970,11.568
TGO,1970,21.28
THA,1970,20.889
TJK,1970,36.876
TKM,1970,47.78
TLS,1970,12.886
TON,1970,20.187
TTO,1970,43.035
TUN,1970,43.482
TUR,1970,38.234
TUV,1970,22.081
TZA,1970,7.852
UGA,1970,6.664
UKR,1970,54.831
URY,1970,82.368
USA,1970,73.602
UZB,1970,36.714
VCT,1970,30.683
VEN,1970,71.852
VGB,1970,16.635
VIR,1970,69.592
VNM,1970,18.3
VUT,1970,12.325
WSM,1970,20.353
YEM,1970,13.3
ZAF,1970,47.809
ZMB,1970,30.351
ZWE,1970,17.362
AFG,1971,12.021
AGO,1971,15.632
ALB,1971,31.933
ARE,1971,79.8
ARG,1971,79.321
ARM,1971,60.657
ASM,1971,70.784
ATG,1971,33.898
AUS,1971,84.16
AUT,1971,65.301
AZE,1971,50.462
BDI,1971,2.97
BEL,1971,93.976
BEN,1971,17.647
BFA,1971,5.861
BGD,1971,7.901
BGR,1971,53.36
BHR,1971,84.021
BHS,1971,67.429
BIH,1971,28.094
BLR,1971,45.349
BLZ,1971,50.805
BMU,1971,100.0
BOL,1971,40.082
BRA,1971,56.894
BRB,1971,37.809
BRN,1971,63.412
BTN,1971,6.413
BWA,1971,8.998
CAF,1971,28.356
CAN,1971,76.09
CHE,1971,73.992
CHL,1971,75.883
CHN,1971,17.292
CIV,1971,28.934
CMR,1971,21.584
COD,1971,24.847
COG,1971,39.919
COL,1971,57.39
COM,1971,19.75
CPV,1971,19.9
CRI,1971,39.445
CUB,1971,60.976
CYM,1971,100.0
CYP,1971,41.283
CZE,1971,65.295
DEU,1971,72.332
DJI,1971,62.878
DMA,1971,39.47
DNK,1971,80.239
DOM,1971,41.351
DZA,1971,39.665
ECU,1971,39.813
EGY,1971,41.838
ERI,1971,12.841
ESP,1971,66.848
EST,1971,65.483
ETH,1971,8.756
FIN,1971,64.523
FJI,1971,35.147
FRA,1971,71.459
FSM,1971,25.068
GAB,1971,34.082
GBR,1971,77.03
GEO,1971,48.474
GHA,1971,29.174
GIN,1971,16.641
GMB,1971,20.63
GNB,1971,15.293
GNQ,1971,27.045
GRC,1971,64.951
GRD,1971,32.281
GTM,1971,35.861
GUM,1971,67.153
GUY,1971,29.533
HKG,1971,88.039
HND,1971,29.569
HRV,1971,41.168
HTI,1971,20.222
HUN,1971,60.539
IDN,1971,17.338
IND,1971,19.991
IRL,1971,52.269
IRN,1971,42.11
IRQ,1971,57.214
ISL,1971,85.269
ISR,1971,84.789
ITA,1971,64.75
JAM,1971,41.858
JOR,1971,56.308
JPN,1971,72.666
KAZ,1971,50.753
KEN,1971,10.778
KGZ,1971,37.609
KHM,1971,18.717
KIR,1971,25.348
KNA,1971,34.317
KOR,1971,42.261
KWT,1971,86.444
LAO,1971,9.955
LBN,1971,61.06
LBR,1971,26.86
LBY,1971,52.992
LCA,1971,24.162
LIE,1971,18.364
LKA,1971,17.697
LSO,1971,9.039
LTU,1971,50.719
LUX,1971,74.916
LVA,1971,61.433
MAC,1971,97.208
MAF,1971,N/A
MAR,1971,35.012
MDA,1971,32.879
MDG,1971,14.526
MDV,1971,12.842
MEX,1971,59.779
MHL,1971,56.103
MKD,1971,48.246
MLI,1971,14.697
MLT,1971,89.708
MMR,1971,23.215
MNE,1971,27.769
MNG,1971,45.77
MNP,1971,72.609
MOZ,1971,9.298
MRT,1971,15.636
MUS,1971,43.326
MWI,1971,6.345
MYS,1971,34.271
NAM,1971,22.559
NCL,1971,52.022
NER,1971,9.271
NGA,1971,18.151
NIC,1971,47.785
NLD,1971,61.913
NOR,1971,66.23
NPL,1971,4.005
NZL,1971,81.491
OMN,1971,31.287
PAK,1971,25.084
PAN,1971,47.919
PER,1971,58.496
PHL,1971,33.493
PLW,1971,60.001
PNG,1971,11.078
POL,1971,52.668
PRI,1971,59.23
PRK,1971,54.702
PRT,1971,39.197
PRY,1971,37.23
PSE,1971,55.371
PYF,1971,56.203
QAT,1971,88.6
ROU,1971,40.818
RUS,1971,63.278
RWA,1971,3.336
SAU,1971,50.688
SDN,1971,17.22
SEN,1971,30.72
SGP,1971,100.0
SLB,1971,8.958
SLE,1971,24.737
SLV,1971,39.544
SOM,1971,23.251
SRB,1971,40.749
SSD,1971,8.622
STP,1971,30.205
SUR,1971,45.716
SVK,1971,42.009
SVN,1971,37.972
SWE,1971,81.563
SWZ,1971,10.458
SXM,1971,100.0
SYC,1971,40.337
SYR,1971,43.751
TCA,1971,51.487
TCD,1971,12.313
TGO,1971,21.602
THA,1971,21.442
TJK,1971,36.607
TKM,1971,47.735
TLS,1971,13.213
TON,1971,20.217
TTO,1971,43.959
TUN,1971,44.305
TUR,1971,38.945
TUV,1971,22.786
TZA,1971,8.431
UGA,1971,6.737
UKR,1971,55.552
URY,1971,82.57
USA,1971,73.613
UZB,1971,37.184
VCT,1971,31.182
VEN,1971,72.764
VGB,1971,17.174
VIR,1971,70.779
VNM,1971,18.396
VUT,1971,12.533
WSM,1971,20.611
YEM,1971,13.598
ZAF,1971,47.869
ZMB,1971,31.241
ZWE,1971,17.855
AFG,1972,12.41
AGO,1972,16.455
ALB,1972,32.127
ARE,1972,79.8
ARG,1972,79.743
ARM,1972,61.445
ASM,1972,71.182
ATG,1972,33.978
AUS,1972,84.32
AUT,1972,65.311
AZE,1972,50.917
BDI,1972,3.101
BEL,1972,94.106
BEN,1972,18.648
BFA,1972,5.98
BGD,1972,8.221
BGR,1972,54.419
BHR,1972,84.265
BHS,1972,68.088
BIH,1972,28.875
BLR,1972,46.697
BLZ,1972,50.646
BMU,1972,100.0
BOL,1972,40.389
BRA,1972,57.879
BRB,1972,38.07
BRN,1972,63.736
BTN,1972,6.754
BWA,1972,9.695
CAF,1972,29.238
CAN,1972,75.971
CHE,1972,74.046
CHL,1972,76.528
CHN,1972,17.184
CIV,1972,29.719
CMR,1972,22.927
COD,1972,25.089
COG,1972,40.715
COL,1972,58.143
COM,1972,20.115
CPV,1972,20.272
CRI,1972,40.068
CUB,1972,61.8
CYM,1972,100.0
CYP,1972,41.807
CZE,1972,66.484
DEU,1972,72.389
DJI,1972,63.968
DMA,1972,40.264
DNK,1972,80.731
DOM,1972,42.437
DZA,1972,39.831
ECU,1972,40.352
EGY,1972,42.2
ERI,1972,13.006
ESP,1972,67.541
EST,1972,66.017
ETH,1972,8.928
FIN,1972,65.366
FJI,1972,35.538
FRA,1972,71.86
FSM,1972,25.33
GAB,1972,36.231
GBR,1972,77.195
GEO,1972,48.942
GHA,1972,29.392
GIN,1972,17.327
GMB,1972,21.814
GNB,1972,15.455
GNQ,1972,27.136
GRC,1972,65.454
GRD,1972,32.351
GTM,1972,36.177
GUM,1972,71.999
GUY,1972,29.641
HKG,1972,88.474
HND,1972,30.246
HRV,1972,41.839
HTI,1972,20.323
HUN,1972,60.965
IDN,1972,17.779
IND,1972,20.321
IRL,1972,52.611
IRN,1972,43.014
IRQ,1972,58.269
ISL,1972,85.63
ISR,1972,85.351
ITA,1972,65.039
JAM,1972,42.395
JOR,1972,56.645
JPN,1972,73.452
KAZ,1972,51.269
KEN,1972,11.282
KGZ,1972,37.753
KHM,1972,21.818
KIR,1972,26.654
KNA,1972,34.495
KOR,1972,43.692
KWT,1972,87.192
LAO,1972,10.295
LBN,1972,62.58
LBR,1972,27.713
LBY,1972,56.292
LCA,1972,24.419
LIE,1972,18.354
LKA,1972,17.796
LSO,1972,9.474
LTU,1972,51.968
LUX,1972,75.528
LVA,1972,62.122
MAC,1972,97.397
MAF,1972,N/A
MAR,1972,35.675
MDA,1972,33.701
MDG,1972,14.964
MDV,1972,13.858
MEX,1972,60.532
MHL,1972,58.685
MKD,1972,48.827
MLI,1972,15.072
MLT,1972,89.716
MMR,1972,23.606
MNE,1972,28.706
MNG,1972,46.491
MNP,1972,75.021
MOZ,1972,9.671
MRT,1972,16.773
MUS,1972,44.1
MWI,1972,6.651
MYS,1972,35.104
NAM,1972,22.829
NCL,1972,52.811
NER,1972,9.772
NGA,1972,18.549
NIC,1972,48.063
NLD,1972,62.232
NOR,1972,66.725
NPL,1972,4.198
NZL,1972,81.819
OMN,1972,32.958
PAK,1972,25.353
PAN,1972,48.199
PER,1972,59.547
PHL,1972,34.012
PLW,1972,60.287
PNG,1972,11.3
POL,1972,53.324
PRI,1972,60.127
PRK,1972,55.204
PRT,1972,39.591
PRY,1972,37.396
PSE,1972,56.439
PYF,1972,56.718
QAT,1972,88.678
ROU,1972,41.319
RUS,1972,64.078
RWA,1972,3.491
SAU,1972,52.707
SDN,1972,17.941
SEN,1972,31.451
SGP,1972,100.0
SLB,1972,8.999
SLE,1972,25.522
SLV,1972,40.043
SOM,1972,23.835
SRB,1972,41.341
SSD,1972,8.61
STP,1972,30.561
SUR,1972,46.76
SVK,1972,43.064
SVN,1972,39.058
SWE,1972,81.886
SWZ,1972,11.264
SXM,1972,100.0
SYC,1972,41.802
SYR,1972,44.078
TCA,1972,51.882
TCD,1972,13.1
TGO,1972,21.929
THA,1972,22.006
TJK,1972,36.337
TKM,1972,47.691
TLS,1972,13.548
TON,1972,20.247
TTO,1972,44.888
TUN,1972,45.132
TUR,1972,39.6
TUV,1972,23.507
TZA,1972,9.048
UGA,1972,6.812
UKR,1972,56.272
URY,1972,82.771
USA,1972,73.623
UZB,1972,37.657
VCT,1972,31.687
VEN,1972,73.575
VGB,1972,17.728
VIR,1972,71.941
VNM,1972,18.492
VUT,1972,12.744
WSM,1972,20.752
YEM,1972,13.901
ZAF,1972,47.929
ZMB,1972,32.146
ZWE,1972,18.36
AFG,1973,12.809
AGO,1973,17.31
ALB,1973,32.321
ARE,1973,79.8
ARG,1973,80.158
ARM,1973,62.225
ASM,1973,71.576
ATG,1973,34.057
AUS,1973,84.478
AUT,1973,65.321
AZE,1973,51.371
BDI,1973,3.236
BEL,1973,94.233
BEN,1973,19.689
BFA,1973,6.1
BGD,1973,8.553
BGR,1973,55.471
BHR,1973,84.504
BHS,1973,68.738
BIH,1973,29.666
BLR,1973,48.046
BLZ,1973,50.488
BMU,1973,100.0
BOL,1973,40.696
BRA,1973,58.855
BRB,1973,38.331
BRN,1973,63.889
BTN,1973,7.11
BWA,1973,10.381
CAF,1973,30.133
CAN,1973,75.851
CHE,1973,74.1
CHL,1973,77.159
CHN,1973,17.184
CIV,1973,30.513
CMR,1973,24.324
COD,1973,25.331
COG,1973,41.514
COL,1973,58.89
COM,1973,20.484
CPV,1973,20.649
CRI,1973,40.655
CUB,1973,62.614
CYM,1973,100.0
CYP,1973,42.757
CZE,1973,67.649
DEU,1973,72.446
DJI,1973,65.04
DMA,1973,41.061
DNK,1973,81.211
DOM,1973,43.527
DZA,1973,39.997
ECU,1973,40.892
EGY,1973,42.563
ERI,1973,13.173
ESP,1973,68.224
EST,1973,66.545
ETH,1973,9.102
FIN,1973,66.197
FJI,1973,35.93
FRA,1973,72.256
FSM,1973,25.593
GAB,1973,38.43
GBR,1973,77.358
GEO,1973,49.409
GHA,1973,29.61
GIN,1973,18.033
GMB,1973,22.941
GNB,1973,15.618
GNQ,1973,27.227
GRC,1973,65.952
GRD,1973,32.421
GTM,1973,36.494
GUM,1973,76.371
GUY,1973,29.75
HKG,1973,88.894
HND,1973,30.93
HRV,1973,42.511
HTI,1973,20.35
HUN,1973,61.388
IDN,1973,18.28
IND,1973,20.653
IRL,1973,52.952
IRN,1973,43.92
IRQ,1973,59.313
ISL,1973,85.983
ISR,1973,85.793
ITA,1973,65.241
JAM,1973,42.933
JOR,1973,56.98
JPN,1973,74.22
KAZ,1973,51.785
KEN,1973,11.805
KGZ,1973,37.897
KHM,1973,25.263
KIR,1973,27.997
KNA,1973,34.672
KOR,1973,45.131
KWT,1973,87.902
LAO,1973,10.597
LBN,1973,64.072
LBR,1973,28.581
LBY,1973,59.528
LCA,1973,24.677
LIE,1973,18.344
LKA,1973,17.896
LSO,1973,9.905
LTU,1973,53.21
LUX,1973,76.127
LVA,1973,62.805
MAC,1973,97.573
MAF,1973,N/A
MAR,1973,36.349
MDA,1973,34.531
MDG,1973,15.411
MDV,1973,14.936
MEX,1973,61.279
MHL,1973,61.212
MKD,1973,49.407
MLI,1973,15.454
MLT,1973,89.725
MMR,1973,23.903
MNE,1973,29.659
MNG,1973,47.211
MNP,1973,77.28
MOZ,1973,10.056
MRT,1973,17.971
MUS,1973,43.881
MWI,1973,6.97
MYS,1973,35.944
NAM,1973,23.1
NCL,1973,53.597
NER,1973,10.296
NGA,1973,18.952
NIC,1973,48.341
NLD,1973,62.55
NOR,1973,67.216
NPL,1973,4.399
NZL,1973,82.141
OMN,1973,34.669
PAK,1973,25.671
PAN,1973,48.479
PER,1973,60.188
PHL,1973,34.533
PLW,1973,60.571
PNG,1973,11.507
POL,1973,53.977
PRI,1973,61.014
PRK,1973,55.703
PRT,1973,39.985
PRY,1973,37.916
PSE,1973,57.499
PYF,1973,57.231
QAT,1973,88.755
ROU,1973,41.821
RUS,1973,64.869
RWA,1973,3.652
SAU,1973,54.712
SDN,1973,18.548
SEN,1973,32.189
SGP,1973,100.0
SLB,1973,9.041
SLE,1973,26.321
SLV,1973,40.543
SOM,1973,24.427
SRB,1973,41.933
SSD,1973,8.599
STP,1973,30.917
SUR,1973,49.087
SVK,1973,44.122
SVN,1973,40.153
SWE,1973,82.203
SWZ,1973,12.12
SXM,1973,100.0
SYC,1973,43.277
SYR,1973,44.405
TCA,1973,52.275
TCD,1973,13.882
TGO,1973,22.258
THA,1973,22.579
TJK,1973,36.07
TKM,1973,47.646
TLS,1973,13.889
TON,1973,20.277
TTO,1973,45.819
TUN,1973,45.959
TUR,1973,40.258
TUV,1973,24.242
TZA,1973,9.704
UGA,1973,6.887
UKR,1973,56.987
URY,1973,82.97
USA,1973,73.633
UZB,1973,38.131
VCT,1973,32.195
VEN,1973,74.325
VGB,1973,18.294
VIR,1973,73.07
VNM,1973,18.588
VUT,1973,12.958
WSM,1973,20.832
YEM,1973,14.209
ZAF,1973,47.989
ZMB,1973,33.061
ZWE,1973,18.874
AFG,1974,13.219
AGO,1974,18.202
ALB,1974,32.516
ARE,1974,79.8
ARG,1974,80.567
ARM,1974,63.0
ASM,1974,71.967
ATG,1974,34.137
AUS,1974,84.636
AUT,1974,65.331
AZE,1974,51.698
BDI,1974,3.377
BEL,1974,94.358
BEN,1974,20.775
BFA,1974,6.222
BGD,1974,9.034
BGR,1974,56.519
BHR,1974,84.741
BHS,1974,69.381
BIH,1974,30.471
BLR,1974,49.4
BLZ,1974,50.329
BMU,1974,100.0
BOL,1974,41.004
BRA,1974,59.826
BRB,1974,38.592
BRN,1974,64.041
BTN,1974,7.484
BWA,1974,11.11
CAF,1974,31.045
CAN,1974,75.731
CHE,1974,74.154
CHL,1974,77.778
CHN,1974,17.292
CIV,1974,31.321
CMR,1974,25.78
COD,1974,25.575
COG,1974,42.357
COL,1974,59.607
COM,1974,20.859
CPV,1974,21.031
CRI,1974,41.002
CUB,1974,63.423
CYM,1974,100.0
CYP,1974,45.007
CZE,1974,68.794
DEU,1974,72.503
DJI,1974,66.099
DMA,1974,41.864
DNK,1974,81.683
DOM,1974,44.626
DZA,1974,40.163
ECU,1974,41.457
EGY,1974,42.926
ERI,1974,13.341
ESP,1974,68.901
EST,1974,67.069
ETH,1974,9.279
FIN,1974,67.019
FJI,1974,36.324
FRA,1974,72.65
FSM,1974,25.741
GAB,1974,40.681
GBR,1974,77.521
GEO,1974,49.876
GHA,1974,29.829
GIN,1974,18.763
GMB,1974,23.675
GNB,1974,15.783
GNQ,1974,27.319
GRC,1974,66.448
GRD,1974,32.491
GTM,1974,36.809
GUM,1974,80.252
GUY,1974,29.858
HKG,1974,89.301
HND,1974,31.571
HRV,1974,43.186
HTI,1974,20.377
HUN,1974,61.81
IDN,1974,18.793
IND,1974,20.991
IRL,1974,53.294
IRN,1974,44.832
IRQ,1974,60.351
ISL,1974,86.33
ISR,1974,86.224
ITA,1974,65.442
JAM,1974,43.472
JOR,1974,57.315
JPN,1974,74.975
KAZ,1974,52.3
KEN,1974,12.349
KGZ,1974,38.042
KHM,1974,29.055
KIR,1974,28.96
KNA,1974,34.849
KOR,1974,46.579
KWT,1974,88.579
LAO,1974,10.837
LBN,1974,65.54
LBR,1974,29.47
LBY,1974,61.237
LCA,1974,24.938
LIE,1974,18.334
LKA,1974,17.996
LSO,1974,10.355
LTU,1974,54.451
LUX,1974,76.717
LVA,1974,63.484
MAC,1974,97.738
MAF,1974,N/A
MAR,1974,37.029
MDA,1974,35.372
MDG,1974,15.869
MDV,1974,16.085
MEX,1974,62.022
MHL,1974,61.093
MKD,1974,49.988
MLI,1974,15.845
MLT,1974,89.734
MMR,1974,23.913
MNE,1974,30.632
MNG,1974,47.933
MNP,1974,79.016
MOZ,1974,10.456
MRT,1974,19.237
MUS,1974,43.662
MWI,1974,7.304
MYS,1974,36.794
NAM,1974,23.374
NCL,1974,54.382
NER,1974,10.845
NGA,1974,19.363
NIC,1974,48.62
NLD,1974,62.867
NOR,1974,67.703
NPL,1974,4.61
NZL,1974,82.46
OMN,1974,36.423
PAK,1974,26.005
PAN,1974,48.759
PER,1974,60.827
PHL,1974,35.059
PLW,1974,60.855
PNG,1974,11.717
POL,1974,54.629
PRI,1974,61.896
PRK,1974,56.202
PRT,1974,40.382
PRY,1974,38.447
PSE,1974,58.553
PYF,1974,57.742
QAT,1974,88.832
ROU,1974,42.325
RUS,1974,65.652
RWA,1974,3.821
SAU,1974,56.704
SDN,1974,18.744
SEN,1974,32.937
SGP,1974,100.0
SLB,1974,9.083
SLE,1974,27.137
SLV,1974,41.046
SOM,1974,25.03
SRB,1974,42.53
SSD,1974,8.587
STP,1974,31.277
SUR,1974,51.421
SVK,1974,45.187
SVN,1974,41.259
SWE,1974,82.517
SWZ,1974,13.033
SXM,1974,100.0
SYC,1974,44.767
SYR,1974,44.733
TCA,1974,52.669
TCD,1974,14.704
TGO,1974,22.591
THA,1974,23.164
TJK,1974,35.802
TKM,1974,47.602
TLS,1974,14.237
TON,1974,20.307
TTO,1974,46.754
TUN,1974,46.79
TUR,1974,40.92
TUV,1974,24.994
TZA,1974,10.403
UGA,1974,6.963
UKR,1974,57.7
URY,1974,83.167
USA,1974,73.643
UZB,1974,38.608
VCT,1974,32.708
VEN,1974,75.063
VGB,1974,18.875
VIR,1974,74.172
VNM,1974,18.685
VUT,1974,13.175
WSM,1974,20.912
YEM,1974,14.524
ZAF,1974,48.049
ZMB,1974,33.992
ZWE,1974,19.4
AFG,1975,13.641
AGO,1975,19.128
ALB,1975,32.712
ARE,1975,79.8
ARG,1975,80.969
ARM,1975,63.611
ASM,1975,72.354
ATG,1975,34.217
AUS,1975,84.792
AUT,1975,65.341
AZE,1975,51.897
BDI,1975,3.525
BEL,1975,94.48
BEN,1975,21.904
BFA,1975,6.347
BGD,1975,9.836
BGR,1975,57.562
BHR,1975,84.975
BHS,1975,70.017
BIH,1975,31.288
BLR,1975,50.614
BLZ,1975,50.171
BMU,1975,100.0
BOL,1975,41.314
BRA,1975,60.789
BRB,1975,38.855
BRN,1975,64.193
BTN,1975,7.876
BWA,1975,11.884
CAF,1975,31.971
CAN,1975,75.611
CHE,1975,74.208
CHL,1975,78.386
CHN,1975,17.4
CIV,1975,32.229
CMR,1975,27.292
COD,1975,25.821
COG,1975,43.264
COL,1975,60.306
COM,1975,21.239
CPV,1975,21.419
CRI,1975,41.349
CUB,1975,64.224
CYM,1975,100.0
CYP,1975,47.277
CZE,1975,69.917
DEU,1975,72.56
DJI,1975,67.142
DMA,1975,42.671
DNK,1975,82.146
DOM,1975,45.729
DZA,1975,40.33
ECU,1975,42.363
EGY,1975,43.291
ERI,1975,13.511
ESP,1975,69.57
EST,1975,67.589
ETH,1975,9.46
FIN,1975,67.831
FJI,1975,36.721
FRA,1975,72.926
FSM,1975,25.858
GAB,1975,42.971
GBR,1975,77.683
GEO,1975,50.344
GHA,1975,30.049
GIN,1975,19.515
GMB,1975,24.426
GNB,1975,15.95
GNQ,1975,27.41
GRC,1975,66.94
GRD,1975,32.561
GTM,1975,37.125
GUM,1975,83.632
GUY,1975,29.967
HKG,1975,89.695
HND,1975,32.11
HRV,1975,43.864
HTI,1975,20.404
HUN,1975,62.231
IDN,1975,19.317
IND,1975,21.332
IRL,1975,53.634
IRN,1975,45.747
IRQ,1975,61.379
ISL,1975,86.669
ISR,1975,86.643
ITA,1975,65.643
JAM,1975,44.013
JOR,1975,57.65
JPN,1975,75.716
KAZ,1975,52.564
KEN,1975,12.914
KGZ,1975,38.186
KHM,1975,4.477
KIR,1975,29.606
KNA,1975,35.027
KOR,1975,48.033
KWT,1975,89.384
LAO,1975,11.081
LBN,1975,66.978
LBR,1975,30.382
LBY,1975,62.785
LCA,1975,25.2
LIE,1975,18.324
LKA,1975,18.097
LSO,1975,10.822
LTU,1975,55.685
LUX,1975,77.297
LVA,1975,64.157
MAC,1975,97.891
MAF,1975,N/A
MAR,1975,37.714
MDA,1975,36.222
MDG,1975,16.334
MDV,1975,17.304
MEX,1975,62.759
MHL,1975,60.632
MKD,1975,50.569
MLI,1975,16.244
MLT,1975,89.742
MMR,1975,23.922
MNE,1975,31.622
MNG,1975,48.656
MNP,1975,80.554
MOZ,1975,10.869
MRT,1975,20.569
MUS,1975,43.443
MWI,1975,7.652
MYS,1975,37.652
NAM,1975,23.651
NCL,1975,55.165
NER,1975,11.419
NGA,1975,19.78
NIC,1975,48.898
NLD,1975,63.183
NOR,1975,68.187
NPL,1975,4.83
NZL,1975,82.774
OMN,1975,38.213
PAK,1975,26.341
PAN,1975,49.038
PER,1975,61.461
PHL,1975,35.56
PLW,1975,61.138
PNG,1975,11.93
POL,1975,55.28
PRI,1975,62.77
PRK,1975,56.7
PRT,1975,40.779
PRY,1975,38.981
PSE,1975,59.6
PYF,1975,58.252
QAT,1975,88.909
ROU,1975,42.831
RUS,1975,66.427
RWA,1975,3.998
SAU,1975,58.349
SDN,1975,18.943
SEN,1975,33.693
SGP,1975,100.0
SLB,1975,9.125
SLE,1975,27.729
SLV,1975,41.551
SOM,1975,25.498
SRB,1975,43.128
SSD,1975,8.576
STP,1975,31.639
SUR,1975,53.749
SVK,1975,46.257
SVN,1975,42.374
SWE,1975,82.73
SWZ,1975,14.004
SXM,1975,100.0
SYC,1975,46.266
SYR,1975,45.061
TCA,1975,53.063
TCD,1975,15.566
TGO,1975,22.927
THA,1975,23.758
TJK,1975,35.536
TKM,1975,47.557
TLS,1975,14.593
TON,1975,20.337
TTO,1975,47.691
TUN,1975,47.588
TUR,1975,41.586
TUV,1975,25.761
TZA,1975,11.146
UGA,1975,7.04
UKR,1975,58.389
URY,1975,83.387
USA,1975,73.653
UZB,1975,39.087
VCT,1975,33.225
VEN,1975,75.786
VGB,1975,19.47
VIR,1975,75.245
VNM,1975,18.782
VUT,1975,13.395
WSM,1975,20.992
YEM,1975,14.844
ZAF,1975,48.109
ZMB,1975,34.934
ZWE,1975,19.873
AFG,1976,14.074
AGO,1976,20.092
ALB,1976,32.908
ARE,1976,79.903
ARG,1976,81.366
ARM,1976,64.219
ASM,1976,72.739
ATG,1976,34.297
AUS,1976,84.947
AUT,1976,65.351
AZE,1976,52.096
BDI,1976,3.678
BEL,1976,94.6
BEN,1976,23.079
BFA,1976,6.668
BGD,1976,10.701
BGR,1976,58.526
BHR,1976,85.206
BHS,1976,70.647
BIH,1976,32.118
BLR,1976,51.829
BLZ,1976,50.012
BMU,1976,100.0
BOL,1976,41.624
BRA,1976,61.745
BRB,1976,39.118
BRN,1976,64.345
BTN,1976,8.288
BWA,1976,12.705
CAF,1976,32.575
CAN,1976,75.503
CHE,1976,74.262
CHL,1976,78.982
CHN,1976,17.46
CIV,1976,33.594
CMR,1976,28.678
COD,1976,26.068
COG,1976,44.177
COL,1976,61.003
COM,1976,21.625
CPV,1976,21.812
CRI,1976,41.698
CUB,1976,65.018
CYM,1976,100.0
CYP,1976,49.563
CZE,1976,71.018
DEU,1976,72.617
DJI,1976,68.17
DMA,1976,43.484
DNK,1976,82.6
DOM,1976,46.838
DZA,1976,40.497
ECU,1976,43.276
EGY,1976,43.656
ERI,1976,13.684
ESP,1976,70.231
EST,1976,68.106
ETH,1976,9.644
FIN,1976,68.634
FJI,1976,37.119
FRA,1976,72.997
FSM,1976,25.975
GAB,1976,45.295
GBR,1976,77.844
GEO,1976,50.812
GHA,1976,30.27
GIN,1976,20.291
GMB,1976,25.193
GNB,1976,16.118
GNQ,1976,27.502
GRC,1976,67.429
GRD,1976,32.631
GTM,1976,37.443
GUM,1976,86.534
GUY,1976,30.076
HKG,1976,90.077
HND,1976,32.653
HRV,1976,44.545
HTI,1976,20.431
HUN,1976,62.65
IDN,1976,19.853
IND,1976,21.677
IRL,1976,53.975
IRN,1976,46.666
IRQ,1976,62.398
ISL,1976,87.002
ISR,1976,87.053
ITA,1976,65.844
JAM,1976,44.557
JOR,1976,57.984
JPN,1976,75.944
KAZ,1976,52.828
KEN,1976,13.503
KGZ,1976,38.331
KHM,1976,4.82
KIR,1976,30.262
KNA,1976,35.206
KOR,1976,49.719
KWT,1976,90.745
LAO,1976,11.331
LBN,1976,68.387
LBR,1976,31.311
LBY,1976,64.31
LCA,1976,25.465
LIE,1976,18.314
LKA,1976,18.198
LSO,1976,11.213
LTU,1976,56.915
LUX,1976,77.867
LVA,1976,64.826
MAC,1976,98.035
MAF,1976,N/A
MAR,1976,38.405
MDA,1976,37.082
MDG,1976,16.755
MDV,1976,18.596
MEX,1976,63.491
MHL,1976,60.168
MKD,1976,51.151
MLI,1976,16.651
MLT,1976,89.751
MMR,1976,23.933
MNE,1976,32.63
MNG,1976,49.381
MNP,1976,82.007
MOZ,1976,11.297
MRT,1976,21.971
MUS,1976,43.224
MWI,1976,8.015
MYS,1976,38.519
NAM,1976,23.929
NCL,1976,55.873
NER,1976,12.021
NGA,1976,20.205
NIC,1976,49.177
NLD,1976,63.498
NOR,1976,68.667
NPL,1976,5.061
NZL,1976,83.028
OMN,1976,40.039
PAK,1976,26.681
PAN,1976,49.319
PER,1976,62.093
PHL,1976,35.917
PLW,1976,61.421
PNG,1976,12.147
POL,1976,55.929
PRI,1976,63.637
PRK,1976,56.74
PRT,1976,41.179
PRY,1976,39.518
PSE,1976,60.164
PYF,1976,58.76
QAT,1976,88.985
ROU,1976,43.339
RUS,1976,67.194
RWA,1976,4.182
SAU,1976,59.897
SDN,1976,19.143
SEN,1976,34.372
SGP,1976,100.0
SLB,1976,9.271
SLE,1976,28.14
SLV,1976,42.058
SOM,1976,25.748
SRB,1976,43.729
SSD,1976,8.565
STP,1976,32.004
SUR,1976,56.064
SVK,1976,47.331
SVN,1976,43.499
SWE,1976,82.802
SWZ,1976,15.037
SXM,1976,100.0
SYC,1976,47.774
SYR,1976,45.39
TCA,1976,53.456
TCD,1976,16.47
TGO,1976,23.268
THA,1976,24.365
TJK,1976,35.27
TKM,1976,47.513
TLS,1976,14.956
TON,1976,20.367
TTO,1976,48.631
TUN,1976,48.184
TUR,1976,42.087
TUV,1976,26.545
TZA,1976,11.937
UGA,1976,7.118
UKR,1976,59.075
URY,1976,83.806
USA,1976,73.663
UZB,1976,39.568
VCT,1976,33.747
VEN,1976,76.496
VGB,1976,20.081
VIR,1976,76.288
VNM,1976,18.88
VUT,1976,13.619
WSM,1976,21.073
YEM,1976,15.171
ZAF,1976,48.169
ZMB,1976,35.89
ZWE,1976,20.356
AFG,1977,14.517
AGO,1977,21.088
ALB,1977,33.105
ARE,1977,80.106
ARG,1977,81.755
ARM,1977,64.821
ASM,1977,73.12
ATG,1977,34.377
AUS,1977,85.1
AUT,1977,65.361
AZE,1977,52.294
BDI,1977,3.838
BEL,1977,94.806
BEN,1977,24.293
BFA,1977,7.151
BGD,1977,11.63
BGR,1977,59.428
BHR,1977,85.434
BHS,1977,71.266
BIH,1977,32.957
BLR,1977,53.039
BLZ,1977,49.854
BMU,1977,100.0
BOL,1977,42.446
BRA,1977,62.689
BRB,1977,39.381
BRN,1977,64.496
BTN,1977,8.717
BWA,1977,13.572
CAF,1977,32.897
CAN,1977,75.543
CHE,1977,74.316
CHL,1977,79.565
CHN,1977,17.52
CIV,1977,34.983
CMR,1977,29.469
COD,1977,26.317
COG,1977,45.091
COL,1977,61.693
COM,1977,22.014
CPV,1977,22.209
CRI,1977,42.046
CUB,1977,65.802
CYM,1977,100.0
CYP,1977,51.843
CZE,1977,72.092
DEU,1977,72.674
DJI,1977,69.178
DMA,1977,44.297
DNK,1977,82.886
DOM,1977,47.948
DZA,1977,40.928
ECU,1977,44.191
EGY,1977,43.81
ERI,1977,13.857
ESP,1977,70.883
EST,1977,68.617
ETH,1977,9.83
FIN,1977,69.423
FJI,1977,37.319
FRA,1977,73.068
FSM,1977,26.092
GAB,1977,47.633
GBR,1977,78.005
GEO,1977,51.279
GHA,1977,30.492
GIN,1977,21.087
GMB,1977,25.974
GNB,1977,16.287
GNQ,1977,27.594
GRC,1977,67.912
GRD,1977,32.701
GTM,1977,37.762
GUM,1977,88.983
GUY,1977,30.186
HKG,1977,90.445
HND,1977,33.2
HRV,1977,45.227
HTI,1977,20.459
HUN,1977,63.066
IDN,1977,20.398
IND,1977,22.026
IRL,1977,54.315
IRN,1977,47.47
IRQ,1977,63.404
ISL,1977,87.326
ISR,1977,87.45
ITA,1977,66.044
JAM,1977,45.1
JOR,1977,58.316
JPN,1977,76.002
KAZ,1977,53.092
KEN,1977,14.112
KGZ,1977,38.476
KHM,1977,5.186
KIR,1977,30.925
KNA,1977,35.385
KOR,1977,51.476
KWT,1977,91.944
LAO,1977,11.584
LBN,1977,69.759
LBR,1977,32.252
LBY,1977,65.802
LCA,1977,25.73
LIE,1977,18.304
LKA,1977,18.299
LSO,1977,11.272
LTU,1977,58.132
LUX,1977,78.426
LVA,1977,65.487
MAC,1977,98.169
MAF,1977,N/A
MAR,1977,39.099
MDA,1977,37.948
MDG,1977,17.184
MDV,1977,19.958
MEX,1977,64.215
MHL,1977,59.704
MKD,1977,51.73
MLI,1977,17.083
MLT,1977,89.76
MMR,1977,23.942
MNE,1977,33.652
MNG,1977,50.103
MNP,1977,83.37
MOZ,1977,11.739
MRT,1977,23.327
MUS,1977,43.005
MWI,1977,8.394
MYS,1977,39.391
NAM,1977,24.21
NCL,1977,56.262
NER,1977,12.648
NGA,1977,20.636
NIC,1977,49.456
NLD,1977,63.811
NOR,1977,69.142
NPL,1977,5.302
NZL,1977,83.128
OMN,1977,41.888
PAK,1977,27.023
PAN,1977,49.598
PER,1977,62.719
PHL,1977,36.275
PLW,1977,61.702
PNG,1977,12.366
POL,1977,56.575
PRI,1977,64.492
PRK,1977,56.78
PRT,1977,41.578
PRY,1977,40.056
PSE,1977,60.723
PYF,1977,59.171
QAT,1977,89.06
ROU,1977,43.942
RUS,1977,67.95
RWA,1977,4.374
SAU,1977,61.421
SDN,1977,19.344
SEN,1977,34.718
SGP,1977,100.0
SLB,1977,9.583
SLE,1977,28.554
SLV,1977,42.565
SOM,1977,25.999
SRB,1977,44.33
SSD,1977,8.553
STP,1977,32.37
SUR,1977,58.346
SVK,1977,48.405
SVN,1977,44.627
SWE,1977,82.873
SWZ,1977,15.474
SXM,1977,100.0
SYC,1977,49.282
SYR,1977,45.718
TCA,1977,53.848
TCD,1977,17.413
TGO,1977,23.611
THA,1977,24.98
TJK,1977,35.006
TKM,1977,47.469
TLS,1977,15.326
TON,1977,20.504
TTO,1977,49.57
TUN,1977,48.779
TUR,1977,42.508
TUV,1977,27.341
TZA,1977,12.773
UGA,1977,7.197
UKR,1977,59.756
URY,1977,84.215
USA,1977,73.673
UZB,1977,40.051
VCT,1977,34.271
VEN,1977,77.189
VGB,1977,20.703
VIR,1977,77.298
VNM,1977,18.978
VUT,1977,13.845
WSM,1977,21.113
YEM,1977,15.502
ZAF,1977,48.229
ZMB,1977,36.855
ZWE,1977,20.846
AFG,1978,14.973
AGO,1978,22.122
ALB,1978,33.302
ARE,1978,80.309
ARG,1978,82.139
ARM,1978,65.419
ASM,1978,73.497
ATG,1978,34.457
AUS,1978,85.252
AUT,1978,65.371
AZE,1978,52.492
BDI,1978,4.005
BEL,1978,95.005
BEN,1978,25.552
BFA,1978,7.668
BGD,1978,12.629
BGR,1978,60.326
BHR,1978,85.659
BHS,1978,71.879
BIH,1978,33.808
BLR,1978,54.247
BLZ,1978,49.695
BMU,1978,100.0
BOL,1978,43.442
BRA,1978,63.625
BRB,1978,39.646
BRN,1978,64.647
BTN,1978,9.168
BWA,1978,14.489
CAF,1978,33.221
CAN,1978,75.583
CHE,1978,74.37
CHL,1978,80.136
CHN,1978,17.9
CIV,1978,36.4
CMR,1978,30.274
COD,1978,26.567
COG,1978,46.01
COL,1978,62.379
COM,1978,22.41
CPV,1978,22.612
CRI,1978,42.396
CUB,1978,66.579
CYM,1978,100.0
CYP,1978,54.119
CZE,1978,73.142
DEU,1978,72.73
DJI,1978,70.169
DMA,1978,45.115
DNK,1978,83.169
DOM,1978,49.061
DZA,1978,41.794
ECU,1978,45.111
EGY,1978,43.826
ERI,1978,14.033
ESP,1978,71.527
EST,1978,69.124
ETH,1978,10.02
FIN,1978,70.202
FJI,1978,37.469
FRA,1978,73.14
FSM,1978,26.209
GAB,1978,49.985
GBR,1978,78.164
GEO,1978,51.747
GHA,1978,30.714
GIN,1978,21.907
GMB,1978,26.772
GNB,1978,16.457
GNQ,1978,27.687
GRC,1978,68.393
GRD,1978,32.771
GTM,1978,38.081
GUM,1978,91.036
GUY,1978,30.295
HKG,1978,90.801
HND,1978,33.752
HRV,1978,45.911
HTI,1978,20.486
HUN,1978,63.48
IDN,1978,20.956
IND,1978,22.379
IRL,1978,54.655
IRN,1978,48.21
IRQ,1978,64.178
ISL,1978,87.644
ISR,1978,87.838
ITA,1978,66.243
JAM,1978,45.645
JOR,1978,58.649
JPN,1978,76.06
KAZ,1978,53.356
KEN,1978,14.745
KGZ,1978,38.621
KHM,1978,5.578
KIR,1978,31.596
KNA,1978,35.564
KOR,1978,53.233
KWT,1978,93.0
LAO,1978,11.843
LBN,1978,71.099
LBR,1978,33.209
LBY,1978,67.265
LCA,1978,25.998
LIE,1978,18.294
LKA,1978,18.401
LSO,1978,11.331
LTU,1978,59.342
LUX,1978,78.975
LVA,1978,66.143
MAC,1978,98.294
MAF,1978,N/A
MAR,1978,39.798
MDA,1978,38.822
MDG,1978,17.622
MDV,1978,20.978
MEX,1978,64.934
MHL,1978,59.237
MKD,1978,52.31
MLI,1978,17.54
MLT,1978,89.768
MMR,1978,23.952
MNE,1978,34.69
MNG,1978,50.827
MNP,1978,84.651
MOZ,1978,12.197
MRT,1978,24.627
MUS,1978,42.787
MWI,1978,8.636
MYS,1978,40.271
NAM,1978,24.493
NCL,1978,56.651
NER,1978,13.025
NGA,1978,21.074
NIC,1978,49.734
NLD,1978,64.123
NOR,1978,69.614
NPL,1978,5.553
NZL,1978,83.229
OMN,1978,43.762
PAK,1978,27.368
PAN,1978,49.879
PER,1978,63.341
PHL,1978,36.635
PLW,1978,61.983
PNG,1978,12.59
POL,1978,57.22
PRI,1978,65.34
PRK,1978,56.82
PRT,1978,41.979
PRY,1978,40.598
PSE,1978,61.281
PYF,1978,59.115
QAT,1978,89.135
ROU,1978,44.649
RUS,1978,68.698
RWA,1978,4.575
SAU,1978,62.925
SDN,1978,19.547
SEN,1978,35.067
SGP,1978,100.0
SLB,1978,9.904
SLE,1978,28.972
SLV,1978,43.075
SOM,1978,26.252
SRB,1978,44.934
SSD,1978,8.542
STP,1978,32.738
SUR,1978,60.597
SVK,1978,49.482
SVN,1978,45.762
SWE,1978,82.944
SWZ,1978,15.803
SXM,1978,100.0
SYC,1978,49.396
SYR,1978,46.048
TCA,1978,54.24
TCD,1978,18.4
TGO,1978,23.958
THA,1978,25.606
TJK,1978,34.743
TKM,1978,47.424
TLS,1978,15.704
TON,1978,20.719
TTO,1978,50.51
TUN,1978,49.375
TUR,1978,42.931
TUV,1978,28.153
TZA,1978,13.659
UGA,1978,7.276
UKR,1978,60.434
URY,1978,84.616
USA,1978,73.682
UZB,1978,40.536
VCT,1978,34.8
VEN,1978,77.868
VGB,1978,21.34
VIR,1978,78.278
VNM,1978,19.076
VUT,1978,14.074
WSM,1978,21.133
YEM,1978,15.84
ZAF,1978,48.289
ZMB,1978,37.832
ZWE,1978,21.345
AFG,1979,15.442
AGO,1979,23.192
ALB,1979,33.5
ARE,1979,80.51
ARG,1979,82.516
ARM,1979,65.839
ASM,1979,73.871
ATG,1979,34.538
AUS,1979,85.403
AUT,1979,65.381
AZE,1979,52.655
BDI,1979,4.178
BEL,1979,95.196
BEN,1979,26.676
BFA,1979,8.218
BGD,1979,13.701
BGR,1979,61.216
BHR,1979,85.882
BHS,1979,72.484
BIH,1979,34.67
BLR,1979,55.402
BLZ,1979,49.537
BMU,1979,100.0
BOL,1979,44.443
BRA,1979,64.551
BRB,1979,39.91
BRN,1979,64.798
BTN,1979,9.639
BWA,1979,15.457
CAF,1979,33.546
CAN,1979,75.623
CHE,1979,74.424
CHL,1979,80.695
CHN,1979,18.617
CIV,1979,36.614
CMR,1979,31.091
COD,1979,26.819
COG,1979,46.932
COL,1979,63.061
COM,1979,22.81
CPV,1979,23.02
CRI,1979,42.747
CUB,1979,67.346
CYM,1979,100.0
CYP,1979,56.378
CZE,1979,74.167
DEU,1979,72.787
DJI,1979,71.141
DMA,1979,45.935
DNK,1979,83.448
DOM,1979,50.175
DZA,1979,42.665
ECU,1979,46.034
EGY,1979,43.842
ERI,1979,14.211
ESP,1979,72.162
EST,1979,69.497
ETH,1979,10.214
FIN,1979,70.97
FJI,1979,37.619
FRA,1979,73.211
FSM,1979,26.327
GAB,1979,52.337
GBR,1979,78.323
GEO,1979,52.156
GHA,1979,30.938
GIN,1979,22.75
GMB,1979,27.585
GNB,1979,16.77
GNQ,1979,27.779
GRC,1979,68.87
GRD,1979,32.841
GTM,1979,38.402
GUM,1979,92.737
GUY,1979,30.405
HKG,1979,91.145
HND,1979,34.309
HRV,1979,46.597
HTI,1979,20.513
HUN,1979,63.893
IDN,1979,21.524
IND,1979,22.736
IRL,1979,54.994
IRN,1979,48.951
IRQ,1979,64.852
ISL,1979,87.955
ISR,1979,88.215
ITA,1979,66.442
JAM,1979,46.191
JOR,1979,58.98
JPN,1979,76.118
KAZ,1979,53.7
KEN,1979,15.401
KGZ,1979,38.677
KHM,1979,5.999
KIR,1979,32.036
KNA,1979,35.744
KOR,1979,54.981
KWT,1979,93.928
LAO,1979,12.107
LBN,1979,72.403
LBR,1979,34.181
LBY,1979,68.696
LCA,1979,26.268
LIE,1979,18.284
LKA,1979,18.504
LSO,1979,11.39
LTU,1979,60.361
LUX,1979,79.513
LVA,1979,66.686
MAC,1979,98.41
MAF,1979,N/A
MAR,1979,40.502
MDA,1979,39.64
MDG,1979,18.068
MDV,1979,21.607
MEX,1979,65.646
MHL,1979,58.769
MKD,1979,52.889
MLI,1979,18.007
MLT,1979,89.777
MMR,1979,23.962
MNE,1979,35.744
MNG,1979,51.488
MNP,1979,85.85
MOZ,1979,12.669
MRT,1979,25.975
MUS,1979,42.569
MWI,1979,8.841
MYS,1979,41.158
NAM,1979,24.778
NCL,1979,57.039
NER,1979,13.233
NGA,1979,21.518
NIC,1979,50.013
NLD,1979,64.435
NOR,1979,70.081
NPL,1979,5.816
NZL,1979,83.328
OMN,1979,45.654
PAK,1979,27.715
PAN,1979,50.159
PER,1979,63.96
PHL,1979,36.997
PLW,1979,62.263
PNG,1979,12.817
POL,1979,57.712
PRI,1979,66.178
PRK,1979,56.86
PRT,1979,42.381
PRY,1979,41.141
PSE,1979,61.836
PYF,1979,59.059
QAT,1979,89.21
ROU,1979,45.358
RUS,1979,69.305
RWA,1979,4.656
SAU,1979,64.405
SDN,1979,19.752
SEN,1979,35.417
SGP,1979,100.0
SLB,1979,10.235
SLE,1979,29.394
SLV,1979,43.586
SOM,1979,26.507
SRB,1979,45.539
SSD,1979,8.531
STP,1979,33.109
SUR,1979,62.803
SVK,1979,50.56
SVN,1979,46.901
SWE,1979,83.016
SWZ,1979,16.137
SXM,1979,100.0
SYC,1979,49.381
SYR,1979,46.377
TCA,1979,54.632
TCD,1979,18.592
TGO,1979,24.308
THA,1979,26.242
TJK,1979,34.502
TKM,1979,47.299
TLS,1979,16.089
TON,1979,20.935
TTO,1979,51.449
TUN,1979,49.972
TUR,1979,43.355
TUV,1979,28.98
TZA,1979,14.141
UGA,1979,7.356
UKR,1979,61.081
URY,1979,85.009
USA,1979,73.692
UZB,1979,40.794
VCT,1979,35.333
VEN,1979,78.533
VGB,1979,21.992
VIR,1979,79.228
VNM,1979,19.175
VUT,1979,14.368
WSM,1979,21.153
YEM,1979,16.183
ZAF,1979,48.349
ZMB,1979,38.818
ZWE,1979,21.853
AFG,1980,15.995
AGO,1980,24.298
ALB,1980,33.762
ARE,1980,80.71
ARG,1980,82.887
ARM,1980,66.05
ASM,1980,74.33
ATG,1980,34.618
AUS,1980,85.552
AUT,1980,65.391
AZE,1980,52.777
BDI,1980,4.339
BEL,1980,95.381
BEN,1980,27.339
BFA,1980,8.805
BGD,1980,14.851
BGR,1980,62.1
BHR,1980,86.101
BHS,1980,73.102
BIH,1980,35.543
BLR,1980,56.498
BLZ,1980,49.374
BMU,1980,100.0
BOL,1980,45.451
BRA,1980,65.468
BRB,1980,40.102
BRN,1980,64.949
BTN,1980,10.132
BWA,1980,16.479
CAF,1980,33.874
CAN,1980,75.663
CHE,1980,74.477
CHL,1980,81.243
CHN,1980,19.358
CIV,1980,36.829
CMR,1980,31.921
COD,1980,27.072
COG,1980,47.857
COL,1980,63.738
COM,1980,23.215
CPV,1980,23.518
CRI,1980,43.099
CUB,1980,68.106
CYM,1980,100.0
CYP,1980,58.614
CZE,1980,75.167
DEU,1980,72.844
DJI,1980,72.096
DMA,1980,46.759
DNK,1980,83.723
DOM,1980,51.29
DZA,1980,43.542
ECU,1980,46.961
EGY,1980,43.858
ERI,1980,14.39
ESP,1980,72.789
EST,1980,69.711
ETH,1980,10.41
FIN,1980,71.727
FJI,1980,37.769
FRA,1980,73.282
FSM,1980,26.445
GAB,1980,54.682
GBR,1980,78.481
GEO,1980,52.497
GHA,1980,31.163
GIN,1980,23.617
GMB,1980,28.414
GNB,1980,17.804
GNQ,1980,27.872
GRC,1980,69.343
GRD,1980,32.912
GTM,1980,38.724
GUM,1980,93.753
GUY,1980,30.488
HKG,1980,91.478
HND,1980,34.87
HRV,1980,47.285
HTI,1980,20.541
HUN,1980,64.191
IDN,1980,22.104
IND,1980,23.098
IRL,1980,55.333
IRN,1980,49.693
IRQ,1980,65.521
ISL,1980,88.26
ISR,1980,88.583
ITA,1980,66.64
JAM,1980,46.739
JOR,1980,60.029
JPN,1980,76.175
KAZ,1980,54.142
KEN,1980,15.583
KGZ,1980,38.627
KHM,1980,9.898
KIR,1980,32.284
KNA,1980,35.882
KOR,1980,56.72
KWT,1980,94.781
LAO,1980,12.377
LBN,1980,73.672
LBR,1980,35.167
LBY,1980,70.094
LCA,1980,26.54
LIE,1980,18.274
LKA,1980,18.607
LSO,1980,11.45
LTU,1980,61.158
LUX,1980,80.042
LVA,1980,67.095
MAC,1980,98.519
MAF,1980,N/A
MAR,1980,41.21
MDA,1980,40.387
MDG,1980,18.524
MDV,1980,22.25
MEX,1980,66.339
MHL,1980,58.298
MKD,1980,53.469
MLI,1980,18.484
MLT,1980,89.785
MMR,1980,23.973
MNE,1980,36.813
MNG,1980,52.083
MNP,1980,86.784
MOZ,1980,13.158
MRT,1980,27.371
MUS,1980,42.351
MWI,1980,9.05
MYS,1980,42.044
NAM,1980,25.066
NCL,1980,57.426
NER,1980,13.443
NGA,1980,21.97
NIC,1980,50.292
NLD,1980,64.745
NOR,1980,70.545
NPL,1980,6.091
NZL,1980,83.428
OMN,1980,47.562
PAK,1980,28.066
PAN,1980,50.447
PER,1980,64.574
PHL,1980,37.456
PLW,1980,62.542
PNG,1980,13.047
POL,1980,58.086
PRI,1980,67.835
PRK,1980,56.9
PRT,1980,42.785
PRY,1980,41.688
PSE,1980,62.388
PYF,1980,59.003
QAT,1980,89.363
ROU,1980,46.07
RUS,1980,69.751
RWA,1980,4.721
SAU,1980,65.86
SDN,1980,19.959
SEN,1980,35.769
SGP,1980,100.0
SLB,1980,10.576
SLE,1980,29.819
SLV,1980,44.099
SOM,1980,26.763
SRB,1980,46.146
SSD,1980,8.519
STP,1980,33.482
SUR,1980,64.96
SVK,1980,51.638
SVN,1980,48.045
SWE,1980,83.087
SWZ,1980,16.478
SXM,1980,100.0
SYC,1980,49.366
SYR,1980,46.708
TCA,1980,55.259
TCD,1980,18.787
TGO,1980,24.663
THA,1980,26.791
TJK,1980,34.289
TKM,1980,47.078
TLS,1980,16.483
TON,1980,21.154
TTO,1980,52.284
TUN,1980,50.569
TUR,1980,43.78
TUV,1980,29.822
TZA,1980,14.555
UGA,1980,7.534
UKR,1980,61.693
URY,1980,85.394
USA,1980,73.738
UZB,1980,40.782
VCT,1980,35.87
VEN,1980,79.185
VGB,1980,22.741
VIR,1980,80.147
VNM,1980,19.247
VUT,1980,14.74
WSM,1980,21.173
YEM,1980,16.534
ZAF,1980,48.425
ZMB,1980,39.815
ZWE,1980,22.371
AFG,1981,16.562
AGO,1981,25.437
ALB,1981,34.024
ARE,1981,80.683
ARG,1981,83.313
ARM,1981,66.259
ASM,1981,75.043
ATG,1981,34.698
AUS,1981,85.7
AUT,1981,65.364
AZE,1981,52.897
BDI,1981,4.503
BEL,1981,95.535
BEN,1981,28.01
BFA,1981,9.428
BGD,1981,15.801
BGR,1981,62.603
BHR,1981,86.317
BHS,1981,73.843
BIH,1981,36.282
BLR,1981,57.584
BLZ,1981,49.183
BMU,1981,100.0
BOL,1981,46.459
BRA,1981,66.37
BRB,1981,39.828
BRN,1981,65.099
BTN,1981,10.646
BWA,1981,17.552
CAF,1981,34.202
CAN,1981,75.712
CHE,1981,74.466
CHL,1981,81.778
CHN,1981,20.118
CIV,1981,37.044
CMR,1981,32.761
COD,1981,27.327
COG,1981,48.781
COL,1981,64.408
COM,1981,23.649
CPV,1981,24.995
CRI,1981,43.45
CUB,1981,68.853
CYM,1981,100.0
CYP,1981,60.809
CZE,1981,75.481
DEU,1981,72.989
DJI,1981,73.028
DMA,1981,47.793
DNK,1981,83.915
DOM,1981,52.401
DZA,1981,44.42
ECU,1981,47.888
EGY,1981,43.874
ERI,1981,14.572
ESP,1981,73.279
EST,1981,69.924
ETH,1981,10.61
FIN,1981,72.528
FJI,1981,37.919
FRA,1981,73.352
FSM,1981,26.417
GAB,1981,57.0
GBR,1981,78.588
GEO,1981,52.836
GHA,1981,31.388
GIN,1981,24.503
GMB,1981,29.256
GNB,1981,18.883
GNQ,1981,27.965
GRC,1981,69.746
GRD,1981,32.978
GTM,1981,39.047
GUM,1981,93.491
GUY,1981,30.396
HKG,1981,91.794
HND,1981,35.435
HRV,1981,47.887
HTI,1981,20.568
HUN,1981,64.372
IDN,1981,22.815
IND,1981,23.417
IRL,1981,55.634
IRN,1981,50.434
IRQ,1981,66.183
ISL,1981,88.533
ISR,1981,88.94
ITA,1981,66.837
JAM,1981,47.286
JOR,1981,61.464
JPN,1981,76.273
KAZ,1981,54.582
KEN,1981,15.681
KGZ,1981,38.577
KHM,1981,12.742
KIR,1981,32.532
KNA,1981,35.754
KOR,1981,58.407
KWT,1981,95.67
LAO,1981,12.65
LBN,1981,74.899
LBR,1981,36.163
LBY,1981,71.451
LCA,1981,26.812
LIE,1981,18.187
LKA,1981,18.676
LSO,1981,11.51
LTU,1981,61.946
LUX,1981,80.444
LVA,1981,67.44
MAC,1981,98.655
MAF,1981,N/A
MAR,1981,41.92
MDA,1981,41.136
MDG,1981,18.988
MDV,1981,22.905
MEX,1981,66.87
MHL,1981,58.826
MKD,1981,54.007
MLI,1981,18.97
MLT,1981,89.794
MMR,1981,23.982
MNE,1981,37.892
MNG,1981,52.676
MNP,1981,87.117
MOZ,1981,14.051
MRT,1981,28.81
MUS,1981,42.134
MWI,1981,9.263
MYS,1981,42.807
NAM,1981,25.355
NCL,1981,57.812
NER,1981,13.656
NGA,1981,22.671
NIC,1981,50.57
NLD,1981,65.104
NOR,1981,70.787
NPL,1981,6.376
NZL,1981,83.511
OMN,1981,49.471
PAK,1981,28.38
PAN,1981,50.786
PER,1981,65.182
PHL,1981,38.394
PLW,1981,63.409
PNG,1981,13.242
POL,1981,58.459
PRI,1981,71.772
PRK,1981,57.049
PRT,1981,43.221
PRY,1981,42.235
PSE,1981,62.936
PYF,1981,58.948
QAT,1981,89.514
ROU,1981,46.781
RUS,1981,70.193
RWA,1981,4.786
SAU,1981,67.281
SDN,1981,20.166
SEN,1981,36.122
SGP,1981,100.0
SLB,1981,10.927
SLE,1981,30.248
SLV,1981,44.612
SOM,1981,27.021
SRB,1981,46.703
SSD,1981,8.508
STP,1981,33.857
SUR,1981,65.035
SVK,1981,52.31
SVN,1981,48.941
SWE,1981,83.1
SWZ,1981,16.824
SXM,1981,100.0
SYC,1981,49.352
SYR,1981,47.038
TCA,1981,57.358
TCD,1981,18.982
TGO,1981,25.02
THA,1981,27.049
TJK,1981,34.078
TKM,1981,46.858
TLS,1981,16.883
TON,1981,21.373
TTO,1981,52.468
TUN,1981,51.164
TUR,1981,45.189
TUV,1981,30.675
TZA,1981,14.976
UGA,1981,7.834
UKR,1981,62.3
URY,1981,85.769
USA,1981,73.89
UZB,1981,40.77
VCT,1981,36.409
VEN,1981,79.82
VGB,1981,24.039
VIR,1981,81.034
VNM,1981,19.309
VUT,1981,15.12
WSM,1981,21.193
YEM,1981,16.889
ZAF,1981,48.591
ZMB,1981,39.854
ZWE,1981,22.895
AFG,1982,17.147
AGO,1982,26.612
ALB,1982,34.287
ARE,1982,80.466
ARG,1982,83.759
ARM,1982,66.467
ASM,1982,75.743
ATG,1982,34.779
AUS,1982,85.67
AUT,1982,65.1
AZE,1982,53.018
BDI,1982,4.674
BEL,1982,95.637
BEN,1982,28.692
BFA,1982,10.091
BGD,1982,16.212
BGR,1982,63.104
BHR,1982,86.531
BHS,1982,74.571
BIH,1982,36.607
BLR,1982,58.664
BLZ,1982,48.992
BMU,1982,100.0
BOL,1982,47.472
BRA,1982,67.262
BRB,1982,39.554
BRN,1982,65.249
BTN,1982,11.184
BWA,1982,19.489
CAF,1982,34.532
CAN,1982,75.874
CHE,1982,74.406
CHL,1982,82.226
CHN,1982,20.902
CIV,1982,37.26
CMR,1982,33.613
COD,1982,27.583
COG,1982,49.707
COL,1982,65.073
COM,1982,24.095
CPV,1982,26.535
CRI,1982,43.803
CUB,1982,69.414
CYM,1982,100.0
CYP,1982,62.964
CZE,1982,75.452
DEU,1982,73.107
DJI,1982,73.942
DMA,1982,49.524
DNK,1982,84.025
DOM,1982,53.05
DZA,1982,45.303
ECU,1982,48.818
EGY,1982,43.89
ERI,1982,14.755
ESP,1982,73.515
EST,1982,70.136
ETH,1982,10.813
FIN,1982,73.373
FJI,1982,38.07
FRA,1982,73.425
FSM,1982,26.35
GAB,1982,58.372
GBR,1982,78.539
GEO,1982,53.176
GHA,1982,31.614
GIN,1982,25.414
GMB,1982,30.113
GNB,1982,20.013
GNQ,1982,28.058
GRC,1982,69.94
GRD,1982,33.028
GTM,1982,39.37
GUM,1982,93.219
GUY,1982,30.305
HKG,1982,92.09
HND,1982,36.004
HRV,1982,48.237
HTI,1982,20.595
HUN,1982,64.553
IDN,1982,23.606
IND,1982,23.647
IRL,1982,55.794
IRN,1982,51.175
IRQ,1982,66.839
ISL,1982,88.8
ISR,1982,89.287
ITA,1982,66.886
JAM,1982,47.813
JOR,1982,62.882
JPN,1982,76.383
KAZ,1982,55.022
KEN,1982,15.78
KGZ,1982,38.527
KHM,1982,13.031
KIR,1982,32.782
KNA,1982,35.626
KOR,1982,60.061
KWT,1982,96.414
LAO,1982,12.93
LBN,1982,76.089
LBR,1982,37.173
LBY,1982,72.773
LCA,1982,27.087
LIE,1982,18.043
LKA,1982,18.66
LSO,1982,11.57
LTU,1982,62.73
LUX,1982,80.501
LVA,1982,67.722
MAC,1982,98.889
MAF,1982,N/A
MAR,1982,42.634
MDA,1982,41.891
MDG,1982,19.461
MDV,1982,23.574
MEX,1982,67.396
MHL,1982,59.614
MKD,1982,54.43
MLI,1982,19.466
MLT,1982,89.803
MMR,1982,23.993
MNE,1982,38.984
MNG,1982,53.268
MNP,1982,87.444
MOZ,1982,15.035
MRT,1982,30.295
MUS,1982,41.917
MWI,1982,9.481
MYS,1982,43.574
NAM,1982,25.611
NCL,1982,58.197
NER,1982,13.871
NGA,1982,23.389
NIC,1982,50.849
NLD,1982,65.511
NOR,1982,70.918
NPL,1982,6.616
NZL,1982,83.552
OMN,1982,51.385
PAK,1982,28.619
PAN,1982,51.126
PER,1982,65.61
PHL,1982,39.343
PLW,1982,64.422
PNG,1982,13.428
POL,1982,58.831
PRI,1982,75.406
PRK,1982,57.198
PRT,1982,43.738
PRY,1982,42.785
PSE,1982,63.481
PYF,1982,58.892
QAT,1982,89.663
ROU,1982,47.495
RUS,1982,70.631
RWA,1982,4.853
SAU,1982,68.673
SDN,1982,20.376
SEN,1982,36.476
SGP,1982,100.0
SLB,1982,11.288
SLE,1982,30.68
SLV,1982,45.127
SOM,1982,27.28
SRB,1982,47.112
SSD,1982,8.497
STP,1982,34.826
SUR,1982,65.11
SVK,1982,52.777
SVN,1982,49.102
SWE,1982,83.1
SWZ,1982,17.176
SXM,1982,100.0
SYC,1982,49.337
SYR,1982,47.268
TCA,1982,59.435
TCD,1982,19.179
TGO,1982,25.391
THA,1982,27.308
TJK,1982,33.866
TKM,1982,46.637
TLS,1982,17.291
TON,1982,21.594
TTO,1982,52.653
TUN,1982,51.76
TUR,1982,46.997
TUV,1982,31.544
TZA,1982,15.409
UGA,1982,8.147
UKR,1982,62.904
URY,1982,86.138
USA,1982,74.042
UZB,1982,40.758
VCT,1982,36.953
VEN,1982,80.382
VGB,1982,25.389
VIR,1982,81.891
VNM,1982,19.372
VUT,1982,15.508
WSM,1982,21.2
YEM,1982,17.251
ZAF,1982,48.756
ZMB,1982,39.805
ZWE,1982,23.429
AFG,1983,17.747
AGO,1983,27.821
ALB,1983,34.552
ARE,1983,80.247
ARG,1983,84.194
ARM,1983,66.675
ASM,1983,76.429
ATG,1983,34.86
AUS,1983,85.641
AUT,1983,64.836
AZE,1983,53.139
BDI,1983,4.85
BEL,1983,95.737
BEN,1983,29.384
BFA,1983,10.796
BGD,1983,16.631
BGR,1983,63.603
BHR,1983,86.742
BHS,1983,75.285
BIH,1983,36.933
BLR,1983,59.736
BLZ,1983,48.801
BMU,1983,100.0
BOL,1983,48.486
BRA,1983,68.142
BRB,1983,39.28
BRN,1983,65.399
BTN,1983,11.745
BWA,1983,21.723
CAF,1983,34.864
CAN,1983,76.035
CHE,1983,74.346
CHL,1983,82.359
CHN,1983,21.545
CIV,1983,37.476
CMR,1983,34.476
COD,1983,27.84
COG,1983,50.633
COL,1983,65.733
COM,1983,24.548
CPV,1983,28.133
CRI,1983,44.156
CUB,1983,69.925
CYM,1983,100.0
CYP,1983,63.822
CZE,1983,75.423
DEU,1983,73.103
DJI,1983,74.504
DMA,1983,51.257
DNK,1983,84.134
DOM,1983,53.323
DZA,1983,46.189
ECU,1983,49.658
EGY,1983,43.906
ERI,1983,14.94
ESP,1983,73.749
EST,1983,70.347
ETH,1983,11.02
FIN,1983,74.202
FJI,1983,38.221
FRA,1983,73.5
FSM,1983,26.283
GAB,1983,59.73
GBR,1983,78.489
GEO,1983,53.516
GHA,1983,31.842
GIN,1983,26.072
GMB,1983,31.008
GNB,1983,21.194
GNQ,1983,28.151
GRC,1983,70.134
GRD,1983,33.078
GTM,1983,39.695
GUM,1983,92.937
GUY,1983,30.215
HKG,1983,92.376
HND,1983,36.577
HRV,1983,48.587
HTI,1983,21.36
HUN,1983,64.734
IDN,1983,24.415
IND,1983,23.879
IRL,1983,55.955
IRN,1983,51.916
IRQ,1983,67.488
ISL,1983,89.062
ISR,1983,89.608
ITA,1983,66.866
JAM,1983,48.016
JOR,1983,64.278
JPN,1983,76.493
KAZ,1983,55.461
KEN,1983,15.879
KGZ,1983,38.477
KHM,1983,13.325
KIR,1983,33.032
KNA,1983,35.498
KOR,1983,61.693
KWT,1983,97.034
LAO,1983,13.214
LBN,1983,77.24
LBR,1983,38.194
LBY,1983,74.055
LCA,1983,27.364
LIE,1983,17.901
LKA,1983,18.644
LSO,1983,11.63
LTU,1983,63.506
LUX,1983,80.557
LVA,1983,68.003
MAC,1983,99.084
MAF,1983,N/A
MAR,1983,43.347
MDA,1983,42.649
MDG,1983,19.943
MDV,1983,24.257
MEX,1983,67.919
MHL,1983,60.396
MKD,1983,54.853
MLI,1983,19.972
MLT,1983,89.811
MMR,1983,24.042
MNE,1983,40.088
MNG,1983,53.86
MNP,1983,87.763
MOZ,1983,16.074
MRT,1983,31.822
MUS,1983,41.701
MWI,1983,9.704
MYS,1983,44.345
NAM,1983,25.861
NCL,1983,58.532
NER,1983,14.09
NGA,1983,24.122
NIC,1983,51.127
NLD,1983,65.916
NOR,1983,71.049
NPL,1983,6.864
NZL,1983,83.592
OMN,1983,53.294
PAK,1983,28.859
PAN,1983,51.465
PER,1983,66.031
PHL,1983,40.3
PLW,1983,65.421
PNG,1983,13.616
POL,1983,59.202
PRI,1983,78.711
PRK,1983,57.346
PRT,1983,44.257
PRY,1983,43.512
PSE,1983,64.022
PYF,1983,58.836
QAT,1983,89.811
ROU,1983,48.21
RUS,1983,71.066
RWA,1983,4.92
SAU,1983,70.033
SDN,1983,20.901
SEN,1983,36.832
SGP,1983,100.0
SLB,1983,11.659
SLE,1983,31.115
SLV,1983,45.642
SOM,1983,27.541
SRB,1983,47.521
SSD,1983,8.708
STP,1983,35.887
SUR,1983,65.184
SVK,1983,53.244
SVN,1983,49.263
SWE,1983,83.1
SWZ,1983,17.533
SXM,1983,100.0
SYC,1983,49.322
SYR,1983,47.476
TCA,1983,61.478
TCD,1983,19.377
TGO,1983,25.778
THA,1983,27.569
TJK,1983,33.655
TKM,1983,46.417
TLS,1983,17.708
TON,1983,21.817
TTO,1983,52.837
TUN,1983,52.356
TUR,1983,48.812
TUV,1983,32.425
TZA,1983,15.851
UGA,1983,8.47
UKR,1983,63.504
URY,1983,86.498
USA,1983,74.194
UZB,1983,40.746
VCT,1983,37.5
VEN,1983,80.907
VGB,1983,26.788
VIR,1983,82.717
VNM,1983,19.435
VUT,1983,15.905
WSM,1983,21.2
YEM,1983,17.619
ZAF,1983,48.922
ZMB,1983,39.755
ZWE,1983,24.069
AFG,1984,18.365
AGO,1984,29.065
ALB,1984,34.817
ARE,1984,80.026
ARG,1984,84.621
ARM,1984,66.883
ASM,1984,77.103
ATG,1984,34.94
AUS,1984,85.611
AUT,1984,64.57
AZE,1984,53.299
BDI,1984,5.033
BEL,1984,95.835
BEN,1984,30.086
BFA,1984,11.544
BGD,1984,17.06
BGR,1984,64.099
BHR,1984,86.95
BHS,1984,75.987
BIH,1984,37.261
BLR,1984,60.8
BLZ,1984,48.61
BMU,1984,100.0
BOL,1984,49.504
BRA,1984,69.01
BRB,1984,39.007
BRN,1984,65.548
BTN,1984,12.332
BWA,1984,24.139
CAF,1984,35.198
CAN,1984,76.195
CHE,1984,74.286
CHL,1984,82.492
CHN,1984,22.203
CIV,1984,37.693
CMR,1984,35.35
COD,1984,28.1
COG,1984,51.56
COL,1984,66.387
COM,1984,25.006
CPV,1984,29.792
CRI,1984,44.542
CUB,1984,70.433
CYM,1984,100.0
CYP,1984,64.252
CZE,1984,75.394
DEU,1984,72.943
DJI,1984,74.715
DMA,1984,52.99
DNK,1984,84.243
DOM,1984,53.596
DZA,1984,47.079
ECU,1984,50.438
EGY,1984,43.922
ERI,1984,15.182
ESP,1984,73.982
EST,1984,70.558
ETH,1984,11.232
FIN,1984,75.015
FJI,1984,38.372
FRA,1984,73.575
FSM,1984,26.216
GAB,1984,61.076
GBR,1984,78.44
GEO,1984,53.855
GHA,1984,32.209
GIN,1984,26.346
GMB,1984,32.007
GNB,1984,22.426
GNQ,1984,29.028
GRC,1984,70.327
GRD,1984,33.128
GTM,1984,40.021
GUM,1984,92.643
GUY,1984,30.124
HKG,1984,92.653
HND,1984,37.155
HRV,1984,48.937
HTI,1984,22.297
HUN,1984,64.915
IDN,1984,25.244
IND,1984,24.113
IRL,1984,56.115
IRN,1984,52.657
IRQ,1984,68.132
ISL,1984,89.319
ISR,1984,89.719
ITA,1984,66.846
JAM,1984,48.22
JOR,1984,65.652
JPN,1984,76.603
KAZ,1984,55.9
KEN,1984,15.979
KGZ,1984,38.427
KHM,1984,13.626
KIR,1984,33.284
KNA,1984,35.37
KOR,1984,63.301
KWT,1984,97.551
LAO,1984,13.504
LBN,1984,78.353
LBR,1984,39.834
LBY,1984,75.3
LCA,1984,27.643
LIE,1984,17.759
LKA,1984,18.629
LSO,1984,11.691
LTU,1984,64.277
LUX,1984,80.613
LVA,1984,68.283
MAC,1984,99.244
MAF,1984,N/A
MAR,1984,44.063
MDA,1984,43.412
MDG,1984,20.434
MDV,1984,24.954
MEX,1984,68.437
MHL,1984,61.175
MKD,1984,55.276
MLI,1984,20.488
MLT,1984,89.82
MMR,1984,24.212
MNE,1984,41.204
MNG,1984,54.452
MNP,1984,88.076
MOZ,1984,17.172
MRT,1984,33.391
MUS,1984,42.012
MWI,1984,9.931
MYS,1984,45.119
NAM,1984,26.113
NCL,1984,58.683
NER,1984,14.312
NGA,1984,24.872
NIC,1984,51.406
NLD,1984,66.319
NOR,1984,71.18
NPL,1984,7.121
NZL,1984,83.633
OMN,1984,55.197
PAK,1984,29.101
PAN,1984,51.805
PER,1984,66.449
PHL,1984,41.266
PLW,1984,66.409
PNG,1984,13.806
POL,1984,59.573
PRI,1984,81.684
PRK,1984,57.495
PRT,1984,44.777
PRY,1984,44.247
PSE,1984,64.561
PYF,1984,58.743
QAT,1984,89.956
ROU,1984,48.926
RUS,1984,71.497
RWA,1984,4.988
SAU,1984,71.36
SDN,1984,21.903
SEN,1984,37.191
SGP,1984,100.0
SLB,1984,12.041
SLE,1984,31.555
SLV,1984,46.16
SOM,1984,27.804
SRB,1984,47.932
SSD,1984,9.261
STP,1984,36.963
SUR,1984,65.259
SVK,1984,53.711
SVN,1984,49.424
SWE,1984,83.1
SWZ,1984,17.897
SXM,1984,100.0
SYC,1984,49.307
SYR,1984,47.684
TCA,1984,63.484
TCD,1984,19.578
TGO,1984,26.169
THA,1984,27.832
TJK,1984,33.445
TKM,1984,46.196
TLS,1984,18.132
TON,1984,22.042
TTO,1984,53.021
TUN,1984,53.011
TUR,1984,50.634
TUV,1984,33.32
TZA,1984,16.305
UGA,1984,8.805
UKR,1984,64.1
URY,1984,86.85
USA,1984,74.344
UZB,1984,40.734
VCT,1984,38.05
VEN,1984,81.422
VGB,1984,28.237
VIR,1984,83.514
VNM,1984,19.498
VUT,1984,16.31
WSM,1984,21.2
YEM,1984,17.993
ZAF,1984,49.088
ZMB,1984,39.705
ZWE,1984,24.736
AFG,1985,18.997
AGO,1985,30.338
ALB,1985,35.083
ARE,1985,79.804
ARG,1985,85.038
ARM,1985,67.09
ASM,1985,77.762
ATG,1985,35.021
AUS,1985,85.582
AUT,1985,64.305
AZE,1985,53.498
BDI,1985,5.221
BEL,1985,95.93
BEN,1985,30.796
BFA,1985,12.334
BGD,1985,17.496
BGR,1985,64.59
BHR,1985,87.155
BHS,1985,76.674
BIH,1985,37.589
BLR,1985,61.833
BLZ,1985,48.419
BMU,1985,100.0
BOL,1985,50.519
BRA,1985,69.862
BRB,1985,38.736
BRN,1985,65.697
BTN,1985,12.941
BWA,1985,26.724
CAF,1985,35.532
CAN,1985,76.354
CHE,1985,74.227
CHL,1985,82.624
CHN,1985,22.874
CIV,1985,37.91
CMR,1985,36.232
COD,1985,28.513
COG,1985,52.221
COL,1985,67.034
COM,1985,25.469
CPV,1985,31.5
CRI,1985,45.445
CUB,1985,70.933
CYM,1985,100.0
CYP,1985,64.678
CZE,1985,75.365
DEU,1985,72.711
DJI,1985,74.925
DMA,1985,54.71
DNK,1985,84.351
DOM,1985,53.868
DZA,1985,47.968
ECU,1985,51.215
EGY,1985,43.938
ERI,1985,15.757
ESP,1985,74.213
EST,1985,70.767
ETH,1985,11.453
FIN,1985,75.808
FJI,1985,38.523
FRA,1985,73.65
FSM,1985,26.149
GAB,1985,62.402
GBR,1985,78.39
GEO,1985,54.194
GHA,1985,32.896
GIN,1985,26.621
GMB,1985,33.019
GNB,1985,23.704
GNQ,1985,29.94
GRC,1985,70.518
GRD,1985,33.177
GTM,1985,40.347
GUM,1985,92.339
GUY,1985,30.033
HKG,1985,92.92
HND,1985,37.735
HRV,1985,49.287
HTI,1985,23.261
HUN,1985,65.095
IDN,1985,26.089
IND,1985,24.348
IRL,1985,56.275
IRN,1985,53.395
IRQ,1985,68.767
ISL,1985,89.57
ISR,1985,89.828
ITA,1985,66.826
JAM,1985,48.424
JOR,1985,66.996
JPN,1985,76.712
KAZ,1985,56.01
KEN,1985,16.079
KGZ,1985,38.377
KHM,1985,13.931
KIR,1985,33.541
KNA,1985,35.243
KOR,1985,64.876
KWT,1985,97.903
LAO,1985,13.804
LBN,1985,79.422
LBR,1985,42.373
LBY,1985,75.45
LCA,1985,27.923
LIE,1985,17.619
LKA,1985,18.613
LSO,1985,11.752
LTU,1985,65.038
LUX,1985,80.669
LVA,1985,68.56
MAC,1985,99.377
MAF,1985,N/A
MAR,1985,44.779
MDA,1985,44.176
MDG,1985,20.933
MDV,1985,25.491
MEX,1985,68.95
MHL,1985,61.945
MKD,1985,55.696
MLI,1985,21.013
MLT,1985,89.828
MMR,1985,24.381
MNE,1985,42.325
MNG,1985,55.04
MNP,1985,88.381
MOZ,1985,18.326
MRT,1985,34.994
MUS,1985,42.325
MWI,1985,10.163
MYS,1985,45.893
NAM,1985,26.366
NCL,1985,58.834
NER,1985,14.536
NGA,1985,25.635
NIC,1985,51.684
NLD,1985,66.719
NOR,1985,71.31
NPL,1985,7.386
NZL,1985,83.673
OMN,1985,57.079
PAK,1985,29.344
PAN,1985,52.143
PER,1985,66.864
PHL,1985,42.235
PLW,1985,67.38
PNG,1985,13.998
POL,1985,59.942
PRI,1985,84.317
PRK,1985,57.644
PRT,1985,45.298
PRY,1985,44.983
PSE,1985,65.095
PYF,1985,58.635
QAT,1985,90.1
ROU,1985,49.641
RUS,1985,71.923
RWA,1985,5.057
SAU,1985,72.647
SDN,1985,22.937
SEN,1985,37.549
SGP,1985,100.0
SLB,1985,12.433
SLE,1985,31.997
SLV,1985,46.677
SOM,1985,28.067
SRB,1985,48.341
SSD,1985,9.844
STP,1985,38.049
SUR,1985,65.334
SVK,1985,54.176
SVN,1985,49.584
SWE,1985,83.1
SWZ,1985,18.266
SXM,1985,100.0
SYC,1985,49.292
SYR,1985,47.891
TCA,1985,65.439
TCD,1985,19.779
TGO,1985,26.562
THA,1985,28.095
TJK,1985,33.235
TKM,1985,45.976
TLS,1985,18.563
TON,1985,22.268
TTO,1985,53.205
TUN,1985,53.839
TUR,1985,52.448
TUV,1985,34.251
TZA,1985,16.767
UGA,1985,9.152
UKR,1985,64.681
URY,1985,87.194
USA,1985,74.494
UZB,1985,40.722
VCT,1985,38.602
VEN,1985,81.925
VGB,1985,29.728
VIR,1985,84.28
VNM,1985,19.561
VUT,1985,16.722
WSM,1985,21.2
YEM,1985,18.373
ZAF,1985,49.372
ZMB,1985,39.655
ZWE,1985,25.414
AFG,1986,19.647
AGO,1986,31.643
ALB,1986,35.35
ARE,1986,79.624
ARG,1986,85.445
ARM,1986,67.296
ASM,1986,78.408
ATG,1986,35.102
AUS,1986,85.552
AUT,1986,64.037
AZE,1986,53.697
BDI,1986,5.417
BEL,1986,96.023
BEN,1986,31.517
BFA,1986,12.832
BGD,1986,17.941
BGR,1986,64.999
BHR,1986,87.357
BHS,1986,77.347
BIH,1986,37.919
BLR,1986,62.857
BLZ,1986,48.228
BMU,1986,100.0
BOL,1986,51.535
BRA,1986,70.703
BRB,1986,38.464
BRN,1986,65.846
BTN,1986,13.577
BWA,1986,29.483
CAF,1986,35.868
CAN,1986,76.502
CHE,1986,74.167
CHL,1986,82.755
CHN,1986,23.559
CIV,1986,38.127
CMR,1986,37.124
COD,1986,28.93
COG,1986,52.642
COL,1986,67.566
COM,1986,25.938
CPV,1986,33.885
CRI,1986,46.353
CUB,1986,71.43
CYM,1986,100.0
CYP,1986,65.102
CZE,1986,75.336
DEU,1986,72.617
DJI,1986,75.134
DMA,1986,56.422
DNK,1986,84.458
DOM,1986,54.14
DZA,1986,48.86
ECU,1986,51.993
EGY,1986,43.954
ERI,1986,16.351
ESP,1986,74.444
EST,1986,70.975
ETH,1986,11.679
FIN,1986,76.567
FJI,1986,38.675
FRA,1986,73.725
FSM,1986,26.083
GAB,1986,63.711
GBR,1986,78.34
GEO,1986,54.532
GHA,1986,33.591
GIN,1986,26.898
GMB,1986,34.049
GNB,1986,25.034
GNQ,1986,30.871
GRC,1986,70.709
GRD,1986,33.227
GTM,1986,40.674
GUM,1986,92.023
GUY,1986,29.943
HKG,1986,94.248
HND,1986,38.319
HRV,1986,49.637
HTI,1986,24.255
HUN,1986,65.274
IDN,1986,26.953
IND,1986,24.585
IRL,1986,56.427
IRN,1986,54.133
IRQ,1986,69.396
ISL,1986,89.816
ISR,1986,89.936
ITA,1986,66.806
JAM,1986,48.628
JOR,1986,68.315
JPN,1986,76.835
KAZ,1986,56.121
KEN,1986,16.18
KGZ,1986,38.327
KHM,1986,14.242
KIR,1986,33.828
KNA,1986,35.116
KOR,1986,66.679
KWT,1986,97.917
LAO,1986,14.118
LBN,1986,80.454
LBR,1986,44.956
LBY,1986,75.505
LCA,1986,28.205
LIE,1986,17.479
LKA,1986,18.597
LSO,1986,11.905
LTU,1986,65.793
LUX,1986,80.725
LVA,1986,68.782
MAC,1986,99.486
MAF,1986,N/A
MAR,1986,45.498
MDA,1986,44.944
MDG,1986,21.442
MDV,1986,25.57
MEX,1986,69.459
MHL,1986,62.711
MKD,1986,56.117
MLI,1986,21.548
MLT,1986,89.907
MMR,1986,24.552
MNE,1986,43.456
MNG,1986,55.628
MNP,1986,88.679
MOZ,1986,19.541
MRT,1986,36.634
MUS,1986,42.639
MWI,1986,10.4
MYS,1986,46.671
NAM,1986,26.621
NCL,1986,58.985
NER,1986,14.763
NGA,1986,26.414
NIC,1986,51.963
NLD,1986,67.117
NOR,1986,71.44
NPL,1986,7.66
NZL,1986,83.78
OMN,1986,58.944
PAK,1986,29.588
PAN,1986,52.482
PER,1986,67.277
PHL,1986,43.212
PLW,1986,68.188
PNG,1986,14.193
POL,1986,60.31
PRI,1986,86.637
PRK,1986,57.792
PRT,1986,45.82
PRY,1986,45.722
PSE,1986,65.626
PYF,1986,58.527
QAT,1986,90.4
ROU,1986,50.357
RUS,1986,72.346
RWA,1986,5.127
SAU,1986,73.9
SDN,1986,24.005
SEN,1986,37.909
SGP,1986,100.0
SLB,1986,12.837
SLE,1986,32.325
SLV,1986,47.195
SOM,1986,28.333
SRB,1986,48.751
SSD,1986,10.461
STP,1986,39.149
SUR,1986,65.408
SVK,1986,54.641
SVN,1986,49.746
SWE,1986,83.1
SWZ,1986,18.641
SXM,1986,100.0
SYC,1986,49.277
SYR,1986,48.099
TCA,1986,67.345
TCD,1986,19.983
TGO,1986,26.96
THA,1986,28.361
TJK,1986,33.026
TKM,1986,45.757
TLS,1986,19.003
TON,1986,22.496
TTO,1986,53.389
TUN,1986,54.667
TUR,1986,53.93
TUV,1986,35.496
TZA,1986,17.241
UGA,1986,9.511
UKR,1986,65.258
URY,1986,87.558
USA,1986,74.644
UZB,1986,40.71
VCT,1986,39.158
VEN,1986,82.418
VGB,1986,31.266
VIR,1986,85.017
VNM,1986,19.625
VUT,1986,17.143
WSM,1986,21.2
YEM,1986,18.808
ZAF,1986,49.905
ZMB,1986,39.606
ZWE,1986,26.105
AFG,1987,20.314
AGO,1987,32.978
ALB,1987,35.619
ARE,1987,79.482
ARG,1987,85.843
ARM,1987,67.501
ASM,1987,79.04
ATG,1987,35.183
AUS,1987,85.522
AUT,1987,63.769
AZE,1987,53.895
BDI,1987,5.62
BEL,1987,96.115
BEN,1987,32.246
BFA,1987,13.072
BGD,1987,18.395
BGR,1987,65.346
BHR,1987,87.557
BHS,1987,78.007
BIH,1987,38.25
BLR,1987,63.87
BLZ,1987,48.037
BMU,1987,100.0
BOL,1987,52.549
BRA,1987,71.529
BRB,1987,38.194
BRN,1987,65.994
BTN,1987,14.24
BWA,1987,32.401
CAF,1987,36.206
CAN,1987,76.522
CHE,1987,74.107
CHL,1987,82.885
CHN,1987,24.259
CIV,1987,38.346
CMR,1987,37.941
COD,1987,29.35
COG,1987,53.064
COL,1987,68.051
COM,1987,26.413
CPV,1987,36.355
CRI,1987,47.264
CUB,1987,71.921
CYM,1987,100.0
CYP,1987,65.524
CZE,1987,75.307
DEU,1987,72.836
DJI,1987,75.341
DMA,1987,58.118
DNK,1987,84.565
DOM,1987,54.412
DZA,1987,49.722
ECU,1987,52.769
EGY,1987,43.877
ERI,1987,16.962
ESP,1987,74.673
EST,1987,71.183
ETH,1987,11.909
FIN,1987,77.291
FJI,1987,39.327
FRA,1987,73.8
FSM,1987,26.016
GAB,1987,65.0
GBR,1987,78.29
GEO,1987,54.87
GHA,1987,34.293
GIN,1987,27.178
GMB,1987,35.094
GNB,1987,26.413
GNQ,1987,31.817
GRC,1987,70.9
GRD,1987,33.277
GTM,1987,41.002
GUM,1987,91.695
GUY,1987,29.853
HKG,1987,96.86
HND,1987,38.907
HRV,1987,49.987
HTI,1987,25.277
HUN,1987,65.453
IDN,1987,27.835
IND,1987,24.823
IRL,1987,56.553
IRN,1987,54.717
IRQ,1987,70.017
ISL,1987,90.057
ISR,1987,90.044
ITA,1987,66.786
JAM,1987,48.832
JOR,1987,69.606
JPN,1987,76.962
KAZ,1987,56.231
KEN,1987,16.281
KGZ,1987,38.277
KHM,1987,14.559
KIR,1987,34.116
KNA,1987,34.989
KOR,1987,68.563
KWT,1987,97.932
LAO,1987,14.439
LBN,1987,81.446
LBR,1987,47.567
LBY,1987,75.56
LCA,1987,28.488
LIE,1987,17.34
LKA,1987,18.582
LSO,1987,12.394
LTU,1987,66.54
LUX,1987,80.78
LVA,1987,68.947
MAC,1987,99.576
MAF,1987,N/A
MAR,1987,46.219
MDA,1987,45.714
MDG,1987,21.959
MDV,1987,25.648
MEX,1987,69.963
MHL,1987,63.47
MKD,1987,56.536
MLI,1987,22.069
MLT,1987,90.028
MMR,1987,24.724
MNE,1987,44.594
MNG,1987,56.215
MNP,1987,88.971
MOZ,1987,20.815
MRT,1987,38.305
MUS,1987,42.953
MWI,1987,10.641
MYS,1987,47.45
NAM,1987,26.877
NCL,1987,59.135
NER,1987,14.993
NGA,1987,27.209
NIC,1987,52.241
NLD,1987,67.513
NOR,1987,71.57
NPL,1987,7.944
NZL,1987,84.025
OMN,1987,60.783
PAK,1987,29.833
PAN,1987,52.82
PER,1987,67.687
PHL,1987,44.195
PLW,1987,68.541
PNG,1987,14.39
POL,1987,60.676
PRI,1987,88.66
PRK,1987,57.94
PRT,1987,46.342
PRY,1987,46.463
PSE,1987,66.152
PYF,1987,58.419
QAT,1987,91.056
ROU,1987,51.073
RUS,1987,72.765
RWA,1987,5.198
SAU,1987,74.589
SDN,1987,25.107
SEN,1987,38.271
SGP,1987,100.0
SLB,1987,13.111
SLE,1987,32.555
SLV,1987,47.714
SOM,1987,28.627
SRB,1987,49.161
SSD,1987,11.111
STP,1987,40.26
SUR,1987,65.483
SVK,1987,55.105
SVN,1987,49.907
SWE,1987,83.1
SWZ,1987,19.022
SXM,1987,100.0
SYC,1987,49.262
SYR,1987,48.307
TCA,1987,69.197
TCD,1987,20.187
TGO,1987,27.362
THA,1987,28.628
TJK,1987,32.818
TKM,1987,45.537
TLS,1987,19.451
TON,1987,22.609
TTO,1987,53.573
TUN,1987,55.491
TUR,1987,55.261
TUV,1987,36.762
TZA,1987,17.725
UGA,1987,9.882
UKR,1987,65.83
URY,1987,87.926
USA,1987,74.793
UZB,1987,40.697
VCT,1987,39.717
VEN,1987,82.9
VGB,1987,32.846
VIR,1987,85.726
VNM,1987,19.688
VUT,1987,17.573
WSM,1987,21.2
YEM,1987,19.323
ZAF,1987,50.439
ZMB,1987,39.556
ZWE,1987,26.809
AFG,1988,20.998
AGO,1988,34.343
ALB,1988,35.888
ARE,1988,79.339
ARG,1988,86.233
ARM,1988,67.706
ASM,1988,79.659
ATG,1988,35.264
AUS,1988,85.493
AUT,1988,63.5
AZE,1988,54.094
BDI,1988,5.83
BEL,1988,96.204
BEN,1988,32.985
BFA,1988,13.316
BGD,1988,18.859
BGR,1988,65.692
BHR,1988,87.754
BHS,1988,78.654
BIH,1988,38.583
BLR,1988,64.872
BLZ,1988,47.846
BMU,1988,100.0
BOL,1988,53.563
BRA,1988,72.342
BRB,1988,37.923
BRN,1988,66.143
BTN,1988,14.929
BWA,1988,35.467
CAF,1988,36.545
CAN,1988,76.542
CHE,1988,74.046
CHL,1988,83.014
CHN,1988,24.974
CIV,1988,38.608
CMR,1988,38.511
COD,1988,29.775
COG,1988,53.485
COL,1988,68.532
COM,1988,26.893
CPV,1988,38.902
CRI,1988,48.177
CUB,1988,72.408
CYM,1988,100.0
CYP,1988,65.945
CZE,1988,75.278
DEU,1988,72.999
DJI,1988,75.548
DMA,1988,59.798
DNK,1988,84.671
DOM,1988,54.684
DZA,1988,50.511
ECU,1988,53.546
EGY,1988,43.744
ERI,1988,17.592
ESP,1988,74.9
EST,1988,71.39
ETH,1988,12.143
FIN,1988,78.0
FJI,1988,40.085
FRA,1988,73.875
FSM,1988,25.95
GAB,1988,66.412
GBR,1988,78.24
GEO,1988,55.208
GHA,1988,35.004
GIN,1988,27.459
GMB,1988,36.155
GNB,1988,27.841
GNQ,1988,32.78
GRC,1988,71.09
GRD,1988,33.327
GTM,1988,41.332
GUM,1988,91.354
GUY,1988,29.763
HKG,1988,98.309
HND,1988,39.481
HRV,1988,50.338
HTI,1988,26.329
HUN,1988,65.632
IDN,1988,28.736
IND,1988,25.063
IRL,1988,56.678
IRN,1988,55.257
IRQ,1988,70.072
ISL,1988,90.294
ISR,1988,90.15
ITA,1988,66.766
JAM,1988,49.036
JOR,1988,70.868
JPN,1988,77.088
KAZ,1988,56.341
KEN,1988,16.383
KGZ,1988,38.227
KHM,1988,14.883
KIR,1988,34.405
KNA,1988,34.862
KOR,1988,70.389
KWT,1988,97.946
LAO,1988,14.766
LBN,1988,82.4
LBR,1988,50.195
LBY,1988,75.614
LCA,1988,28.774
LIE,1988,17.201
LKA,1988,18.566
LSO,1988,12.901
LTU,1988,67.28
LUX,1988,80.836
LVA,1988,69.112
MAC,1988,99.651
MAF,1988,N/A
MAR,1988,46.943
MDA,1988,46.488
MDG,1988,22.487
MDV,1988,25.727
MEX,1988,70.462
MHL,1988,64.224
MKD,1988,56.955
MLI,1988,22.482
MLT,1988,90.147
MMR,1988,24.896
MNE,1988,45.739
MNG,1988,56.8
MNP,1988,89.257
MOZ,1988,22.152
MRT,1988,39.57
MUS,1988,43.269
MWI,1988,10.934
MYS,1988,48.232
NAM,1988,27.136
NCL,1988,59.286
NER,1988,15.209
NGA,1988,28.019
NIC,1988,52.519
NLD,1988,67.906
NOR,1988,71.699
NPL,1988,8.238
NZL,1988,84.268
OMN,1988,62.594
PAK,1988,30.08
PAN,1988,53.159
PER,1988,68.095
PHL,1988,45.183
PLW,1988,68.892
PNG,1988,14.589
POL,1988,61.043
PRI,1988,90.413
PRK,1988,58.088
PRT,1988,46.867
PRY,1988,47.207
PSE,1988,66.676
PYF,1988,58.31
QAT,1988,91.671
ROU,1988,51.79
RUS,1988,73.181
RWA,1988,5.27
SAU,1988,75.267
SDN,1988,26.244
SEN,1988,38.613
SGP,1988,100.0
SLB,1988,13.298
SLE,1988,32.787
SLV,1988,48.234
SOM,1988,28.969
SRB,1988,49.573
SSD,1988,11.797
STP,1988,41.382
SUR,1988,65.557
SVK,1988,55.568
SVN,1988,50.068
SWE,1988,83.1
SWZ,1988,19.41
SXM,1988,100.0
SYC,1988,49.247
SYR,1988,48.515
TCA,1988,70.99
TCD,1988,20.394
TGO,1988,27.768
THA,1988,28.897
TJK,1988,32.61
TKM,1988,45.317
TLS,1988,19.907
TON,1988,22.641
TTO,1988,53.757
TUN,1988,56.314
TUR,1988,56.587
TUV,1988,38.047
TZA,1988,18.221
UGA,1988,10.267
UKR,1988,66.399
URY,1988,88.285
USA,1988,74.942
UZB,1988,40.685
VCT,1988,40.28
VEN,1988,83.372
VGB,1988,34.468
VIR,1988,86.407
VNM,1988,19.752
VUT,1988,18.011
WSM,1988,21.2
YEM,1988,19.849
ZAF,1988,50.972
ZMB,1988,39.506
ZWE,1988,27.524
AFG,1989,21.088
AGO,1989,35.731
ALB,1989,36.158
ARE,1989,79.196
ARG,1989,86.613
ARM,1989,67.69
ASM,1989,80.263
ATG,1989,35.345
AUS,1989,85.463
AUT,1989,63.231
AZE,1989,54.057
BDI,1989,6.047
BEL,1989,96.292
BEN,1989,33.73
BFA,1989,13.563
BGD,1989,19.33
BGR,1989,66.035
BHR,1989,87.949
BHS,1989,79.284
BIH,1989,38.915
BLR,1989,65.585
BLZ,1989,47.655
BMU,1989,100.0
BOL,1989,54.571
BRA,1989,73.139
BRB,1989,37.654
BRN,1989,66.29
BTN,1989,15.645
BWA,1989,38.648
CAF,1989,36.744
CAN,1989,76.562
CHE,1989,73.986
CHL,1989,83.143
CHN,1989,25.701
CIV,1989,38.976
CMR,1989,39.082
COD,1989,30.202
COG,1989,53.905
COL,1989,69.008
COM,1989,27.378
CPV,1989,41.504
CRI,1989,49.089
CUB,1989,72.888
CYM,1989,100.0
CYP,1989,66.361
CZE,1989,75.249
DEU,1989,72.976
DJI,1989,75.753
DMA,1989,61.45
DNK,1989,84.777
DOM,1989,54.955
DZA,1989,51.298
ECU,1989,54.318
EGY,1989,43.611
ERI,1989,18.239
ESP,1989,75.126
EST,1989,71.415
ETH,1989,12.38
FIN,1989,78.691
FJI,1989,40.845
FRA,1989,73.95
FSM,1989,25.884
GAB,1989,67.792
GBR,1989,78.19
GEO,1989,55.277
GHA,1989,35.719
GIN,1989,27.741
GMB,1989,37.226
GNB,1989,29.312
GNQ,1989,33.755
GRC,1989,71.279
GRD,1989,33.377
GTM,1989,41.661
GUM,1989,91.002
GUY,1989,29.673
HKG,1989,99.094
HND,1989,39.969
HRV,1989,50.687
HTI,1989,27.405
HUN,1989,65.81
IDN,1989,29.651
IND,1989,25.305
IRL,1989,56.804
IRN,1989,55.794
IRQ,1989,69.889
ISL,1989,90.524
ISR,1989,90.255
ITA,1989,66.746
JAM,1989,49.24
JOR,1989,72.095
JPN,1989,77.213
KAZ,1989,56.357
KEN,1989,16.485
KGZ,1989,38.065
KHM,1989,15.211
KIR,1989,34.695
KNA,1989,34.735
KOR,1989,72.148
KWT,1989,97.96
LAO,1989,15.098
LBN,1989,82.763
LBR,1989,52.814
LBY,1989,75.669
LCA,1989,29.061
LIE,1989,17.064
LKA,1989,18.551
LSO,1989,13.425
LTU,1989,67.642
LUX,1989,80.891
LVA,1989,69.2
MAC,1989,99.712
MAF,1989,N/A
MAR,1989,47.666
MDA,1989,46.856
MDG,1989,23.021
MDV,1989,25.806
MEX,1989,70.956
MHL,1989,64.714
MKD,1989,57.373
MLI,1989,22.899
MLT,1989,90.265
MMR,1989,25.069
MNE,1989,46.886
MNG,1989,57.078
MNP,1989,89.535
MOZ,1989,23.545
MRT,1989,39.447
MUS,1989,43.584
MWI,1989,11.243
MYS,1989,49.012
NAM,1989,27.395
NCL,1989,59.434
NER,1989,15.289
NGA,1989,28.842
NIC,1989,52.797
NLD,1989,68.296
NOR,1989,71.828
NPL,1989,8.541
NZL,1989,84.506
OMN,1989,64.366
PAK,1989,30.327
PAN,1989,53.497
PER,1989,68.499
PHL,1989,46.172
PLW,1989,69.24
PNG,1989,14.791
POL,1989,61.225
PRI,1989,91.915
PRK,1989,58.236
PRT,1989,47.391
PRY,1989,47.949
PSE,1989,67.194
PYF,1989,58.094
QAT,1989,92.247
ROU,1989,52.504
RUS,1989,73.398
RWA,1989,5.342
SAU,1989,75.93
SDN,1989,27.41
SEN,1989,38.755
SGP,1989,100.0
SLB,1989,13.486
SLE,1989,33.019
SLV,1989,48.754
SOM,1989,29.312
SRB,1989,49.982
SSD,1989,12.517
STP,1989,42.511
SUR,1989,65.632
SVK,1989,56.03
SVN,1989,50.229
SWE,1989,83.1
SWZ,1989,19.803
SXM,1989,100.0
SYC,1989,49.25
SYR,1989,48.723
TCA,1989,72.716
TCD,1989,20.602
TGO,1989,28.176
THA,1989,29.167
TJK,1989,32.231
TKM,1989,45.16
TLS,1989,20.37
TON,1989,22.672
TTO,1989,53.941
TUN,1989,57.131
TUR,1989,57.899
TUV,1989,39.346
TZA,1989,18.565
UGA,1989,10.665
UKR,1989,66.718
URY,1989,88.633
USA,1989,75.089
UZB,1989,40.897
VCT,1989,40.843
VEN,1989,83.833
VGB,1989,36.123
VIR,1989,87.059
VNM,1989,19.891
VUT,1989,18.435
WSM,1989,21.2
YEM,1989,20.385
ZAF,1989,51.505
ZMB,1989,39.456
ZWE,1989,28.25
AFG,1990,21.177
AGO,1990,37.144
ALB,1990,36.428
ARE,1990,79.051
ARG,1990,86.984
ARM,1990,67.421
ASM,1990,80.948
ATG,1990,35.426
AUS,1990,85.433
AUT,1990,62.96
AZE,1990,53.749
BDI,1990,6.271
BEL,1990,96.377
BEN,1990,34.485
BFA,1990,13.815
BGD,1990,19.811
BGR,1990,66.377
BHR,1990,88.14
BHS,1990,79.838
BIH,1990,39.249
BLR,1990,65.981
BLZ,1990,47.465
BMU,1990,100.0
BOL,1990,55.577
BRA,1990,73.922
BRB,1990,37.37
BRN,1990,66.438
BTN,1990,16.388
BWA,1990,41.933
CAF,1990,36.825
CAN,1990,76.582
CHE,1990,73.926
CHL,1990,83.271
CHN,1990,26.442
CIV,1990,39.345
CMR,1990,39.657
COD,1990,30.633
COG,1990,54.324
COL,1990,69.481
COM,1990,27.869
CPV,1990,44.12
CRI,1990,50.003
CUB,1990,73.364
CYM,1990,100.0
CYP,1990,66.776
CZE,1990,75.22
DEU,1990,73.118
DJI,1990,75.957
DMA,1990,63.079
DNK,1990,84.843
DOM,1990,55.226
DZA,1990,52.085
ECU,1990,55.09
EGY,1990,43.478
ERI,1990,18.905
ESP,1990,75.351
EST,1990,71.231
ETH,1990,12.621
FIN,1990,79.367
FJI,1990,41.611
FRA,1990,74.056
FSM,1990,25.818
GAB,1990,69.143
GBR,1990,78.14
GEO,1990,55.038
GHA,1990,36.441
GIN,1990,28.026
GMB,1990,38.312
GNB,1990,30.83
GNQ,1990,34.745
GRC,1990,71.467
GRD,1990,33.427
GTM,1990,41.992
GUM,1990,90.796
GUY,1990,29.583
HKG,1990,99.517
HND,1990,40.46
HRV,1990,51.037
HTI,1990,28.51
HUN,1990,65.838
IDN,1990,30.584
IND,1990,25.547
IRL,1990,56.929
IRN,1990,56.33
IRQ,1990,69.706
ISL,1990,90.75
ISR,1990,90.359
ITA,1990,66.726
JAM,1990,49.444
JOR,1990,73.291
JPN,1990,77.339
KAZ,1990,56.266
KEN,1990,16.748
KGZ,1990,37.777
KHM,1990,15.546
KIR,1990,34.987
KNA,1990,34.609
KOR,1990,73.844
KWT,1990,97.974
LAO,1990,15.437
LBN,1990,83.12
LBR,1990,55.422
LBY,1990,75.723
LCA,1990,29.349
LIE,1990,16.928
LKA,1990,18.535
LSO,1990,13.967
LTU,1990,67.583
LUX,1990,80.947
LVA,1990,69.25
MAC,1990,99.763
MAF,1990,N/A
MAR,1990,48.391
MDA,1990,46.762
MDG,1990,23.566
MDV,1990,25.84
MEX,1990,71.419
MHL,1990,65.054
MKD,1990,57.789
MLI,1990,23.322
MLT,1990,90.381
MMR,1990,25.243
MNE,1990,48.037
MNG,1990,57.033
MNP,1990,89.731
MOZ,1990,25.0
MRT,1990,39.323
MUS,1990,43.9
MWI,1990,11.56
MYS,1990,49.794
NAM,1990,27.656
NCL,1990,59.577
NER,1990,15.368
NGA,1990,29.68
NIC,1990,53.075
NLD,1990,68.684
NOR,1990,71.956
NPL,1990,8.854
NZL,1990,84.742
OMN,1990,66.102
PAK,1990,30.576
PAN,1990,53.903
PER,1990,68.901
PHL,1990,46.986
PLW,1990,69.593
PNG,1990,14.994
POL,1990,61.27
PRI,1990,92.942
PRK,1990,58.384
PRT,1990,47.915
PRY,1990,48.694
PSE,1990,67.709
PYF,1990,57.852
QAT,1990,92.786
ROU,1990,53.217
RUS,1990,73.394
RWA,1990,5.416
SAU,1990,76.583
SDN,1990,28.61
SEN,1990,38.896
SGP,1990,100.0
SLB,1990,13.677
SLE,1990,33.252
SLV,1990,49.274
SOM,1990,29.658
SRB,1990,50.393
SSD,1990,13.276
STP,1990,43.648
SUR,1990,65.706
SVK,1990,56.491
SVN,1990,50.39
SWE,1990,83.1
SWZ,1990,20.202
SXM,1990,100.0
SYC,1990,49.27
SYR,1990,48.931
TCA,1990,74.343
TCD,1990,20.811
TGO,1990,28.589
THA,1990,29.424
TJK,1990,31.658
TKM,1990,45.075
TLS,1990,20.842
TON,1990,22.704
TTO,1990,54.124
TUN,1990,57.946
TUR,1990,59.203
TUV,1990,40.661
TZA,1990,18.884
UGA,1990,11.076
UKR,1990,66.757
URY,1990,88.973
USA,1990,75.3
UZB,1990,41.365
VCT,1990,41.409
VEN,1990,84.284
VGB,1990,37.814
VIR,1990,87.685
VNM,1990,20.257
VUT,1990,18.715
WSM,1990,21.2
YEM,1990,20.931
ZAF,1990,52.037
ZMB,1990,39.407
ZWE,1990,28.988
AFG,1991,21.266
AGO,1991,38.58
ALB,1991,36.7
ARE,1991,78.906
ARG,1991,87.328
ARM,1991,67.15
ASM,1991,81.886
ATG,1991,35.465
AUS,1991,85.403
AUT,1991,62.689
AZE,1991,53.441
BDI,1991,6.455
BEL,1991,96.461
BEN,1991,35.247
BFA,1991,14.07
BGD,1991,20.257
BGR,1991,66.717
BHR,1991,88.329
BHS,1991,80.067
BIH,1991,39.578
BLR,1991,66.374
BLZ,1991,47.271
BMU,1991,100.0
BOL,1991,56.579
BRA,1991,74.69
BRB,1991,37.006
BRN,1991,66.585
BTN,1991,17.161
BWA,1991,45.292
CAF,1991,36.906
CAN,1991,76.62
CHE,1991,73.869
CHL,1991,83.398
CHN,1991,27.312
CIV,1991,39.716
CMR,1991,40.235
COD,1991,31.067
COG,1991,54.743
COL,1991,69.949
COM,1991,28.366
CPV,1991,45.044
CRI,1991,50.917
CUB,1991,73.676
CYM,1991,100.0
CYP,1991,67.188
CZE,1991,75.158
DEU,1991,73.269
DJI,1991,76.114
DMA,1991,64.482
DNK,1991,84.871
DOM,1991,55.497
DZA,1991,52.871
ECU,1991,55.709
EGY,1991,43.345
ERI,1991,19.59
ESP,1991,75.528
EST,1991,71.046
ETH,1991,12.867
FIN,1991,79.843
FJI,1991,42.381
FRA,1991,74.229
FSM,1991,25.752
GAB,1991,70.462
GBR,1991,78.112
GEO,1991,54.799
GHA,1991,37.17
GIN,1991,28.312
GMB,1991,39.41
GNB,1991,32.39
GNQ,1991,35.748
GRC,1991,71.635
GRD,1991,33.503
GTM,1991,42.323
GUM,1991,91.061
GUY,1991,29.493
HKG,1991,99.832
HND,1991,40.953
HRV,1991,51.357
HTI,1991,29.641
HUN,1991,65.713
IDN,1991,31.613
IND,1991,25.778
IRL,1991,57.073
IRN,1991,56.865
IRQ,1991,69.522
ISL,1991,90.932
ISR,1991,90.463
ITA,1991,66.706
JAM,1991,49.656
JOR,1991,74.455
JPN,1991,77.473
KAZ,1991,56.175
KEN,1991,17.043
KGZ,1991,37.49
KHM,1991,15.887
KIR,1991,35.272
KNA,1991,34.474
KOR,1991,74.972
KWT,1991,97.988
LAO,1991,15.782
LBN,1991,83.472
LBR,1991,58.0
LBY,1991,75.777
LCA,1991,29.572
LIE,1991,16.821
LKA,1991,18.52
LSO,1991,14.527
LTU,1991,67.523
LUX,1991,81.13
LVA,1991,69.201
MAC,1991,99.805
MAF,1991,N/A
MAR,1991,49.117
MDA,1991,46.669
MDG,1991,24.119
MDV,1991,25.776
MEX,1991,71.816
MHL,1991,65.392
MKD,1991,58.234
MLI,1991,23.751
MLT,1991,90.497
MMR,1991,25.418
MNE,1991,49.165
MNG,1991,56.987
MNP,1991,89.697
MOZ,1991,25.487
MRT,1991,39.199
MUS,1991,43.777
MWI,1991,11.885
MYS,1991,50.576
NAM,1991,27.919
NCL,1991,59.719
NER,1991,15.449
NGA,1991,30.176
NIC,1991,53.352
NLD,1991,69.329
NOR,1991,72.265
NPL,1991,9.18
NZL,1991,84.95
OMN,1991,67.796
PAK,1991,30.826
PAN,1991,54.757
PER,1991,69.3
PHL,1991,46.901
PLW,1991,69.966
PNG,1991,14.816
POL,1991,61.315
PRI,1991,93.106
PRK,1991,58.531
PRT,1991,48.469
PRY,1991,49.439
PSE,1991,68.219
PYF,1991,57.61
QAT,1991,93.291
ROU,1991,53.93
RUS,1991,73.389
RWA,1991,5.491
SAU,1991,77.223
SDN,1991,29.84
SEN,1991,39.038
SGP,1991,100.0
SLB,1991,13.87
SLE,1991,33.485
SLV,1991,49.794
SOM,1991,30.007
SRB,1991,50.756
SSD,1991,14.074
STP,1991,44.793
SUR,1991,65.78
SVK,1991,56.78
SVN,1991,50.517
SWE,1991,83.204
SWZ,1991,20.607
SXM,1991,100.0
SYC,1991,49.307
SYR,1991,49.139
TCA,1991,75.537
TCD,1991,21.023
TGO,1991,29.005
THA,1991,29.593
TJK,1991,31.09
TKM,1991,44.99
TLS,1991,21.215
TON,1991,22.736
TTO,1991,54.308
TUN,1991,58.756
TUR,1991,59.976
TUV,1991,41.991
TZA,1991,19.208
UGA,1991,11.454
UKR,1991,66.796
URY,1991,89.304
USA,1991,75.701
UZB,1991,41.836
VCT,1991,41.949
VEN,1991,84.664
VGB,1991,39.334
VIR,1991,88.285
VNM,1991,20.629
VUT,1991,18.998
WSM,1991,21.2
YEM,1991,21.489
ZAF,1991,52.554
ZMB,1991,38.989
ZWE,1991,29.738
AFG,1992,21.355
AGO,1992,40.039
ALB,1992,37.249
ARE,1992,78.76
ARG,1992,87.542
ARM,1992,66.878
ASM,1992,82.789
ATG,1992,35.085
AUS,1992,85.285
AUT,1992,62.417
AZE,1992,53.132
BDI,1992,6.637
BEL,1992,96.542
BEN,1992,35.827
BFA,1992,14.33
BGD,1992,20.61
BGR,1992,67.056
BHR,1992,88.398
BHS,1992,80.293
BIH,1992,39.887
BLR,1992,66.766
BLZ,1992,47.059
BMU,1992,100.0
BOL,1992,57.541
BRA,1992,75.444
BRB,1992,36.643
BRN,1992,67.078
BTN,1992,17.962
BWA,1992,46.443
CAF,1992,36.987
CAN,1992,76.887
CHE,1992,73.815
CHL,1992,83.564
CHN,1992,28.2
CIV,1992,40.088
CMR,1992,40.817
COD,1992,31.506
COG,1992,55.162
COL,1992,70.415
COM,1992,28.435
CPV,1992,45.973
CRI,1992,51.832
CUB,1992,73.827
CYM,1992,100.0
CYP,1992,67.598
CZE,1992,75.03
DEU,1992,73.36
DJI,1992,76.161
DMA,1992,64.569
DNK,1992,84.898
DOM,1992,55.767
DZA,1992,53.657
ECU,1992,56.226
EGY,1992,43.212
ERI,1992,20.294
ESP,1992,75.61
EST,1992,70.86
ETH,1992,13.116
FIN,1992,80.128
FJI,1992,43.156
FRA,1992,74.401
FSM,1992,25.686
GAB,1992,71.749
GBR,1992,78.172
GEO,1992,54.559
GHA,1992,37.905
GIN,1992,28.601
GMB,1992,40.52
GNB,1992,33.271
GNQ,1992,36.766
GRC,1992,71.757
GRD,1992,33.744
GTM,1992,42.655
GUM,1992,91.32
GUY,1992,29.404
HKG,1992,99.979
HND,1992,41.448
HRV,1992,51.588
HTI,1992,30.8
HUN,1992,65.587
IDN,1992,32.703
IND,1992,25.984
IRL,1992,57.293
IRN,1992,57.653
IRQ,1992,69.337
ISL,1992,91.112
ISR,1992,90.565
ITA,1992,66.742
JAM,1992,49.896
JOR,1992,75.586
JPN,1992,77.61
KAZ,1992,56.083
KEN,1992,17.342
KGZ,1992,37.203
KHM,1992,16.234
KIR,1992,35.555
KNA,1992,34.283
KOR,1992,75.82
KWT,1992,98.002
LAO,1992,16.133
LBN,1992,83.818
LBR,1992,55.019
LBY,1992,75.832
LCA,1992,29.369
LIE,1992,16.736
LKA,1992,18.504
LSO,1992,15.106
LTU,1992,67.464
LUX,1992,81.528
LVA,1992,68.852
MAC,1992,99.839
MAF,1992,N/A
MAR,1992,49.844
MDA,1992,46.575
MDG,1992,24.681
MDV,1992,25.713
MEX,1992,72.209
MHL,1992,65.728
MKD,1992,58.764
MLI,1992,24.186
MLT,1992,90.611
MMR,1992,25.593
MNE,1992,50.218
MNG,1992,56.942
MNP,1992,89.662
MOZ,1992,25.98
MRT,1992,39.075
MUS,1992,43.653
MWI,1992,12.218
MYS,1992,51.814
NAM,1992,28.336
NCL,1992,59.862
NER,1992,15.529
NGA,1992,30.677
NIC,1992,53.63
NLD,1992,70.223
NOR,1992,72.665
NPL,1992,9.582
NZL,1992,85.103
OMN,1992,69.447
PAK,1992,31.077
PAN,1992,55.609
PER,1992,69.697
PHL,1992,46.815
PLW,1992,70.337
PNG,1992,14.629
POL,1992,61.359
PRI,1992,93.267
PRK,1992,58.679
PRT,1992,49.13
PRY,1992,50.186
PSE,1992,68.726
PYF,1992,57.367
QAT,1992,93.763
ROU,1992,54.227
RUS,1992,73.385
RWA,1992,6.288
SAU,1992,77.851
SDN,1992,31.103
SEN,1992,39.18
SGP,1992,100.0
SLB,1992,14.065
SLE,1992,33.72
SLV,1992,50.315
SOM,1992,30.359
SRB,1992,50.981
SSD,1992,14.912
STP,1992,45.764
SUR,1992,65.854
SVK,1992,56.719
SVN,1992,50.543
SWE,1992,83.361
SWZ,1992,21.018
SXM,1992,100.0
SYC,1992,49.362
SYR,1992,49.347
TCA,1992,76.694
TCD,1992,21.235
TGO,1992,29.425
THA,1992,29.763
TJK,1992,30.527
TKM,1992,44.904
TLS,1992,21.54
TON,1992,22.768
TTO,1992,54.491
TUN,1992,59.562
TUR,1992,60.518
TUV,1992,42.751
TZA,1992,19.536
UGA,1992,11.79
UKR,1992,66.835
URY,1992,89.627
USA,1992,76.097
UZB,1992,42.308
VCT,1992,42.306
VEN,1992,85.012
VGB,1992,39.603
VIR,1992,88.86
VNM,1992,21.006
VUT,1992,19.285
WSM,1992,21.258
YEM,1992,22.058
ZAF,1992,53.038
ZMB,1992,38.514
ZWE,1992,30.499
AFG,1993,21.444
AGO,1993,41.511
ALB,1993,37.799
ARE,1993,78.614
ARG,1993,87.752
ARM,1993,66.606
ASM,1993,83.654
ATG,1993,34.709
AUS,1993,85.157
AUT,1993,62.144
AZE,1993,52.824
BDI,1993,6.823
BEL,1993,96.622
BEN,1993,36.136
BFA,1993,14.593
BGD,1993,20.966
BGR,1993,67.33
BHR,1993,88.395
BHS,1993,80.518
BIH,1993,40.196
BLR,1993,67.155
BLZ,1993,46.848
BMU,1993,100.0
BOL,1993,58.079
BRA,1993,76.181
BRB,1993,36.283
BRN,1993,67.604
BTN,1993,18.791
BWA,1993,47.286
CAF,1993,37.068
CAN,1993,77.152
CHE,1993,73.762
CHL,1993,83.896
CHN,1993,29.103
CIV,1993,40.461
CMR,1993,41.399
COD,1993,31.946
COG,1993,55.58
COL,1993,70.874
COM,1993,28.39
CPV,1993,46.902
CRI,1993,52.743
CUB,1993,73.977
CYM,1993,100.0
CYP,1993,67.792
CZE,1993,74.901
DEU,1993,73.497
DJI,1993,76.207
DMA,1993,64.656
DNK,1993,84.925
DOM,1993,56.037
DZA,1993,54.439
ECU,1993,56.74
EGY,1993,43.079
ERI,1993,21.015
ESP,1993,75.692
EST,1993,70.674
ETH,1993,13.37
FIN,1993,80.409
FJI,1993,43.933
FRA,1993,74.572
FSM,1993,25.62
GAB,1993,72.999
GBR,1993,78.232
GEO,1993,54.32
GHA,1993,38.644
GIN,1993,28.89
GMB,1993,41.586
GNB,1993,33.635
GNQ,1993,37.792
GRC,1993,71.878
GRD,1993,33.985
GTM,1993,42.987
GUM,1993,91.571
GUY,1993,29.315
HKG,1993,100.0
HND,1993,41.943
HRV,1993,51.818
HTI,1993,31.39
HUN,1993,65.461
IDN,1993,33.808
IND,1993,26.191
IRL,1993,57.512
IRN,1993,58.519
IRQ,1993,69.152
ISL,1993,91.287
ISR,1993,90.666
ITA,1993,66.802
JAM,1993,50.136
JOR,1993,76.68
JPN,1993,77.746
KAZ,1993,55.992
KEN,1993,17.645
KGZ,1993,36.918
KHM,1993,16.587
KIR,1993,35.839
KNA,1993,34.093
KOR,1993,76.645
KWT,1993,98.016
LAO,1993,16.49
LBN,1993,84.157
LBR,1993,52.009
LBY,1993,75.886
LCA,1993,29.167
LIE,1993,16.651
LKA,1993,18.489
LSO,1993,15.703
LTU,1993,67.404
LUX,1993,81.857
LVA,1993,68.799
MAC,1993,99.867
MAF,1993,N/A
MAR,1993,50.569
MDA,1993,46.481
MDG,1993,25.251
MDV,1993,25.649
MEX,1993,72.598
MHL,1993,66.063
MKD,1993,59.291
MLI,1993,24.624
MLT,1993,90.723
MMR,1993,25.769
MNE,1993,51.267
MNG,1993,56.896
MNP,1993,89.627
MOZ,1993,26.479
MRT,1993,38.952
MUS,1993,43.53
MWI,1993,12.558
MYS,1993,53.109
NAM,1993,28.823
NCL,1993,60.004
NER,1993,15.61
NGA,1993,31.182
NIC,1993,53.907
NLD,1993,71.1
NOR,1993,73.061
NPL,1993,9.999
NZL,1993,85.254
OMN,1993,71.044
PAK,1993,31.329
PAN,1993,56.456
PER,1993,70.089
PHL,1993,46.73
PLW,1993,70.704
PNG,1993,14.445
POL,1993,61.404
PRI,1993,93.424
PRK,1993,58.826
PRT,1993,49.789
PRY,1993,50.844
PSE,1993,69.227
PYF,1993,57.124
QAT,1993,94.203
ROU,1993,54.074
RUS,1993,73.381
RWA,1993,7.313
SAU,1993,78.186
SDN,1993,32.127
SEN,1993,39.321
SGP,1993,100.0
SLB,1993,14.262
SLE,1993,33.955
SLV,1993,51.417
SOM,1993,30.711
SRB,1993,51.204
SSD,1993,15.626
STP,1993,46.717
SUR,1993,65.928
SVK,1993,56.659
SVN,1993,50.569
SWE,1993,83.516
SWZ,1993,21.434
SXM,1993,100.0
SYC,1993,49.435
SYR,1993,49.555
TCA,1993,77.81
TCD,1993,21.408
TGO,1993,29.848
THA,1993,29.934
TJK,1993,29.972
TKM,1993,44.819
TLS,1993,21.867
TON,1993,22.8
TTO,1993,54.674
TUN,1993,60.362
TUR,1993,61.055
TUV,1993,43.156
TZA,1993,19.867
UGA,1993,12.133
UKR,1993,66.874
URY,1993,89.94
USA,1993,76.488
UZB,1993,42.78
VCT,1993,42.663
VEN,1993,85.352
VGB,1993,39.872
VIR,1993,89.409
VNM,1993,21.387
VUT,1993,19.574
WSM,1993,21.347
YEM,1993,22.636
ZAF,1993,53.521
ZMB,1993,38.042
ZWE,1993,30.94
AFG,1994,21.534
AGO,1994,43.0
ALB,1994,38.354
ARE,1994,78.467
ARG,1994,87.96
ARM,1994,66.332
ASM,1994,84.485
ATG,1994,34.334
AUS,1994,85.028
AUT,1994,61.87
AZE,1994,52.515
BDI,1994,7.014
BEL,1994,96.7
BEN,1994,36.447
BFA,1994,14.86
BGD,1994,21.328
BGR,1994,67.557
BHR,1994,88.392
BHS,1994,80.74
BIH,1994,40.506
BLR,1994,67.541
BLZ,1994,46.637
BMU,1994,100.0
BOL,1994,58.615
BRA,1994,76.903
BRB,1994,35.924
BRN,1994,68.126
BTN,1994,19.649
BWA,1994,48.133
CAF,1994,37.149
CAN,1994,77.414
CHE,1994,73.708
CHL,1994,84.223
CHN,1994,30.024
CIV,1994,40.835
CMR,1994,41.985
COD,1994,32.39
COG,1994,55.996
COL,1994,71.328
COM,1994,28.346
CPV,1994,47.834
CRI,1994,53.653
CUB,1994,74.127
CYM,1994,100.0
CYP,1994,67.915
CZE,1994,74.772
DEU,1994,73.71
DJI,1994,76.254
DMA,1994,64.744
DNK,1994,84.952
DOM,1994,56.752
DZA,1994,55.219
ECU,1994,57.254
EGY,1994,42.946
ERI,1994,21.755
ESP,1994,75.774
EST,1994,70.487
ETH,1994,13.627
FIN,1994,80.688
FJI,1994,44.713
FRA,1994,74.743
FSM,1994,25.554
GAB,1994,73.921
GBR,1994,78.293
GEO,1994,54.08
GHA,1994,39.39
GIN,1994,29.182
GMB,1994,42.472
GNB,1994,34.002
GNQ,1994,38.831
GRC,1994,71.998
GRD,1994,34.227
GTM,1994,43.32
GUM,1994,91.816
GUY,1994,29.226
HKG,1994,100.0
HND,1994,42.441
HRV,1994,52.048
HTI,1994,31.987
HUN,1994,65.335
IDN,1994,34.933
IND,1994,26.399
IRL,1994,57.731
IRN,1994,59.38
IRQ,1994,68.966
ISL,1994,91.46
ISR,1994,90.767
ITA,1994,66.862
JAM,1994,50.375
JOR,1994,77.74
JPN,1994,77.881
KAZ,1994,55.9
KEN,1994,17.952
KGZ,1994,36.633
KHM,1994,16.946
KIR,1994,36.123
KNA,1994,33.904
KOR,1994,77.452
KWT,1994,98.029
LAO,1994,16.854
LBN,1994,84.491
LBR,1994,48.981
LBY,1994,75.94
LCA,1994,28.965
LIE,1994,16.566
LKA,1994,18.473
LSO,1994,16.319
LTU,1994,67.345
LUX,1994,82.482
LVA,1994,68.901
MAC,1994,99.891
MAF,1994,N/A
MAR,1994,51.295
MDA,1994,46.387
MDG,1994,25.536
MDV,1994,25.586
MEX,1994,72.985
MHL,1994,66.396
MKD,1994,59.794
MLI,1994,25.069
MLT,1994,90.835
MMR,1994,25.946
MNE,1994,52.317
MNG,1994,56.851
MNP,1994,89.592
MOZ,1994,26.984
MRT,1994,38.829
MUS,1994,43.407
MWI,1994,12.907
MYS,1994,54.402
NAM,1994,29.316
NCL,1994,60.146
NER,1994,15.691
NGA,1994,31.691
NIC,1994,54.183
NLD,1994,71.962
NOR,1994,73.453
NPL,1994,10.433
NZL,1994,85.404
OMN,1994,71.688
PAK,1994,31.582
PAN,1994,57.301
PER,1994,70.521
PHL,1994,46.645
PLW,1994,71.069
PNG,1994,14.262
POL,1994,61.449
PRI,1994,93.578
PRK,1994,58.939
PRT,1994,50.449
PRY,1994,51.488
PSE,1994,69.724
PYF,1994,56.881
QAT,1994,94.614
ROU,1994,53.922
RUS,1994,73.376
RWA,1994,8.49
SAU,1994,78.429
SDN,1994,32.179
SEN,1994,39.464
SGP,1994,100.0
SLB,1994,14.462
SLE,1994,34.192
SLV,1994,52.704
SOM,1994,31.067
SRB,1994,51.428
SSD,1994,15.749
STP,1994,47.673
SUR,1994,66.002
SVK,1994,56.598
SVN,1994,50.596
SWE,1994,83.671
SWZ,1994,21.857
SXM,1994,100.0
SYC,1994,49.525
SYR,1994,49.764
TCA,1994,78.888
TCD,1994,21.44
TGO,1994,30.275
THA,1994,30.105
TJK,1994,29.421
TKM,1994,44.734
TLS,1994,22.199
TON,1994,22.832
TTO,1994,54.857
TUN,1994,61.078
TUR,1994,61.59
TUV,1994,43.563
TZA,1994,20.203
UGA,1994,12.485
UKR,1994,66.912
URY,1994,90.245
USA,1994,76.875
UZB,1994,43.255
VCT,1994,43.021
VEN,1994,85.686
VGB,1994,40.142
VIR,1994,89.934
VNM,1994,21.774
VUT,1994,19.868
WSM,1994,21.436
YEM,1994,23.225
ZAF,1994,54.004
ZMB,1994,37.572
ZWE,1994,31.335
AFG,1995,21.624
AGO,1995,44.169
ALB,1995,38.911
ARE,1995,78.319
ARG,1995,88.164
ARM,1995,66.057
ASM,1995,85.28
ATG,1995,33.961
AUS,1995,84.898
AUT,1995,61.596
AZE,1995,52.206
BDI,1995,7.211
BEL,1995,96.777
BEN,1995,36.758
BFA,1995,15.131
BGD,1995,21.693
BGR,1995,67.782
BHR,1995,88.388
BHS,1995,80.961
BIH,1995,40.817
BLR,1995,67.926
BLZ,1995,46.425
BMU,1995,100.0
BOL,1995,59.15
BRA,1995,77.61
BRB,1995,35.566
BRN,1995,68.644
BTN,1995,20.537
BWA,1995,48.981
CAF,1995,37.231
CAN,1995,77.675
CHE,1995,73.654
CHL,1995,84.545
CHN,1995,30.961
CIV,1995,41.21
CMR,1995,42.573
COD,1995,32.838
COG,1995,56.413
COL,1995,71.777
COM,1995,28.301
CPV,1995,48.768
CRI,1995,54.561
CUB,1995,74.277
CYM,1995,100.0
CYP,1995,68.038
CZE,1995,74.643
DEU,1995,73.922
DJI,1995,76.3
DMA,1995,64.831
DNK,1995,84.979
DOM,1995,57.598
DZA,1995,55.997
ECU,1995,57.766
EGY,1995,42.814
ERI,1995,22.514
ESP,1995,75.856
EST,1995,70.3
ETH,1995,13.827
FIN,1995,80.963
FJI,1995,45.496
FRA,1995,74.912
FSM,1995,25.068
GAB,1995,74.797
GBR,1995,78.353
GEO,1995,53.841
GHA,1995,40.14
GIN,1995,29.475
GMB,1995,43.362
GNB,1995,34.371
GNQ,1995,40.494
GRC,1995,72.119
GRD,1995,34.47
GTM,1995,43.654
GUM,1995,92.055
GUY,1995,29.137
HKG,1995,100.0
HND,1995,42.941
HRV,1995,52.279
HTI,1995,32.59
HUN,1995,65.209
IDN,1995,36.076
IND,1995,26.607
IRL,1995,57.949
IRN,1995,60.236
IRQ,1995,68.78
ISL,1995,91.63
ISR,1995,90.866
ITA,1995,66.922
JAM,1995,50.615
JOR,1995,78.207
JPN,1995,78.016
KAZ,1995,55.921
KEN,1995,18.263
KGZ,1995,36.349
KHM,1995,17.311
KIR,1995,36.409
KNA,1995,33.715
KOR,1995,78.239
KWT,1995,98.096
LAO,1995,17.378
LBN,1995,84.82
LBR,1995,45.96
LBY,1995,75.994
LCA,1995,28.765
LIE,1995,16.482
LKA,1995,18.458
LSO,1995,16.955
LTU,1995,67.285
LUX,1995,82.893
LVA,1995,68.75
MAC,1995,99.91
MAF,1995,N/A
MAR,1995,51.692
MDA,1995,46.294
MDG,1995,25.796
MDV,1995,25.638
MEX,1995,73.368
MHL,1995,66.727
MKD,1995,59.587
MLI,1995,25.519
MLT,1995,90.946
MMR,1995,26.124
MNE,1995,53.365
MNG,1995,56.805
MNP,1995,89.557
MOZ,1995,27.495
MRT,1995,38.705
MUS,1995,43.284
MWI,1995,13.263
MYS,1995,55.688
NAM,1995,29.813
NCL,1995,60.288
NER,1995,15.773
NGA,1995,32.205
NIC,1995,54.437
NLD,1995,72.809
NOR,1995,73.787
NPL,1995,10.883
NZL,1995,85.553
OMN,1995,71.669
PAK,1995,31.836
PAN,1995,58.141
PER,1995,70.951
PHL,1995,46.56
PLW,1995,71.431
PNG,1995,14.081
POL,1995,61.493
PRI,1995,93.729
PRK,1995,59.018
PRT,1995,51.109
PRY,1995,52.131
PSE,1995,70.216
PYF,1995,56.637
QAT,1995,94.998
ROU,1995,53.769
RUS,1995,73.372
RWA,1995,9.837
SAU,1995,78.67
SDN,1995,32.232
SEN,1995,39.606
SGP,1995,100.0
SLB,1995,14.664
SLE,1995,34.429
SLV,1995,53.988
SOM,1995,31.425
SRB,1995,51.651
SSD,1995,15.873
STP,1995,48.631
SUR,1995,66.076
SVK,1995,56.537
SVN,1995,50.622
SWE,1995,83.824
SWZ,1995,22.286
SXM,1995,100.0
SYC,1995,49.633
SYR,1995,50.104
TCA,1995,79.928
TCD,1995,21.473
TGO,1995,30.705
THA,1995,30.276
TJK,1995,28.877
TKM,1995,44.794
TLS,1995,22.534
TON,1995,22.864
TTO,1995,55.04
TUN,1995,61.474
TUR,1995,62.123
TUV,1995,43.97
TZA,1995,20.543
UGA,1995,12.846
UKR,1995,66.951
URY,1995,90.542
USA,1995,77.257
UZB,1995,43.731
VCT,1995,43.38
VEN,1995,86.014
VGB,1995,40.413
VIR,1995,90.437
VNM,1995,22.166
VUT,1995,20.164
WSM,1995,21.526
YEM,1995,23.76
ZAF,1995,54.486
ZMB,1995,37.104
ZWE,1995,31.732
AFG,1996,21.714
AGO,1996,45.346
ALB,1996,39.473
ARE,1996,78.493
ARG,1996,88.366
ARM,1996,65.781
ASM,1996,86.043
ATG,1996,33.59
AUS,1996,84.767
AUT,1996,61.32
AZE,1996,51.896
BDI,1996,7.412
BEL,1996,96.851
BEN,1996,37.071
BFA,1996,15.407
BGD,1996,22.064
BGR,1996,68.007
BHR,1996,88.385
BHS,1996,81.18
BIH,1996,41.13
BLR,1996,68.308
BLZ,1996,46.214
BMU,1996,100.0
BOL,1996,59.682
BRA,1996,78.302
BRB,1996,35.21
BRN,1996,69.158
BTN,1996,21.456
BWA,1996,49.83
CAF,1996,37.312
CAN,1996,77.951
CHE,1996,73.6
CHL,1996,84.861
CHN,1996,31.916
CIV,1996,41.587
CMR,1996,43.164
COD,1996,33.289
COG,1996,56.832
COL,1996,72.223
COM,1996,28.257
CPV,1996,49.704
CRI,1996,55.467
CUB,1996,74.426
CYM,1996,100.0
CYP,1996,68.161
CZE,1996,74.513
DEU,1996,74.133
DJI,1996,76.347
DMA,1996,64.918
DNK,1996,85.006
DOM,1996,58.441
DZA,1996,56.774
ECU,1996,58.277
EGY,1996,42.681
ERI,1996,23.293
ESP,1996,75.938
EST,1996,70.111
ETH,1996,14.006
FIN,1996,81.223
FJI,1996,46.282
FRA,1996,75.082
FSM,1996,24.473
GAB,1996,75.654
GBR,1996,78.413
GEO,1996,53.6
GHA,1996,40.896
GIN,1996,29.77
GMB,1996,44.258
GNB,1996,34.742
GNQ,1996,42.187
GRC,1996,72.239
GRD,1996,34.714
GTM,1996,43.989
GUM,1996,92.287
GUY,1996,29.048
HKG,1996,100.0
HND,1996,43.442
HRV,1996,52.509
HTI,1996,33.2
HUN,1996,65.083
IDN,1996,37.235
IND,1996,26.817
IRL,1996,58.173
IRN,1996,61.087
IRQ,1996,68.593
ISL,1996,91.797
ISR,1996,90.943
ITA,1996,66.982
JAM,1996,50.855
JOR,1996,78.22
JPN,1996,78.145
KAZ,1996,55.943
KEN,1996,18.579
KGZ,1996,36.066
KHM,1996,17.683
KIR,1996,37.386
KNA,1996,33.526
KOR,1996,78.662
KWT,1996,98.325
LAO,1996,18.234
LBN,1996,85.142
LBR,1996,42.964
LBY,1996,76.048
LCA,1996,28.565
LIE,1996,16.29
LKA,1996,18.442
LSO,1996,17.571
LTU,1996,67.225
LUX,1996,82.825
LVA,1996,68.65
MAC,1996,99.98
MAF,1996,N/A
MAR,1996,52.022
MDA,1996,46.2
MDG,1996,26.058
MDV,1996,26.008
MEX,1996,73.67
MHL,1996,67.058
MKD,1996,59.38
MLI,1996,25.975
MLT,1996,91.181
MMR,1996,26.303
MNE,1996,54.412
MNG,1996,56.76
MNP,1996,89.655
MOZ,1996,28.013
MRT,1996,38.582
MUS,1996,43.161
MWI,1996,13.629
MYS,1996,56.969
NAM,1996,30.316
NCL,1996,60.475
NER,1996,15.855
NGA,1996,32.725
NIC,1996,54.587
NLD,1996,73.64
NOR,1996,74.062
NPL,1996,11.35
NZL,1996,85.7
OMN,1996,71.649
PAK,1996,32.092
PAN,1996,58.978
PER,1996,71.377
PHL,1996,46.475
PLW,1996,71.306
PNG,1996,13.901
POL,1996,61.538
PRI,1996,93.876
PRK,1996,59.097
PRT,1996,51.77
PRY,1996,52.774
PSE,1996,70.705
PYF,1996,56.393
QAT,1996,95.356
ROU,1996,53.616
RUS,1996,73.367
RWA,1996,11.374
SAU,1996,78.91
SDN,1996,32.284
SEN,1996,39.749
SGP,1996,100.0
SLB,1996,14.869
SLE,1996,34.667
SLV,1996,55.268
SOM,1996,31.785
SRB,1996,51.875
SSD,1996,15.997
STP,1996,49.592
SUR,1996,66.15
SVK,1996,56.476
SVN,1996,50.649
SWE,1996,83.914
SWZ,1996,22.722
SXM,1996,100.0
SYC,1996,49.758
SYR,1996,50.473
TCA,1996,80.93
TCD,1996,21.506
TGO,1996,31.139
THA,1996,30.449
TJK,1996,28.338
TKM,1996,45.018
TLS,1996,22.873
TON,1996,22.897
TTO,1996,55.224
TUN,1996,61.87
TUR,1996,62.653
TUV,1996,44.379
TZA,1996,20.888
UGA,1996,13.216
UKR,1996,66.99
URY,1996,90.835
USA,1996,77.636
UZB,1996,44.208
VCT,1996,43.741
VEN,1996,86.336
VGB,1996,40.684
VIR,1996,90.917
VNM,1996,22.563
VUT,1996,20.464
WSM,1996,21.616
YEM,1996,24.249
ZAF,1996,54.967
ZMB,1996,36.638
ZWE,1996,32.132
AFG,1997,21.805
AGO,1997,46.525
ALB,1997,40.035
ARE,1997,78.938
ARG,1997,88.564
ARM,1997,65.504
ASM,1997,86.771
ATG,1997,33.221
AUS,1997,84.636
AUT,1997,61.045
AZE,1997,51.588
BDI,1997,7.618
BEL,1997,96.924
BEN,1997,37.385
BFA,1997,15.875
BGD,1997,22.438
BGR,1997,68.231
BHR,1997,88.382
BHS,1997,81.396
BIH,1997,41.442
BLR,1997,68.687
BLZ,1997,46.003
BMU,1997,100.0
BOL,1997,60.212
BRA,1997,79.048
BRB,1997,34.856
BRN,1997,69.666
BTN,1997,22.401
BWA,1997,50.677
CAF,1997,37.394
CAN,1997,78.34
CHE,1997,73.546
CHL,1997,85.172
CHN,1997,32.883
CIV,1997,41.964
CMR,1997,43.755
COD,1997,33.742
COG,1997,57.299
COL,1997,72.662
COM,1997,28.213
CPV,1997,50.637
CRI,1997,56.367
CUB,1997,74.618
CYM,1997,100.0
CYP,1997,68.283
CZE,1997,74.382
DEU,1997,74.342
DJI,1997,76.393
DMA,1997,65.005
DNK,1997,85.033
DOM,1997,59.276
DZA,1997,57.544
ECU,1997,58.785
EGY,1997,42.658
ERI,1997,24.088
ESP,1997,76.019
EST,1997,69.923
ETH,1997,14.186
FIN,1997,81.466
FJI,1997,46.732
FRA,1997,75.25
FSM,1997,23.889
GAB,1997,76.49
GBR,1997,78.472
GEO,1997,53.36
GHA,1997,41.654
GIN,1997,30.052
GMB,1997,45.155
GNB,1997,35.114
GNQ,1997,43.893
GRC,1997,72.358
GRD,1997,34.959
GTM,1997,44.323
GUM,1997,92.513
GUY,1997,28.959
HKG,1997,100.0
HND,1997,43.944
HRV,1997,52.739
HTI,1997,33.792
HUN,1997,64.956
IDN,1997,38.406
IND,1997,27.028
IRL,1997,58.419
IRN,1997,61.853
IRQ,1997,68.405
ISL,1997,91.96
ISR,1997,91.009
ITA,1997,67.042
JAM,1997,51.095
JOR,1997,78.232
JPN,1997,78.272
KAZ,1997,55.964
KEN,1997,18.898
KGZ,1997,35.785
KHM,1997,18.06
KIR,1997,38.752
KNA,1997,33.339
KOR,1997,78.905
KWT,1997,98.527
LAO,1997,19.12
LBN,1997,85.459
LBR,1997,43.304
LBY,1997,76.114
LCA,1997,28.366
LIE,1997,15.994
LKA,1997,18.427
LSO,1997,18.049
LTU,1997,67.166
LUX,1997,82.779
LVA,1997,68.6
MAC,1997,100.0
MAF,1997,N/A
MAR,1997,52.35
MDA,1997,45.797
MDG,1997,26.321
MDV,1997,26.379
MEX,1997,73.929
MHL,1997,67.385
MKD,1997,59.172
MLI,1997,26.434
MLT,1997,91.492
MMR,1997,26.482
MNE,1997,55.451
MNG,1997,56.714
MNP,1997,89.784
MOZ,1997,28.535
MRT,1997,38.459
MUS,1997,43.038
MWI,1997,14.002
MYS,1997,58.237
NAM,1997,30.823
NCL,1997,60.838
NER,1997,15.937
NGA,1997,33.247
NIC,1997,54.737
NLD,1997,74.453
NOR,1997,74.476
NPL,1997,11.834
NZL,1997,85.781
OMN,1997,71.629
PAK,1997,32.348
PAN,1997,59.807
PER,1997,71.798
PHL,1997,46.39
PLW,1997,71.066
PNG,1997,13.724
POL,1997,61.583
PRI,1997,94.02
PRK,1997,59.176
PRT,1997,52.428
PRY,1997,53.414
PSE,1997,71.187
PYF,1997,56.285
QAT,1997,95.659
ROU,1997,53.463
RUS,1997,73.363
RWA,1997,12.466
SAU,1997,79.147
SDN,1997,32.337
SEN,1997,39.891
SGP,1997,100.0
SLB,1997,15.076
SLE,1997,34.905
SLV,1997,56.537
SOM,1997,32.147
SRB,1997,52.098
SSD,1997,16.123
STP,1997,50.55
SUR,1997,66.223
SVK,1997,56.416
SVN,1997,50.675
SWE,1997,83.942
SWZ,1997,23.081
SXM,1997,100.0
SYC,1997,49.901
SYR,1997,50.841
TCA,1997,81.89
TCD,1997,21.538
TGO,1997,31.576
THA,1997,30.622
TJK,1997,27.806
TKM,1997,45.241
TLS,1997,23.215
TON,1997,22.927
TTO,1997,55.406
TUN,1997,62.262
TUR,1997,63.179
TUV,1997,44.787
TZA,1997,21.237
UGA,1997,13.594
UKR,1997,67.029
URY,1997,91.147
USA,1997,78.008
UZB,1997,44.685
VCT,1997,44.1
VEN,1997,86.65
VGB,1997,40.955
VIR,1997,91.374
VNM,1997,22.965
VUT,1997,20.766
WSM,1997,21.705
YEM,1997,24.743
ZAF,1997,55.449
ZMB,1997,36.176
ZWE,1997,32.534
AFG,1998,21.895
AGO,1998,47.71
ALB,1998,40.601
ARE,1998,79.378
ARG,1998,88.759
ARM,1998,65.226
ASM,1998,87.467
ATG,1998,32.855
AUS,1998,84.503
AUT,1998,60.768
AZE,1998,51.278
BDI,1998,7.83
BEL,1998,96.996
BEN,1998,37.699
BFA,1998,16.51
BGD,1998,22.818
BGR,1998,68.454
BHR,1998,88.379
BHS,1998,81.611
BIH,1998,41.755
BLR,1998,69.064
BLZ,1998,45.793
BMU,1998,100.0
BOL,1998,60.739
BRA,1998,79.781
BRB,1998,34.503
BRN,1998,70.17
BTN,1998,23.377
BWA,1998,51.525
CAF,1998,37.475
CAN,1998,78.724
CHE,1998,73.492
CHL,1998,85.477
CHN,1998,33.867
CIV,1998,42.342
CMR,1998,44.348
COD,1998,34.199
COG,1998,57.766
COL,1998,73.098
COM,1998,28.168
CPV,1998,51.572
CRI,1998,57.264
CUB,1998,74.855
CYM,1998,100.0
CYP,1998,68.405
CZE,1998,74.251
DEU,1998,74.551
DJI,1998,76.439
DMA,1998,65.092
DNK,1998,85.06
DOM,1998,60.107
DZA,1998,58.313
ECU,1998,59.291
EGY,1998,42.704
ERI,1998,24.903
ESP,1998,76.1
EST,1998,69.733
ETH,1998,14.369
FIN,1998,81.707
FJI,1998,47.123
FRA,1998,75.417
FSM,1998,23.314
GAB,1998,77.306
GBR,1998,78.532
GEO,1998,53.12
GHA,1998,42.418
GIN,1998,30.323
GMB,1998,46.057
GNB,1998,35.488
GNQ,1998,45.616
GRC,1998,72.478
GRD,1998,35.204
GTM,1998,44.659
GUM,1998,92.733
GUY,1998,28.871
HKG,1998,100.0
HND,1998,44.447
HRV,1998,52.968
HTI,1998,34.389
HUN,1998,64.829
IDN,1998,39.593
IND,1998,27.24
IRL,1998,58.664
IRN,1998,62.588
IRQ,1998,68.388
ISL,1998,92.121
ISR,1998,91.074
ITA,1998,67.102
JAM,1998,51.335
JOR,1998,78.245
JPN,1998,78.398
KAZ,1998,55.986
KEN,1998,19.222
KGZ,1998,35.504
KHM,1998,18.355
KIR,1998,40.138
KNA,1998,33.151
KOR,1998,79.145
KWT,1998,98.705
LAO,1998,20.039
LBN,1998,85.77
LBR,1998,43.646
LBY,1998,76.193
LCA,1998,28.168
LIE,1998,15.702
LKA,1998,18.411
LSO,1998,18.538
LTU,1998,67.106
LUX,1998,82.893
LVA,1998,68.451
MAC,1998,100.0
MAF,1998,N/A
MAR,1998,52.678
MDA,1998,45.394
MDG,1998,26.586
MDV,1998,26.755
MEX,1998,74.186
MHL,1998,67.712
MKD,1998,58.965
MLI,1998,26.948
MLT,1998,91.793
MMR,1998,26.663
MNE,1998,56.488
MNG,1998,56.669
MNP,1998,89.912
MOZ,1998,28.742
MRT,1998,38.337
MUS,1998,42.916
MWI,1998,14.384
MYS,1998,59.496
NAM,1998,31.335
NCL,1998,61.199
NER,1998,16.02
NGA,1998,33.773
NIC,1998,54.886
NLD,1998,75.25
NOR,1998,75.027
NPL,1998,12.336
NZL,1998,85.861
OMN,1998,71.609
PAK,1998,32.585
PAN,1998,60.632
PER,1998,72.216
PHL,1998,46.305
PLW,1998,70.825
PNG,1998,13.549
POL,1998,61.627
PRI,1998,94.161
PRK,1998,59.255
PRT,1998,53.086
PRY,1998,54.054
PSE,1998,71.524
PYF,1998,56.205
QAT,1998,95.888
ROU,1998,53.311
RUS,1998,73.359
RWA,1998,13.244
SAU,1998,79.383
SDN,1998,32.39
SEN,1998,40.034
SGP,1998,100.0
SLB,1998,15.285
SLE,1998,35.144
SLV,1998,57.8
SOM,1998,32.511
SRB,1998,52.322
SSD,1998,16.249
STP,1998,51.509
SUR,1998,66.297
SVK,1998,56.355
SVN,1998,50.701
SWE,1998,83.97
SWZ,1998,22.949
SXM,1998,100.0
SYC,1998,50.061
SYR,1998,51.21
TCA,1998,82.814
TCD,1998,21.571
TGO,1998,32.016
THA,1998,30.795
TJK,1998,27.28
TKM,1998,45.465
TLS,1998,23.561
TON,1998,22.955
TTO,1998,55.589
TUN,1998,62.653
TUR,1998,63.703
TUV,1998,45.197
TZA,1998,21.59
UGA,1998,13.982
UKR,1998,67.067
URY,1998,91.45
USA,1998,78.377
UZB,1998,45.164
VCT,1998,44.461
VEN,1998,86.959
VGB,1998,41.228
VIR,1998,91.811
VNM,1998,23.371
VUT,1998,21.073
WSM,1998,21.796
YEM,1998,25.244
ZAF,1998,55.93
ZMB,1998,35.716
ZWE,1998,32.939
AFG,1999,21.986
AGO,1999,48.897
ALB,1999,41.169
ARE,1999,79.81
ARG,1999,88.952
ARM,1999,64.947
ASM,1999,88.131
ATG,1999,32.49
AUS,1999,84.37
AUT,1999,60.491
AZE,1999,51.185
BDI,1999,8.036
BEL,1999,97.065
BEN,1999,38.015
BFA,1999,17.166
BGD,1999,23.202
BGR,1999,68.677
BHR,1999,88.376
BHS,1999,81.824
BIH,1999,42.069
BLR,1999,69.482
BLZ,1999,45.582
BMU,1999,100.0
BOL,1999,61.264
BRA,1999,80.496
BRB,1999,34.152
BRN,1999,70.669
BTN,1999,24.383
BWA,1999,52.372
CAF,1999,37.557
CAN,1999,79.103
CHE,1999,73.438
CHL,1999,85.778
CHN,1999,34.865
CIV,1999,42.741
CMR,1999,44.944
COD,1999,34.659
COG,1999,58.231
COL,1999,73.53
COM,1999,28.124
CPV,1999,52.505
CRI,1999,58.157
CUB,1999,75.089
CYM,1999,100.0
CYP,1999,68.527
CZE,1999,74.12
DEU,1999,74.758
DJI,1999,76.485
DMA,1999,65.179
DNK,1999,85.086
DOM,1999,60.933
DZA,1999,59.118
ECU,1999,59.796
EGY,1999,42.75
ERI,1999,25.735
ESP,1999,76.181
EST,1999,69.543
ETH,1999,14.553
FIN,1999,81.946
FJI,1999,47.515
FRA,1999,75.614
FSM,1999,22.749
GAB,1999,78.102
GBR,1999,78.591
GEO,1999,52.879
GHA,1999,43.184
GIN,1999,30.595
GMB,1999,46.961
GNB,1999,35.865
GNQ,1999,47.35
GRC,1999,72.597
GRD,1999,35.45
GTM,1999,44.995
GUM,1999,92.946
GUY,1999,28.782
HKG,1999,100.0
HND,1999,44.952
HRV,1999,53.198
HTI,1999,34.992
HUN,1999,64.702
IDN,1999,40.792
IND,1999,27.453
IRL,1999,58.91
IRN,1999,63.318
IRQ,1999,68.442
ISL,1999,92.267
ISR,1999,91.139
ITA,1999,67.162
JAM,1999,51.574
JOR,1999,78.258
JPN,1999,78.523
KAZ,1999,56.025
KEN,1999,19.55
KGZ,1999,35.3
KHM,1999,18.47
KIR,1999,41.54
KNA,1999,32.965
KOR,1999,79.384
KWT,1999,98.862
LAO,1999,20.991
LBN,1999,85.885
LBR,1999,43.988
LBY,1999,76.284
LCA,1999,27.971
LIE,1999,15.414
LKA,1999,18.396
LSO,1999,19.038
LTU,1999,67.046
LUX,1999,83.448
LVA,1999,68.22
MAC,1999,100.0
MAF,1999,N/A
MAR,1999,53.007
MDA,1999,44.992
MDG,1999,26.853
MDV,1999,27.134
MEX,1999,74.441
MHL,1999,68.053
MKD,1999,58.757
MLI,1999,27.646
MLT,1999,92.085
MMR,1999,26.843
MNE,1999,57.518
MNG,1999,56.623
MNP,1999,90.038
MOZ,1999,28.92
MRT,1999,38.214
MUS,1999,42.793
MWI,1999,14.522
MYS,1999,60.742
NAM,1999,31.851
NCL,1999,61.559
NER,1999,16.103
NGA,1999,34.304
NIC,1999,55.036
NLD,1999,76.03
NOR,1999,75.569
NPL,1999,12.857
NZL,1999,85.941
OMN,1999,71.589
PAK,1999,32.783
PAN,1999,61.451
PER,1999,72.631
PHL,1999,46.22
PLW,1999,70.582
PNG,1999,13.375
POL,1999,61.672
PRI,1999,94.298
PRK,1999,59.334
PRT,1999,53.743
PRY,1999,54.693
PSE,1999,71.747
PYF,1999,56.126
QAT,1999,96.105
ROU,1999,53.158
RUS,1999,73.354
RWA,1999,14.064
SAU,1999,79.616
SDN,1999,32.442
SEN,1999,40.177
SGP,1999,100.0
SLB,1999,15.496
SLE,1999,35.384
SLV,1999,58.357
SOM,1999,32.878
SRB,1999,52.545
SSD,1999,16.376
STP,1999,52.467
SUR,1999,66.371
SVK,1999,56.294
SVN,1999,50.728
SWE,1999,83.998
SWZ,1999,22.817
SXM,1999,100.0
SYC,1999,50.238
SYR,1999,51.578
TCA,1999,83.7
TCD,1999,21.604
TGO,1999,32.46
THA,1999,30.969
TJK,1999,26.76
TKM,1999,45.689
TLS,1999,23.91
TON,1999,22.984
TTO,1999,55.771
TUN,1999,63.043
TUR,1999,64.223
TUV,1999,45.607
TZA,1999,21.947
UGA,1999,14.379
UKR,1999,67.106
URY,1999,91.743
USA,1999,78.742
UZB,1999,45.644
VCT,1999,44.823
VEN,1999,87.262
VGB,1999,41.5
VIR,1999,92.228
VNM,1999,23.817
VUT,1999,21.382
WSM,1999,21.886
YEM,1999,25.752
ZAF,1999,56.411
ZMB,1999,35.258
ZWE,1999,33.347
AFG,2000,22.078
AGO,2000,50.087
ALB,2000,41.741
ARE,2000,80.236
ARG,2000,89.142
ARM,2000,64.666
ASM,2000,88.587
ATG,2000,32.127
AUS,2000,84.235
AUT,2000,60.213
AZE,2000,51.386
BDI,2000,8.246
BEL,2000,97.129
BEN,2000,38.333
BFA,2000,17.844
BGD,2000,23.59
BGR,2000,68.899
BHR,2000,88.372
BHS,2000,82.007
BIH,2000,42.384
BLR,2000,69.973
BLZ,2000,45.398
BMU,2000,100.0
BOL,2000,61.787
BRA,2000,81.192
BRB,2000,33.827
BRN,2000,71.164
BTN,2000,25.418
BWA,2000,53.219
CAF,2000,37.639
CAN,2000,79.478
CHE,2000,73.383
CHL,2000,86.073
CHN,2000,35.877
CIV,2000,43.155
CMR,2000,45.542
COD,2000,35.122
COG,2000,58.695
COL,2000,73.957
COM,2000,28.08
CPV,2000,53.435
CRI,2000,59.052
CUB,2000,75.323
CYM,2000,100.0
CYP,2000,68.648
CZE,2000,73.988
DEU,2000,74.965
DJI,2000,76.532
DMA,2000,65.265
DNK,2000,85.1
DOM,2000,61.753
DZA,2000,59.919
ECU,2000,60.299
EGY,2000,42.797
ERI,2000,26.587
ESP,2000,76.262
EST,2000,69.368
ETH,2000,14.74
FIN,2000,82.183
FJI,2000,47.908
FRA,2000,75.871
FSM,2000,22.33
GAB,2000,78.879
GBR,2000,78.651
GEO,2000,52.638
GHA,2000,43.929
GIN,2000,30.869
GMB,2000,47.868
GNB,2000,36.243
GNQ,2000,49.092
GRC,2000,72.716
GRD,2000,35.698
GTM,2000,45.332
GUM,2000,93.129
GUY,2000,28.694
HKG,2000,100.0
HND,2000,45.458
HRV,2000,53.428
HTI,2000,35.6
HUN,2000,64.575
IDN,2000,42.002
IND,2000,27.667
IRL,2000,59.155
IRN,2000,64.042
IRQ,2000,68.496
ISL,2000,92.401
ISR,2000,91.203
ITA,2000,67.222
JAM,2000,51.814
JOR,2000,78.27
JPN,2000,78.649
KAZ,2000,56.098
KEN,2000,19.892
KGZ,2000,35.298
KHM,2000,18.586
KIR,2000,42.958
KNA,2000,32.778
KOR,2000,79.621
KWT,2000,99.0
LAO,2000,21.977
LBN,2000,86.0
LBR,2000,44.331
LBY,2000,76.387
LCA,2000,27.774
LIE,2000,15.13
LKA,2000,18.38
LSO,2000,19.548
LTU,2000,66.986
LUX,2000,84.216
LVA,2000,68.067
MAC,2000,100.0
MAF,2000,N/A
MAR,2000,53.335
MDA,2000,44.589
MDG,2000,27.121
MDV,2000,27.706
MEX,2000,74.722
MHL,2000,68.58
MKD,2000,58.548
MLI,2000,28.356
MLT,2000,92.368
MMR,2000,27.025
MNE,2000,58.544
MNG,2000,57.133
MNP,2000,90.152
MOZ,2000,29.098
MRT,2000,38.091
MUS,2000,42.67
MWI,2000,14.61
MYS,2000,61.977
NAM,2000,32.373
NCL,2000,61.919
NER,2000,16.186
NGA,2000,34.84
NIC,2000,55.185
NLD,2000,76.795
NOR,2000,76.02
NPL,2000,13.397
NZL,2000,86.021
OMN,2000,71.569
PAK,2000,32.982
PAN,2000,62.198
PER,2000,73.042
PHL,2000,46.135
PLW,2000,70.338
PNG,2000,13.204
POL,2000,61.716
PRI,2000,94.387
PRK,2000,59.412
PRT,2000,54.399
PRY,2000,55.331
PSE,2000,71.969
PYF,2000,56.047
QAT,2000,96.311
ROU,2000,53.004
RUS,2000,73.35
RWA,2000,14.926
SAU,2000,79.848
SDN,2000,32.495
SEN,2000,40.32
SGP,2000,100.0
SLB,2000,15.813
SLE,2000,35.626
SLV,2000,58.912
SOM,2000,33.247
SRB,2000,52.769
SSD,2000,16.504
STP,2000,53.424
SUR,2000,66.444
SVK,2000,56.233
SVN,2000,50.754
SWE,2000,84.026
SWZ,2000,22.686
SXM,2000,100.0
SYC,2000,50.433
SYR,2000,51.947
TCA,2000,84.55
TCD,2000,21.637
TGO,2000,32.907
THA,2000,31.386
TJK,2000,26.501
TKM,2000,45.913
TLS,2000,24.263
TON,2000,23.012
TTO,2000,55.905
TUN,2000,63.432
TUR,2000,64.741
TUV,2000,46.018
TZA,2000,22.309
UGA,2000,14.786
UKR,2000,67.145
URY,2000,92.028
USA,2000,79.057
UZB,2000,46.126
VCT,2000,45.186
VEN,2000,87.559
VGB,2000,41.774
VIR,2000,92.586
VNM,2000,24.374
VUT,2000,21.673
WSM,2000,21.977
YEM,2000,26.267
ZAF,2000,56.891
ZMB,2000,34.802
ZWE,2000,33.758
AFG,2001,22.169
AGO,2001,51.274
ALB,2001,42.435
ARE,2001,80.655
ARG,2001,89.329
ARM,2001,64.385
ASM,2001,88.491
ATG,2001,31.74
AUS,2001,84.1
AUT,2001,59.934
AZE,2001,51.587
BDI,2001,8.461
BEL,2001,97.186
BEN,2001,38.65
BFA,2001,18.54
BGD,2001,24.096
BGR,2001,69.166
BHR,2001,88.369
BHS,2001,82.049
BIH,2001,42.698
BLR,2001,70.458
BLZ,2001,45.381
BMU,2001,100.0
BOL,2001,62.306
BRA,2001,81.553
BRB,2001,33.629
BRN,2001,71.652
BTN,2001,26.48
BWA,2001,54.062
CAF,2001,37.72
CAN,2001,79.81
CHE,2001,73.375
CHL,2001,86.363
CHN,2001,37.093
CIV,2001,43.568
CMR,2001,46.139
COD,2001,35.587
COG,2001,59.156
COL,2001,74.379
COM,2001,28.036
CPV,2001,54.291
CRI,2001,60.41
CUB,2001,75.555
CYM,2001,100.0
CYP,2001,68.769
CZE,2001,73.877
DEU,2001,75.17
DJI,2001,76.578
DMA,2001,65.382
DNK,2001,85.15
DOM,2001,62.565
DZA,2001,60.712
ECU,2001,60.799
EGY,2001,42.843
ERI,2001,27.455
ESP,2001,76.343
EST,2001,69.242
ETH,2001,14.927
FIN,2001,82.368
FJI,2001,48.3
FRA,2001,76.127
FSM,2001,22.33
GAB,2001,79.633
GBR,2001,78.751
GEO,2001,52.398
GHA,2001,44.601
GIN,2001,31.144
GMB,2001,48.775
GNB,2001,36.622
GNQ,2001,50.832
GRC,2001,72.913
GRD,2001,35.919
GTM,2001,45.668
GUM,2001,93.233
GUY,2001,28.606
HKG,2001,100.0
HND,2001,45.964
HRV,2001,53.642
HTI,2001,37.251
HUN,2001,64.67
IDN,2001,42.783
IND,2001,27.918
IRL,2001,59.399
IRN,2001,64.758
IRQ,2001,68.55
ISL,2001,92.532
ISR,2001,91.267
ITA,2001,67.282
JAM,2001,52.053
JOR,2001,78.283
JPN,2001,79.99
KAZ,2001,56.171
KEN,2001,20.239
KGZ,2001,35.296
KHM,2001,18.703
KIR,2001,43.473
KNA,2001,32.598
KOR,2001,79.94
KWT,2001,99.908
LAO,2001,22.993
LBN,2001,86.118
LBR,2001,44.673
LBY,2001,76.502
LCA,2001,27.473
LIE,2001,14.962
LKA,2001,18.365
LSO,2001,20.067
LTU,2001,66.919
LUX,2001,84.843
LVA,2001,67.95
MAC,2001,100.0
MAF,2001,N/A
MAR,2001,53.662
MDA,2001,44.189
MDG,2001,27.391
MDV,2001,28.859
MEX,2001,75.045
MHL,2001,69.101
MKD,2001,58.339
MLI,2001,29.075
MLT,2001,92.641
MMR,2001,27.208
MNE,2001,59.559
MNG,2001,58.222
MNP,2001,90.235
MOZ,2001,29.277
MRT,2001,38.616
MUS,2001,42.559
MWI,2001,14.698
MYS,2001,62.922
NAM,2001,32.898
NCL,2001,62.276
NER,2001,16.26
NGA,2001,35.669
NIC,2001,55.335
NLD,2001,77.83
NOR,2001,76.378
NPL,2001,13.947
NZL,2001,86.1
OMN,2001,71.549
PAK,2001,33.18
PAN,2001,62.497
PER,2001,73.448
PHL,2001,46.05
PLW,2001,70.093
PNG,2001,13.182
POL,2001,61.761
PRI,2001,94.333
PRK,2001,59.491
PRT,2001,55.044
PRY,2001,55.966
PSE,2001,72.189
PYF,2001,55.967
QAT,2001,96.506
ROU,2001,52.852
RUS,2001,73.346
RWA,2001,15.829
SAU,2001,80.077
SDN,2001,32.548
SEN,2001,40.464
SGP,2001,100.0
SLB,2001,16.201
SLE,2001,35.867
SLV,2001,59.464
SOM,2001,33.617
SRB,2001,52.992
SSD,2001,16.632
STP,2001,54.377
SUR,2001,66.517
SVK,2001,56.163
SVN,2001,50.78
SWE,2001,84.071
SWZ,2001,22.555
SXM,2001,100.0
SYC,2001,50.646
SYR,2001,52.314
TCA,2001,85.362
TCD,2001,21.67
TGO,2001,33.356
THA,2001,32.548
TJK,2001,26.503
TKM,2001,46.137
TLS,2001,24.619
TON,2001,23.041
TTO,2001,55.718
TUN,2001,63.818
TUR,2001,65.34
TUV,2001,46.429
TZA,2001,22.674
UGA,2001,15.201
UKR,2001,67.183
URY,2001,92.303
USA,2001,79.234
UZB,2001,46.606
VCT,2001,45.548
VEN,2001,87.85
VGB,2001,42.048
VIR,2001,92.814
VNM,2001,24.937
VUT,2001,21.953
WSM,2001,22.068
YEM,2001,26.787
ZAF,2001,57.368
ZMB,2001,35.002
ZWE,2001,34.17
AFG,2002,22.261
AGO,2002,52.461
ALB,2002,43.501
ARE,2002,81.067
ARG,2002,89.51
ARM,2002,64.236
ASM,2002,88.394
ATG,2002,31.098
AUS,2002,84.222
AUT,2002,59.655
AZE,2002,51.787
BDI,2002,8.682
BEL,2002,97.241
BEN,2002,39.036
BFA,2002,19.258
BGD,2002,24.756
BGR,2002,69.524
BHR,2002,88.373
BHS,2002,82.092
BIH,2002,43.014
BLR,2002,70.939
BLZ,2002,45.364
BMU,2002,100.0
BOL,2002,62.783
BRA,2002,81.88
BRB,2002,33.431
BRN,2002,72.046
BTN,2002,27.57
BWA,2002,54.57
CAF,2002,37.802
CAN,2002,79.888
CHE,2002,73.401
CHL,2002,86.606
CHN,2002,38.425
CIV,2002,43.983
CMR,2002,46.738
COD,2002,36.055
COG,2002,59.617
COL,2002,74.797
COM,2002,27.992
CPV,2002,55.146
CRI,2002,61.753
CUB,2002,75.785
CYM,2002,100.0
CYP,2002,68.694
CZE,2002,73.809
DEU,2002,75.374
DJI,2002,76.624
DMA,2002,65.689
DNK,2002,85.25
DOM,2002,63.371
DZA,2002,61.501
ECU,2002,61.118
EGY,2002,42.889
ERI,2002,28.341
ESP,2002,76.533
EST,2002,69.116
ETH,2002,15.118
FIN,2002,82.503
FJI,2002,48.692
FRA,2002,76.38
FSM,2002,22.33
GAB,2002,80.368
GBR,2002,79.047
GEO,2002,52.441
GHA,2002,45.275
GIN,2002,31.42
GMB,2002,49.683
GNB,2002,37.004
GNQ,2002,52.573
GRC,2002,73.303
GRD,2002,35.913
GTM,2002,46.005
GUM,2002,93.334
GUY,2002,28.518
HKG,2002,100.0
HND,2002,46.61
HRV,2002,53.81
HTI,2002,38.935
HUN,2002,65.081
IDN,2002,43.568
IND,2002,28.244
IRL,2002,59.649
IRN,2002,65.468
IRQ,2002,68.604
ISL,2002,92.662
ISR,2002,91.33
ITA,2002,67.382
JAM,2002,52.251
JOR,2002,78.296
JPN,2002,81.647
KAZ,2002,56.244
KEN,2002,20.591
KGZ,2002,35.295
KHM,2002,18.82
KIR,2002,43.492
KNA,2002,32.455
KOR,2002,80.299
KWT,2002,100.0
LAO,2002,24.044
LBN,2002,86.24
LBR,2002,45.017
LBY,2002,76.629
LCA,2002,26.329
LIE,2002,14.906
LKA,2002,18.349
LSO,2002,20.597
LTU,2002,66.828
LUX,2002,85.299
LVA,2002,67.85
MAC,2002,100.0
MAF,2002,N/A
MAR,2002,53.99
MDA,2002,43.789
MDG,2002,27.663
MDV,2002,30.042
MEX,2002,75.365
MHL,2002,69.618
MKD,2002,58.13
MLI,2002,29.806
MLT,2002,92.905
MMR,2002,27.391
MNE,2002,60.568
MNG,2002,59.304
MNP,2002,90.316
MOZ,2002,29.457
MRT,2002,39.48
MUS,2002,42.447
MWI,2002,14.786
MYS,2002,63.856
NAM,2002,33.766
NCL,2002,62.632
NER,2002,16.255
NGA,2002,36.508
NIC,2002,55.484
NLD,2002,79.113
NOR,2002,76.733
NPL,2002,14.24
NZL,2002,86.161
OMN,2002,71.529
PAK,2002,33.38
PAN,2002,62.794
PER,2002,73.85
PHL,2002,45.965
PLW,2002,69.847
PNG,2002,13.164
POL,2002,61.787
PRI,2002,94.278
PRK,2002,59.57
PRT,2002,55.666
PRY,2002,56.6
PSE,2002,72.409
PYF,2002,55.888
QAT,2002,96.692
ROU,2002,52.78
RUS,2002,73.341
RWA,2002,16.777
SAU,2002,80.304
SDN,2002,32.601
SEN,2002,40.607
SGP,2002,100.0
SLB,2002,16.597
SLE,2002,36.109
SLV,2002,60.014
SOM,2002,33.99
SRB,2002,53.215
SSD,2002,16.761
STP,2002,55.555
SUR,2002,66.591
SVK,2002,56.013
SVN,2002,50.857
SWE,2002,84.133
SWZ,2002,22.425
SXM,2002,100.0
SYC,2002,50.876
SYR,2002,52.682
TCA,2002,86.007
TCD,2002,21.702
TGO,2002,33.809
THA,2002,33.734
TJK,2002,26.505
TKM,2002,46.362
TLS,2002,24.979
TON,2002,23.069
TTO,2002,55.53
TUN,2002,64.202
TUR,2002,65.974
TUV,2002,46.841
TZA,2002,23.044
UGA,2002,15.626
UKR,2002,67.283
URY,2002,92.569
USA,2002,79.409
UZB,2002,47.088
VCT,2002,45.914
VEN,2002,87.876
VGB,2002,42.328
VIR,2002,93.036
VNM,2002,25.511
VUT,2002,22.235
WSM,2002,21.941
YEM,2002,27.315
ZAF,2002,57.898
ZMB,2002,35.475
ZWE,2002,34.585
AFG,2003,22.353
AGO,2003,53.645
ALB,2003,44.573
ARE,2003,81.472
ARG,2003,89.686
ARM,2003,64.137
ASM,2003,88.297
ATG,2003,30.464
AUS,2003,84.343
AUT,2003,59.375
AZE,2003,51.988
BDI,2003,8.908
BEL,2003,97.296
BEN,2003,39.536
BFA,2003,19.996
BGD,2003,25.429
BGR,2003,69.879
BHR,2003,88.383
BHS,2003,82.134
BIH,2003,43.33
BLR,2003,71.415
BLZ,2003,45.347
BMU,2003,100.0
BOL,2003,63.248
BRA,2003,82.203
BRB,2003,33.234
BRN,2003,72.421
BTN,2003,28.688
BWA,2003,55.029
CAF,2003,37.884
CAN,2003,79.967
CHE,2003,73.427
CHL,2003,86.665
CHN,2003,39.776
CIV,2003,44.399
CMR,2003,47.338
COD,2003,36.526
COG,2003,60.076
COL,2003,75.211
COM,2003,27.947
CPV,2003,55.997
CRI,2003,63.08
CUB,2003,75.947
CYM,2003,100.0
CYP,2003,68.553
CZE,2003,73.74
DEU,2003,75.577
DJI,2003,76.67
DMA,2003,65.994
DNK,2003,85.36
DOM,2003,64.605
DZA,2003,62.284
ECU,2003,61.316
EGY,2003,42.935
ERI,2003,29.244
ESP,2003,76.778
EST,2003,68.989
ETH,2003,15.31
FIN,2003,82.638
FJI,2003,49.085
FRA,2003,76.632
FSM,2003,22.33
GAB,2003,81.083
GBR,2003,79.339
GEO,2003,52.83
GHA,2003,45.951
GIN,2003,31.698
GMB,2003,50.555
GNB,2003,37.387
GNQ,2003,54.307
GRC,2003,73.689
GRD,2003,35.907
GTM,2003,46.318
GUM,2003,93.435
GUY,2003,28.307
HKG,2003,100.0
HND,2003,47.267
HRV,2003,53.979
HTI,2003,40.645
HUN,2003,65.489
IDN,2003,44.356
IND,2003,28.572
IRL,2003,59.925
IRN,2003,66.172
IRQ,2003,68.658
ISL,2003,92.789
ISR,2003,91.393
ITA,2003,67.501
JAM,2003,52.437
JOR,2003,78.308
JPN,2003,83.196
KAZ,2003,56.317
KEN,2003,20.948
KGZ,2003,35.293
KHM,2003,18.937
KIR,2003,43.512
KNA,2003,32.312
KOR,2003,80.652
KWT,2003,100.0
LAO,2003,25.126
LBN,2003,86.366
LBR,2003,45.361
LBY,2003,76.768
LCA,2003,25.216
LIE,2003,14.85
LKA,2003,18.334
LSO,2003,21.137
LTU,2003,66.737
LUX,2003,85.743
LVA,2003,67.8
MAC,2003,100.0
MAF,2003,N/A
MAR,2003,54.317
MDA,2003,43.389
MDG,2003,27.936
MDV,2003,31.252
MEX,2003,75.682
MHL,2003,70.13
MKD,2003,57.921
MLI,2003,30.547
MLT,2003,93.16
MMR,2003,27.575
MNE,2003,61.568
MNG,2003,60.378
MNP,2003,90.398
MOZ,2003,29.637
MRT,2003,40.351
MUS,2003,42.335
MWI,2003,14.875
MYS,2003,64.78
NAM,2003,34.709
NCL,2003,62.987
NER,2003,16.251
NGA,2003,37.356
NIC,2003,55.633
NLD,2003,80.341
NOR,2003,77.084
NPL,2003,14.538
NZL,2003,86.221
OMN,2003,71.509
PAK,2003,33.58
PAN,2003,63.091
PER,2003,74.249
PHL,2003,45.88
PLW,2003,69.6
PNG,2003,13.146
POL,2003,61.676
PRI,2003,94.224
PRK,2003,59.648
PRT,2003,56.287
PRY,2003,56.977
PSE,2003,72.627
PYF,2003,56.242
QAT,2003,96.868
ROU,2003,52.912
RUS,2003,73.373
RWA,2003,16.904
SAU,2003,80.53
SDN,2003,32.654
SEN,2003,40.898
SGP,2003,100.0
SLB,2003,17.001
SLE,2003,36.352
SLV,2003,60.561
SOM,2003,34.756
SRB,2003,53.437
SSD,2003,16.891
STP,2003,56.766
SUR,2003,66.664
SVK,2003,55.863
SVN,2003,51.082
SWE,2003,84.196
SWZ,2003,22.296
SXM,2003,100.0
SYC,2003,51.123
SYR,2003,53.049
TCA,2003,86.608
TCD,2003,21.735
TGO,2003,34.265
THA,2003,34.941
TJK,2003,26.507
TKM,2003,46.587
TLS,2003,25.343
TON,2003,23.098
TTO,2003,55.343
TUN,2003,64.585
TUR,2003,66.602
TUV,2003,47.656
TZA,2003,23.611
UGA,2003,16.061
UKR,2003,67.427
URY,2003,92.828
USA,2003,79.583
UZB,2003,47.571
VCT,2003,46.283
VEN,2003,87.902
VGB,2003,42.615
VIR,2003,93.251
VNM,2003,26.092
VUT,2003,22.521
WSM,2003,21.698
YEM,2003,27.849
ZAF,2003,58.446
ZMB,2003,35.951
ZWE,2003,34.479
AFG,2004,22.5
AGO,2004,54.827
ALB,2004,45.651
ARE,2004,81.871
ARG,2004,89.86
ARM,2004,64.038
ASM,2004,88.198
ATG,2004,29.837
AUS,2004,84.463
AUT,2004,59.094
AZE,2004,52.189
BDI,2004,9.139
BEL,2004,97.35
BEN,2004,40.039
BFA,2004,20.757
BGD,2004,26.114
BGR,2004,70.233
BHR,2004,88.399
BHS,2004,82.176
BIH,2004,43.648
BLR,2004,71.887
BLZ,2004,45.33
BMU,2004,100.0
BOL,2004,63.711
BRA,2004,82.521
BRB,2004,33.037
BRN,2004,72.794
BTN,2004,29.835
BWA,2004,55.488
CAF,2004,37.966
CAN,2004,80.045
CHE,2004,73.452
CHL,2004,86.725
CHN,2004,41.144
CIV,2004,44.817
CMR,2004,47.94
COD,2004,37.0
COG,2004,60.533
COL,2004,75.62
COM,2004,27.903
CPV,2004,56.846
CRI,2004,64.388
CUB,2004,76.041
CYM,2004,100.0
CYP,2004,68.41
CZE,2004,73.671
DEU,2004,75.779
DJI,2004,76.716
DMA,2004,66.299
DNK,2004,85.566
DOM,2004,66.003
DZA,2004,63.061
ECU,2004,61.514
EGY,2004,42.981
ERI,2004,30.164
ESP,2004,77.022
EST,2004,68.862
ETH,2004,15.504
FIN,2004,82.772
FJI,2004,49.479
FRA,2004,76.883
FSM,2004,22.33
GAB,2004,81.778
GBR,2004,79.629
GEO,2004,53.218
GHA,2004,46.63
GIN,2004,31.977
GMB,2004,51.288
GNB,2004,37.772
GNQ,2004,56.033
GRC,2004,74.073
GRD,2004,35.901
GTM,2004,46.616
GUM,2004,93.534
GUY,2004,28.064
HKG,2004,100.0
HND,2004,47.927
HRV,2004,54.147
HTI,2004,41.679
HUN,2004,65.896
IDN,2004,45.149
IND,2004,28.903
IRL,2004,60.202
IRN,2004,66.869
IRQ,2004,68.712
ISL,2004,92.914
ISR,2004,91.456
ITA,2004,67.62
JAM,2004,52.625
JOR,2004,78.321
JPN,2004,84.64
KAZ,2004,56.39
KEN,2004,21.31
KGZ,2004,35.292
KHM,2004,19.055
KIR,2004,43.532
KNA,2004,32.17
KOR,2004,81.002
KWT,2004,100.0
LAO,2004,26.242
LBN,2004,86.494
LBR,2004,45.706
LBY,2004,76.919
LCA,2004,24.133
LIE,2004,14.795
LKA,2004,18.319
LSO,2004,21.689
LTU,2004,66.646
LUX,2004,86.177
LVA,2004,67.9
MAC,2004,100.0
MAF,2004,N/A
MAR,2004,54.644
MDA,2004,42.99
MDG,2004,28.211
MDV,2004,32.49
MEX,2004,75.997
MHL,2004,70.637
MKD,2004,57.711
MLI,2004,31.3
MLT,2004,93.407
MMR,2004,27.76
MNE,2004,62.127
MNG,2004,61.443
MNP,2004,90.478
MOZ,2004,29.818
MRT,2004,41.229
MUS,2004,42.223
MWI,2004,14.964
MYS,2004,65.694
NAM,2004,35.666
NCL,2004,63.341
NER,2004,16.247
NGA,2004,38.212
NIC,2004,55.782
NLD,2004,81.514
NOR,2004,77.399
NPL,2004,14.841
NZL,2004,86.281
OMN,2004,71.827
PAK,2004,33.781
PAN,2004,63.387
PER,2004,74.644
PHL,2004,45.795
PLW,2004,70.383
PNG,2004,13.127
POL,2004,61.564
PRI,2004,94.168
PRK,2004,59.727
PRT,2004,56.907
PRY,2004,57.305
PSE,2004,72.845
PYF,2004,56.831
QAT,2004,97.09
ROU,2004,53.043
RUS,2004,73.418
RWA,2004,16.908
SAU,2004,80.754
SDN,2004,32.707
SEN,2004,41.306
SGP,2004,100.0
SLB,2004,17.413
SLE,2004,36.596
SLV,2004,61.107
SOM,2004,35.531
SRB,2004,53.661
SSD,2004,17.023
STP,2004,57.972
SUR,2004,66.737
SVK,2004,55.713
SVN,2004,51.308
SWE,2004,84.258
SWZ,2004,22.166
SXM,2004,100.0
SYC,2004,51.388
SYR,2004,53.417
TCA,2004,87.188
TCD,2004,21.768
TGO,2004,34.724
THA,2004,36.169
TJK,2004,26.508
TKM,2004,46.812
TLS,2004,25.71
TON,2004,23.127
TTO,2004,55.155
TUN,2004,64.95
TUR,2004,67.225
TUV,2004,48.678
TZA,2004,24.223
UGA,2004,16.507
UKR,2004,67.597
URY,2004,93.078
USA,2004,79.757
UZB,2004,48.054
VCT,2004,46.656
VEN,2004,87.928
VGB,2004,42.909
VIR,2004,93.461
VNM,2004,26.683
VUT,2004,22.809
WSM,2004,21.457
YEM,2004,28.39
ZAF,2004,58.993
ZMB,2004,36.43
ZWE,2004,34.294
AFG,2005,22.703
AGO,2005,56.0
ALB,2005,46.731
ARE,2005,82.262
ARG,2005,90.031
ARM,2005,63.938
ASM,2005,88.1
ATG,2005,29.218
AUS,2005,84.582
AUT,2005,58.813
AZE,2005,52.389
BDI,2005,9.375
BEL,2005,97.403
BEN,2005,40.543
BFA,2005,21.537
BGD,2005,26.809
BGR,2005,70.584
BHR,2005,88.422
BHS,2005,82.218
BIH,2005,43.965
BLR,2005,72.354
BLZ,2005,45.313
BMU,2005,100.0
BOL,2005,64.17
BRA,2005,82.834
BRB,2005,32.841
BRN,2005,73.163
BTN,2005,30.965
BWA,2005,55.944
CAF,2005,38.069
CAN,2005,80.122
CHE,2005,73.478
CHL,2005,86.783
CHN,2005,42.522
CIV,2005,45.234
CMR,2005,48.541
COD,2005,37.481
COG,2005,60.988
COL,2005,76.024
COM,2005,27.875
CPV,2005,57.689
CRI,2005,65.672
CUB,2005,76.134
CYM,2005,100.0
CYP,2005,68.268
CZE,2005,73.602
DEU,2005,75.98
DJI,2005,76.761
DMA,2005,66.601
DNK,2005,85.856
DOM,2005,67.37
DZA,2005,63.83
ECU,2005,61.711
EGY,2005,43.027
ERI,2005,31.099
ESP,2005,77.263
EST,2005,68.735
ETH,2005,15.7
FIN,2005,82.905
FJI,2005,49.871
FRA,2005,77.13
FSM,2005,22.33
GAB,2005,82.452
GBR,2005,79.915
GEO,2005,53.605
GHA,2005,47.308
GIN,2005,32.257
GMB,2005,52.02
GNB,2005,38.157
GNQ,2005,57.74
GRC,2005,74.452
GRD,2005,35.895
GTM,2005,46.913
GUM,2005,93.631
GUY,2005,27.822
HKG,2005,100.0
HND,2005,48.585
HRV,2005,54.315
HTI,2005,42.638
HUN,2005,66.365
IDN,2005,45.942
IND,2005,29.235
IRL,2005,60.477
IRN,2005,67.558
IRQ,2005,68.766
ISL,2005,93.037
ISR,2005,91.518
ITA,2005,67.738
JAM,2005,52.811
JOR,2005,79.485
JPN,2005,85.978
KAZ,2005,56.463
KEN,2005,21.675
KGZ,2005,35.29
KHM,2005,19.174
KIR,2005,43.551
KNA,2005,32.028
KOR,2005,81.345
KWT,2005,100.0
LAO,2005,27.186
LBN,2005,86.627
LBR,2005,46.051
LBY,2005,77.08
LCA,2005,23.085
LIE,2005,14.739
LKA,2005,18.303
LSO,2005,22.249
LTU,2005,66.635
LUX,2005,86.598
LVA,2005,68.0
MAC,2005,100.0
MAF,2005,N/A
MAR,2005,55.174
MDA,2005,42.775
MDG,2005,28.814
MDV,2005,33.75
MEX,2005,76.308
MHL,2005,71.138
MKD,2005,57.532
MLI,2005,32.06
MLT,2005,93.645
MMR,2005,27.946
MNE,2005,62.465
MNG,2005,62.494
MNP,2005,90.558
MOZ,2005,29.999
MRT,2005,42.111
MUS,2005,42.112
MWI,2005,15.054
MYS,2005,66.594
NAM,2005,36.632
NCL,2005,63.965
NER,2005,16.242
NGA,2005,39.074
NIC,2005,55.935
NLD,2005,82.63
NOR,2005,77.675
NPL,2005,15.149
NZL,2005,86.341
OMN,2005,72.4
PAK,2005,33.982
PAN,2005,63.682
PER,2005,75.034
PHL,2005,45.71
PLW,2005,71.152
PNG,2005,13.109
POL,2005,61.452
PRI,2005,94.112
PRK,2005,59.805
PRT,2005,57.522
PRY,2005,57.633
PSE,2005,73.061
PYF,2005,57.417
QAT,2005,97.396
ROU,2005,53.174
RUS,2005,73.463
RWA,2005,16.912
SAU,2005,80.979
SDN,2005,32.76
SEN,2005,41.714
SGP,2005,100.0
SLB,2005,17.832
SLE,2005,36.919
SLV,2005,61.648
SOM,2005,36.311
SRB,2005,53.883
SSD,2005,17.154
STP,2005,59.165
SUR,2005,66.682
SVK,2005,55.563
SVN,2005,51.533
SWE,2005,84.319
SWZ,2005,22.038
SXM,2005,100.0
SYC,2005,51.67
SYR,2005,53.782
TCA,2005,87.745
TCD,2005,21.801
TGO,2005,35.185
THA,2005,37.411
TJK,2005,26.51
TKM,2005,47.052
TLS,2005,26.041
TON,2005,23.155
TTO,2005,54.967
TUN,2005,65.237
TUR,2005,67.84
TUV,2005,49.699
TZA,2005,24.845
UGA,2005,16.96
UKR,2005,67.79
URY,2005,93.319
USA,2005,79.928
UZB,2005,48.537
VCT,2005,47.032
VEN,2005,87.954
VGB,2005,43.21
VIR,2005,93.664
VNM,2005,27.281
VUT,2005,23.099
WSM,2005,21.218
YEM,2005,28.936
ZAF,2005,59.536
ZMB,2005,36.911
ZWE,2005,34.11
AFG,2006,22.907
AGO,2006,56.764
ALB,2006,47.815
ARE,2006,82.648
ARG,2006,90.2
ARM,2006,63.839
ASM,2006,88.0
ATG,2006,28.606
AUS,2006,84.7
AUT,2006,58.532
AZE,2006,52.589
BDI,2006,9.617
BEL,2006,97.454
BEN,2006,41.049
BFA,2006,22.339
BGD,2006,27.517
BGR,2006,70.932
BHR,2006,88.452
BHS,2006,82.26
BIH,2006,44.282
BLR,2006,72.816
BLZ,2006,45.296
BMU,2006,100.0
BOL,2006,64.628
BRA,2006,83.143
BRB,2006,32.646
BRN,2006,73.529
BTN,2006,31.712
BWA,2006,56.4
CAF,2006,38.193
CAN,2006,80.213
CHE,2006,73.504
CHL,2006,86.842
CHN,2006,43.868
CIV,2006,45.652
CMR,2006,49.143
COD,2006,37.971
COG,2006,61.441
COL,2006,76.423
COM,2006,27.863
CPV,2006,58.529
CRI,2006,66.935
CUB,2006,76.227
CYM,2006,100.0
CYP,2006,68.125
CZE,2006,73.533
DEU,2006,76.179
DJI,2006,76.807
DMA,2006,66.903
DNK,2006,86.098
DOM,2006,68.71
DZA,2006,64.593
ECU,2006,61.907
EGY,2006,43.073
ERI,2006,32.051
ESP,2006,77.502
EST,2006,68.607
ETH,2006,15.899
FIN,2006,83.037
FJI,2006,50.264
FRA,2006,77.377
FSM,2006,22.324
GAB,2006,83.107
GBR,2006,80.199
GEO,2006,53.992
GHA,2006,47.988
GIN,2006,32.539
GMB,2006,52.751
GNB,2006,38.545
GNQ,2006,59.431
GRC,2006,74.827
GRD,2006,35.889
GTM,2006,47.21
GUM,2006,93.727
GUY,2006,27.582
HKG,2006,100.0
HND,2006,49.245
HRV,2006,54.483
HTI,2006,43.604
HUN,2006,66.895
IDN,2006,46.738
IND,2006,29.569
IRL,2006,60.738
IRN,2006,68.239
IRQ,2006,68.819
ISL,2006,93.159
ISR,2006,91.58
ITA,2006,67.856
JAM,2006,52.998
JOR,2006,80.97
JPN,2006,87.118
KAZ,2006,56.536
KEN,2006,22.045
KGZ,2006,35.289
KHM,2006,19.293
KIR,2006,44.03
KNA,2006,31.886
KOR,2006,81.528
KWT,2006,100.0
LAO,2006,27.748
LBN,2006,86.762
LBR,2006,46.396
LBY,2006,77.253
LCA,2006,22.068
LIE,2006,14.684
LKA,2006,18.288
LSO,2006,22.82
LTU,2006,66.706
LUX,2006,87.009
LVA,2006,67.967
MAC,2006,100.0
MAF,2006,N/A
MAR,2006,55.746
MDA,2006,42.744
MDG,2006,29.425
MDV,2006,34.794
MEX,2006,76.616
MHL,2006,71.635
MKD,2006,57.383
MLI,2006,32.832
MLT,2006,93.784
MMR,2006,28.132
MNE,2006,62.803
MNG,2006,63.535
MNP,2006,90.638
MOZ,2006,30.182
MRT,2006,42.998
MUS,2006,42.0
MWI,2006,15.144
MYS,2006,67.483
NAM,2006,37.61
NCL,2006,64.638
NER,2006,16.238
NGA,2006,39.943
NIC,2006,56.132
NLD,2006,83.636
NOR,2006,77.95
NPL,2006,15.462
NZL,2006,86.4
OMN,2006,72.967
PAK,2006,34.184
PAN,2006,63.976
PER,2006,75.421
PHL,2006,45.625
PLW,2006,71.91
PNG,2006,13.091
POL,2006,61.341
PRI,2006,94.056
PRK,2006,59.884
PRT,2006,58.137
PRY,2006,57.96
PSE,2006,73.276
PYF,2006,58.002
QAT,2006,97.671
ROU,2006,53.305
RUS,2006,73.508
RWA,2006,16.917
SAU,2006,81.204
SDN,2006,32.813
SEN,2006,42.124
SGP,2006,100.0
SLB,2006,18.259
SLE,2006,37.303
SLV,2006,62.187
SOM,2006,37.1
SRB,2006,54.105
SSD,2006,17.287
STP,2006,60.348
SUR,2006,66.615
SVK,2006,55.412
SVN,2006,51.758
SWE,2006,84.43
SWZ,2006,21.91
SXM,2006,100.0
SYC,2006,51.969
SYR,2006,54.146
TCA,2006,88.281
TCD,2006,21.834
TGO,2006,35.649
THA,2006,38.673
TJK,2006,26.512
TKM,2006,47.308
TLS,2006,26.374
TON,2006,23.184
TTO,2006,54.779
TUN,2006,65.524
TUR,2006,68.45
TUV,2006,50.721
TZA,2006,25.478
UGA,2006,17.425
UKR,2006,67.969
URY,2006,93.553
USA,2006,80.099
UZB,2006,49.021
VCT,2006,47.412
VEN,2006,87.98
VGB,2006,43.517
VIR,2006,93.861
VNM,2006,27.888
VUT,2006,23.392
WSM,2006,20.981
YEM,2006,29.49
ZAF,2006,60.077
ZMB,2006,37.395
ZWE,2006,33.926
AFG,2007,23.113
AGO,2007,57.524
ALB,2007,48.902
ARE,2007,83.023
ARG,2007,90.366
ARM,2007,63.739
ASM,2007,87.9
ATG,2007,28.002
AUS,2007,84.822
AUT,2007,58.249
AZE,2007,52.79
BDI,2007,9.864
BEL,2007,97.505
BEN,2007,41.558
BFA,2007,22.996
BGD,2007,28.237
BGR,2007,71.278
BHR,2007,88.488
BHS,2007,82.302
BIH,2007,44.601
BLR,2007,73.273
BLZ,2007,45.279
BMU,2007,100.0
BOL,2007,65.082
BRA,2007,83.448
BRB,2007,32.451
BRN,2007,73.892
BTN,2007,32.469
BWA,2007,57.928
CAF,2007,38.339
CAN,2007,80.396
CHE,2007,73.53
CHL,2007,86.9
CHN,2007,45.199
CIV,2007,46.071
CMR,2007,49.746
COD,2007,38.47
COG,2007,61.893
COL,2007,76.816
COM,2007,27.867
CPV,2007,59.363
CRI,2007,68.174
CUB,2007,76.32
CYM,2007,100.0
CYP,2007,67.982
CZE,2007,73.463
DEU,2007,76.378
DJI,2007,76.853
DMA,2007,67.203
DNK,2007,86.293
DOM,2007,70.02
DZA,2007,65.348
ECU,2007,62.104
EGY,2007,43.078
ERI,2007,33.017
ESP,2007,77.74
EST,2007,68.479
ETH,2007,16.116
FIN,2007,83.168
FJI,2007,50.657
FRA,2007,77.621
FSM,2007,22.317
GAB,2007,83.742
GBR,2007,80.479
GEO,2007,54.379
GHA,2007,48.669
GIN,2007,32.822
GMB,2007,53.481
GNB,2007,38.934
GNQ,2007,61.1
GRC,2007,75.199
GRD,2007,35.883
GTM,2007,47.508
GUM,2007,93.822
GUY,2007,27.343
HKG,2007,100.0
HND,2007,49.905
HRV,2007,54.651
HTI,2007,44.574
HUN,2007,67.421
IDN,2007,47.535
IND,2007,29.906
IRL,2007,60.94
IRN,2007,68.864
IRQ,2007,68.873
ISL,2007,93.278
ISR,2007,91.641
ITA,2007,67.974
JAM,2007,53.184
JOR,2007,82.371
JPN,2007,88.146
KAZ,2007,56.609
KEN,2007,22.42
KGZ,2007,35.287
KHM,2007,19.413
KIR,2007,44.866
KNA,2007,31.744
KOR,2007,81.631
KWT,2007,100.0
LAO,2007,28.316
LBN,2007,86.901
LBR,2007,46.742
LBY,2007,77.437
LCA,2007,21.084
LIE,2007,14.629
LKA,2007,18.272
LSO,2007,23.304
LTU,2007,66.777
LUX,2007,87.409
LVA,2007,67.9
MAC,2007,100.0
MAF,2007,N/A
MAR,2007,56.317
MDA,2007,42.713
MDG,2007,30.043
MDV,2007,35.2
MEX,2007,76.92
MHL,2007,72.126
MKD,2007,57.264
MLI,2007,33.612
MLT,2007,93.857
MMR,2007,28.319
MNE,2007,63.139
MNG,2007,64.564
MNP,2007,90.716
MOZ,2007,30.364
MRT,2007,43.89
MUS,2007,41.889
MWI,2007,15.235
MYS,2007,68.36
NAM,2007,38.598
NCL,2007,65.306
NER,2007,16.234
NGA,2007,40.819
NIC,2007,56.328
NLD,2007,84.539
NOR,2007,78.234
NPL,2007,15.781
NZL,2007,86.34
OMN,2007,73.527
PAK,2007,34.387
PAN,2007,64.268
PER,2007,75.803
PHL,2007,45.54
PLW,2007,72.655
PNG,2007,13.073
POL,2007,61.229
PRI,2007,93.999
PRK,2007,59.962
PRT,2007,58.749
PRY,2007,58.286
PSE,2007,73.491
PYF,2007,58.585
QAT,2007,97.917
ROU,2007,53.436
RUS,2007,73.553
RWA,2007,16.921
SAU,2007,81.427
SDN,2007,32.866
SEN,2007,42.535
SGP,2007,100.0
SLB,2007,18.694
SLE,2007,37.689
SLV,2007,62.774
SOM,2007,34.404
SRB,2007,54.328
SSD,2007,17.42
STP,2007,61.52
SUR,2007,66.547
SVK,2007,55.261
SVN,2007,51.983
SWE,2007,84.588
SWZ,2007,21.829
SXM,2007,100.0
SYC,2007,52.285
SYR,2007,54.511
TCA,2007,88.797
TCD,2007,21.868
TGO,2007,36.116
THA,2007,39.95
TJK,2007,26.514
TKM,2007,47.581
TLS,2007,26.709
TON,2007,23.227
TTO,2007,54.59
TUN,2007,65.809
TUR,2007,69.053
TUV,2007,51.743
TZA,2007,26.121
UGA,2007,17.899
UKR,2007,68.147
URY,2007,93.779
USA,2007,80.269
UZB,2007,49.505
VCT,2007,47.794
VEN,2007,88.006
VGB,2007,43.831
VIR,2007,94.053
VNM,2007,28.504
VUT,2007,23.687
WSM,2007,20.75
YEM,2007,30.051
ZAF,2007,60.616
ZMB,2007,37.881
ZWE,2007,33.743
AFG,2008,23.32
AGO,2008,58.282
ALB,2008,49.991
ARE,2008,83.387
ARG,2008,90.53
ARM,2008,63.64
ASM,2008,87.799
ATG,2008,27.405
AUS,2008,84.943
AUT,2008,57.966
AZE,2008,52.99
BDI,2008,10.118
BEL,2008,97.555
BEN,2008,42.069
BFA,2008,23.534
BGD,2008,28.968
BGR,2008,71.622
BHR,2008,88.53
BHS,2008,82.343
BIH,2008,44.92
BLR,2008,73.726
BLZ,2008,45.262
BMU,2008,100.0
BOL,2008,65.535
BRA,2008,83.749
BRB,2008,32.256
BRN,2008,74.252
BTN,2008,33.236
BWA,2008,59.444
CAF,2008,38.506
CAN,2008,80.578
CHE,2008,73.556
CHL,2008,86.959
CHN,2008,46.539
CIV,2008,46.491
CMR,2008,50.35
COD,2008,38.976
COG,2008,62.346
COL,2008,77.204
COM,2008,27.886
CPV,2008,60.194
CRI,2008,69.39
CUB,2008,76.413
CYM,2008,100.0
CYP,2008,67.839
CZE,2008,73.394
DEU,2008,76.575
DJI,2008,76.899
DMA,2008,67.502
DNK,2008,86.487
DOM,2008,71.3
DZA,2008,66.097
ECU,2008,62.3
EGY,2008,43.058
ERI,2008,34.0
ESP,2008,77.976
EST,2008,68.351
ETH,2008,16.51
FIN,2008,83.299
FJI,2008,51.146
FRA,2008,77.868
FSM,2008,22.311
GAB,2008,84.359
GBR,2008,80.757
GEO,2008,54.765
GHA,2008,49.351
GIN,2008,33.106
GMB,2008,54.211
GNB,2008,39.325
GNQ,2008,62.745
GRC,2008,75.568
GRD,2008,35.877
GTM,2008,47.807
GUM,2008,93.916
GUY,2008,27.105
HKG,2008,100.0
HND,2008,50.566
HRV,2008,54.819
HTI,2008,45.551
HUN,2008,67.943
IDN,2008,48.335
IND,2008,30.246
IRL,2008,61.141
IRN,2008,69.458
IRQ,2008,68.927
ISL,2008,93.395
ISR,2008,91.702
ITA,2008,68.092
JAM,2008,53.371
JOR,2008,83.692
JPN,2008,89.103
KAZ,2008,56.682
KEN,2008,22.8
KGZ,2008,35.285
KHM,2008,19.571
KIR,2008,45.706
KNA,2008,31.603
KOR,2008,81.733
KWT,2008,100.0
LAO,2008,28.893
LBN,2008,87.042
LBR,2008,47.088
LBY,2008,77.632
LCA,2008,20.131
LIE,2008,14.574
LKA,2008,18.257
LSO,2008,23.796
LTU,2008,66.848
LUX,2008,87.8
LVA,2008,67.834
MAC,2008,100.0
MAF,2008,N/A
MAR,2008,56.886
MDA,2008,42.682
MDG,2008,30.67
MDV,2008,35.61
MEX,2008,77.222
MHL,2008,72.613
MKD,2008,57.175
MLI,2008,34.403
MLT,2008,93.929
MMR,2008,28.507
MNE,2008,63.475
MNG,2008,65.581
MNP,2008,90.795
MOZ,2008,30.832
MRT,2008,44.788
MUS,2008,41.777
MWI,2008,15.326
MYS,2008,69.225
NAM,2008,39.597
NCL,2008,65.969
NER,2008,16.229
NGA,2008,41.702
NIC,2008,56.525
NLD,2008,85.402
NOR,2008,78.526
NPL,2008,16.105
NZL,2008,86.28
OMN,2008,74.08
PAK,2008,34.59
PAN,2008,64.56
PER,2008,76.052
PHL,2008,45.455
PLW,2008,73.389
PNG,2008,13.055
POL,2008,61.116
PRI,2008,93.942
PRK,2008,60.04
PRT,2008,59.359
PRY,2008,58.612
PSE,2008,73.704
PYF,2008,59.166
QAT,2008,98.139
ROU,2008,53.567
RUS,2008,73.598
RWA,2008,16.925
SAU,2008,81.649
SDN,2008,32.919
SEN,2008,42.947
SGP,2008,100.0
SLB,2008,19.138
SLE,2008,38.077
SLV,2008,63.678
SOM,2008,36.011
SRB,2008,54.55
SSD,2008,17.555
STP,2008,62.68
SUR,2008,66.479
SVK,2008,55.111
SVN,2008,52.209
SWE,2008,84.746
SWZ,2008,22.045
SXM,2008,100.0
SYC,2008,52.619
SYR,2008,54.875
TCA,2008,89.294
TCD,2008,21.901
TGO,2008,36.587
THA,2008,41.242
TJK,2008,26.516
TKM,2008,47.868
TLS,2008,27.048
TON,2008,23.281
TTO,2008,54.402
TUN,2008,66.093
TUR,2008,69.651
TUV,2008,52.765
TZA,2008,26.776
UGA,2008,18.384
UKR,2008,68.325
URY,2008,93.998
USA,2008,80.438
UZB,2008,49.989
VCT,2008,48.18
VEN,2008,88.031
VGB,2008,44.152
VIR,2008,94.239
VNM,2008,29.128
VUT,2008,23.985
WSM,2008,20.524
YEM,2008,30.619
ZAF,2008,61.154
ZMB,2008,38.371
ZWE,2008,33.56
AFG,2009,23.528
AGO,2009,59.034
ALB,2009,51.076
ARE,2009,83.742
ARG,2009,90.691
ARM,2009,63.54
ASM,2009,87.697
ATG,2009,26.818
AUS,2009,85.063
AUT,2009,57.683
AZE,2009,53.19
BDI,2009,10.376
BEL,2009,97.603
BEN,2009,42.58
BFA,2009,24.079
BGD,2009,29.709
BGR,2009,71.963
BHR,2009,88.579
BHS,2009,82.385
BIH,2009,45.239
BLR,2009,74.172
BLZ,2009,45.245
BMU,2009,100.0
BOL,2009,65.984
BRA,2009,84.044
BRB,2009,32.063
BRN,2009,74.608
BTN,2009,34.01
BWA,2009,60.937
CAF,2009,38.694
CAN,2009,80.758
CHE,2009,73.581
CHL,2009,87.017
CHN,2009,47.88
CIV,2009,46.91
CMR,2009,50.954
COD,2009,39.491
COG,2009,62.8
COL,2009,77.587
COM,2009,27.921
CPV,2009,61.016
CRI,2009,70.575
CUB,2009,76.505
CYM,2009,100.0
CYP,2009,67.695
CZE,2009,73.324
DEU,2009,76.771
DJI,2009,76.944
DMA,2009,67.799
DNK,2009,86.654
DOM,2009,72.542
DZA,2009,66.826
ECU,2009,62.495
EGY,2009,43.039
ERI,2009,34.585
ESP,2009,78.21
EST,2009,68.223
ETH,2009,16.91
FIN,2009,83.429
FJI,2009,51.658
FRA,2009,78.117
FSM,2009,22.305
GAB,2009,84.955
GBR,2009,81.031
GEO,2009,55.15
GHA,2009,50.031
GIN,2009,33.391
GMB,2009,54.937
GNB,2009,39.716
GNQ,2009,64.358
GRC,2009,75.932
GRD,2009,35.871
GTM,2009,48.104
GUM,2009,94.008
GUY,2009,26.869
HKG,2009,100.0
HND,2009,51.225
HRV,2009,54.987
HTI,2009,46.528
HUN,2009,68.46
IDN,2009,49.134
IND,2009,30.587
IRL,2009,61.342
IRN,2009,70.045
IRQ,2009,68.98
ISL,2009,93.511
ISR,2009,91.763
ITA,2009,68.209
JAM,2009,53.557
JOR,2009,84.928
JPN,2009,89.989
KAZ,2009,56.755
KEN,2009,23.183
KGZ,2009,35.284
KHM,2009,19.93
KIR,2009,46.547
KNA,2009,31.463
KOR,2009,81.835
KWT,2009,100.0
LAO,2009,29.475
LBN,2009,87.187
LBR,2009,47.445
LBY,2009,77.837
LCA,2009,19.213
LIE,2009,14.519
LKA,2009,18.242
LSO,2009,24.293
LTU,2009,66.842
LUX,2009,88.178
LVA,2009,67.814
MAC,2009,100.0
MAF,2009,N/A
MAR,2009,57.452
MDA,2009,42.651
MDG,2009,31.301
MDV,2009,36.021
MEX,2009,77.52
MHL,2009,73.093
MKD,2009,57.117
MLI,2009,35.2
MLT,2009,94.001
MMR,2009,28.695
MNE,2009,63.808
MNG,2009,66.58
MNP,2009,90.872
MOZ,2009,31.328
MRT,2009,45.686
MUS,2009,41.666
MWI,2009,15.429
MYS,2009,70.075
NAM,2009,40.601
NCL,2009,66.624
NER,2009,16.225
NGA,2009,42.588
NIC,2009,56.721
NLD,2009,86.288
NOR,2009,78.815
NPL,2009,16.434
NZL,2009,86.22
OMN,2009,74.624
PAK,2009,34.793
PAN,2009,64.851
PER,2009,76.241
PHL,2009,45.371
PLW,2009,74.109
PNG,2009,13.037
POL,2009,61.004
PRI,2009,93.884
PRK,2009,60.195
PRT,2009,59.964
PRY,2009,58.937
PSE,2009,73.923
PYF,2009,59.742
QAT,2009,98.336
ROU,2009,53.698
RUS,2009,73.642
RWA,2009,16.93
SAU,2009,81.867
SDN,2009,32.993
SEN,2009,43.359
SGP,2009,100.0
SLB,2009,19.589
SLE,2009,38.466
SLV,2009,64.57
SOM,2009,37.645
SRB,2009,54.772
SSD,2009,17.701
STP,2009,63.823
SUR,2009,66.412
SVK,2009,54.96
SVN,2009,52.433
SWE,2009,84.902
SWZ,2009,22.262
SXM,2009,100.0
SYC,2009,52.969
SYR,2009,55.237
TCA,2009,89.77
TCD,2009,21.934
TGO,2009,37.058
THA,2009,42.543
TJK,2009,26.518
TKM,2009,48.172
TLS,2009,27.389
TON,2009,23.335
TTO,2009,54.213
TUN,2009,66.376
TUR,2009,70.241
TUV,2009,53.782
TZA,2009,27.439
UGA,2009,18.878
UKR,2009,68.502
URY,2009,94.209
USA,2009,80.606
UZB,2009,50.472
VCT,2009,48.569
VEN,2009,88.057
VGB,2009,44.479
VIR,2009,94.419
VNM,2009,29.762
VUT,2009,24.286
WSM,2009,20.3
YEM,2009,31.194
ZAF,2009,61.687
ZMB,2009,38.861
ZWE,2009,33.378
AFG,2010,23.737
AGO,2010,59.783
ALB,2010,52.163
ARE,2010,84.087
ARG,2010,90.849
ARM,2010,63.44
ASM,2010,87.594
ATG,2010,26.238
AUS,2010,85.182
AUT,2010,57.399
AZE,2010,53.406
BDI,2010,10.642
BEL,2010,97.651
BEN,2010,43.093
BFA,2010,24.633
BGD,2010,30.462
BGR,2010,72.302
BHR,2010,88.634
BHS,2010,82.427
BIH,2010,45.558
BLR,2010,74.672
BLZ,2010,45.228
BMU,2010,100.0
BOL,2010,66.43
BRA,2010,84.335
BRB,2010,31.87
BRN,2010,74.961
BTN,2010,34.793
BWA,2010,62.412
CAF,2010,38.904
CAN,2010,80.937
CHE,2010,73.607
CHL,2010,87.074
CHN,2010,49.226
CIV,2010,47.33
CMR,2010,51.559
COD,2010,40.013
COG,2010,63.256
COL,2010,77.964
COM,2010,27.973
CPV,2010,61.821
CRI,2010,71.736
CUB,2010,76.597
CYM,2010,100.0
CYP,2010,67.551
CZE,2010,73.255
DEU,2010,76.966
DJI,2010,76.999
DMA,2010,68.094
DNK,2010,86.795
DOM,2010,73.753
DZA,2010,67.54
ECU,2010,62.69
EGY,2010,43.019
ERI,2010,35.175
ESP,2010,78.442
EST,2010,68.094
ETH,2010,17.319
FIN,2010,83.77
FJI,2010,52.171
FRA,2010,78.369
FSM,2010,22.298
GAB,2010,85.533
GBR,2010,81.302
GEO,2010,55.535
GHA,2010,50.713
GIN,2010,33.678
GMB,2010,55.662
GNB,2010,40.111
GNQ,2010,65.94
GRC,2010,76.292
GRD,2010,35.865
GTM,2010,48.403
GUM,2010,94.099
GUY,2010,26.634
HKG,2010,100.0
HND,2010,51.885
HRV,2010,55.155
HTI,2010,47.509
HUN,2010,68.911
IDN,2010,49.914
IND,2010,30.93
IRL,2010,61.542
IRN,2010,70.626
IRQ,2010,69.103
ISL,2010,93.574
ISR,2010,91.826
ITA,2010,68.327
JAM,2010,53.743
JOR,2010,86.088
JPN,2010,90.812
KAZ,2010,56.827
KEN,2010,23.571
KGZ,2010,35.306
KHM,2010,20.294
KIR,2010,47.39
KNA,2010,31.322
KOR,2010,81.936
KWT,2010,100.0
LAO,2010,30.064
LBN,2010,87.334
LBR,2010,47.813
LBY,2010,78.052
LCA,2010,18.45
LIE,2010,14.464
LKA,2010,18.226
LSO,2010,24.798
LTU,2010,66.757
LUX,2010,88.547
LVA,2010,67.841
MAC,2010,100.0
MAF,2010,N/A
MAR,2010,58.018
MDA,2010,42.62
MDG,2010,31.938
MDV,2010,36.434
MEX,2010,77.815
MHL,2010,73.568
MKD,2010,57.089
MLI,2010,35.999
MLT,2010,94.072
MMR,2010,28.885
MNE,2010,64.14
MNG,2010,67.567
MNP,2010,90.949
MOZ,2010,31.83
MRT,2010,46.588
MUS,2010,41.555
MWI,2010,15.544
MYS,2010,70.912
NAM,2010,41.616
NCL,2010,67.102
NER,2010,16.221
NGA,2010,43.48
NIC,2010,56.917
NLD,2010,87.134
NOR,2010,79.102
NPL,2010,16.768
NZL,2010,86.16
OMN,2010,75.161
PAK,2010,34.997
PAN,2010,65.14
PER,2010,76.43
PHL,2010,45.332
PLW,2010,74.817
PNG,2010,13.019
POL,2010,60.892
PRI,2010,93.825
PRK,2010,60.377
PRT,2010,60.567
PRY,2010,59.261
PSE,2010,74.149
PYF,2010,60.317
QAT,2010,98.501
ROU,2010,53.829
RUS,2010,73.687
RWA,2010,16.934
SAU,2010,82.084
SDN,2010,33.089
SEN,2010,43.773
SGP,2010,100.0
SLB,2010,20.048
SLE,2010,38.856
SLV,2010,65.452
SOM,2010,39.31
SRB,2010,54.993
SSD,2010,17.86
STP,2010,64.952
SUR,2010,66.344
SVK,2010,54.685
SVN,2010,52.658
SWE,2010,85.056
SWZ,2010,22.48
SXM,2010,100.0
SYC,2010,53.336
SYR,2010,55.6
TCA,2010,90.228
TCD,2010,21.985
TGO,2010,37.533
THA,2010,43.856
TJK,2010,26.52
TKM,2010,48.491
TLS,2010,27.732
TON,2010,23.389
TTO,2010,54.025
TUN,2010,66.657
TUR,2010,70.825
TUV,2010,54.796
TZA,2010,28.114
UGA,2010,19.383
UKR,2010,68.596
URY,2010,94.414
USA,2010,80.772
UZB,2010,50.956
VCT,2010,48.961
VEN,2010,88.083
VGB,2010,44.814
VIR,2010,94.594
VNM,2010,30.417
VUT,2010,24.462
WSM,2010,20.078
YEM,2010,31.776
ZAF,2010,62.218
ZMB,2010,39.355
ZWE,2010,33.196
AFG,2011,23.948
AGO,2011,60.528
ALB,2011,53.247
ARE,2011,84.423
ARG,2011,90.99
ARM,2011,63.34
ASM,2011,87.502
ATG,2011,25.703
AUS,2011,85.3
AUT,2011,57.115
AZE,2011,53.637
BDI,2011,10.915
BEL,2011,97.698
BEN,2011,43.608
BFA,2011,25.196
BGD,2011,31.225
BGR,2011,72.638
BHR,2011,88.695
BHS,2011,82.476
BIH,2011,45.878
BLR,2011,75.188
BLZ,2011,45.228
BMU,2011,100.0
BOL,2011,66.874
BRA,2011,84.631
BRB,2011,31.7
BRN,2011,75.31
BTN,2011,35.585
BWA,2011,63.865
CAF,2011,39.135
CAN,2011,81.096
CHE,2011,73.631
CHL,2011,87.132
CHN,2011,50.511
CIV,2011,47.751
CMR,2011,52.164
COD,2011,40.544
COG,2011,63.712
COL,2011,78.335
COM,2011,28.04
CPV,2011,62.322
CRI,2011,72.868
CUB,2011,76.689
CYM,2011,100.0
CYP,2011,67.406
CZE,2011,73.185
DEU,2011,77.16
DJI,2011,77.064
DMA,2011,68.389
DNK,2011,86.957
DOM,2011,74.827
DZA,2011,68.236
ECU,2011,62.851
EGY,2011,43.0
ERI,2011,35.771
ESP,2011,78.673
EST,2011,67.965
ETH,2011,17.735
FIN,2011,84.313
FJI,2011,52.683
FRA,2011,78.622
FSM,2011,22.305
GAB,2011,86.092
GBR,2011,81.57
GEO,2011,55.919
GHA,2011,51.394
GIN,2011,33.966
GMB,2011,56.384
GNB,2011,40.508
GNQ,2011,67.488
GRC,2011,76.649
GRD,2011,35.859
GTM,2011,48.701
GUM,2011,94.188
GUY,2011,26.4
HKG,2011,100.0
HND,2011,52.543
HRV,2011,55.322
HTI,2011,48.492
HUN,2011,69.358
IDN,2011,50.595
IND,2011,31.276
IRL,2011,61.742
IRN,2011,71.2
IRQ,2011,69.268
ISL,2011,93.587
ISR,2011,91.892
ITA,2011,68.444
JAM,2011,53.93
JOR,2011,87.172
JPN,2011,91.069
KAZ,2011,56.9
KEN,2011,23.969
KGZ,2011,35.352
KHM,2011,20.663
KIR,2011,48.235
KNA,2011,31.182
KOR,2011,81.923
KWT,2011,100.0
LAO,2011,30.66
LBN,2011,87.484
LBR,2011,48.193
LBY,2011,78.277
LCA,2011,18.45
LIE,2011,14.41
LKA,2011,18.211
LSO,2011,25.31
LTU,2011,66.741
LUX,2011,88.906
LVA,2011,67.869
MAC,2011,100.0
MAF,2011,N/A
MAR,2011,58.581
MDA,2011,42.589
MDG,2011,32.58
MDV,2011,36.849
MEX,2011,78.111
MHL,2011,74.038
MKD,2011,57.092
MLI,2011,36.799
MLT,2011,94.141
MMR,2011,29.075
MNE,2011,64.472
MNG,2011,67.963
MNP,2011,91.028
MOZ,2011,32.336
MRT,2011,47.493
MUS,2011,41.444
MWI,2011,15.672
MYS,2011,71.609
NAM,2011,42.637
NCL,2011,67.565
NER,2011,16.216
NGA,2011,44.366
NIC,2011,57.113
NLD,2011,87.879
NOR,2011,79.455
NPL,2011,17.108
NZL,2011,86.1
OMN,2011,76.183
PAK,2011,35.202
PAN,2011,65.437
PER,2011,76.617
PHL,2011,45.522
PLW,2011,75.511
PNG,2011,13.0
POL,2011,60.78
PRI,2011,93.773
PRK,2011,60.557
PRT,2011,61.167
PRY,2011,59.584
PSE,2011,74.381
PYF,2011,60.889
QAT,2011,98.602
ROU,2011,53.96
RUS,2011,73.732
RWA,2011,16.938
SAU,2011,82.302
SDN,2011,33.207
SEN,2011,44.188
SGP,2011,100.0
SLB,2011,20.508
SLE,2011,39.248
SLV,2011,66.325
SOM,2011,41.0
SRB,2011,55.215
SSD,2011,18.032
STP,2011,66.064
SUR,2011,66.276
SVK,2011,54.42
SVN,2011,52.883
SWE,2011,85.297
SWZ,2011,22.7
SXM,2011,100.0
SYC,2011,53.72
SYR,2011,54.58
TCA,2011,90.668
TCD,2011,22.054
TGO,2011,38.032
THA,2011,44.698
TJK,2011,26.521
TKM,2011,48.825
TLS,2011,28.079
TON,2011,23.443
TTO,2011,53.836
TUN,2011,66.938
TUR,2011,71.402
TUV,2011,55.807
TZA,2011,28.798
UGA,2011,19.898
UKR,2011,68.689
URY,2011,94.612
USA,2011,80.944
UZB,2011,51.15
VCT,2011,49.356
VEN,2011,88.108
VGB,2011,45.154
VIR,2011,94.761
VNM,2011,31.08
VUT,2011,24.561
WSM,2011,19.857
YEM,2011,32.364
ZAF,2011,62.746
ZMB,2011,39.851
ZWE,2011,33.015
AFG,2012,24.16
AGO,2012,61.268
ALB,2012,54.33
ARE,2012,84.749
ARG,2012,91.121
ARM,2012,63.24
ASM,2012,87.42
ATG,2012,25.526
AUS,2012,85.402
AUT,2012,57.147
AZE,2012,53.883
BDI,2012,11.194
BEL,2012,97.744
BEN,2012,44.125
BFA,2012,25.767
BGD,2012,31.993
BGR,2012,72.975
BHR,2012,88.762
BHS,2012,82.532
BIH,2012,46.199
BLR,2012,75.697
BLZ,2012,45.246
BMU,2012,100.0
BOL,2012,67.315
BRA,2012,84.923
BRB,2012,31.553
BRN,2012,75.656
BTN,2012,36.371
BWA,2012,64.768
CAF,2012,39.388
CAN,2012,81.137
CHE,2012,73.653
CHL,2012,87.189
CHN,2012,51.765
CIV,2012,48.172
CMR,2012,52.769
COD,2012,41.082
COG,2012,64.169
COL,2012,78.701
COM,2012,28.123
CPV,2012,62.821
CRI,2012,73.946
CUB,2012,76.781
CYM,2012,100.0
CYP,2012,67.261
CZE,2012,73.197
DEU,2012,77.17
DJI,2012,77.138
DMA,2012,68.685
DNK,2012,87.142
DOM,2012,75.802
DZA,2012,68.915
ECU,2012,62.988
EGY,2012,42.946
ERI,2012,36.372
ESP,2012,78.902
EST,2012,67.974
ETH,2012,18.16
FIN,2012,84.841
FJI,2012,53.196
FRA,2012,78.878
FSM,2012,22.324
GAB,2012,86.634
GBR,2012,81.837
GEO,2012,56.303
GHA,2012,52.073
GIN,2012,34.255
GMB,2012,57.105
GNB,2012,40.908
GNQ,2012,69.0
GRC,2012,77.004
GRD,2012,35.869
GTM,2012,49.0
GUM,2012,94.277
GUY,2012,26.4
HKG,2012,100.0
HND,2012,53.202
HRV,2012,55.506
HTI,2012,49.477
HUN,2012,69.678
IDN,2012,51.276
IND,2012,31.634
IRL,2012,61.942
IRN,2012,71.755
IRQ,2012,69.432
ISL,2012,93.6
ISR,2012,91.96
ITA,2012,68.684
JAM,2012,54.132
JOR,2012,88.185
JPN,2012,91.148
KAZ,2012,56.973
KEN,2012,24.376
KGZ,2012,35.423
KHM,2012,21.037
KIR,2012,49.082
KNA,2012,31.062
KOR,2012,81.851
KWT,2012,100.0
LAO,2012,31.264
LBN,2012,87.636
LBR,2012,48.583
LBY,2012,78.512
LCA,2012,18.45
LIE,2012,14.367
LKA,2012,18.196
LSO,2012,25.704
LTU,2012,66.864
LUX,2012,89.249
LVA,2012,67.897
MAC,2012,100.0
MAF,2012,N/A
MAR,2012,59.142
MDA,2012,42.558
MDG,2012,33.227
MDV,2012,37.267
MEX,2012,78.405
MHL,2012,74.498
MKD,2012,57.125
MLI,2012,37.599
MLT,2012,94.211
MMR,2012,29.266
MNE,2012,64.804
MNG,2012,68.03
MNP,2012,91.108
MOZ,2012,32.846
MRT,2012,48.4
MUS,2012,41.332
MWI,2012,15.812
MYS,2012,72.275
NAM,2012,43.693
NCL,2012,68.024
NER,2012,16.212
NGA,2012,45.246
NIC,2012,57.309
NLD,2012,88.588
NOR,2012,79.874
NPL,2012,17.458
NZL,2012,86.161
OMN,2012,77.564
PAK,2012,35.408
PAN,2012,65.741
PER,2012,76.804
PHL,2012,45.712
PLW,2012,76.194
PNG,2012,12.982
POL,2012,60.654
PRI,2012,93.726
PRK,2012,60.738
PRT,2012,61.763
PRY,2012,59.907
PSE,2012,74.619
PYF,2012,61.459
QAT,2012,98.697
ROU,2012,53.974
RUS,2012,73.791
RWA,2012,16.943
SAU,2012,82.52
SDN,2012,33.346
SEN,2012,44.603
SGP,2012,100.0
SLB,2012,20.97
SLE,2012,39.642
SLV,2012,67.187
SOM,2012,41.558
SRB,2012,55.356
SSD,2012,18.217
STP,2012,67.16
SUR,2012,66.208
SVK,2012,54.28
SVN,2012,53.108
SWE,2012,85.62
SWZ,2012,22.849
SXM,2012,100.0
SYC,2012,54.12
SYR,2012,53.555
TCA,2012,91.09
TCD,2012,22.142
TGO,2012,38.546
THA,2012,45.445
TJK,2012,26.545
TKM,2012,49.175
TLS,2012,28.428
TON,2012,23.435
TTO,2012,53.671
TUN,2012,67.218
TUR,2012,71.974
TUV,2012,56.815
TZA,2012,29.493
UGA,2012,20.424
UKR,2012,68.782
URY,2012,94.739
USA,2012,81.119
UZB,2012,51.05
VCT,2012,49.754
VEN,2012,88.123
VGB,2012,45.502
VIR,2012,94.919
VNM,2012,31.752
VUT,2012,24.661
WSM,2012,19.624
YEM,2012,32.958
ZAF,2012,63.272
ZMB,2012,40.354
ZWE,2012,32.834
AFG,2013,24.373
AGO,2013,62.002
ALB,2013,55.387
ARE,2013,85.066
ARG,2013,91.249
ARM,2013,63.164
ASM,2013,87.348
ATG,2013,25.35
AUS,2013,85.502
AUT,2013,57.336
AZE,2013,54.145
BDI,2013,11.482
BEL,2013,97.789
BEN,2013,44.642
BFA,2013,26.346
BGD,2013,32.762
BGR,2013,73.313
BHR,2013,88.835
BHS,2013,82.596
BIH,2013,46.519
BLR,2013,76.199
BLZ,2013,45.282
BMU,2013,100.0
BOL,2013,67.699
BRA,2013,85.209
BRB,2013,31.429
BRN,2013,75.997
BTN,2013,37.149
BWA,2013,65.572
CAF,2013,39.663
CAN,2013,81.178
CHE,2013,73.674
CHL,2013,87.246
CHN,2013,53.013
CIV,2013,48.593
CMR,2013,53.373
COD,2013,41.627
COG,2013,64.627
COL,2013,79.061
COM,2013,28.223
CPV,2013,63.317
CRI,2013,74.97
CUB,2013,76.827
CYM,2013,100.0
CYP,2013,67.137
CZE,2013,73.29
DEU,2013,77.18
DJI,2013,77.222
DMA,2013,68.982
DNK,2013,87.292
DOM,2013,76.749
DZA,2013,69.576
ECU,2013,63.125
EGY,2013,42.893
ERI,2013,36.979
ESP,2013,79.133
EST,2013,68.122
ETH,2013,18.575
FIN,2013,85.125
FJI,2013,53.706
FRA,2013,79.135
FSM,2013,22.355
GAB,2013,87.156
GBR,2013,82.102
GEO,2013,56.685
GHA,2013,52.748
GIN,2013,34.545
GMB,2013,57.82
GNB,2013,41.31
GNQ,2013,69.544
GRC,2013,77.355
GRD,2013,35.896
GTM,2013,49.311
GUM,2013,94.364
GUY,2013,26.4
HKG,2013,100.0
HND,2013,53.858
HRV,2013,55.706
HTI,2013,50.46
HUN,2013,69.953
IDN,2013,51.955
IND,2013,32.003
IRL,2013,62.141
IRN,2013,72.295
IRQ,2013,69.595
ISL,2013,93.633
ISR,2013,92.031
ITA,2013,68.979
JAM,2013,54.35
JOR,2013,89.125
JPN,2013,91.226
KAZ,2013,57.046
KEN,2013,24.794
KGZ,2013,35.517
KHM,2013,21.415
KIR,2013,49.927
KNA,2013,30.964
KOR,2013,81.779
KWT,2013,100.0
LAO,2013,31.872
LBN,2013,87.79
LBR,2013,48.985
LBY,2013,78.756
LCA,2013,18.461
LIE,2013,14.334
LKA,2013,18.198
LSO,2013,26.101
LTU,2013,66.986
LUX,2013,89.574
LVA,2013,67.925
MAC,2013,100.0
MAF,2013,N/A
MAR,2013,59.7
MDA,2013,42.527
MDG,2013,33.878
MDV,2013,37.685
MEX,2013,78.699
MHL,2013,74.946
MKD,2013,57.189
MLI,2013,38.398
MLT,2013,94.279
MMR,2013,29.457
MNE,2013,65.137
MNG,2013,68.097
MNP,2013,91.19
MOZ,2013,33.36
MRT,2013,49.306
MUS,2013,41.222
MWI,2013,15.966
MYS,2013,72.93
NAM,2013,44.756
NCL,2013,68.479
NER,2013,16.208
NGA,2013,46.118
NIC,2013,57.505
NLD,2013,89.187
NOR,2013,80.286
NPL,2013,17.815
NZL,2013,86.221
OMN,2013,78.882
PAK,2013,35.613
PAN,2013,66.052
PER,2013,76.989
PHL,2013,45.903
PLW,2013,76.862
PNG,2013,12.978
POL,2013,60.529
PRI,2013,93.686
PRK,2013,60.918
PRT,2013,62.352
PRY,2013,60.197
PSE,2013,74.863
PYF,2013,61.583
QAT,2013,98.785
ROU,2013,53.937
RUS,2013,73.863
RWA,2013,16.947
SAU,2013,82.74
SDN,2013,33.507
SEN,2013,45.019
SGP,2013,100.0
SLB,2013,21.433
SLE,2013,40.036
SLV,2013,68.036
SOM,2013,42.117
SRB,2013,55.469
SSD,2013,18.415
STP,2013,68.208
SUR,2013,66.14
SVK,2013,54.14
SVN,2013,53.332
SWE,2013,85.936
SWZ,2013,22.999
SXM,2013,100.0
SYC,2013,54.537
SYR,2013,52.529
TCA,2013,91.483
TCD,2013,22.248
TGO,2013,39.061
THA,2013,46.193
TJK,2013,26.589
TKM,2013,49.541
TLS,2013,28.779
TON,2013,23.382
TTO,2013,53.53
TUN,2013,67.495
TUR,2013,72.531
TUV,2013,57.814
TZA,2013,30.196
UGA,2013,20.958
UKR,2013,68.875
URY,2013,94.843
USA,2013,81.299
UZB,2013,50.95
VCT,2013,50.154
VEN,2013,88.133
VGB,2013,45.856
VIR,2013,95.07
VNM,2013,32.429
VUT,2013,24.761
WSM,2013,19.385
YEM,2013,33.559
ZAF,2013,63.793
ZMB,2013,40.865
ZWE,2013,32.654
AFG,2014,24.587
AGO,2014,62.731
ALB,2014,56.423
ARE,2014,85.375
ARG,2014,91.377
ARM,2014,63.112
ASM,2014,87.288
ATG,2014,25.175
AUS,2014,85.602
AUT,2014,57.526
AZE,2014,54.422
BDI,2014,11.776
BEL,2014,97.833
BEN,2014,45.166
BFA,2014,26.934
BGD,2014,33.535
BGR,2014,73.651
BHR,2014,88.915
BHS,2014,82.668
BIH,2014,46.84
BLR,2014,76.693
BLZ,2014,45.335
BMU,2014,100.0
BOL,2014,68.047
BRA,2014,85.492
BRB,2014,31.328
BRN,2014,76.332
BTN,2014,37.918
BWA,2014,66.368
CAF,2014,39.959
CAN,2014,81.218
CHE,2014,73.696
CHL,2014,87.303
CHN,2014,54.259
CIV,2014,49.014
CMR,2014,53.976
COD,2014,42.18
COG,2014,65.085
COL,2014,79.415
COM,2014,28.338
CPV,2014,63.81
CRI,2014,75.941
CUB,2014,76.861
CYM,2014,100.0
CYP,2014,67.031
CZE,2014,73.384
DEU,2014,77.19
DJI,2014,77.314
DMA,2014,69.28
DNK,2014,87.41
DOM,2014,77.67
DZA,2014,70.221
ECU,2014,63.261
EGY,2014,42.839
ERI,2014,37.59
ESP,2014,79.366
EST,2014,68.269
ETH,2014,18.998
FIN,2014,85.175
FJI,2014,54.216
FRA,2014,79.394
FSM,2014,22.399
GAB,2014,87.651
GBR,2014,82.365
GEO,2014,57.067
GHA,2014,53.419
GIN,2014,34.836
GMB,2014,58.528
GNB,2014,41.715
GNQ,2014,70.083
GRC,2014,77.702
GRD,2014,35.938
GTM,2014,49.634
GUM,2014,94.449
GUY,2014,26.414
HKG,2014,100.0
HND,2014,54.514
HRV,2014,55.923
HTI,2014,51.444
HUN,2014,70.227
IDN,2014,52.635
IND,2014,32.384
IRL,2014,62.34
IRN,2014,72.83
IRQ,2014,69.758
ISL,2014,93.667
ISR,2014,92.104
ITA,2014,69.272
JAM,2014,54.584
JOR,2014,90.0
JPN,2014,91.304
KAZ,2014,57.118
KEN,2014,25.221
KGZ,2014,35.635
KHM,2014,21.799
KIR,2014,50.773
KNA,2014,30.885
KOR,2014,81.707
KWT,2014,100.0
LAO,2014,32.487
LBN,2014,87.947
LBR,2014,49.397
LBY,2014,79.009
LCA,2014,18.482
LIE,2014,14.313
LKA,2014,18.218
LSO,2014,26.502
LTU,2014,67.108
LUX,2014,89.884
LVA,2014,67.952
MAC,2014,100.0
MAF,2014,N/A
MAR,2014,60.256
MDA,2014,42.496
MDG,2014,34.534
MDV,2014,38.106
MEX,2014,78.993
MHL,2014,75.384
MKD,2014,57.284
MLI,2014,39.196
MLT,2014,94.347
MMR,2014,29.65
MNE,2014,65.471
MNG,2014,68.163
MNP,2014,91.273
MOZ,2014,33.878
MRT,2014,50.203
MUS,2014,41.111
MWI,2014,16.132
MYS,2014,73.577
NAM,2014,45.826
NCL,2014,68.931
NER,2014,16.219
NGA,2014,46.982
NIC,2014,57.7
NLD,2014,89.69
NOR,2014,80.692
NPL,2014,18.182
NZL,2014,86.281
OMN,2014,80.145
PAK,2014,35.819
PAN,2014,66.371
PER,2014,77.173
PHL,2014,46.093
PLW,2014,77.517
PNG,2014,12.988
POL,2014,60.403
PRI,2014,93.651
PRK,2014,61.098
PRT,2014,62.936
PRY,2014,60.474
PSE,2014,75.113
PYF,2014,61.633
QAT,2014,98.868
ROU,2014,53.9
RUS,2014,73.95
RWA,2014,16.967
SAU,2014,82.96
SDN,2014,33.689
SEN,2014,45.436
SGP,2014,100.0
SLB,2014,21.896
SLE,2014,40.432
SLV,2014,68.874
SOM,2014,42.679
SRB,2014,55.583
SSD,2014,18.626
STP,2014,69.213
SUR,2014,66.089
SVK,2014,54.0
SVN,2014,53.557
SWE,2014,86.247
SWZ,2014,23.149
SXM,2014,100.0
SYC,2014,54.969
SYR,2014,51.5
TCA,2014,91.851
TCD,2014,22.372
TGO,2014,39.579
THA,2014,46.943
TJK,2014,26.655
TKM,2014,49.921
TLS,2014,29.133
TON,2014,23.328
TTO,2014,53.413
TUN,2014,67.772
TUR,2014,73.077
TUV,2014,58.786
TZA,2014,30.904
UGA,2014,21.504
UKR,2014,68.968
URY,2014,94.945
USA,2014,81.483
UZB,2014,50.85
VCT,2014,50.558
VEN,2014,88.144
VGB,2014,46.216
VIR,2014,95.213
VNM,2014,33.115
VUT,2014,24.861
WSM,2014,19.149
YEM,2014,34.165
ZAF,2014,64.312
ZMB,2014,41.382
ZWE,2014,32.504
AFG,2015,24.803
AGO,2015,63.446
ALB,2015,57.434
ARE,2015,85.674
ARG,2015,91.503
ARM,2015,63.085
ASM,2015,87.238
ATG,2015,25.0
AUS,2015,85.701
AUT,2015,57.715
AZE,2015,54.714
BDI,2015,12.078
BEL,2015,97.876
BEN,2015,45.695
BFA,2015,27.53
BGD,2015,34.308
BGR,2015,73.99
BHR,2015,88.999
BHS,2015,82.746
BIH,2015,47.173
BLR,2015,77.181
BLZ,2015,45.406
BMU,2015,100.0
BOL,2015,68.393
BRA,2015,85.77
BRB,2015,31.249
BRN,2015,76.663
BTN,2015,38.678
BWA,2015,67.155
CAF,2015,40.277
CAN,2015,81.259
CHE,2015,73.718
CHL,2015,87.36
CHN,2015,55.5
CIV,2015,49.444
CMR,2015,54.578
COD,2015,42.74
COG,2015,65.543
COL,2015,79.764
COM,2015,28.47
CPV,2015,64.3
CRI,2015,76.862
CUB,2015,76.896
CYM,2015,100.0
CYP,2015,66.946
CZE,2015,73.477
DEU,2015,77.2
DJI,2015,77.417
DMA,2015,69.579
DNK,2015,87.526
DOM,2015,78.566
DZA,2015,70.848
ECU,2015,63.398
EGY,2015,42.785
ERI,2015,38.206
ESP,2015,79.602
EST,2015,68.416
ETH,2015,19.428
FIN,2015,85.225
FJI,2015,54.726
FRA,2015,79.655
FSM,2015,22.456
GAB,2015,88.118
GBR,2015,82.626
GEO,2015,57.448
GHA,2015,54.086
GIN,2015,35.141
GMB,2015,59.228
GNB,2015,42.123
GNQ,2015,70.616
GRC,2015,78.046
GRD,2015,35.997
GTM,2015,49.971
GUM,2015,94.534
GUY,2015,26.441
HKG,2015,100.0
HND,2015,55.165
HRV,2015,56.155
HTI,2015,52.427
HUN,2015,70.5
IDN,2015,53.313
IND,2015,32.777
IRL,2015,62.538
IRN,2015,73.358
IRQ,2015,69.921
ISL,2015,93.7
ISR,2015,92.179
ITA,2015,69.565
JAM,2015,54.833
JOR,2015,90.256
JPN,2015,91.381
KAZ,2015,57.191
KEN,2015,25.658
KGZ,2015,35.777
KHM,2015,22.188
KIR,2015,51.619
KNA,2015,30.827
KOR,2015,81.634
KWT,2015,100.0
LAO,2015,33.108
LBN,2015,88.106
LBR,2015,49.82
LBY,2015,79.27
LCA,2015,18.515
LIE,2015,14.303
LKA,2015,18.256
LSO,2015,26.908
LTU,2015,67.23
LUX,2015,90.179
LVA,2015,67.98
MAC,2015,100.0
MAF,2015,N/A
MAR,2015,60.809
MDA,2015,42.49
MDG,2015,35.193
MDV,2015,38.529
MEX,2015,79.285
MHL,2015,75.811
MKD,2015,57.408
MLI,2015,39.991
MLT,2015,94.414
MMR,2015,29.858
MNE,2015,65.806
MNG,2015,68.23
MNP,2015,91.357
MOZ,2015,34.4
MRT,2015,51.089
MUS,2015,41.0
MWI,2015,16.313
MYS,2015,74.213
NAM,2015,46.9
NCL,2015,69.379
NER,2015,16.247
NGA,2015,47.838
NIC,2015,57.895
NLD,2015,90.173
NOR,2015,81.091
NPL,2015,18.557
NZL,2015,86.341
OMN,2015,81.35
PAK,2015,36.026
PAN,2015,66.696
PER,2015,77.357
PHL,2015,46.284
PLW,2015,78.159
PNG,2015,13.012
POL,2015,60.278
PRI,2015,93.624
PRK,2015,61.277
PRT,2015,63.514
PRY,2015,60.75
PSE,2015,75.368
PYF,2015,61.683
QAT,2015,98.945
ROU,2015,53.887
RUS,2015,74.05
RWA,2015,17.004
SAU,2015,83.18
SDN,2015,33.894
SEN,2015,45.862
SGP,2015,100.0
SLB,2015,22.36
SLE,2015,40.829
SLV,2015,69.7
SOM,2015,43.245
SRB,2015,55.696
SSD,2015,18.852
STP,2015,70.174
SUR,2015,66.056
SVK,2015,53.889
SVN,2015,53.781
SWE,2015,86.553
SWZ,2015,23.3
SXM,2015,100.0
SYC,2015,55.4
SYR,2015,52.168
TCA,2015,92.195
TCD,2015,22.515
TGO,2015,40.1
THA,2015,47.694
TJK,2015,26.742
TKM,2015,50.317
TLS,2015,29.49
TON,2015,23.275
TTO,2015,53.319
TUN,2015,68.056
TUR,2015,73.611
TUV,2015,59.73
TZA,2015,31.617
UGA,2015,22.06
UKR,2015,69.061
URY,2015,95.045
USA,2015,81.671
UZB,2015,50.75
VCT,2015,50.964
VEN,2015,88.154
VGB,2015,46.583
VIR,2015,95.35
VNM,2015,33.809
VUT,2015,24.961
WSM,2015,18.914
YEM,2015,34.777
ZAF,2015,64.828
ZMB,2015,41.907
ZWE,2015,32.385
AFG,2016,25.02
AGO,2016,64.149
ALB,2016,58.421
ARE,2016,85.965
ARG,2016,91.627
ARM,2016,63.082
ASM,2016,87.198
ATG,2016,24.846
AUS,2016,85.8
AUT,2016,57.905
AZE,2016,55.021
BDI,2016,12.388
BEL,2016,97.919
BEN,2016,46.229
BFA,2016,28.134
BGD,2016,35.083
BGR,2016,74.329
BHR,2016,89.09
BHS,2016,82.832
BIH,2016,47.518
BLR,2016,77.661
BLZ,2016,45.495
BMU,2016,100.0
BOL,2016,68.738
BRA,2016,86.042
BRB,2016,31.193
BRN,2016,76.99
BTN,2016,39.428
BWA,2016,67.933
CAF,2016,40.618
CAN,2016,81.3
CHE,2016,73.739
CHL,2016,87.422
CHN,2016,56.736
CIV,2016,49.881
CMR,2016,55.179
COD,2016,43.307
COG,2016,66.001
COL,2016,80.108
COM,2016,28.619
CPV,2016,64.784
CRI,2016,77.735
CUB,2016,76.93
CYM,2016,100.0
CYP,2016,66.881
CZE,2016,73.57
DEU,2016,77.224
DJI,2016,77.528
DMA,2016,69.88
DNK,2016,87.642
DOM,2016,79.436
DZA,2016,71.459
ECU,2016,63.534
EGY,2016,42.732
ERI,2016,38.827
ESP,2016,79.84
EST,2016,68.563
ETH,2016,19.866
FIN,2016,85.275
FJI,2016,55.235
FRA,2016,79.917
FSM,2016,22.526
GAB,2016,88.559
GBR,2016,82.886
GEO,2016,57.837
GHA,2016,54.749
GIN,2016,35.46
GMB,2016,59.918
GNB,2016,42.533
GNQ,2016,71.138
GRC,2016,78.387
GRD,2016,36.072
GTM,2016,50.319
GUM,2016,94.617
GUY,2016,26.482
HKG,2016,100.0
HND,2016,55.813
HRV,2016,56.403
HTI,2016,53.396
HUN,2016,70.779
IDN,2016,53.989
IND,2016,33.182
IRL,2016,62.737
IRN,2016,73.88
IRQ,2016,70.094
ISL,2016,93.735
ISR,2016,92.256
ITA,2016,69.855
JAM,2016,55.098
JOR,2016,90.506
JPN,2016,91.457
KAZ,2016,57.264
KEN,2016,26.105
KGZ,2016,35.944
KHM,2016,22.582
KIR,2016,52.45
KNA,2016,30.79
KOR,2016,81.562
KWT,2016,100.0
LAO,2016,33.736
LBN,2016,88.266
LBR,2016,50.254
LBY,2016,79.54
LCA,2016,18.558
LIE,2016,14.303
LKA,2016,18.311
LSO,2016,27.317
LTU,2016,67.366
LUX,2016,90.46
LVA,2016,68.021
MAC,2016,100.0
MAF,2016,N/A
MAR,2016,61.36
MDA,2016,42.511
MDG,2016,35.856
MDV,2016,38.954
MEX,2016,79.577
MHL,2016,76.228
MKD,2016,57.563
MLI,2016,40.783
MLT,2016,94.48
MMR,2016,30.082
MNE,2016,66.141
MNG,2016,68.297
MNP,2016,91.443
MOZ,2016,34.926
MRT,2016,51.962
MUS,2016,40.91
MWI,2016,16.506
MYS,2016,74.84
NAM,2016,47.961
NCL,2016,69.821
NER,2016,16.29
NGA,2016,48.683
NIC,2016,58.09
NLD,2016,90.635
NOR,2016,81.485
NPL,2016,18.942
NZL,2016,86.4
OMN,2016,82.5
PAK,2016,36.234
PAN,2016,67.027
PER,2016,77.539
PHL,2016,46.475
PLW,2016,78.775
PNG,2016,13.05
POL,2016,60.178
PRI,2016,93.602
PRK,2016,61.471
PRT,2016,64.086
PRY,2016,61.026
PSE,2016,75.628
PYF,2016,61.734
QAT,2016,99.015
ROU,2016,53.9
RUS,2016,74.164
RWA,2016,17.056
SAU,2016,83.401
SDN,2016,34.121
SEN,2016,46.296
SGP,2016,100.0
SLB,2016,22.823
SLE,2016,41.228
SLV,2016,70.501
SOM,2016,43.816
SRB,2016,55.81
SSD,2016,19.092
STP,2016,71.092
SUR,2016,66.04
SVK,2016,53.806
SVN,2016,54.02
SWE,2016,86.852
SWZ,2016,23.459
SXM,2016,100.0
SYC,2016,55.831
SYR,2016,52.835
TCA,2016,92.517
TCD,2016,22.677
TGO,2016,40.628
THA,2016,48.448
TJK,2016,26.851
TKM,2016,50.728
TLS,2016,29.85
TON,2016,23.222
TTO,2016,53.25
TUN,2016,68.346
TUR,2016,74.134
TUV,2016,60.645
TZA,2016,32.333
UGA,2016,22.624
UKR,2016,69.154
URY,2016,95.144
USA,2016,81.862
UZB,2016,50.65
VCT,2016,51.373
VEN,2016,88.165
VGB,2016,46.957
VIR,2016,95.48
VNM,2016,34.51
VUT,2016,25.062
WSM,2016,18.681
YEM,2016,35.394
ZAF,2016,65.341
ZMB,2016,42.438
ZWE,2016,32.296
AFG,2017,25.25
AGO,2017,64.839
ALB,2017,59.383
ARE,2017,86.248
ARG,2017,91.749
ARM,2017,63.103
ASM,2017,87.17
ATG,2017,24.713
AUS,2017,85.904
AUT,2017,58.094
AZE,2017,55.343
BDI,2017,12.706
BEL,2017,97.961
BEN,2017,46.768
BFA,2017,28.743
BGD,2017,35.858
BGR,2017,74.669
BHR,2017,89.186
BHS,2017,82.925
BIH,2017,47.876
BLR,2017,78.134
BLZ,2017,45.601
BMU,2017,100.0
BOL,2017,69.08
BRA,2017,86.309
BRB,2017,31.159
BRN,2017,77.312
BTN,2017,40.167
BWA,2017,68.7
CAF,2017,40.98
CAN,2017,81.35
CHE,2017,73.761
CHL,2017,87.49
CHN,2017,57.96
CIV,2017,50.326
CMR,2017,55.777
COD,2017,43.88
COG,2017,66.459
COL,2017,80.446
COM,2017,28.784
CPV,2017,65.261
CRI,2017,78.56
CUB,2017,76.977
CYM,2017,100.0
CYP,2017,66.836
CZE,2017,73.675
DEU,2017,77.261
DJI,2017,77.648
DMA,2017,70.181
DNK,2017,87.757
DOM,2017,80.277
DZA,2017,72.052
ECU,2017,63.67
EGY,2017,42.705
ERI,2017,39.451
ESP,2017,80.08
EST,2017,68.717
ETH,2017,20.31
FIN,2017,85.325
FJI,2017,55.742
FRA,2017,80.18
FSM,2017,22.608
GAB,2017,88.976
GBR,2017,83.143
GEO,2017,58.231
GHA,2017,55.407
GIN,2017,35.793
GMB,2017,60.599
GNB,2017,42.945
GNQ,2017,71.646
GRC,2017,78.724
GRD,2017,36.164
GTM,2017,50.68
GUM,2017,94.699
GUY,2017,26.538
HKG,2017,100.0
HND,2017,56.457
HRV,2017,56.667
HTI,2017,54.346
HUN,2017,71.062
IDN,2017,54.659
IND,2017,33.6
IRL,2017,62.947
IRN,2017,74.394
IRQ,2017,70.278
ISL,2017,93.773
ISR,2017,92.336
ITA,2017,70.144
JAM,2017,55.378
JOR,2017,90.747
JPN,2017,91.535
KAZ,2017,57.336
KEN,2017,26.562
KGZ,2017,36.135
KHM,2017,22.98
KIR,2017,53.262
KNA,2017,30.773
KOR,2017,81.503
KWT,2017,100.0
LAO,2017,34.368
LBN,2017,88.429
LBR,2017,50.697
LBY,2017,79.817
LCA,2017,18.612
LIE,2017,14.315
LKA,2017,18.384
LSO,2017,27.73
LTU,2017,67.516
LUX,2017,90.727
LVA,2017,68.075
MAC,2017,100.0
MAF,2017,N/A
MAR,2017,61.908
MDA,2017,42.557
MDG,2017,36.522
MDV,2017,39.38
MEX,2017,79.867
MHL,2017,76.634
MKD,2017,57.748
MLI,2017,41.572
MLT,2017,94.546
MMR,2017,30.322
MNE,2017,66.477
MNG,2017,68.363
MNP,2017,91.53
MOZ,2017,35.455
MRT,2017,52.824
MUS,2017,40.841
MWI,2017,16.714
MYS,2017,75.447
NAM,2017,49.005
NCL,2017,70.256
NER,2017,16.35
NGA,2017,49.519
NIC,2017,58.299
NLD,2017,91.077
NOR,2017,81.871
NPL,2017,19.336
NZL,2017,86.466
OMN,2017,83.56
PAK,2017,36.442
PAN,2017,67.365
PER,2017,77.72
PHL,2017,46.682
PLW,2017,79.365
PNG,2017,13.102
POL,2017,60.105
PRI,2017,93.587
PRK,2017,61.678
PRT,2017,64.652
PRY,2017,61.3
PSE,2017,75.894
PYF,2017,61.784
QAT,2017,99.078
ROU,2017,53.936
RUS,2017,74.292
RWA,2017,17.125
SAU,2017,83.622
SDN,2017,34.37
SEN,2017,46.74
SGP,2017,100.0
SLB,2017,23.286
SLE,2017,41.636
SLV,2017,71.275
SOM,2017,44.391
SRB,2017,55.942
SSD,2017,19.346
STP,2017,71.968
SUR,2017,66.041
SVK,2017,53.751
SVN,2017,54.273
SWE,2017,87.146
SWZ,2017,23.625
SXM,2017,100.0
SYC,2017,56.261
SYR,2017,53.5
TCA,2017,92.817
TCD,2017,22.858
TGO,2017,41.162
THA,2017,49.2
TJK,2017,26.982
TKM,2017,51.153
TLS,2017,30.212
TON,2017,23.169
TTO,2017,53.205
TUN,2017,68.642
TUR,2017,74.644
TUV,2017,61.53
TZA,2017,33.053
UGA,2017,23.196
UKR,2017,69.246
URY,2017,95.24
USA,2017,82.058
UZB,2017,50.55
VCT,2017,51.784
VEN,2017,88.183
VGB,2017,47.337
VIR,2017,95.603
VNM,2017,35.213
VUT,2017,25.163
WSM,2017,18.452
YEM,2017,36.016
ZAF,2017,65.85
ZMB,2017,42.976
ZWE,2017,32.237
AFG,2018,25.495
AGO,2018,65.514
ALB,2018,60.319
ARE,2018,86.522
ARG,2018,91.87
ARM,2018,63.149
ASM,2018,87.153
ATG,2018,24.599
AUS,2018,86.012
AUT,2018,58.297
AZE,2018,55.68
BDI,2018,13.032
BEL,2018,98.001
BEN,2018,47.312
BFA,2018,29.358
BGD,2018,36.632
BGR,2018,75.008
BHR,2018,89.287
BHS,2018,83.025
BIH,2018,48.245
BLR,2018,78.595
BLZ,2018,45.724
BMU,2018,100.0
BOL,2018,69.425
BRA,2018,86.569
BRB,2018,31.147
BRN,2018,77.629
BTN,2018,40.895
BWA,2018,69.446
CAF,2018,41.364
CAN,2018,81.411
CHE,2018,73.797
CHL,2018,87.564
CHN,2018,59.152
CIV,2018,50.779
CMR,2018,56.374
COD,2018,44.46
COG,2018,66.916
COL,2018,80.778
COM,2018,28.965
CPV,2018,65.732
CRI,2018,79.34
CUB,2018,77.037
CYM,2018,100.0
CYP,2018,66.81
CZE,2018,73.792
DEU,2018,77.312
DJI,2018,77.777
DMA,2018,70.483
DNK,2018,87.874
DOM,2018,81.074
DZA,2018,72.629
ECU,2018,63.821
EGY,2018,42.704
ERI,2018,40.08
ESP,2018,80.321
EST,2018,68.88
ETH,2018,20.763
FIN,2018,85.382
FJI,2018,56.248
FRA,2018,80.444
FSM,2018,22.703
GAB,2018,89.37
GBR,2018,83.398
GEO,2018,58.632
GHA,2018,56.06
GIN,2018,36.14
GMB,2018,61.27
GNB,2018,43.36
GNQ,2018,72.143
GRC,2018,79.058
GRD,2018,36.272
GTM,2018,51.054
GUM,2018,94.78
GUY,2018,26.606
HKG,2018,100.0
HND,2018,57.096
HRV,2018,56.947
HTI,2018,55.278
HUN,2018,71.351
IDN,2018,55.325
IND,2018,34.03
IRL,2018,63.17
IRN,2018,74.898
IRQ,2018,70.473
ISL,2018,93.813
ISR,2018,92.418
ITA,2018,70.438
JAM,2018,55.674
JOR,2018,90.979
JPN,2018,91.616
KAZ,2018,57.428
KEN,2018,27.03
KGZ,2018,36.351
KHM,2018,23.388
KIR,2018,54.057
KNA,2018,30.776
KOR,2018,81.459
KWT,2018,100.0
LAO,2018,35.004
LBN,2018,88.593
LBR,2018,51.151
LBY,2018,80.102
LCA,2018,18.678
LIE,2018,14.338
LKA,2018,18.476
LSO,2018,28.153
LTU,2018,67.679
LUX,2018,90.981
LVA,2018,68.142
MAC,2018,100.0
MAF,2018,N/A
MAR,2018,62.453
MDA,2018,42.629
MDG,2018,37.191
MDV,2018,39.808
MEX,2018,80.156
MHL,2018,77.031
MKD,2018,57.963
MLI,2018,42.356
MLT,2018,94.612
MMR,2018,30.579
MNE,2018,66.813
MNG,2018,68.445
MNP,2018,91.618
MOZ,2018,35.988
MRT,2018,53.672
MUS,2018,40.793
MWI,2018,16.937
MYS,2018,76.036
NAM,2018,50.032
NCL,2018,70.683
NER,2018,16.425
NGA,2018,50.344
NIC,2018,58.522
NLD,2018,91.49
NOR,2018,82.248
NPL,2018,19.74
NZL,2018,86.538
OMN,2018,84.539
PAK,2018,36.666
PAN,2018,67.709
PER,2018,77.907
PHL,2018,46.907
PLW,2018,79.93
PNG,2018,13.169
POL,2018,60.058
PRI,2018,93.578
PRK,2018,61.899
PRT,2018,65.211
PRY,2018,61.585
PSE,2018,76.164
PYF,2018,61.834
QAT,2018,99.135
ROU,2018,53.998
RUS,2018,74.433
RWA,2018,17.211
SAU,2018,83.844
SDN,2018,34.642
SEN,2018,47.192
SGP,2018,100.0
SLB,2018,23.749
SLE,2018,42.055
SLV,2018,72.023
SOM,2018,44.971
SRB,2018,56.092
SSD,2018,19.615
STP,2018,72.803
SUR,2018,66.06
SVK,2018,53.726
SVN,2018,54.541
SWE,2018,87.431
SWZ,2018,23.799
SXM,2018,100.0
SYC,2018,56.691
SYR,2018,54.162
TCA,2018,93.098
TCD,2018,23.059
TGO,2018,41.702
THA,2018,49.949
TJK,2018,27.134
TKM,2018,51.593
TLS,2018,30.578
TON,2018,23.131
TTO,2018,53.184
TUN,2018,68.945
TUR,2018,75.143
TUV,2018,62.387
TZA,2018,33.776
UGA,2018,23.774
UKR,2018,69.352
URY,2018,95.334
USA,2018,82.256
UZB,2018,50.478
VCT,2018,52.198
VEN,2018,88.208
VGB,2018,47.723
VIR,2018,95.721
VNM,2018,35.919
VUT,2018,25.274
WSM,2018,18.243
YEM,2018,36.642
ZAF,2018,66.355
ZMB,2018,43.521
ZWE,2018,32.209
AFG,2019,25.754
AGO,2019,66.177
ALB,2019,61.229
ARE,2019,86.789
ARG,2019,91.991
ARM,2019,63.219
ASM,2019,87.147
ATG,2019,24.506
AUS,2019,86.124
AUT,2019,58.515
AZE,2019,56.031
BDI,2019,13.366
BEL,2019,98.041
BEN,2019,47.861
BFA,2019,29.98
BGD,2019,37.405
BGR,2019,75.347
BHR,2019,89.394
BHS,2019,83.132
BIH,2019,48.626
BLR,2019,79.044
BLZ,2019,45.866
BMU,2019,100.0
BOL,2019,69.773
BRA,2019,86.824
BRB,2019,31.158
BRN,2019,77.942
BTN,2019,41.612
BWA,2019,70.172
CAF,2019,41.77
CAN,2019,81.482
CHE,2019,73.849
CHL,2019,87.643
CHN,2019,60.308
CIV,2019,51.239
CMR,2019,56.968
COD,2019,45.046
COG,2019,67.373
COL,2019,81.104
COM,2019,29.164
CPV,2019,66.195
CRI,2019,80.076
CUB,2019,77.109
CYM,2019,100.0
CYP,2019,66.805
CZE,2019,73.921
DEU,2019,77.376
DJI,2019,77.915
DMA,2019,70.786
DNK,2019,87.994
DOM,2019,81.828
DZA,2019,73.189
ECU,2019,63.986
EGY,2019,42.73
ERI,2019,40.712
ESP,2019,80.565
EST,2019,69.051
ETH,2019,21.225
FIN,2019,85.446
FJI,2019,56.75
FRA,2019,80.709
FSM,2019,22.812
GAB,2019,89.741
GBR,2019,83.652
GEO,2019,59.039
GHA,2019,56.707
GIN,2019,36.5
GMB,2019,61.931
GNB,2019,43.777
GNQ,2019,72.627
GRC,2019,79.388
GRD,2019,36.396
GTM,2019,51.439
GUM,2019,94.859
GUY,2019,26.689
HKG,2019,100.0
HND,2019,57.73
HRV,2019,57.242
HTI,2019,56.192
HUN,2019,71.644
IDN,2019,55.985
IND,2019,34.472
IRL,2019,63.405
IRN,2019,75.391
IRQ,2019,70.678
ISL,2019,93.855
ISR,2019,92.501
ITA,2019,70.736
JAM,2019,55.985
JOR,2019,91.203
JPN,2019,91.698
KAZ,2019,57.54
KEN,2019,27.507
KGZ,2019,36.591
KHM,2019,23.805
KIR,2019,54.835
KNA,2019,30.799
KOR,2019,81.43
KWT,2019,100.0
LAO,2019,35.645
LBN,2019,88.758
LBR,2019,51.615
LBY,2019,80.393
LCA,2019,18.754
LIE,2019,14.371
LKA,2019,18.585
LSO,2019,28.585
LTU,2019,67.855
LUX,2019,91.223
LVA,2019,68.222
MAC,2019,100.0
MAF,2019,N/A
MAR,2019,62.994
MDA,2019,42.726
MDG,2019,37.861
MDV,2019,40.238
MEX,2019,80.444
MHL,2019,77.417
MKD,2019,58.208
MLI,2019,43.136
MLT,2019,94.678
MMR,2019,30.852
MNE,2019,67.15
MNG,2019,68.543
MNP,2019,91.708
MOZ,2019,36.528
MRT,2019,54.507
MUS,2019,40.766
MWI,2019,17.174
MYS,2019,76.607
NAM,2019,51.042
NCL,2019,71.104
NER,2019,16.517
NGA,2019,51.157
NIC,2019,58.76
NLD,2019,91.876
NOR,2019,82.616
NPL,2019,20.153
NZL,2019,86.615
OMN,2019,85.443
PAK,2019,36.907
PAN,2019,68.059
PER,2019,78.099
PHL,2019,47.149
PLW,2019,80.47
PNG,2019,13.25
POL,2019,60.037
PRI,2019,93.576
PRK,2019,62.134
PRT,2019,65.764
PRY,2019,61.879
PSE,2019,76.44
PYF,2019,61.897
QAT,2019,99.188
ROU,2019,54.084
RUS,2019,74.587
RWA,2019,17.313
SAU,2019,84.065
SDN,2019,34.936
SEN,2019,47.653
SGP,2019,100.0
SLB,2019,24.21
SLE,2019,42.484
SLV,2019,72.746
SOM,2019,45.554
SRB,2019,56.26
SSD,2019,19.899
STP,2019,73.598
SUR,2019,66.095
SVK,2019,53.729
SVN,2019,54.822
SWE,2019,87.708
SWZ,2019,23.981
SXM,2019,100.0
SYC,2019,57.119
SYR,2019,54.821
TCA,2019,93.36
TCD,2019,23.279
TGO,2019,42.248
THA,2019,50.692
TJK,2019,27.309
TKM,2019,52.048
TLS,2019,30.947
TON,2019,23.107
TTO,2019,53.187
TUN,2019,69.254
TUR,2019,75.63
TUV,2019,63.215
TZA,2019,34.5
UGA,2019,24.361
UKR,2019,69.473
URY,2019,95.426
USA,2019,82.459
UZB,2019,50.433
VCT,2019,52.614
VEN,2019,88.24
VGB,2019,48.116
VIR,2019,95.832
VNM,2019,36.628
VUT,2019,25.394
WSM,2019,18.056
YEM,2019,37.273
ZAF,2019,66.856
ZMB,2019,44.072
ZWE,2019,32.21
AFG,2020,26.026
AGO,2020,66.825
ALB,2020,62.112
ARE,2020,87.048
ARG,2020,92.111
ARM,2020,63.313
ASM,2020,87.153
ATG,2020,24.433
AUS,2020,86.241
AUT,2020,58.748
AZE,2020,56.397
BDI,2020,13.708
BEL,2020,98.079
BEN,2020,48.415
BFA,2020,30.607
BGD,2020,38.177
BGR,2020,75.686
BHR,2020,89.506
BHS,2020,83.245
BIH,2020,49.02
BLR,2020,79.483
BLZ,2020,46.025
BMU,2020,100.0
BOL,2020,70.123
BRA,2020,87.073
BRB,2020,31.191
BRN,2020,78.25
BTN,2020,42.316
BWA,2020,70.877
CAF,2020,42.198
CAN,2020,81.562
CHE,2020,73.915
CHL,2020,87.727
CHN,2020,61.428
CIV,2020,51.706
CMR,2020,57.56
COD,2020,45.638
COG,2020,67.829
COL,2020,81.425
COM,2020,29.38
CPV,2020,66.652
CRI,2020,80.771
CUB,2020,77.194
CYM,2020,100.0
CYP,2020,66.821
CZE,2020,74.061
DEU,2020,77.453
DJI,2020,78.062
DMA,2020,71.09
DNK,2020,88.116
DOM,2020,82.54
DZA,2020,73.733
ECU,2020,64.166
EGY,2020,42.783
ERI,2020,41.347
ESP,2020,80.81
EST,2020,69.229
ETH,2020,21.695
FIN,2020,85.517
FJI,2020,57.247
FRA,2020,80.975
FSM,2020,22.933
GAB,2020,90.092
GBR,2020,83.903
GEO,2020,59.453
GHA,2020,57.349
GIN,2020,36.875
GMB,2020,62.582
GNB,2020,44.196
GNQ,2020,73.1
GRC,2020,79.715
GRD,2020,36.537
GTM,2020,51.836
GUM,2020,94.938
GUY,2020,26.786
HKG,2020,100.0
HND,2020,58.359
HRV,2020,57.553
HTI,2020,57.088
HUN,2020,71.942
IDN,2020,56.641
IND,2020,34.926
IRL,2020,63.653
IRN,2020,75.874
IRQ,2020,70.893
ISL,2020,93.898
ISR,2020,92.587
ITA,2020,71.039
JAM,2020,56.311
JOR,2020,91.418
JPN,2020,91.782
KAZ,2020,57.671
KEN,2020,27.995
KGZ,2020,36.856
KHM,2020,24.232
KIR,2020,55.594
KNA,2020,30.843
KOR,2020,81.414
KWT,2020,100.0
LAO,2020,36.29
LBN,2020,88.925
LBR,2020,52.089
LBY,2020,80.691
LCA,2020,18.841
LIE,2020,14.416
LKA,2020,18.713
LSO,2020,29.028
LTU,2020,68.046
LUX,2020,91.453
LVA,2020,68.315
MAC,2020,100.0
MAF,2020,N/A
MAR,2020,63.532
MDA,2020,42.849
MDG,2020,38.534
MDV,2020,40.669
MEX,2020,80.731
MHL,2020,77.794
MKD,2020,58.482
MLI,2020,43.909
MLT,2020,94.744
MMR,2020,31.141
MNE,2020,67.488
MNG,2020,68.657
MNP,2020,91.798
MOZ,2020,37.074
MRT,2020,55.327
MUS,2020,40.76
MWI,2020,17.427
MYS,2020,77.16
NAM,2020,52.033
NCL,2020,71.518
NER,2020,16.626
NGA,2020,51.958
NIC,2020,59.012
NLD,2020,92.236
NOR,2020,82.974
NPL,2020,20.576
NZL,2020,86.699
OMN,2020,86.276
PAK,2020,37.165
PAN,2020,68.414
PER,2020,78.297
PHL,2020,47.408
PLW,2020,80.988
PNG,2020,13.345
POL,2020,60.043
PRI,2020,93.581
PRK,2020,62.381
PRT,2020,66.31
PRY,2020,62.183
PSE,2020,76.719
PYF,2020,61.975
QAT,2020,99.235
ROU,2020,54.194
RUS,2020,74.754
RWA,2020,17.432
SAU,2020,84.287
SDN,2020,35.253
SEN,2020,48.122
SGP,2020,100.0
SLB,2020,24.67
SLE,2020,42.923
SLV,2020,73.444
SOM,2020,46.141
SRB,2020,56.446
SSD,2020,20.199
STP,2020,74.354
SUR,2020,66.149
SVK,2020,53.76
SVN,2020,55.118
SWE,2020,87.977
SWZ,2020,24.171
SXM,2020,100.0
SYC,2020,57.546
SYR,2020,55.475
TCA,2020,93.605
TCD,2020,23.52
TGO,2020,42.8
THA,2020,51.43
TJK,2020,27.506
TKM,2020,52.516
TLS,2020,31.32
TON,2020,23.099
TTO,2020,53.214
TUN,2020,69.568
TUR,2020,76.105
TUV,2020,64.014
TZA,2020,35.227
UGA,2020,24.954
UKR,2020,69.608
URY,2020,95.515
USA,2020,82.664
UZB,2020,50.416
VCT,2020,53.032
VEN,2020,88.279
VGB,2020,48.515
VIR,2020,95.939
VNM,2020,37.34
VUT,2020,25.525
WSM,2020,17.889
YEM,2020,37.908
ZAF,2020,67.354
ZMB,2020,44.629
ZWE,2020,32.242
AFG,2021,26.314
AGO,2021,67.46
ALB,2021,62.969
ARE,2021,87.299
ARG,2021,92.229
ARM,2021,63.431
ASM,2021,87.169
ATG,2021,24.38
AUS,2021,86.362
AUT,2021,58.995
AZE,2021,56.776
BDI,2021,14.058
BEL,2021,98.117
BEN,2021,48.972
BFA,2021,31.24
BGD,2021,38.946
BGR,2021,76.025
BHR,2021,89.622
BHS,2021,83.365
BIH,2021,49.425
BLR,2021,79.91
BLZ,2021,46.201
BMU,2021,100.0
BOL,2021,70.475
BRA,2021,87.317
BRB,2021,31.246
BRN,2021,78.554
BTN,2021,43.008
BWA,2021,71.56
CAF,2021,42.648
CAN,2021,81.653
CHE,2021,73.996
CHL,2021,87.817
CHN,2021,62.512
CIV,2021,52.18
CMR,2021,58.148
COD,2021,46.235
COG,2021,68.283
COL,2021,81.74
COM,2021,29.613
CPV,2021,67.102
CRI,2021,81.425
CUB,2021,77.292
CYM,2021,100.0
CYP,2021,66.856
CZE,2021,74.214
DEU,2021,77.544
DJI,2021,78.217
DMA,2021,71.395
DNK,2021,88.24
DOM,2021,83.213
DZA,2021,74.261
ECU,2021,64.361
EGY,2021,42.862
ERI,2021,41.985
ESP,2021,81.056
EST,2021,69.415
ETH,2021,22.174
FIN,2021,85.596
FJI,2021,57.74
FRA,2021,81.242
FSM,2021,23.068
GAB,2021,90.423
GBR,2021,84.152
GEO,2021,59.872
GHA,2021,57.985
GIN,2021,37.264
GMB,2021,63.222
GNB,2021,44.617
GNQ,2021,73.561
GRC,2021,80.038
GRD,2021,36.694
GTM,2021,52.245
GUM,2021,95.015
GUY,2021,26.897
HKG,2021,100.0
HND,2021,58.982
HRV,2021,57.878
HTI,2021,57.964
HUN,2021,72.245
IDN,2021,57.29
IND,2021,35.393
IRL,2021,63.912
IRN,2021,76.345
IRQ,2021,71.119
ISL,2021,93.944
ISR,2021,92.674
ITA,2021,71.346
JAM,2021,56.652
JOR,2021,91.626
JPN,2021,91.867
KAZ,2021,57.821
KEN,2021,28.493
KGZ,2021,37.146
KHM,2021,24.668
KIR,2021,56.335
KNA,2021,30.906
KOR,2021,81.414
KWT,2021,100.0
LAO,2021,36.939
LBN,2021,89.093
LBR,2021,52.573
LBY,2021,80.994
LCA,2021,18.94
LIE,2021,14.471
LKA,2021,18.86
LSO,2021,29.48
LTU,2021,68.249
LUX,2021,91.672
LVA,2021,68.421
MAC,2021,100.0
MAF,2021,N/A
MAR,2021,64.065
MDA,2021,42.998
MDG,2021,39.207
MDV,2021,41.102
MEX,2021,81.016
MHL,2021,78.162
MKD,2021,58.786
MLI,2021,44.677
MLT,2021,94.81
MMR,2021,31.448
MNE,2021,67.826
MNG,2021,68.785
MNP,2021,91.89
MOZ,2021,37.628
MRT,2021,56.133
MUS,2021,40.775
MWI,2021,17.695
MYS,2021,77.696
NAM,2021,53.005
NCL,2021,71.925
NER,2021,16.751
NGA,2021,52.746
NIC,2021,59.277
NLD,2021,92.572
NOR,2021,83.323
NPL,2021,21.008
NZL,2021,86.789
OMN,2021,87.044
PAK,2021,37.44
PAN,2021,68.775
PER,2021,78.5
PHL,2021,47.684
PLW,2021,81.483
PNG,2021,13.456
POL,2021,60.075
PRI,2021,93.592
PRK,2021,62.642
PRT,2021,66.849
PRY,2021,62.496
PSE,2021,77.003
PYF,2021,62.066
QAT,2021,99.278
ROU,2021,54.329
RUS,2021,74.934
RWA,2021,17.568
SAU,2021,84.508
SDN,2021,35.593
SEN,2021,48.6
SGP,2021,100.0
SLB,2021,25.128
SLE,2021,43.372
SLV,2021,74.118
SOM,2021,46.731
SRB,2021,56.651
SSD,2021,20.514
STP,2021,75.073
SUR,2021,66.219
SVK,2021,53.82
SVN,2021,55.427
SWE,2021,88.238
SWZ,2021,24.369
SXM,2021,100.0
SYC,2021,57.972
SYR,2021,56.124
TCA,2021,93.834
TCD,2021,23.781
TGO,2021,43.358
THA,2021,52.163
TJK,2021,27.726
TKM,2021,52.998
TLS,2021,31.695
TON,2021,23.104
TTO,2021,53.265
TUN,2021,69.888
TUR,2021,76.569
TUV,2021,64.785
TZA,2021,35.954
UGA,2021,25.553
UKR,2021,69.757
URY,2021,95.603
USA,2021,82.873
UZB,2021,50.427
VCT,2021,53.452
VEN,2021,88.325
VGB,2021,48.92
VIR,2021,96.04
VNM,2021,38.052
VUT,2021,25.665
WSM,2021,17.742
YEM,2021,38.546
ZAF,2021,67.847
ZMB,2021,45.192
ZWE,2021,32.303
AFG,2022,26.616
AGO,2022,68.081
ALB,2022,63.799
ARE,2022,87.543
ARG,2022,92.347
ARM,2022,63.573
ASM,2022,87.196
ATG,2022,24.346
AUS,2022,86.488
AUT,2022,59.256
AZE,2022,57.17
BDI,2022,14.417
BEL,2022,98.153
BEN,2022,49.534
BFA,2022,31.877
BGD,2022,39.711
BGR,2022,76.363
BHR,2022,89.743
BHS,2022,83.492
BIH,2022,49.841
BLR,2022,80.326
BLZ,2022,46.396
BMU,2022,100.0
BOL,2022,70.83
BRA,2022,87.555
BRB,2022,31.324
BRN,2022,78.854
BTN,2022,43.686
BWA,2022,72.224
CAF,2022,43.12
CAN,2022,81.752
CHE,2022,74.092
CHL,2022,87.912
CHN,2022,63.56
CIV,2022,52.661
CMR,2022,58.733
COD,2022,46.837
COG,2022,68.736
COL,2022,82.05
COM,2022,29.864
CPV,2022,67.545
CRI,2022,82.042
CUB,2022,77.401
CYM,2022,100.0
CYP,2022,66.911
CZE,2022,74.377
DEU,2022,77.648
DJI,2022,78.38
DMA,2022,71.7
DNK,2022,88.367
DOM,2022,83.848
DZA,2022,74.772
ECU,2022,64.57
EGY,2022,42.967
ERI,2022,42.625
ESP,2022,81.304
EST,2022,69.609
ETH,2022,22.661
FIN,2022,85.681
FJI,2022,58.229
FRA,2022,81.509
FSM,2022,23.217
GAB,2022,90.735
GBR,2022,84.398
GEO,2022,60.297
GHA,2022,58.615
GIN,2022,37.668
GMB,2022,63.852
GNB,2022,45.041
GNQ,2022,74.01
GRC,2022,80.357
GRD,2022,36.868
GTM,2022,52.666
GUM,2022,95.091
GUY,2022,27.022
HKG,2022,100.0
HND,2022,59.6
HRV,2022,58.219
HTI,2022,58.82
HUN,2022,72.552
IDN,2022,57.934
IND,2022,35.872
IRL,2022,64.183
IRN,2022,76.807
IRQ,2022,71.354
ISL,2022,93.992
ISR,2022,92.763
ITA,2022,71.657
JAM,2022,57.008
JOR,2022,91.827
JPN,2022,91.955
KAZ,2022,57.99
KEN,2022,29.002
KGZ,2022,37.461
KHM,2022,25.114
KIR,2022,57.058
KNA,2022,30.991
KOR,2022,81.427
KWT,2022,100.0
LAO,2022,37.592
LBN,2022,89.262
LBR,2022,53.065
LBY,2022,81.302
LCA,2022,19.05
LIE,2022,14.538
LKA,2022,19.026
LSO,2022,29.943
LTU,2022,68.465
LUX,2022,91.881
LVA,2022,68.54
MAC,2022,100.0
MAF,2022,N/A
MAR,2022,64.596
MDA,2022,43.173
MDG,2022,39.882
MDV,2022,41.536
MEX,2022,81.3
MHL,2022,78.52
MKD,2022,59.118
MLI,2022,45.437
MLT,2022,94.875
MMR,2022,31.771
MNE,2022,68.164
MNG,2022,68.93
MNP,2022,91.983
MOZ,2022,38.187
MRT,2022,56.923
MUS,2022,40.81
MWI,2022,17.98
MYS,2022,78.214
NAM,2022,53.956
NCL,2022,72.325
NER,2022,16.894
NGA,2022,53.521
NIC,2022,59.556
NLD,2022,92.886
NOR,2022,83.664
NPL,2022,21.451
NZL,2022,86.884
OMN,2022,87.75
PAK,2022,37.731
PAN,2022,69.141
PER,2022,78.708
PHL,2022,47.977
PLW,2022,81.956
PNG,2022,13.582
POL,2022,60.134
PRI,2022,93.61
PRK,2022,62.916
PRT,2022,67.381
PRY,2022,62.818
PSE,2022,77.291
PYF,2022,62.17
QAT,2022,99.318
ROU,2022,54.489
RUS,2022,75.126
RWA,2022,17.721
SAU,2022,84.729
SDN,2022,35.956
SEN,2022,49.086
SGP,2022,100.0
SLB,2022,25.584
SLE,2022,43.831
SLV,2022,74.767
SOM,2022,47.324
SRB,2022,56.873
SSD,2022,20.846
STP,2022,75.755
SUR,2022,66.307
SVK,2022,53.909
SVN,2022,55.751
SWE,2022,88.492
SWZ,2022,24.576
SXM,2022,100.0
SYC,2022,58.396
SYR,2022,56.769
TCA,2022,94.047
TCD,2022,24.063
TGO,2022,43.921
THA,2022,52.889
TJK,2022,27.968
TKM,2022,53.494
TLS,2022,32.074
TON,2022,23.125
TTO,2022,53.34
TUN,2022,70.214
TUR,2022,77.022
TUV,2022,65.527
TZA,2022,36.682
UGA,2022,26.159
UKR,2022,69.919
URY,2022,95.688
USA,2022,83.084
UZB,2022,50.466
VCT,2022,53.875
VEN,2022,88.378
VGB,2022,49.331
VIR,2022,96.136
VNM,2022,38.766
VUT,2022,25.816
WSM,2022,17.616
YEM,2022,39.188
ZAF,2022,68.335
ZMB,2022,45.761
ZWE,2022,32.395
AFG,2023,26.933
AGO,2023,68.688
ALB,2023,64.603
ARE,2023,87.779
ARG,2023,92.463
ARM,2023,63.739
ASM,2023,87.235
ATG,2023,24.332
AUS,2023,86.617
AUT,2023,59.53
AZE,2023,57.577
BDI,2023,14.784
BEL,2023,98.189
BEN,2023,50.1
BFA,2023,32.52
BGD,2023,40.473
BGR,2023,76.701
BHR,2023,89.869
BHS,2023,83.625
BIH,2023,50.269
BLR,2023,80.731
BLZ,2023,46.608
BMU,2023,100.0
BOL,2023,71.186
BRA,2023,87.788
BRB,2023,31.425
BRN,2023,79.149
BTN,2023,44.35
BWA,2023,72.867
CAF,2023,43.614
CAN,2023,81.862
CHE,2023,74.202
CHL,2023,88.012
CHN,2023,64.57
CIV,2023,53.149
CMR,2023,59.315
COD,2023,47.444
COG,2023,69.188
COL,2023,82.354
COM,2023,30.132
CPV,2023,67.982
CRI,2023,82.622
CUB,2023,77.523
CYM,2023,100.0
CYP,2023,66.987
CZE,2023,74.552
DEU,2023,77.765
DJI,2023,78.552
DMA,2023,72.006
DNK,2023,88.495
DOM,2023,84.446
DZA,2023,75.268
ECU,2023,64.792
EGY,2023,43.1
ERI,2023,43.267
ESP,2023,81.552
EST,2023,69.81
ETH,2023,23.157
FIN,2023,85.773
FJI,2023,58.713
FRA,2023,81.777
FSM,2023,23.379
GAB,2023,91.029
GBR,2023,84.642
GEO,2023,60.727
GHA,2023,59.238
GIN,2023,38.085
GMB,2023,64.472
GNB,2023,45.466
GNQ,2023,74.448
GRC,2023,80.673
GRD,2023,37.059
GTM,2023,53.098
GUM,2023,95.166
GUY,2023,27.162
HKG,2023,100.0
HND,2023,60.212
HRV,2023,58.575
HTI,2023,59.656
HUN,2023,72.864
IDN,2023,58.572
IND,2023,36.364
IRL,2023,64.466
IRN,2023,77.257
IRQ,2023,71.599
ISL,2023,94.042
ISR,2023,92.854
ITA,2023,71.973
JAM,2023,57.378
JOR,2023,92.02
JPN,2023,92.043
KAZ,2023,58.179
KEN,2023,29.52
KGZ,2023,37.801
KHM,2023,25.57
KIR,2023,57.762
KNA,2023,31.096
KOR,2023,81.456
KWT,2023,100.0
LAO,2023,38.247
LBN,2023,89.432
LBR,2023,53.567
LBY,2023,81.606
LCA,2023,19.172
LIE,2023,14.617
LKA,2023,19.211
LSO,2023,30.415
LTU,2023,68.694
LUX,2023,92.078
LVA,2023,68.671
MAC,2023,100.0
MAF,2023,N/A
MAR,2023,65.121
MDA,2023,43.373
MDG,2023,40.556
MDV,2023,41.971
MEX,2023,81.582
MHL,2023,78.868
MKD,2023,59.479
MLI,2023,46.189
MLT,2023,94.941
MMR,2023,32.112
MNE,2023,68.502
MNG,2023,69.089
MNP,2023,92.076
MOZ,2023,38.753
MRT,2023,57.699
MUS,2023,40.867
MWI,2023,18.28
MYS,2023,78.716
NAM,2023,54.886
NCL,2023,72.719
NER,2023,17.054
NGA,2023,54.283
NIC,2023,59.849
NLD,2023,93.179
NOR,2023,83.995
NPL,2023,21.903
NZL,2023,86.985
OMN,2023,88.4
PAK,2023,38.04
PAN,2023,69.512
PER,2023,78.922
PHL,2023,48.287
PLW,2023,82.408
PNG,2023,13.723
POL,2023,60.218
PRI,2023,93.634
PRK,2023,63.203
PRT,2023,67.906
PRY,2023,63.149
PSE,2023,77.582
PYF,2023,62.288
QAT,2023,99.354
ROU,2023,54.672
RUS,2023,75.331
RWA,2023,17.892
SAU,2023,84.95
SDN,2023,36.342
SEN,2023,49.579
SGP,2023,100.0
SLB,2023,26.037
SLE,2023,44.3
SLV,2023,75.393
SOM,2023,47.92
SRB,2023,57.113
SSD,2023,21.195
STP,2023,76.401
SUR,2023,66.411
SVK,2023,54.027
SVN,2023,56.088
SWE,2023,88.738
SWZ,2023,24.79
SXM,2023,100.0
SYC,2023,58.82
SYR,2023,57.409
TCA,2023,94.247
TCD,2023,24.366
TGO,2023,44.49
THA,2023,53.608
TJK,2023,28.234
TKM,2023,54.003
TLS,2023,32.456
TON,2023,23.16
TTO,2023,53.439
TUN,2023,70.544
TUR,2023,77.463
TUV,2023,66.241
TZA,2023,37.409
UGA,2023,26.771
UKR,2023,70.095
URY,2023,95.771
USA,2023,83.298
UZB,2023,50.532
VCT,2023,54.299
VEN,2023,88.438
VGB,2023,49.748
VIR,2023,96.227
VNM,2023,39.48
VUT,2023,25.976
WSM,2023,17.508
YEM,2023,39.831
ZAF,2023,68.819
ZMB,2023,46.335
ZWE,2023,32.517
