Country Code,Year,gdp_per_capita
AFG,1960,
AGO,1960,
ALB,1960,
ARE,1960,
ARG,1960,7397.109655
ARM,1960,
ASM,1960,
ATG,1960,
AUS,1960,19905.31347
AUT,1960,11894.74408
AZE,1960,
BDI,1960,288.8789818
BEL,1960,11715.82688
BEN,1960,655.9130076
BFA,1960,244.1672579
BGD,1960,429.3987009
BGR,1960,
BHR,1960,
BHS,1960,18789.51158
BIH,1960,
BLR,1960,
BLZ,1960,1554.736509
BMU,1960,39906.02194
BOL,1960,1276.96577
BRA,1960,2603.519011
BRB,1960,7381.797144
BRN,1960,
BTN,1960,
BWA,1960,393.8617425
CAF,1960,575.8943915
CAN,1960,15432.47178
CHE,1960,39907.26395
CHL,1960,3283.956908
CHN,1960,238.217052
CIV,1960,1495.167468
CMR,1960,935.6999548
COD,1960,1255.696609
COG,1960,1192.856165
COL,1960,1961.229144
COM,1960,
CPV,1960,
CRI,1960,3609.409198
CUB,1960,
CYM,1960,
CYP,1960,
CZE,1960,
DEU,1960,12600.3274
DJI,1960,
DMA,1960,
DNK,1960,17520.74648
DOM,1960,1386.307282
DZA,1960,2388.420079
ECU,1960,2391.680043
EGY,1960,754.6651274
ERI,1960,
ESP,1960,6284.851985
EST,1960,
ETH,1960,
FIN,1960,11153.77878
FJI,1960,2135.001078
FRA,1960,10733.3039
FSM,1960,
GAB,1960,3311.296938
GBR,1960,15136.0246
GEO,1960,1438.215694
GHA,1960,1100.077343
GIN,1960,
GMB,1960,
GNB,1960,
GNQ,1960,
GRC,1960,4985.760464
GRD,1960,
GTM,1960,1884.560563
GUM,1960,
GUY,1960,2733.670174
HKG,1960,
HND,1960,1206.667873
HRV,1960,
HTI,1960,1735.026571
HUN,1960,2075.779858
IDN,1960,597.7345067
IND,1960,312.7778478
IRL,1960,8532.597193
IRN,1960,2345.110872
IRQ,1960,997.9255815
ISL,1960,13502.26592
ISR,1960,8756.373299
ITA,1960,9731.196254
JAM,1960,
JOR,1960,
JPN,1960,6388.878101
KAZ,1960,
KEN,1960,792.9580202
KGZ,1960,
KHM,1960,
KIR,1960,
KNA,1960,
KOR,1960,1027.654781
KWT,1960,
LAO,1960,
LBN,1960,
LBR,1960,2444.314695
LBY,1960,2818.01055
LCA,1960,
LIE,1960,
LKA,1960,
LSO,1960,262.7404305
LTU,1960,
LUX,1960,27861.16889
LVA,1960,
MAC,1960,
MAF,1960,
MAR,1960,
MDA,1960,
MDG,1960,812.2503619
MDV,1960,
MEX,1960,4145.793022
MHL,1960,
MKD,1960,
MLI,1960,
MLT,1960,
MMR,1960,129.7720402
MNE,1960,
MNG,1960,
MNP,1960,
MOZ,1960,
MRT,1960,
MUS,1960,1413.728252
MWI,1960,260.3728038
MYS,1960,1266.315257
NAM,1960,
NCL,1960,
NER,1960,742.4089108
NGA,1960,1454.980919
NIC,1960,1672.280625
NLD,1960,14369.9782
NOR,1960,19209.41499
NPL,1960,327.1552399
NZL,1960,17776.55107
OMN,1960,0.002354848378
PAK,1960,413.9618625
PAN,1960,2809.096355
PER,1960,2704.369499
PHL,1960,1123.7821
PLW,1960,
PNG,1960,1312.56006
POL,1960,
PRI,1960,6307.407293
PRK,1960,
PRT,1960,4066.962838
PRY,1960,1508.161413
PSE,1960,
PYF,1960,
QAT,1960,
ROU,1960,
RUS,1960,
RWA,1960,335.4405485
SAU,1960,15761.62789
SDN,1960,851.7324219
SEN,1960,1151.002139
SGP,1960,3611.953651
SLB,1960,
SLE,1960,789.4369531
SLV,1960,
SOM,1960,318.8248453
SRB,1960,
SSD,1960,
STP,1960,
SUR,1960,3940.081348
SVK,1960,
SVN,1960,
SWE,1960,16812.15163
SWZ,1960,
SXM,1960,
SYC,1960,3169.871936
SYR,1960,517.1311047
TCA,1960,
TCD,1960,556.4109749
TGO,1960,449.3425711
THA,1960,592.4656351
TJK,1960,
TKM,1960,
TLS,1960,
TON,1960,
TTO,1960,4291.331519
TUN,1960,
TUR,1960,2433.647958
TUV,1960,
TZA,1960,834.4924316
UGA,1960,
UKR,1960,
URY,1960,6634.190641
USA,1960,18991.5446
UZB,1960,
VCT,1960,1886.328676
VEN,1960,
VGB,1960,
VIR,1960,
VNM,1960,
VUT,1960,
WSM,1960,
YEM,1960,
ZAF,1960,3993.436797
ZMB,1960,1187.704601
ZWE,1960,1136.471271
AFG,1961,
AGO,1961,
ALB,1961,
ARE,1961,
ARG,1961,7670.595456
ARM,1961,
ASM,1961,
ATG,1961,
AUS,1961,19997.545
AUT,1961,12484.8087
AZE,1961,
BDI,1961,242.9415465
BEL,1961,12258.29979
BEN,1961,665.4312504
BFA,1961,250.394091
BGD,1961,442.7548028
BGR,1961,
BHR,1961,
BHS,1961,19793.22944
BIH,1961,
BLR,1961,
BLZ,1961,1590.495341
BMU,1961,40887.25533
BOL,1961,1277.284944
BRA,1961,2743.388889
BRB,1961,7873.047802
BRN,1961,
BTN,1961,
BWA,1961,409.5021665
CAF,1961,593.1895583
CAN,1961,15605.52322
CHE,1961,42297.96474
CHL,1961,3385.027622
CHN,1961,175.0236815
CIV,1961,1584.797008
CMR,1961,932.2800269
COD,1961,1091.023744
COG,1961,1259.504326
COL,1961,1998.423162
COM,1961,
CPV,1961,
CRI,1961,3542.674004
CUB,1961,
CYM,1961,
CYP,1961,
CZE,1961,
DEU,1961,13041.15947
DJI,1961,
DMA,1961,
DNK,1961,18508.69644
DOM,1961,1312.125962
DZA,1961,2027.273515
ECU,1961,2444.259029
EGY,1961,773.3599527
ERI,1961,
ESP,1961,6963.897991
EST,1961,
ETH,1961,240.267722
FIN,1961,11917.58566
FJI,1961,2143.815284
FRA,1961,11133.14707
FSM,1961,
GAB,1961,3756.641608
GBR,1961,15427.1318
GEO,1961,1484.579369
GHA,1961,1105.805288
GIN,1961,
GMB,1961,
GNB,1961,
GNQ,1961,
GRC,1961,5599.497353
GRD,1961,
GTM,1961,1908.029083
GUM,1961,
GUY,1961,2795.915966
HKG,1961,3956.034867
HND,1961,1194.769135
HRV,1961,
HTI,1961,1653.899226
HUN,1961,2163.513355
IDN,1961,614.6780004
IND,1961,316.7396447
IRL,1961,8973.931492
IRN,1961,2512.11791
IRQ,1961,1045.351594
ISL,1961,13231.86856
ISR,1961,9421.106219
ITA,1961,10459.71436
JAM,1961,
JOR,1961,
JPN,1961,7094.470465
KAZ,1961,
KEN,1961,704.5324132
KGZ,1961,
KHM,1961,
KIR,1961,
KNA,1961,
KOR,1961,1066.803852
KWT,1961,
LAO,1961,
LBN,1961,
LBR,1961,2443.496595
LBY,1961,2971.843678
LCA,1961,
LIE,1961,
LKA,1961,659.6933063
LSO,1961,259.7662448
LTU,1961,
LUX,1961,28665.75675
LVA,1961,
MAC,1961,
MAF,1961,
MAR,1961,
MDA,1961,
MDG,1961,807.5400732
MDV,1961,
MEX,1961,4219.181509
MHL,1961,
MKD,1961,
MLI,1961,
MLT,1961,
MMR,1961,127.5642812
MNE,1961,
MNG,1961,
MNP,1961,
MOZ,1961,
MRT,1961,1258.290893
MUS,1961,1726.358744
MWI,1961,273.6716214
MYS,1961,1327.776509
NAM,1961,
NCL,1961,
NER,1961,753.9810294
NGA,1961,1428.117093
NIC,1961,1744.725161
NLD,1961,14224.12327
NOR,1961,20252.96514
NPL,1961,327.1060423
NZL,1961,18002.38959
OMN,1961,0.002340350982
PAK,1961,427.4144428
PAN,1961,3025.05532
PER,1961,2819.644487
PHL,1961,1150.629066
PLW,1961,
PNG,1961,1358.941346
POL,1961,
PRI,1961,6634.174605
PRK,1961,
PRT,1961,4257.649245
PRY,1961,1575.524061
PSE,1961,
PYF,1961,
QAT,1961,
ROU,1961,
RUS,1961,
RWA,1961,312.2950296
SAU,1961,16998.83425
SDN,1961,828.7669678
SEN,1961,1152.522904
SGP,1961,3777.394635
SLB,1961,
SLE,1961,791.2063469
SLV,1961,
SOM,1961,300.5134476
SRB,1961,
SSD,1961,
STP,1961,
SUR,1961,3994.895696
SVK,1961,
SVN,1961,
SWE,1961,17683.79759
SWZ,1961,
SXM,1961,
SYC,1961,2931.522959
SYR,1961,556.2549979
TCA,1961,
TCD,1961,552.9279684
TGO,1961,495.2604704
THA,1961,606.2055927
TJK,1961,
TKM,1961,
TLS,1961,
TON,1961,
TTO,1961,4790.515795
TUN,1961,1422.019118
TUR,1961,2395.050668
TUV,1961,
TZA,1961,820.2597656
UGA,1961,
UKR,1961,
URY,1961,6714.425649
USA,1961,19108.93536
UZB,1961,
VCT,1961,1937.698763
VEN,1961,
VGB,1961,
VIR,1961,
VNM,1961,
VUT,1961,
WSM,1961,
YEM,1961,
ZAF,1961,4032.222725
ZMB,1961,1166.745964
ZWE,1961,1171.052038
AFG,1962,
AGO,1962,
ALB,1962,
ARE,1962,
ARG,1962,7480.271724
ARM,1962,
ASM,1962,
ATG,1962,
AUS,1962,19767.95708
AUT,1962,12737.18532
AZE,1962,
BDI,1962,258.3243013
BEL,1962,12845.96691
BEN,1962,631.4207151
BFA,1962,261.8809169
BGD,1962,453.5348809
BGR,1962,
BHR,1962,
BHS,1962,20790.80033
BIH,1962,
BLR,1962,
BLZ,1962,1626.449461
BMU,1962,41637.36314
BOL,1962,1321.009161
BRA,1962,2838.472299
BRB,1962,8510.625218
BRN,1962,
BTN,1962,
BWA,1962,426.9016379
CAF,1962,560.3267682
CAN,1962,16455.75352
CHE,1962,43214.51551
CHL,1962,3449.945685
CHN,1962,163.9070438
CIV,1962,1544.730841
CMR,1962,942.7592899
COD,1962,1288.327776
COG,1962,1290.763256
COL,1962,2042.635277
COM,1962,
CPV,1962,
CRI,1962,3600.833093
CUB,1962,
CYM,1962,
CYP,1962,
CZE,1962,
DEU,1962,13524.64911
DJI,1962,
DMA,1962,
DNK,1962,19405.89569
DOM,1962,1488.715784
DZA,1962,1604.487738
ECU,1962,2492.226227
EGY,1962,782.464129
ERI,1962,
ESP,1962,7586.921056
EST,1962,
ETH,1962,244.4244317
FIN,1962,12189.78911
FJI,1962,2153.386143
FRA,1962,11779.29038
FSM,1962,
GAB,1962,3987.373027
GBR,1962,15464.82661
GEO,1962,1536.956235
GHA,1962,1123.832647
GIN,1962,
GMB,1962,
GNB,1962,
GNQ,1962,
GRC,1962,5586.542242
GRD,1962,
GTM,1962,1917.853231
GUM,1962,
GUY,1962,2765.602327
HKG,1962,4333.854001
HND,1962,1228.423369
HRV,1962,
HTI,1962,1752.00307
HUN,1962,2288.092956
IDN,1962,608.6728308
IND,1962,318.3819458
IRL,1962,9224.523973
IRN,1962,2629.728193
IRQ,1962,1061.124931
ISL,1962,14068.88926
ISR,1962,9889.125909
ITA,1962,11033.68886
JAM,1962,
JOR,1962,
JPN,1962,7655.05526
KAZ,1962,
KEN,1962,742.2148027
KGZ,1962,
KHM,1962,
KIR,1962,
KNA,1962,
KOR,1962,1077.11603
KWT,1962,
LAO,1962,
LBN,1962,
LBR,1962,2415.69266
LBY,1962,3777.530945
LCA,1962,
LIE,1962,
LKA,1962,668.3804733
LSO,1962,290.7832964
LTU,1962,
LUX,1962,28701.49643
LVA,1962,
MAC,1962,
MAF,1962,
MAR,1962,
MDA,1962,
MDG,1962,804.7131474
MDV,1962,
MEX,1962,4276.143265
MHL,1962,
MKD,1962,
MLI,1962,
MLT,1962,
MMR,1962,129.8879414
MNE,1962,
MNG,1962,
MNP,1962,
MOZ,1962,
MRT,1962,1233.870626
MUS,1962,1691.597878
MWI,1962,268.9305904
MYS,1962,1376.65801
NAM,1962,
NCL,1962,
NER,1962,807.6727625
NGA,1962,1455.817374
NIC,1962,1877.618259
NLD,1962,14982.60144
NOR,1962,20656.2514
NPL,1962,326.9317614
NZL,1962,18091.22576
OMN,1962,0.002761223584
PAK,1962,435.1234636
PAN,1962,3177.40184
PER,1962,3013.567792
PHL,1962,1168.608801
PLW,1962,
PNG,1962,1412.567848
POL,1962,
PRI,1962,7037.95691
PRK,1962,
PRT,1962,4506.630751
PRY,1962,1589.795456
PSE,1962,
PYF,1962,
QAT,1962,
ROU,1962,
RUS,1962,
RWA,1962,339.0418272
SAU,1962,18339.10152
SDN,1962,861.4763184
SEN,1962,1118.941058
SGP,1962,3951.76047
SLB,1962,
SLE,1962,813.7102234
SLV,1962,
SOM,1962,313.4926293
SRB,1962,
SSD,1962,
STP,1962,
SUR,1962,3988.1114
SVK,1962,
SVN,1962,
SWE,1962,18335.55252
SWZ,1962,
SXM,1962,
SYC,1962,3094.823233
SYR,1962,672.5614948
TCA,1962,
TCD,1962,570.8887315
TGO,1962,504.9809025
THA,1962,632.9830357
TJK,1962,
TKM,1962,
TLS,1962,
TON,1962,
TTO,1962,4826.553249
TUN,1962,1340.333251
TUR,1962,2461.135084
TUV,1962,
TZA,1962,869.289978
UGA,1962,
UKR,1962,
URY,1962,6529.056729
USA,1962,19965.14358
UZB,1962,
VCT,1962,1977.81973
VEN,1962,
VGB,1962,
VIR,1962,
VNM,1962,
VUT,1962,
WSM,1962,
YEM,1962,
ZAF,1962,4155.857115
ZMB,1962,1102.445822
ZWE,1962,1151.078833
AFG,1963,
AGO,1963,
ALB,1963,
ARE,1963,
ARG,1963,6967.750196
ARM,1963,
ASM,1963,
ATG,1963,
AUS,1963,20597.92606
AUT,1963,13179.3524
AZE,1963,
BDI,1963,263.4003664
BEL,1963,13305.12719
BEN,1963,649.2601231
BFA,1963,254.731183
BGD,1963,438.49751
BGR,1963,
BHR,1963,
BHS,1963,21857.17003
BIH,1963,
BLR,1963,
BLZ,1963,1661.02467
BMU,1963,41060.97613
BOL,1963,1381.644095
BRA,1963,2772.579949
BRB,1963,7999.08328
BRN,1963,
BTN,1963,
BWA,1963,441.7280456
CAF,1963,545.5814087
CAN,1963,17007.69074
CHE,1963,44364.46605
CHL,1963,3578.532676
CHN,1963,176.4004558
CIV,1963,1701.850981
CMR,1963,956.8917287
COD,1963,1320.038179
COG,1963,1206.153414
COL,1963,2046.307564
COM,1963,
CPV,1963,
CRI,1963,3713.741159
CUB,1963,
CYM,1963,
CYP,1963,
CZE,1963,
DEU,1963,13766.53554
DJI,1963,
DMA,1963,
DNK,1963,19376.28034
DOM,1963,1537.649397
DZA,1963,2122.431092
ECU,1963,2472.248968
EGY,1963,842.3261123
ERI,1963,
ESP,1963,8242.392569
EST,1963,
ETH,1963,248.9690864
FIN,1963,12501.5396
FJI,1963,2219.483122
FRA,1963,12384.53659
FSM,1963,
GAB,1963,4176.149995
GBR,1963,16095.44214
GEO,1963,1578.119186
GHA,1963,1145.658689
GIN,1963,
GMB,1963,
GNB,1963,
GNQ,1963,
GRC,1963,6225.129322
GRD,1963,
GTM,1963,2040.171308
GUM,1963,
GUY,1963,2373.894072
HKG,1963,4847.35269
HND,1963,1236.80305
HRV,1963,
HTI,1963,1688.671124
HUN,1963,2412.229872
IDN,1963,578.4809529
IND,1963,329.6414949
IRL,1963,9605.968133
IRN,1963,2729.806551
IRQ,1963,1051.080488
ISL,1963,15241.61688
ISR,1963,10551.1151
ITA,1963,11567.94587
JAM,1963,
JOR,1963,
JPN,1963,8219.987397
KAZ,1963,
KEN,1963,776.6140532
KGZ,1963,
KHM,1963,
KIR,1963,
KNA,1963,
KOR,1963,1142.027629
KWT,1963,
LAO,1963,
LBN,1963,
LBR,1963,2409.49542
LBY,1963,4893.767784
LCA,1963,
LIE,1963,
LKA,1963,668.6381018
LSO,1963,312.2411452
LTU,1963,
LUX,1963,29381.70158
LVA,1963,
MAC,1963,
MAF,1963,
MAR,1963,
MDA,1963,
MDG,1963,776.8840578
MDV,1963,
MEX,1963,4474.727509
MHL,1963,
MKD,1963,
MLI,1963,
MLT,1963,
MMR,1963,144.0007929
MNE,1963,
MNG,1963,
MNP,1963,
MOZ,1963,
MRT,1963,1176.582067
MUS,1963,1877.022903
MWI,1963,258.785106
MYS,1963,1439.554901
NAM,1963,
NCL,1963,
NER,1963,858.5469511
NGA,1963,1547.483955
NIC,1963,2019.89222
NLD,1963,15317.707
NOR,1963,21276.6122
NPL,1963,326.6479351
NZL,1963,18817.60836
OMN,1963,0.002830315674
PAK,1963,460.5769713
PAN,1963,3345.645943
PER,1963,3054.093417
PHL,1963,1211.8215
PLW,1963,
PNG,1963,1437.514856
POL,1963,
PRI,1963,7481.306376
PRK,1963,
PRT,1963,4752.120128
PRY,1963,1624.518695
PSE,1963,
PYF,1963,
QAT,1963,
ROU,1963,
RUS,1963,
RWA,1963,298.9102779
SAU,1963,19212.35004
SDN,1963,813.2930908
SEN,1963,1108.081624
SGP,1963,4239.992662
SLB,1963,
SLE,1963,813.6403529
SLV,1963,
SOM,1963,313.9803787
SRB,1963,
SSD,1963,
STP,1963,
SUR,1963,4025.397612
SVK,1963,
SVN,1963,
SWE,1963,19203.91326
SWZ,1963,
SXM,1963,
SYC,1963,3322.942605
SYR,1963,596.1983753
TCA,1963,
TCD,1963,550.4377334
TGO,1963,520.5816444
THA,1963,663.5543658
TJK,1963,
TKM,1963,
TLS,1963,
TON,1963,
TTO,1963,5002.657766
TUN,1963,1180.788411
TUR,1963,2613.447614
TUV,1963,
TZA,1963,897.0410767
UGA,1963,
UKR,1963,
URY,1963,6464.239376
USA,1963,20545.78425
UZB,1963,
VCT,1963,1826.949488
VEN,1963,
VGB,1963,
VIR,1963,
VNM,1963,
VUT,1963,
WSM,1963,
YEM,1963,
ZAF,1963,4329.07392
ZMB,1963,1103.108132
ZWE,1963,1184.998997
AFG,1964,
AGO,1964,
ALB,1964,
ARE,1964,
ARG,1964,7551.024908
ARM,1964,
ASM,1964,
ATG,1964,
AUS,1964,21607.49222
AUT,1964,13893.58579
AZE,1964,
BDI,1964,272.0627358
BEL,1964,14096.66774
BEN,1964,679.3564469
BFA,1964,256.5689115
BGD,1964,472.5263779
BGR,1964,
BHR,1964,
BHS,1964,23053.32409
BIH,1964,
BLR,1964,
BLZ,1964,1694.310906
BMU,1964,44570.9986
BOL,1964,1406.290444
BRA,1964,2785.074432
BRB,1964,8315.38348
BRN,1964,
BTN,1964,
BWA,1964,460.8244341
CAF,1964,545.8748922
CAN,1964,17800.86413
CHE,1964,45930.29298
CHL,1964,3598.497818
CHN,1964,203.6878342
CIV,1964,1925.781852
CMR,1964,969.2290477
COD,1964,1253.819527
COG,1964,1218.55874
COL,1964,2108.008781
COM,1964,
CPV,1964,
CRI,1964,3718.236031
CUB,1964,
CYM,1964,
CYP,1964,
CZE,1964,
DEU,1964,14562.83589
DJI,1964,
DMA,1964,
DNK,1964,21003.911
DOM,1964,1592.723172
DZA,1964,2209.906979
ECU,1964,2578.959354
EGY,1964,915.1286329
ERI,1964,
ESP,1964,8594.115688
EST,1964,
ETH,1964,252.4197405
FIN,1964,13083.46787
FJI,1964,2256.386635
FRA,1964,13040.56671
FSM,1964,
GAB,1964,4307.947118
GBR,1964,16885.79277
GEO,1964,1640.504494
GHA,1964,1143.425598
GIN,1964,
GMB,1964,
GNB,1964,
GNQ,1964,
GRC,1964,6786.24147
GRD,1964,
GTM,1964,2073.588122
GUM,1964,
GUY,1964,2587.337457
HKG,1964,5139.829849
HND,1964,1267.120059
HRV,1964,
HTI,1964,1631.540712
HUN,1964,2517.646396
IDN,1964,582.039622
IND,1964,346.0118833
IRL,1964,9921.303233
IRN,1964,2870.380126
IRQ,1964,1167.096492
ISL,1964,16452.67391
ISR,1964,10946.83804
ITA,1964,11794.16084
JAM,1964,
JOR,1964,
JPN,1964,9084.795181
KAZ,1964,
KEN,1964,783.7772739
KGZ,1964,
KHM,1964,
KIR,1964,
KNA,1964,
KOR,1964,1217.946994
KWT,1964,
LAO,1964,
LBN,1964,
LBR,1964,2470.567914
LBY,1964,6843.48145
LCA,1964,
LIE,1964,
LKA,1964,677.9093346
LSO,1964,328.1981913
LTU,1964,
LUX,1964,31339.86772
LVA,1964,
MAC,1964,
MAF,1964,
MAR,1964,
MDA,1964,
MDG,1964,787.0589496
MDV,1964,
MEX,1964,4845.874428
MHL,1964,
MKD,1964,
MLI,1964,
MLT,1964,
MMR,1964,132.5224396
MNE,1964,
MNG,1964,
MNP,1964,
MOZ,1964,
MRT,1964,1460.646122
MUS,1964,1706.124077
MWI,1964,259.2381229
MYS,1964,1477.831564
NAM,1964,
NCL,1964,
NER,1964,835.2215099
NGA,1964,1589.68156
NIC,1964,2188.826782
NLD,1964,16364.83589
NOR,1964,22174.35623
NPL,1964,344.3030034
NZL,1964,19552.16732
OMN,1964,0.00277430599
PAK,1964,482.253589
PAN,1964,3389.554224
PER,1964,3161.278659
PHL,1964,1214.709258
PLW,1964,
PNG,1964,1527.229888
POL,1964,
PRI,1964,7854.210724
PRK,1964,
PRT,1964,5049.213144
PRY,1964,1651.132049
PSE,1964,
PYF,1964,
QAT,1964,
ROU,1964,
RUS,1964,
RWA,1964,255.6925661
SAU,1964,20138.55441
SDN,1964,780.6617432
SEN,1964,1118.910765
SGP,1964,4004.458794
SLB,1964,
SLE,1964,852.9491155
SLV,1964,
SOM,1964,287.18291
SRB,1964,
SSD,1964,
STP,1964,
SUR,1964,4120.486121
SVK,1964,
SVN,1964,
SWE,1964,20361.15242
SWZ,1964,
SXM,1964,
SYC,1964,3432.560455
SYR,1964,631.8621931
TCA,1964,
TCD,1964,525.8153836
TGO,1964,582.2944544
THA,1964,688.0173073
TJK,1964,
TKM,1964,
TLS,1964,
TON,1964,
TTO,1964,5289.084556
TUN,1964,1109.847407
TUR,1964,2684.797952
TUV,1964,
TZA,1964,918.5549316
UGA,1964,
UKR,1964,
URY,1964,6548.586872
USA,1964,21437.58407
UZB,1964,
VCT,1964,1868.120965
VEN,1964,
VGB,1964,
VIR,1964,
VNM,1964,
VUT,1964,
WSM,1964,
YEM,1964,
ZAF,1964,4532.234305
ZMB,1964,1199.39219
ZWE,1964,1135.505609
AFG,1965,
AGO,1965,
ALB,1965,
ARE,1965,
ARG,1965,8219.551556
ARM,1965,
ASM,1965,
ATG,1965,
AUS,1965,22455.25098
AUT,1965,14283.99732
AZE,1965,
BDI,1965,275.1379179
BEL,1965,14466.62699
BEN,1965,701.3321451
BFA,1965,262.001317
BGD,1965,466.2974162
BGR,1965,
BHR,1965,
BHS,1965,24351.4507
BIH,1965,
BLR,1965,
BLZ,1965,1725.673302
BMU,1965,45658.59445
BOL,1965,1444.227122
BRA,1965,2772.671764
BRB,1965,9172.240867
BRN,1965,
BTN,1965,
BWA,1965,480.4906498
CAF,1965,539.8170402
CAN,1965,18585.88146
CHE,1965,46358.45086
CHL,1965,3564.007852
CHN,1965,232.6072068
CIV,1965,1795.154465
CMR,1965,966.950594
COD,1965,1231.993894
COG,1965,1228.776009
COL,1965,2119.994987
COM,1965,
CPV,1965,
CRI,1965,3890.273123
CUB,1965,
CYM,1965,
CYP,1965,
CZE,1965,
DEU,1965,15196.32661
DJI,1965,
DMA,1965,
DNK,1965,21790.23124
DOM,1965,1353.518837
DZA,1965,2311.739746
ECU,1965,2586.067617
EGY,1965,935.9542135
ERI,1965,
ESP,1965,9032.899621
EST,1965,
ETH,1965,259.915858
FIN,1965,13731.41211
FJI,1965,2129.251805
FRA,1965,13537.04862
FSM,1965,
GAB,1965,4601.58265
GBR,1965,17135.07448
GEO,1965,1789.993422
GHA,1965,1131.601667
GIN,1965,
GMB,1965,
GNB,1965,
GNQ,1965,
GRC,1965,7481.903299
GRD,1965,
GTM,1965,2102.466623
GUM,1965,
GUY,1965,2799.889244
HKG,1965,5739.60358
HND,1965,1342.514965
HRV,1965,
HTI,1965,1636.198146
HUN,1965,3575.462586
IDN,1965,573.6424741
IND,1965,329.3925745
IRL,1965,10075.3426
IRN,1965,3255.501358
IRQ,1965,1249.761567
ISL,1965,17349.88634
ISR,1965,11522.15226
ITA,1965,12077.46202
JAM,1965,
JOR,1965,
JPN,1965,9510.549566
KAZ,1965,
KEN,1965,768.3120093
KGZ,1965,
KHM,1965,
KIR,1965,
KNA,1965,
KOR,1965,1274.272444
KWT,1965,
LAO,1965,
LBN,1965,
LBR,1965,2524.011734
LBY,1965,8525.205072
LCA,1965,
LIE,1965,
LKA,1965,678.3256153
LSO,1965,325.5905389
LTU,1965,
LUX,1965,30757.62262
LVA,1965,
MAC,1965,
MAF,1965,
MAR,1965,
MDA,1965,
MDG,1965,763.4036706
MDV,1965,
MEX,1965,5021.347993
MHL,1965,
MKD,1965,
MLI,1965,
MLT,1965,
MMR,1965,143.4172178
MNE,1965,
MNG,1965,
MNP,1965,
MOZ,1965,
MRT,1965,1648.155088
MUS,1965,1721.809888
MWI,1965,287.4292371
MYS,1965,1551.336167
NAM,1965,
NCL,1965,
NER,1965,867.9044265
NGA,1965,1631.559875
NIC,1965,2325.02106
NLD,1965,17536.8825
NOR,1965,23165.63154
NPL,1965,333.2490807
NZL,1965,20407.72502
OMN,1965,2726.458832
PAK,1965,518.1302668
PAN,1965,3590.436954
PER,1965,3244.427525
PHL,1965,1241.109217
PLW,1965,
PNG,1965,1648.279832
POL,1965,
PRI,1965,8445.134869
PRK,1965,
PRT,1965,5448.511363
PRY,1965,1710.032896
PSE,1965,
PYF,1965,22582.08418
QAT,1965,
ROU,1965,
RUS,1965,
RWA,1965,266.5515631
SAU,1965,21759.20286
SDN,1965,808.8544312
SEN,1965,1101.64023
SGP,1965,4214.509287
SLB,1965,
SLE,1965,897.7959778
SLV,1965,2636.996619
SOM,1965,263.1028078
SRB,1965,
SSD,1965,
STP,1965,
SUR,1965,4456.89703
SVK,1965,
SVN,1965,
SWE,1965,20941.09094
SWZ,1965,
SXM,1965,
SYC,1965,3311.93105
SYR,1965,626.6280515
TCA,1965,
TCD,1965,518.5395107
TGO,1965,654.061733
THA,1965,722.3922992
TJK,1965,
TKM,1965,
TLS,1965,
TON,1965,
TTO,1965,5237.087238
TUN,1965,1064.734578
TUR,1965,2692.142184
TUV,1965,
TZA,1965,929.9898682
UGA,1965,
UKR,1965,
URY,1965,6547.982998
USA,1965,22526.20551
UZB,1965,
VCT,1965,1860.236104
VEN,1965,
VGB,1965,
VIR,1965,
VNM,1965,
VUT,1965,
WSM,1965,
YEM,1965,
ZAF,1965,4664.096991
ZMB,1965,1355.45681
ZWE,1965,1154.271077
AFG,1966,
AGO,1966,
ALB,1966,
ARE,1966,
ARG,1966,8041.224874
ARM,1966,
ASM,1966,
ATG,1966,
AUS,1966,22470.51761
AUT,1966,14984.55297
AZE,1966,
BDI,1966,280.9791597
BEL,1966,14822.71758
BEN,1966,711.8581705
BFA,1966,259.1302852
BGD,1966,464.560595
BGR,1966,
BHR,1966,
BHS,1966,25373.48709
BIH,1966,
BLR,1966,
BLZ,1966,1753.865977
BMU,1966,51062.40815
BOL,1966,1514.706977
BRA,1966,2878.699794
BRB,1966,9439.020876
BRN,1966,
BTN,1966,
BWA,1966,508.1417273
CAF,1966,531.9030913
CAN,1966,19476.02704
CHE,1966,47005.68737
CHL,1966,3891.591144
CHN,1966,250.3049027
CIV,1966,1927.012912
CMR,1966,988.5944378
COD,1966,1278.485233
COG,1966,1210.73884
COL,1966,2167.356708
COM,1966,
CPV,1966,
CRI,1966,4029.533842
CUB,1966,
CYM,1966,
CYP,1966,
CZE,1966,
DEU,1966,15493.82838
DJI,1966,
DMA,1966,
DNK,1966,22208.42892
DOM,1966,1491.543739
DZA,1966,2161.491339
ECU,1966,2501.915579
EGY,1966,958.8506569
ERI,1966,
ESP,1966,9588.733203
EST,1966,
ETH,1966,271.6034822
FIN,1966,14004.64619
FJI,1966,2068.361892
FRA,1966,14119.52065
FSM,1966,
GAB,1966,4738.291469
GBR,1966,17307.97522
GEO,1966,1902.996065
GHA,1966,1057.664208
GIN,1966,
GMB,1966,541.0801888
GNB,1966,
GNQ,1966,
GRC,1966,7909.245059
GRD,1966,
GTM,1966,2156.038322
GUM,1966,
GUY,1966,2885.010838
HKG,1966,5791.098448
HND,1966,1374.421825
HRV,1966,
HTI,1966,1596.976597
HUN,1966,3828.457999
IDN,1966,575.8633016
IND,1966,322.2413178
IRL,1966,10124.85767
IRN,1966,3518.616218
IRQ,1966,1268.039837
ISL,1966,18551.28342
ISR,1966,11223.94654
ITA,1966,12701.16188
JAM,1966,3921.009364
JOR,1966,
JPN,1966,10426.6399
KAZ,1966,
KEN,1966,847.0284818
KGZ,1966,
KHM,1966,
KIR,1966,
KNA,1966,
KOR,1966,1391.672463
KWT,1966,
LAO,1966,
LBN,1966,
LBR,1966,2650.225957
LBY,1966,9863.913689
LCA,1966,
LIE,1966,
LKA,1966,695.3980319
LSO,1966,314.0552857
LTU,1966,
LUX,1966,30874.7108
LVA,1966,
MAC,1966,
MAF,1966,
MAR,1966,844.244873
MDA,1966,
MDG,1966,758.9282051
MDV,1966,
MEX,1966,5153.814691
MHL,1966,
MKD,1966,
MLI,1966,
MLT,1966,
MMR,1966,133.3982547
MNE,1966,
MNG,1966,
MNP,1966,
MOZ,1966,
MRT,1966,1603.938739
MUS,1966,1626.221537
MWI,1966,317.6195842
MYS,1966,1631.475898
NAM,1966,
NCL,1966,
NER,1966,840.5395317
NGA,1966,1528.594504
NIC,1966,2328.591569
NLD,1966,17783.95444
NOR,1966,23851.61258
NPL,1966,349.3549515
NZL,1966,21298.00016
OMN,1966,2803.36374
PAK,1966,533.1226295
PAN,1966,3749.337414
PER,1966,3413.005578
PHL,1966,1257.984407
PLW,1966,
PNG,1966,1705.990591
POL,1966,
PRI,1966,8971.253005
PRK,1966,
PRT,1966,5713.622248
PRY,1966,1702.114018
PSE,1966,
PYF,1966,23921.76272
QAT,1966,
ROU,1966,
RUS,1966,
RWA,1966,277.2627254
SAU,1966,22678.92851
SDN,1966,757.5188599
SEN,1966,1100.594862
SGP,1966,4529.52603
SLB,1966,
SLE,1966,896.3661959
SLV,1966,2747.271954
SOM,1966,279.6007839
SRB,1966,
SSD,1966,
STP,1966,
SUR,1966,5133.974973
SVK,1966,
SVN,1966,
SWE,1966,21176.46662
SWZ,1966,
SXM,1966,
SYC,1966,3679.300507
SYR,1966,560.7069016
TCA,1966,
TCD,1966,499.3015786
TGO,1966,691.4519596
THA,1966,779.3049783
TJK,1966,
TKM,1966,
TLS,1966,
TON,1966,
TTO,1966,5365.676848
TUN,1966,1079.996928
TUR,1966,2918.885285
TUV,1966,
TZA,1966,1006.959167
UGA,1966,
UKR,1966,
URY,1966,6682.546995
USA,1966,23714.93903
UZB,1966,
VCT,1966,1837.501502
VEN,1966,
VGB,1966,
VIR,1966,
VNM,1966,
VUT,1966,
WSM,1966,
YEM,1966,
ZAF,1966,4722.49942
ZMB,1966,1239.689216
ZWE,1966,1135.494843
AFG,1967,
AGO,1967,
ALB,1967,
ARE,1967,
ARG,1967,8172.274565
ARM,1967,
ASM,1967,
ATG,1967,
AUS,1967,23587.62812
AUT,1967,15320.35827
AZE,1967,
BDI,1967,311.7987638
BEL,1967,15310.61855
BEN,1967,704.8385818
BFA,1967,277.3131892
BGD,1967,442.6315151
BGR,1967,
BHR,1967,
BHS,1967,26541.87168
BIH,1967,
BLR,1967,
BLZ,1967,1784.374133
BMU,1967,56696.15271
BOL,1967,1575.496359
BRA,1967,2921.372427
BRB,1967,10354.42564
BRN,1967,
BTN,1967,
BWA,1967,535.4052471
CAF,1967,544.7470728
CAN,1967,19715.09362
CHE,1967,47845.62673
CHL,1967,3960.188349
CHN,1967,229.8762741
CIV,1967,1939.09574
CMR,1967,860.0868992
COD,1967,1229.48529
COG,1967,1201.401304
COL,1967,2194.443655
COM,1967,
CPV,1967,
CRI,1967,4127.673816
CUB,1967,
CYM,1967,
CYP,1967,
CZE,1967,
DEU,1967,15372.21501
DJI,1967,
DMA,1967,
DNK,1967,23330.99516
DOM,1967,1496.499681
DZA,1967,2313.258588
ECU,1967,2540.661692
EGY,1967,942.8606581
ERI,1967,
ESP,1967,9882.544127
EST,1967,
ETH,1967,275.2702846
FIN,1967,14231.10537
FJI,1967,2286.316217
FRA,1967,14690.80748
FSM,1967,
GAB,1967,4857.542247
GBR,1967,17692.8584
GEO,1967,2002.255619
GHA,1967,1064.176087
GIN,1967,
GMB,1967,526.3933606
GNB,1967,
GNQ,1967,
GRC,1967,8289.869234
GRD,1967,
GTM,1967,2182.524982
GUM,1967,
GUY,1967,2947.367225
HKG,1967,5737.13123
HND,1967,1414.999178
HRV,1967,
HTI,1967,1534.497964
HUN,1967,4100.304407
IDN,1967,568.8309638
IND,1967,340.0800257
IRL,1967,10660.28062
IRN,1967,3797.076967
IRQ,1967,1117.057934
ISL,1967,18024.3111
ISR,1967,11071.59218
ITA,1967,13514.75736
JAM,1967,3944.825499
JOR,1967,
JPN,1967,11462.92639
KAZ,1967,
KEN,1967,841.4490111
KGZ,1967,
KHM,1967,
KIR,1967,
KNA,1967,
KOR,1967,1482.995253
KWT,1967,
LAO,1967,
LBN,1967,
LBR,1967,2758.089769
LBY,1967,10676.10212
LCA,1967,
LIE,1967,
LKA,1967,722.5124895
LSO,1967,336.0870748
LTU,1967,
LUX,1967,30840.02492
LVA,1967,
MAC,1967,
MAF,1967,
MAR,1967,904.0504761
MDA,1967,
MDG,1967,779.7160628
MDV,1967,
MEX,1967,5278.10822
MHL,1967,
MKD,1967,
MLI,1967,334.4524395
MLT,1967,
MMR,1967,122.678901
MNE,1967,
MNG,1967,
MNP,1967,
MOZ,1967,
MRT,1967,1612.02915
MUS,1967,1664.810542
MWI,1967,332.4256554
MYS,1967,1654.765076
NAM,1967,
NCL,1967,
NER,1967,818.3804728
NGA,1967,1260.727124
NIC,1967,2414.372208
NLD,1967,18511.98936
NOR,1967,25132.66256
NPL,1967,336.6643726
NZL,1967,19960.99459
OMN,1967,4549.454411
PAK,1967,546.2817893
PAN,1967,3952.073759
PER,1967,3445.546892
PHL,1967,1285.293101
PLW,1967,
PNG,1967,1736.120381
POL,1967,
PRI,1967,9455.069638
PRK,1967,
PRT,1967,6183.785104
PRY,1967,1814.199621
PSE,1967,
PYF,1967,22026.50178
QAT,1967,
ROU,1967,
RUS,1967,
RWA,1967,287.6215873
SAU,1967,23781.39901
SDN,1967,746.4020996
SEN,1967,1055.338805
SGP,1967,4984.784177
SLB,1967,
SLE,1967,879.9829759
SLV,1967,2816.012165
SOM,1967,288.5433848
SRB,1967,
SSD,1967,
STP,1967,
SUR,1967,5561.308099
SVK,1967,
SVN,1967,
SWE,1967,21721.84
SWZ,1967,
SXM,1967,
SYC,1967,3608.075149
SYR,1967,588.0175554
TCA,1967,
TCD,1967,493.436873
TGO,1967,701.2036129
THA,1967,822.0658215
TJK,1967,
TKM,1967,
TLS,1967,
TON,1967,
TTO,1967,5398.096143
TUN,1967,1057.052008
TUR,1967,2978.667064
TUV,1967,
TZA,1967,1030.119995
UGA,1967,
UKR,1967,
URY,1967,6380.138293
USA,1967,24044.56513
UZB,1967,
VCT,1967,1643.363348
VEN,1967,
VGB,1967,
VIR,1967,
VNM,1967,
VUT,1967,
WSM,1967,
YEM,1967,
ZAF,1967,4906.856851
ZMB,1967,1295.608647
ZWE,1967,1192.384105
AFG,1968,
AGO,1968,
ALB,1968,
ARE,1968,
ARG,1968,8436.308564
ARM,1968,
ASM,1968,
ATG,1968,
AUS,1968,24355.62825
AUT,1968,15922.6386
AZE,1968,
BDI,1968,303.5408043
BEL,1968,15890.13226
BEN,1968,716.640156
BFA,1968,280.960315
BGD,1968,470.5766626
BGR,1968,
BHR,1968,
BHS,1968,27453.77003
BIH,1968,
BLR,1968,
BLZ,1968,1858.364522
BMU,1968,56867.57746
BOL,1968,1672.332104
BRA,1968,3126.535482
BRB,1968,11006.5952
BRN,1968,
BTN,1968,
BWA,1968,588.9071896
CAF,1968,540.0934131
CAN,1968,20371.14406
CHE,1968,48942.13651
CHL,1968,4030.961144
CHN,1968,214.770066
CIV,1968,2099.199405
CMR,1968,892.4911041
COD,1968,1245.686609
COG,1968,1255.929519
COL,1968,2262.174243
COM,1968,
CPV,1968,
CRI,1968,4348.207358
CUB,1968,
CYM,1968,
CYP,1968,
CZE,1968,
DEU,1968,16171.55314
DJI,1968,
DMA,1968,
DNK,1968,24546.65384
DOM,1968,1457.401095
DZA,1968,2505.314097
ECU,1968,2513.002161
EGY,1968,905.1646645
ERI,1968,
ESP,1968,10397.63935
EST,1968,
ETH,1968,278.8612656
FIN,1968,14493.67014
FJI,1968,2413.465797
FRA,1968,15227.47702
FSM,1968,
GAB,1968,4899.79966
GBR,1968,18570.51844
GEO,1968,2072.582853
GHA,1968,1042.416757
GIN,1968,
GMB,1968,560.8683402
GNB,1968,
GNQ,1968,
GRC,1968,8829.422615
GRD,1968,
GTM,1968,2309.260405
GUM,1968,
GUY,1968,2916.586494
HKG,1968,5807.416308
HND,1968,1465.080214
HRV,1968,
HTI,1968,1554.12753
HUN,1968,4284.774496
IDN,1968,614.0668372
IND,1968,344.1282881
IRL,1968,11487.25964
IRN,1968,4215.936732
IRQ,1968,1290.031896
ISL,1968,16801.90466
ISR,1968,12603.53075
ITA,1968,14308.55942
JAM,1968,4123.878481
JOR,1968,
JPN,1968,12794.62362
KAZ,1968,
KEN,1968,873.3963201
KGZ,1968,
KHM,1968,
KIR,1968,
KNA,1968,
KOR,1968,1639.750154
KWT,1968,
LAO,1968,
LBN,1968,
LBR,1968,2816.846647
LBY,1968,13891.98934
LCA,1968,
LIE,1968,
LKA,1968,746.2691811
LSO,1968,322.8016164
LTU,1968,
LUX,1968,32048.53548
LVA,1968,
MAC,1968,
MAF,1968,
MAR,1968,966.9165039
MDA,1968,
MDG,1968,810.5066909
MDV,1968,
MEX,1968,5589.051192
MHL,1968,
MKD,1968,
MLI,1968,341.6052472
MLT,1968,
MMR,1968,134.3881369
MNE,1968,
MNG,1968,
MNP,1968,
MOZ,1968,
MRT,1968,1723.357753
MUS,1968,1521.966988
MWI,1968,318.0471725
MYS,1968,1746.696547
NAM,1968,
NCL,1968,
NER,1968,799.1235933
NGA,1968,1218.433175
NIC,1968,2371.248671
NLD,1968,19496.21105
NOR,1968,25485.4949
NPL,1968,331.720617
NZL,1968,19777.0036
OMN,1968,8071.187544
PAK,1968,569.3412634
PAN,1968,4107.096378
PER,1968,3355.06835
PHL,1968,1311.521487
PLW,1968,
PNG,1968,1771.438068
POL,1968,
PRI,1968,9883.653915
PRK,1968,
PRT,1968,6761.480606
PRY,1968,1852.79561
PSE,1968,
PYF,1968,24458.56418
QAT,1968,
ROU,1968,
RUS,1968,
RWA,1968,298.3872084
SAU,1968,24624.50486
SDN,1968,739.0739136
SEN,1968,1088.745265
SGP,1968,5562.320077
SLB,1968,
SLE,1968,880.8625116
SLV,1968,2827.321438
SOM,1968,286.7594743
SRB,1968,
SSD,1968,
STP,1968,
SUR,1968,5782.536614
SVK,1968,
SVN,1968,
SWE,1968,22386.02745
SWZ,1968,
SXM,1968,
SYC,1968,3787.787086
SYR,1968,590.7101339
TCA,1968,
TCD,1968,481.6105175
TGO,1968,706.5737647
THA,1968,863.6171647
TJK,1968,
TKM,1968,
TLS,1968,
TON,1968,
TTO,1968,5605.832721
TUN,1968,1138.644911
TUR,1968,3101.209009
TUV,1968,
TZA,1968,1059.945923
UGA,1968,
UKR,1968,
URY,1968,6447.958791
USA,1968,24948.3569
UZB,1968,
VCT,1968,1731.763745
VEN,1968,
VGB,1968,
VIR,1968,
VNM,1968,
VUT,1968,
WSM,1968,
YEM,1968,
ZAF,1968,4953.800648
ZMB,1968,1270.079017
ZWE,1968,1178.129108
AFG,1969,
AGO,1969,
ALB,1969,
ARE,1969,
ARG,1969,9111.945975
ARM,1969,
ASM,1969,
ATG,1969,
AUS,1969,25531.53653
AUT,1969,16863.58628
AZE,1969,
BDI,1969,292.6857457
BEL,1969,16895.7049
BEN,1969,721.5324968
BFA,1969,281.7376383
BGD,1969,462.9732507
BGR,1969,
BHR,1969,
BHS,1969,28592.88685
BIH,1969,
BLR,1969,
BLZ,1969,1898.206252
BMU,1969,57787.65623
BOL,1969,1708.503592
BRA,1969,3338.762475
BRB,1969,11791.22804
BRN,1969,
BTN,1969,
BWA,1969,674.3899891
CAF,1969,565.3083432
CAN,1969,21114.28705
CHE,1969,51120.43466
CHL,1969,4118.041495
CHN,1969,244.3639643
CIV,1969,2209.899572
CMR,1969,912.7541085
COD,1969,1323.046011
COG,1969,1311.230017
COL,1969,2338.107144
COM,1969,
CPV,1969,
CRI,1969,4459.98825
CUB,1969,
CYM,1969,
CYP,1969,
CZE,1969,
DEU,1969,17233.9697
DJI,1969,
DMA,1969,
DNK,1969,26071.03994
DOM,1969,1570.84778
DZA,1969,2655.443288
ECU,1969,2553.059247
EGY,1969,930.0309023
ERI,1969,
ESP,1969,11212.71894
EST,1969,
ETH,1969,275.0614347
FIN,1969,15893.30998
FJI,1969,2424.80445
FRA,1969,16176.7441
FSM,1969,
GAB,1969,5195.799226
GBR,1969,18852.07565
GEO,1969,2151.355845
GHA,1969,1077.73179
GIN,1969,
GMB,1969,558.5468642
GNB,1969,
GNQ,1969,
GRC,1969,9814.497916
GRD,1969,
GTM,1969,2354.711441
GUM,1969,
GUY,1969,3057.003263
HKG,1969,6363.751683
HND,1969,1432.031089
HRV,1969,
HTI,1969,1583.57821
HUN,1969,4561.340324
IDN,1969,638.0764857
IND,1969,358.9667994
IRL,1969,12089.94711
IRN,1969,4726.092522
IRQ,1969,1286.793543
ISL,1969,17044.28704
ISR,1969,13945.13271
ITA,1969,15095.41279
JAM,1969,4303.637082
JOR,1969,
JPN,1969,14221.05237
KAZ,1969,
KEN,1969,906.6361826
KGZ,1969,
KHM,1969,
KIR,1969,
KNA,1969,
KOR,1969,1836.478707
KWT,1969,
LAO,1969,
LBN,1969,
LBR,1969,2945.890042
LBY,1969,15230.40468
LCA,1969,
LIE,1969,
LKA,1969,785.2716018
LSO,1969,316.0958377
LTU,1969,
LUX,1969,35072.38303
LVA,1969,
MAC,1969,
MAF,1969,
MAR,1969,1020.011047
MDA,1969,
MDG,1969,817.5629219
MDV,1969,
MEX,1969,5596.396878
MHL,1969,
MKD,1969,
MLI,1969,337.1442952
MLT,1969,
MMR,1969,135.7027562
MNE,1969,
MNG,1969,
MNP,1969,
MOZ,1969,
MRT,1969,1692.507945
MUS,1969,1569.539369
MWI,1969,328.5529293
MYS,1969,1791.139665
NAM,1969,
NCL,1969,
NER,1969,734.9092211
NGA,1969,1480.047119
NIC,1969,2441.321846
NLD,1969,20510.82058
NOR,1969,26417.40818
NPL,1969,339.0997731
NZL,1969,21599.07117
OMN,1969,9884.064865
PAK,1969,583.7414287
PAN,1969,4328.316496
PER,1969,3377.292427
PHL,1969,1334.731749
PLW,1969,
PNG,1969,1874.005062
POL,1969,
PRI,1969,10721.31943
PRK,1969,
PRT,1969,6967.117046
PRY,1969,1896.19772
PSE,1969,
PYF,1969,22989.29134
QAT,1969,
ROU,1969,
RUS,1969,
RWA,1969,321.172781
SAU,1969,25084.2865
SDN,1969,727.6280518
SEN,1969,987.490528
SGP,1969,6237.250937
SLB,1969,
SLE,1969,938.0600064
SLV,1969,2847.564968
SOM,1969,274.5754547
SRB,1969,
SSD,1969,
STP,1969,
SUR,1969,5840.340861
SVK,1969,
SVN,1969,
SWE,1969,23342.7425
SWZ,1969,
SXM,1969,
SYC,1969,3698.743528
SYR,1969,679.2579509
TCA,1969,
TCD,1969,504.4763732
TGO,1969,752.5028968
THA,1969,894.6361156
TJK,1969,
TKM,1969,
TLS,1969,
TON,1969,
TTO,1969,5690.205491
TUN,1969,1162.964152
TUR,1969,3149.659404
TUV,1969,
TZA,1969,1058.027954
UGA,1969,
UKR,1969,
URY,1969,6778.454637
USA,1969,25471.61618
UZB,1969,
VCT,1969,1763.785708
VEN,1969,
VGB,1969,
VIR,1969,
VNM,1969,
VUT,1969,
WSM,1969,
YEM,1969,
ZAF,1969,5029.646914
ZMB,1969,1224.903879
ZWE,1969,1283.243262
AFG,1970,
AGO,1970,
ALB,1970,
ARE,1970,49105.84682
ARG,1970,9244.122518
ARM,1970,
ASM,1970,
ATG,1970,
AUS,1970,26829.7631
AUT,1970,18001.783
AZE,1970,
BDI,1970,347.474496
BEL,1970,17951.32244
BEN,1970,720.6050986
BFA,1970,277.1841058
BGD,1970,476.495758
BGR,1970,
BHR,1970,17423.52467
BHS,1970,25956.47394
BIH,1970,
BLR,1970,
BLZ,1970,1945.041983
BMU,1970,60471.25528
BOL,1970,1758.010161
BRA,1970,3595.950863
BRB,1970,12915.45472
BRN,1970,
BTN,1970,409.3995101
BWA,1970,785.4748844
CAF,1970,565.8121742
CAN,1970,21428.90916
CHE,1970,53989.16067
CHL,1970,4123.0554
CHN,1970,283.5853563
CIV,1970,2340.310652
CMR,1970,916.7106258
COD,1970,1282.643316
COG,1970,1353.238174
COL,1970,2421.225023
COM,1970,
CPV,1970,
CRI,1970,4665.116491
CUB,1970,2620.087708
CYM,1970,
CYP,1970,
CZE,1970,
DEU,1970,18053.28777
DJI,1970,
DMA,1970,
DNK,1970,26356.12703
DOM,1970,1805.551249
DZA,1970,2826.241462
ECU,1970,2648.647986
EGY,1970,959.0560553
ERI,1970,
ESP,1970,11559.59549
EST,1970,
ETH,1970,276.902884
FIN,1970,17145.41902
FJI,1970,2679.361436
FRA,1970,17024.1167
FSM,1970,1710.089135
GAB,1970,5527.636051
GBR,1970,19285.64976
GEO,1970,2387.468102
GHA,1970,1151.334108
GIN,1970,454.0218928
GMB,1970,576.3284949
GNB,1970,530.0382078
GNQ,1970,
GRC,1970,10666.62085
GRD,1970,
GTM,1970,2424.599762
GUM,1970,
GUY,1970,3130.481066
HKG,1970,6782.704587
HND,1970,1440.578316
HRV,1970,
HTI,1970,1564.388952
HUN,1970,4757.620408
IDN,1970,667.6497612
IND,1970,369.1924807
IRL,1970,12308.35729
IRN,1970,5085.756817
IRQ,1970,1299.358927
ISL,1970,18219.7033
ISR,1970,14476.07953
ITA,1970,15813.20112
JAM,1970,4763.608716
JOR,1970,
JPN,1970,14114.31582
KAZ,1970,
KEN,1970,831.8018193
KGZ,1970,
KHM,1970,
KIR,1970,1473.597058
KNA,1970,
KOR,1970,1977.429413
KWT,1970,68591.70724
LAO,1970,
LBN,1970,
LBR,1970,3062.760127
LBY,1970,15460.23383
LCA,1970,
LIE,1970,
LKA,1970,797.3427453
LSO,1970,311.547636
LTU,1970,
LUX,1970,35513.80099
LVA,1970,
MAC,1970,
MAF,1970,
MAR,1970,1039.612549
MDA,1970,
MDG,1970,836.5408817
MDV,1970,1528.116858
MEX,1970,5774.770459
MHL,1970,2038.671993
MKD,1970,
MLI,1970,352.2037199
MLT,1970,3133.228044
MMR,1970,139.2751336
MNE,1970,
MNG,1970,
MNP,1970,
MOZ,1970,
MRT,1970,1838.410014
MUS,1970,1537.495579
MWI,1970,322.0945205
MYS,1970,1855.246739
NAM,1970,
NCL,1970,
NER,1970,737.0816029
NGA,1970,1808.394591
NIC,1970,2398.125046
NLD,1970,21502.16777
NOR,1970,26735.83041
NPL,1970,340.3068334
NZL,1970,21010.02551
OMN,1970,10961.45306
PAK,1970,631.5877484
PAN,1970,4500.463622
PER,1970,3404.487463
PHL,1970,1348.649128
PLW,1970,12786.13661
PNG,1970,2028.535861
POL,1970,
PRI,1970,11476.95042
PRK,1970,
PRT,1970,7669.763583
PRY,1970,1957.050062
PSE,1970,
PYF,1970,22564.26633
QAT,1970,75772.76627
ROU,1970,
RUS,1970,
RWA,1970,330.2361811
SAU,1970,36714.87363
SDN,1970,748.2431641
SEN,1970,1040.511392
SGP,1970,6997.199029
SLB,1970,
SLE,1970,999.7958964
SLV,1970,2858.564299
SOM,1970,279.6709255
SRB,1970,
SSD,1970,
STP,1970,985.0918024
SUR,1970,5799.867223
SVK,1970,
SVN,1970,
SWE,1970,24622.94788
SWZ,1970,907.1930108
SXM,1970,
SYC,1970,3934.107459
SYR,1970,645.5749067
TCA,1970,
TCD,1970,503.2832152
TGO,1970,744.0175124
THA,1970,969.5117163
TJK,1970,
TKM,1970,
TLS,1970,
TON,1970,
TTO,1970,5827.31147
TUN,1970,1187.214746
TUR,1970,3176.008809
TUV,1970,2435.174747
TZA,1970,547.6003418
UGA,1970,
UKR,1970,
URY,1970,6894.771666
USA,1970,25231.12716
UZB,1970,
VCT,1970,1934.878799
VEN,1970,
VGB,1970,
VIR,1970,
VNM,1970,
VUT,1970,
WSM,1970,2426.501409
YEM,1970,
ZAF,1970,5135.561503
ZMB,1970,1246.65383
ZWE,1970,1525.244991
AFG,1971,
AGO,1971,
ALB,1971,
ARE,1971,57374.99238
ARG,1971,9614.610617
ARM,1971,
ASM,1971,
ATG,1971,
AUS,1971,26975.66552
AUT,1971,18838.31554
AZE,1971,
BDI,1971,348.446417
BEL,1971,18632.84238
BEN,1971,694.0340449
BFA,1971,276.2904765
BGD,1971,442.5812665
BGR,1971,
BHR,1971,17249.01242
BHS,1971,25566.6649
BIH,1971,
BLR,1971,
BLZ,1971,1987.987503
BMU,1971,61975.66556
BOL,1971,1805.973921
BRA,1971,3907.01226
BRB,1971,13432.5965
BRN,1971,
BTN,1971,406.2914189
BWA,1971,971.5928994
CAF,1971,560.4646557
CAN,1971,21642.54078
CHE,1971,55895.35254
CHL,1971,4437.479223
CHN,1971,295.380171
CIV,1971,2453.146528
CMR,1971,923.6047606
COD,1971,1322.99782
COG,1971,1414.238711
COL,1971,2504.497311
COM,1971,
CPV,1971,
CRI,1971,4850.539637
CUB,1971,2795.975227
CYM,1971,
CYP,1971,
CZE,1971,
DEU,1971,18584.71341
DJI,1971,
DMA,1971,
DNK,1971,27005.36507
DOM,1971,1946.557077
DZA,1971,2449.952269
ECU,1971,2733.315989
EGY,1971,975.1724357
ERI,1971,
ESP,1971,11952.15089
EST,1971,
ETH,1971,287.0231958
FIN,1971,17527.38846
FJI,1971,2811.370794
FRA,1971,17763.42671
FSM,1971,1699.996398
GAB,1971,5969.450752
GBR,1971,19878.3584
GEO,1971,2421.141782
GHA,1971,1178.326259
GIN,1971,469.8530041
GMB,1971,559.6299136
GNB,1971,507.7291083
GNQ,1971,
GRC,1971,11453.2124
GRD,1971,
GTM,1971,2494.629489
GUM,1971,
GUY,1971,3182.829078
HKG,1971,7122.104984
HND,1971,1453.78676
HRV,1971,
HTI,1971,1634.689639
HUN,1971,5038.15423
IDN,1971,695.4469715
IND,1971,367.0333098
IRL,1971,12587.31982
IRN,1971,5612.363015
IRQ,1971,1322.70187
ISL,1971,20433.43334
ISR,1971,15564.19039
ITA,1971,16025.77488
JAM,1971,4815.243796
JOR,1971,
JPN,1971,14456.8212
KAZ,1971,
KEN,1971,980.0294494
KGZ,1971,
KHM,1971,
KIR,1971,1411.815787
KNA,1971,
KOR,1971,2143.28913
KWT,1971,68673.32886
LAO,1971,
LBN,1971,
LBR,1971,3133.087942
LBY,1971,14161.88074
LCA,1971,
LIE,1971,
LKA,1971,790.7223712
LSO,1971,316.0161659
LTU,1971,
LUX,1971,36114.97655
LVA,1971,
MAC,1971,
MAF,1971,
MAR,1971,1069.325195
MDA,1971,
MDG,1971,844.4938789
MDV,1971,1559.396036
MEX,1971,5809.398791
MHL,1971,2011.138064
MKD,1971,
MLI,1971,355.5043647
MLT,1971,3209.587013
MMR,1971,141.8237996
MNE,1971,
MNG,1971,
MNP,1971,
MOZ,1971,
MRT,1971,1816.311148
MUS,1971,1577.927838
MWI,1971,365.0773759
MYS,1971,1993.499995
NAM,1971,
NCL,1971,
NER,1971,758.4019536
NGA,1971,2018.173215
NIC,1971,2401.306524
NLD,1971,22165.26419
NOR,1971,28055.27617
NPL,1971,328.99373
NZL,1971,21482.05411
OMN,1971,10760.50177
PAK,1971,617.2973925
PAN,1971,4796.876877
PER,1971,3474.099687
PHL,1971,1388.248999
PLW,1971,12376.59998
PNG,1971,2105.159499
POL,1971,
PRI,1971,12012.21192
PRK,1971,
PRT,1971,8213.096163
PRY,1971,2019.341095
PSE,1971,
PYF,1971,24429.35444
QAT,1971,73839.0945
ROU,1971,
RUS,1971,
RWA,1971,324.4899216
SAU,1971,40470.8496
SDN,1971,742.02948
SEN,1971,1008.44747
SGP,1971,7722.864512
SLB,1971,
SLE,1971,1015.379435
SLV,1971,2898.751015
SOM,1971,278.264344
SRB,1971,
SSD,1971,
STP,1971,1015.746668
SUR,1971,5834.024867
SVK,1971,
SVN,1971,
SWE,1971,24685.10478
SWZ,1971,1004.626054
SXM,1971,
SYC,1971,4466.487022
SYR,1971,680.2063574
TCA,1971,
TCD,1971,481.7000601
TGO,1971,720.5210163
THA,1971,989.90922
TJK,1971,
TKM,1971,
TLS,1971,
TON,1971,
TTO,1971,5822.665291
TUN,1971,1280.091468
TUR,1971,3274.154282
TUV,1971,2387.334409
TZA,1971,549.4674683
UGA,1971,
UKR,1971,
URY,1971,6839.05314
USA,1971,25734.48284
UZB,1971,
VCT,1971,1973.632702
VEN,1971,
VGB,1971,
VIR,1971,
VNM,1971,
VUT,1971,
WSM,1971,2713.758615
YEM,1971,
ZAF,1971,5200.743218
ZMB,1971,1211.709727
ZWE,1971,1612.178683
AFG,1972,
AGO,1972,
ALB,1972,
ARE,1972,69436.76479
ARG,1972,9617.688149
ARM,1972,
ASM,1972,
ATG,1972,
AUS,1972,27520.00051
AUT,1972,19891.82603
AZE,1972,
BDI,1972,326.1465469
BEL,1972,19542.88675
BEN,1972,721.8763158
BFA,1972,277.8464961
BGD,1972,373.48319
BGR,1972,
BHR,1972,18258.31311
BHS,1972,24018.37119
BIH,1972,
BLR,1972,
BLZ,1972,2158.244099
BMU,1972,62864.87335
BOL,1972,1906.555582
BRA,1972,4268.383847
BRB,1972,13577.00122
BRN,1972,
BTN,1972,397.2620375
BWA,1972,1184.473701
CAF,1972,549.5987117
CAN,1972,22573.56628
CHE,1972,57246.12951
CHL,1972,4321.001749
CHN,1972,299.1908882
CIV,1972,2445.076113
CMR,1972,922.8805021
COD,1972,1290.356567
COG,1972,1489.165263
COL,1972,2634.720686
COM,1972,
CPV,1972,
CRI,1972,5112.646907
CUB,1972,2884.411174
CYM,1972,
CYP,1972,
CZE,1972,
DEU,1972,19291.39267
DJI,1972,
DMA,1972,
DNK,1972,27871.04353
DOM,1972,2089.919383
DZA,1972,3050.822166
ECU,1972,2787.378776
EGY,1972,982.1052084
ERI,1972,
ESP,1972,12784.28273
EST,1972,
ETH,1972,291.2684611
FIN,1972,18771.15898
FJI,1972,2970.33178
FRA,1972,18407.15402
FSM,1972,1672.834204
GAB,1972,6511.21796
GBR,1972,20667.2422
GEO,1972,2464.772102
GHA,1972,1117.126816
GIN,1972,472.4760658
GMB,1972,544.8390519
GNB,1972,539.7287767
GNQ,1972,
GRC,1972,12535.12771
GRD,1972,
GTM,1972,2609.488727
GUM,1972,
GUY,1972,3039.045956
HKG,1972,7728.311013
HND,1972,1491.544196
HRV,1972,
HTI,1972,1619.587594
HUN,1972,5329.57035
IDN,1972,724.8339921
IND,1972,357.0779292
IRL,1972,13206.47182
IRN,1972,6240.700774
IRQ,1972,1325.755803
ISL,1972,21380.41187
ISR,1972,17016.67233
ITA,1972,16523.13316
JAM,1972,5600.573686
JOR,1972,
JPN,1972,15455.13694
KAZ,1972,
KEN,1972,1108.227141
KGZ,1972,
KHM,1972,
KIR,1972,1552.546464
KNA,1972,
KOR,1972,2255.206736
KWT,1972,67066.73985
LAO,1972,
LBN,1972,
LBR,1972,3181.187459
LBY,1972,14950.55633
LCA,1972,
LIE,1972,
LKA,1972,771.6587871
LSO,1972,304.4744127
LTU,1972,
LUX,1972,38033.74016
LVA,1972,
MAC,1972,
MAF,1972,
MAR,1972,1068.213135
MDA,1972,
MDG,1972,809.5241189
MDV,1972,1549.235296
MEX,1972,6099.203174
MHL,1972,1979.853034
MKD,1972,
MLI,1972,370.1410878
MLT,1972,3399.781079
MMR,1972,142.1043447
MNE,1972,
MNG,1972,
MNP,1972,
MOZ,1972,
MRT,1972,1749.522934
MUS,1972,1683.898315
MWI,1972,378.0371414
MYS,1972,2128.907387
NAM,1972,
NCL,1972,
NER,1972,700.3606788
NGA,1972,2036.693978
NIC,1972,2384.288589
NLD,1972,22717.67653
NOR,1972,29325.64879
NPL,1972,331.9631443
NZL,1972,22185.92737
OMN,1972,11489.2538
PAK,1972,605.3343833
PAN,1972,4879.848054
PER,1972,3500.783147
PHL,1972,1430.585323
PLW,1972,11975.82065
PNG,1972,2171.496636
POL,1972,
PRI,1972,12622.28376
PRK,1972,
PRT,1972,8885.131127
PRY,1972,2103.856881
PSE,1972,
PYF,1972,22529.57646
QAT,1972,73532.831
ROU,1972,
RUS,1972,
RWA,1972,316.0703775
SAU,1972,45836.97609
SDN,1972,682.6530151
SEN,1972,1041.195765
SGP,1972,8590.608648
SLB,1972,
SLE,1972,1005.8943
SLV,1972,3004.669544
SOM,1972,311.4164447
SRB,1972,
SSD,1972,
STP,1972,1017.081213
SUR,1972,5719.042377
SVK,1972,
SVN,1972,
SWE,1972,25175.57839
SWZ,1972,1030.458376
SXM,1972,
SYC,1972,4635.1953
SYR,1972,826.2108642
TCA,1972,
TCD,1972,476.4829313
TGO,1972,753.6715079
THA,1972,1005.144547
TJK,1972,
TKM,1972,
TLS,1972,
TON,1972,
TTO,1972,6084.372245
TUN,1972,1469.538297
TUR,1972,3433.85189
TUV,1972,2337.902704
TZA,1972,567.920105
UGA,1972,
UKR,1972,
URY,1972,6712.494754
USA,1972,26798.53361
UZB,1972,
VCT,1972,2460.138104
VEN,1972,
VGB,1972,
VIR,1972,
VNM,1972,
VUT,1972,
WSM,1972,2718.019736
YEM,1972,
ZAF,1972,5137.376924
ZMB,1972,1286.57717
ZWE,1972,1693.615502
AFG,1973,
AGO,1973,
ALB,1973,
ARE,1973,108198.8175
ARG,1973,9729.532589
ARM,1973,
ASM,1973,
ATG,1973,
AUS,1973,27812.44551
AUT,1973,20749.34403
AZE,1973,
BDI,1973,349.1107507
BEL,1973,20724.74061
BEN,1973,731.3131197
BFA,1973,274.1525064
BGD,1973,375.0120971
BGR,1973,
BHR,1973,19724.65165
BHS,1973,25226.59212
BIH,1973,
BLR,1973,
BLZ,1973,2241.940641
BMU,1973,63625.27793
BOL,1973,1971.13272
BRA,1973,4748.262464
BRB,1973,13722.53116
BRN,1973,
BTN,1973,389.5939215
BWA,1973,1370.732827
CAF,1973,549.3545498
CAN,1973,23799.69553
CHE,1973,58558.19247
CHL,1973,4037.934299
CHN,1973,315.1296635
CIV,1973,2475.02677
CMR,1973,945.9327074
COD,1973,1358.502752
COG,1973,1562.126272
COL,1973,2748.145534
COM,1973,
CPV,1973,
CRI,1973,5368.036924
CUB,1973,2941.10693
CYM,1973,
CYP,1973,
CZE,1973,
DEU,1973,20149.47714
DJI,1973,
DMA,1973,
DNK,1973,29010.51914
DOM,1973,2295.121999
DZA,1973,3093.380555
ECU,1973,3085.042904
EGY,1973,993.4293163
ERI,1973,
ESP,1973,13628.56005
EST,1973,
ETH,1973,298.1123786
FIN,1973,19968.37959
FJI,1973,3263.559369
FRA,1973,19465.89264
FSM,1973,2180.622503
GAB,1973,7026.715766
GBR,1973,21973.0492
GEO,1973,2601.538917
GHA,1973,1116.646421
GIN,1973,471.8909185
GMB,1973,577.94193
GNB,1973,540.022722
GNQ,1973,
GRC,1973,13488.12436
GRD,1973,
GTM,1973,2715.386953
GUM,1973,
GUY,1973,3040.965215
HKG,1973,8435.927105
HND,1973,1561.165626
HRV,1973,
HTI,1973,1664.490818
HUN,1973,5678.979136
IDN,1973,763.256636
IND,1973,360.6378441
IRL,1973,13609.95936
IRN,1973,6511.654543
IRQ,1973,1337.44392
ISL,1973,22493.54272
ISR,1973,17254.91276
ITA,1973,17580.91207
JAM,1973,5213.255126
JOR,1973,
JPN,1973,16463.27917
KAZ,1973,
KEN,1973,1133.748285
KGZ,1973,
KHM,1973,
KIR,1973,1844.899912
KNA,1973,
KOR,1973,2545.777543
KWT,1973,58987.7697
LAO,1973,
LBN,1973,
LBR,1973,3029.076988
LBY,1973,14659.89703
LCA,1973,
LIE,1973,
LKA,1973,810.1968185
LSO,1973,371.7433655
LTU,1973,
LUX,1973,40742.79185
LVA,1973,
MAC,1973,
MAF,1973,
MAR,1973,1079.193604
MDA,1973,
MDG,1973,765.2170076
MDV,1973,1527.223236
MEX,1973,6385.197147
MHL,1973,2587.940279
MKD,1973,
MLI,1973,358.486307
MLT,1973,3543.669844
MMR,1973,137.8290045
MNE,1973,
MNG,1973,
MNP,1973,
MOZ,1973,
MRT,1973,1620.108775
MUS,1973,1857.822649
MWI,1973,376.7288155
MYS,1973,2321.7381
NAM,1973,
NCL,1973,
NER,1973,565.6262532
NGA,1973,2093.638732
NIC,1973,2464.788682
NLD,1973,23757.1122
NOR,1973,30441.27638
NPL,1973,323.2600459
NZL,1973,23452.90913
OMN,1973,9570.579856
PAK,1973,629.496808
PAN,1973,5004.085295
PER,1973,3625.433014
PHL,1973,1522.017421
PLW,1973,11657.75811
PNG,1973,2259.805275
POL,1973,
PRI,1973,13136.25348
PRK,1973,
PRT,1973,9877.269668
PRY,1973,2203.534022
PSE,1973,
PYF,1973,23513.67707
QAT,1973,73744.34044
ROU,1973,
RUS,1973,
RWA,1973,317.5533707
SAU,1973,53404.88811
SDN,1973,661.991394
SEN,1973,954.1762
SGP,1973,9325.566113
SLB,1973,
SLE,1973,1009.733737
SLV,1973,3077.749593
SOM,1973,266.4025706
SRB,1973,
SSD,1973,
STP,1973,1011.349757
SUR,1973,5639.385798
SVK,1973,
SVN,1973,
SWE,1973,26129.46395
SWZ,1973,1092.319479
SXM,1973,
SYC,1973,4978.196661
SYR,1973,715.1605564
TCA,1973,
TCD,1973,426.4013644
TGO,1973,762.2181273
THA,1973,1079.191991
TJK,1973,
TKM,1973,
TLS,1973,
TON,1973,
TTO,1973,6107.347999
TUN,1973,1422.825845
TUR,1973,3464.795372
TUV,1973,2297.208933
TZA,1973,581.7590332
UGA,1973,
UKR,1973,
URY,1973,6694.220574
USA,1973,28042.55192
UZB,1973,
VCT,1973,2167.063432
VEN,1973,
VGB,1973,
VIR,1973,
VNM,1973,
VUT,1973,
WSM,1973,2876.839179
YEM,1973,
ZAF,1973,5220.821766
ZMB,1973,1238.059133
ZWE,1973,1683.669435
AFG,1974,
AGO,1974,
ALB,1974,
ARE,1974,110539.679
ARG,1974,10100.44691
ARM,1974,
ASM,1974,
ATG,1974,
AUS,1974,28231.02391
AUT,1974,21530.63416
AZE,1974,
BDI,1974,338.0016558
BEL,1974,21602.80183
BEN,1974,737.9483263
BFA,1974,291.3031455
BGD,1974,399.5105081
BGR,1974,
BHR,1974,20304.81746
BHS,1974,20534.64598
BIH,1974,
BLR,1974,
BLZ,1974,2511.388436
BMU,1974,64050.32419
BOL,1974,1983.716501
BRA,1974,5013.817248
BRB,1974,13060.57835
BRN,1974,64932.08408
BTN,1974,395.9777805
BWA,1974,1419.442069
CAF,1974,573.024209
CAN,1974,24257.8168
CHE,1974,59091.08414
CHL,1974,4069.016044
CHN,1974,315.816664
CIV,1974,2466.819985
CMR,1974,1018.797264
COD,1974,1364.084939
COG,1974,1633.52186
COL,1974,2841.381348
COM,1974,
CPV,1974,
CRI,1974,5523.188845
CUB,1974,2932.404557
CYM,1974,
CYP,1974,
CZE,1974,
DEU,1974,20320.9009
DJI,1974,
DMA,1974,
DNK,1974,28597.32231
DOM,1974,2367.538565
DZA,1974,3245.607995
ECU,1974,3333.368609
EGY,1974,985.8620777
ERI,1974,
ESP,1974,14237.90229
EST,1974,
ETH,1974,300.0101184
FIN,1974,20507.01836
FJI,1974,3299.67029
FRA,1974,20244.61706
FSM,1974,2447.419066
GAB,1974,9594.103232
GBR,1974,21413.64234
GEO,1974,2806.253644
GHA,1974,1159.053291
GIN,1974,488.6222226
GMB,1974,594.1613796
GNB,1974,545.7435844
GNQ,1974,
GRC,1974,12573.34817
GRD,1974,
GTM,1974,2816.26392
GUM,1974,
GUY,1974,3240.0645
HKG,1974,8370.881377
HND,1974,1498.037347
HRV,1974,
HTI,1974,1727.236664
HUN,1974,5987.256519
IDN,1974,800.6540803
IND,1974,356.6150696
IRL,1974,13956.63285
IRN,1974,6688.445213
IRQ,1974,1501.237125
ISL,1974,23457.57108
ISR,1974,17833.76512
ITA,1974,18426.90801
JAM,1974,4918.324201
JOR,1974,
JPN,1974,16046.78468
KAZ,1974,
KEN,1974,1140.552559
KGZ,1974,
KHM,1974,
KIR,1974,2663.393897
KNA,1974,
KOR,1974,2740.585299
KWT,1974,48324.53072
LAO,1974,
LBN,1974,
LBR,1974,3089.602411
LBY,1974,17044.21985
LCA,1974,
LIE,1974,
LKA,1974,825.8776936
LSO,1974,398.5830507
LTU,1974,
LUX,1974,41908.97527
LVA,1974,
MAC,1974,
MAF,1974,
MAR,1974,1112.035278
MDA,1974,
MDG,1974,757.5323928
MDV,1974,1567.92919
MEX,1974,6559.301127
MHL,1974,2900.136306
MKD,1974,
MLI,1974,346.7855035
MLT,1974,3901.960881
MMR,1974,142.3875141
MNE,1974,
MNG,1974,
MNP,1974,
MOZ,1974,
MRT,1974,1763.895321
MUS,1974,1991.087218
MWI,1974,392.9724328
MYS,1974,2455.312714
NAM,1974,
NCL,1974,
NER,1974,598.9626159
NGA,1974,2267.044084
NIC,1974,2729.303946
NLD,1974,24382.22486
NOR,1974,31439.597
NPL,1974,336.306374
NZL,1974,24345.54024
OMN,1974,10302.38835
PAK,1974,632.89477
PAN,1974,4992.246865
PER,1974,3866.663432
PHL,1974,1540.042244
PLW,1974,11545.88214
PNG,1974,2266.535215
POL,1974,
PRI,1974,13241.15442
PRK,1974,
PRT,1974,9851.770032
PRY,1974,2329.538313
PSE,1974,
PYF,1974,26878.93741
QAT,1974,71286.85873
ROU,1974,
RUS,1974,
RWA,1974,312.7325754
SAU,1974,58886.85701
SDN,1974,711.013855
SEN,1974,965.74133
SGP,1974,9732.727063
SLB,1974,
SLE,1974,1025.926527
SLV,1974,3168.281277
SOM,1974,261.5384039
SRB,1974,
SSD,1974,
STP,1974,1045.176706
SUR,1974,5692.088519
SVK,1974,
SVN,1974,
SWE,1974,26887.00539
SWZ,1974,1122.372257
SXM,1974,
SYC,1974,4952.094337
SYR,1974,869.8466664
TCA,1974,
TCD,1974,437.4136381
TGO,1974,779.0095716
THA,1974,1099.029396
TJK,1974,
TKM,1974,
TLS,1974,
TON,1974,
TTO,1974,6261.249171
TUN,1974,1497.835277
TUR,1974,3578.499597
TUV,1974,2203.958167
TZA,1974,572.9996338
UGA,1974,
UKR,1974,
URY,1974,6847.4677
USA,1974,27637.29977
UZB,1974,
VCT,1974,1958.747721
VEN,1974,
VGB,1974,
VIR,1974,
VNM,1974,
VUT,1974,
WSM,1974,2519.477814
YEM,1974,
ZAF,1974,5385.831337
ZMB,1974,1279.537073
ZWE,1974,1738.115379
AFG,1975,
AGO,1975,
ALB,1975,
ARE,1975,105792.8297
ARG,1975,9936.495834
ARM,1975,
ASM,1975,
ATG,1975,
AUS,1975,28258.06548
AUT,1975,21509.31239
AZE,1975,
BDI,1975,332.0213534
BEL,1975,21116.99159
BEN,1975,684.9622916
BFA,1975,294.0507556
BGD,1975,373.2603737
BGR,1975,
BHR,1975,17582.57544
BHS,1975,17116.11498
BIH,1975,
BLR,1975,
BLZ,1975,2557.681598
BMU,1975,66372.49246
BOL,1975,2081.069439
BRA,1975,5148.910619
BRB,1975,12792.12539
BRN,1975,62303.46789
BTN,1975,370.0560395
BWA,1975,1464.687852
CAF,1975,564.2607625
CAN,1975,24275.81275
CHE,1975,54811.34552
CHL,1975,3488.583939
CHN,1975,337.344119
CIV,1975,2551.297064
CMR,1975,1102.176367
COD,1975,1262.224974
COG,1975,1711.437547
COL,1975,2843.731018
COM,1975,
CPV,1975,
CRI,1975,5496.157617
CUB,1975,3174.549765
CYM,1975,
CYP,1975,6173.291992
CZE,1975,
DEU,1975,20220.02098
DJI,1975,
DMA,1975,
DNK,1975,28112.97095
DOM,1975,2425.065551
DZA,1975,3290.827601
ECU,1975,3595.345136
EGY,1975,1048.969512
ERI,1975,
ESP,1975,14161.14625
EST,1975,
ETH,1975,296.4144269
FIN,1975,20784.68831
FJI,1975,3268.684366
FRA,1975,19922.00195
FSM,1975,2388.249645
GAB,1975,11184.72419
GBR,1975,21099.64656
GEO,1975,2991.210073
GHA,1975,985.9984454
GIN,1975,494.755008
GMB,1975,648.2801194
GNB,1975,554.5396111
GNQ,1975,
GRC,1975,13248.92129
GRD,1975,
GTM,1975,2802.06425
GUM,1975,
GUY,1975,3480.326771
HKG,1975,8254.069917
HND,1975,1485.206511
HRV,1975,
HTI,1975,1713.303796
HUN,1975,6321.183174
IDN,1975,819.5389109
IND,1975,380.1599414
IRL,1975,14505.46969
IRN,1975,6468.122395
IRQ,1975,1633.763364
ISL,1975,23309.12671
ISR,1975,17996.41121
ITA,1975,17934.32286
JAM,1975,4837.511997
JOR,1975,
JPN,1975,16333.67482
KAZ,1975,
KEN,1975,1113.009776
KGZ,1975,
KHM,1975,775.6130131
KIR,1975,2816.41012
KNA,1975,
KOR,1975,2906.150499
KWT,1975,39840.75993
LAO,1975,
LBN,1975,
LBR,1975,2902.917062
LBY,1975,16770.02692
LCA,1975,
LIE,1975,
LKA,1975,860.7345875
LSO,1975,333.0116479
LTU,1975,
LUX,1975,38729.56046
LVA,1975,
MAC,1975,
MAF,1975,
MAR,1975,1167.787109
MDA,1975,
MDG,1975,744.3100959
MDV,1975,1400.543888
MEX,1975,6740.624994
MHL,1975,2806.685631
MKD,1975,
MLI,1975,380.2022246
MLT,1975,4631.052291
MMR,1975,145.4579601
MNE,1975,
MNG,1975,
MNP,1975,
MOZ,1975,
MRT,1975,1624.673496
MUS,1975,1977.689463
MWI,1975,405.3779741
MYS,1975,2416.513449
NAM,1975,
NCL,1975,
NER,1975,566.6757008
NGA,1975,2089.855078
NIC,1975,2643.019746
NLD,1975,24166.34024
NOR,1975,32814.91571
NPL,1975,333.7692982
NZL,1975,23463.02606
OMN,1975,12294.96332
PAK,1975,640.1243576
PAN,1975,4948.797649
PER,1975,3933.702556
PHL,1975,1587.499283
PLW,1975,11578.00221
PNG,1975,2196.989348
POL,1975,
PRI,1975,12914.14703
PRK,1975,
PRT,1975,9072.041051
PRY,1975,2428.108523
PSE,1975,
PYF,1975,24782.17134
QAT,1975,69330.98885
ROU,1975,
RUS,1975,
RWA,1975,297.2526636
SAU,1975,52813.16698
SDN,1975,795.9534912
SEN,1975,1010.122688
SGP,1975,9974.220918
SLB,1975,
SLE,1975,1024.047152
SLV,1975,3189.065641
SOM,1975,292.5252015
SRB,1975,
SSD,1975,
STP,1975,1075.525522
SUR,1975,5888.953963
SVK,1975,
SVN,1975,
SWE,1975,27464.06862
SWZ,1975,1241.495428
SXM,1975,
SYC,1975,4992.676353
SYR,1975,978.2917959
TCA,1975,
TCD,1975,466.6561237
TGO,1975,778.5371161
THA,1975,1125.839551
TJK,1975,
TKM,1975,
TLS,1975,
TON,1975,
TTO,1975,6277.142497
TUN,1975,1562.530688
TUR,1975,3756.481354
TUV,1975,2066.068128
TZA,1975,574.5650024
UGA,1975,
UKR,1975,
URY,1975,7218.473566
USA,1975,27309.86882
UZB,1975,
VCT,1975,1794.731566
VEN,1975,
VGB,1975,
VIR,1975,
VNM,1975,
VUT,1975,
WSM,1975,2361.78248
YEM,1975,
ZAF,1975,5327.518435
ZMB,1975,1213.577218
ZWE,1975,1651.352081
AFG,1976,
AGO,1976,
ALB,1976,
ARE,1976,108662.7466
ARG,1976,9584.748518
ARM,1976,
ASM,1976,
ATG,1976,
AUS,1976,28700.29463
AUT,1976,22533.88039
AZE,1976,
BDI,1976,350.4530089
BEL,1976,22270.85351
BEN,1976,674.0408666
BFA,1976,312.3859891
BGD,1976,384.509552
BGR,1976,
BHR,1976,21815.07648
BHS,1976,17616.26846
BIH,1976,
BLR,1976,
BLZ,1976,2504.714345
BMU,1976,72195.1611
BOL,1976,2127.832946
BRA,1976,5543.43638
BRB,1976,13335.71314
BRN,1976,72760.0836
BTN,1976,389.665426
BWA,1976,1539.173873
CAF,1976,586.1371576
CAN,1976,25369.46343
CHE,1976,54351.75793
CHL,1976,3566.576178
CHN,1976,326.9494605
CIV,1976,2765.867721
CMR,1976,1014.076672
COD,1976,1164.709314
COG,1976,1685.482309
COL,1976,2914.011966
COM,1976,
CPV,1976,
CRI,1976,5650.75234
CUB,1976,3314.86184
CYM,1976,
CYP,1976,7484.800293
CZE,1976,
DEU,1976,21311.94501
DJI,1976,
DMA,1976,
DNK,1976,29723.09112
DOM,1976,2521.463882
DZA,1976,3408.018208
ECU,1976,3754.409214
EGY,1976,1160.791937
ERI,1976,
ESP,1976,14475.20825
EST,1976,
ETH,1976,289.454157
FIN,1976,20793.49096
FJI,1976,3302.902955
FRA,1976,20707.75472
FSM,1976,2340.493009
GAB,1976,14823.88299
GBR,1976,21719.0455
GEO,1976,3150.857258
GHA,1976,924.2031594
GIN,1976,525.6938233
GMB,1976,674.9740302
GNB,1976,545.7167198
GNQ,1976,
GRC,1976,13938.53857
GRD,1976,
GTM,1976,2944.830835
GUM,1976,
GUY,1976,3501.590542
HKG,1976,9468.590595
HND,1976,1590.738337
HRV,1976,
HTI,1976,1822.407345
HUN,1976,6512.814617
IDN,1976,854.3985674
IND,1976,377.4960254
IRL,1976,14487.49751
IRN,1976,7422.128609
IRQ,1976,1852.730765
ISL,1976,24454.19861
ISR,1976,17655.85209
ITA,1976,19116.61077
JAM,1976,4454.989387
JOR,1976,2926.451256
JPN,1976,16801.92503
KAZ,1976,
KEN,1976,1100.656501
KGZ,1976,
KHM,1976,832.04637
KIR,1976,2073.591092
KNA,1976,
KOR,1976,3238.269872
KWT,1976,39811.73524
LAO,1976,
LBN,1976,
LBR,1976,2974.922352
LBY,1976,19473.67633
LCA,1976,
LIE,1976,
LKA,1976,873.466901
LSO,1976,358.1296671
LTU,1976,
LUX,1976,39515.03535
LVA,1976,
MAC,1976,
MAF,1976,
MAR,1976,1263.171021
MDA,1976,
MDG,1976,699.9879248
MDV,1976,1367.223556
MEX,1976,6845.371118
MHL,1976,2726.445986
MKD,1976,
MLI,1976,424.3208933
MLT,1976,5391.617069
MMR,1976,151.3815281
MNE,1976,
MNG,1976,
MNP,1976,
MOZ,1976,
MRT,1976,1712.563742
MUS,1976,2408.272223
MWI,1976,413.4381482
MYS,1976,2632.120321
NAM,1976,
NCL,1976,
NER,1976,555.0742913
NGA,1976,2214.322616
NIC,1976,2697.484187
NLD,1976,25045.88492
NOR,1976,34564.06869
NPL,1976,340.9061193
NZL,1976,23472.35109
OMN,1976,14168.44697
PAK,1976,652.8380552
PAN,1976,4905.042065
PER,1976,3893.418313
PHL,1976,1683.659989
PLW,1976,11625.55779
PNG,1976,2076.435353
POL,1976,
PRI,1976,13495.66811
PRK,1976,
PRT,1976,9426.096846
PRY,1976,2547.262838
PSE,1976,
PYF,1976,26025.19827
QAT,1976,69382.61398
ROU,1976,
RUS,1976,
RWA,1976,344.8844427
SAU,1976,57668.1938
SDN,1976,898.2025757
SEN,1976,1071.680403
SGP,1976,10572.5669
SLB,1976,
SLE,1976,1001.217064
SLV,1976,3278.588613
SOM,1976,279.9986252
SRB,1976,
SSD,1976,
STP,1976,1065.939416
SUR,1976,6454.72148
SVK,1976,
SVN,1976,
SWE,1976,27653.91073
SWZ,1976,1178.826838
SXM,1976,
SYC,1976,5689.075065
SYR,1976,1061.236019
TCA,1976,
TCD,1976,471.063577
TGO,1976,744.3021645
THA,1976,1202.744247
TJK,1976,
TKM,1976,
TLS,1976,
TON,1976,
TTO,1976,6598.762353
TUN,1976,1641.274305
TUR,1976,4065.587281
TUV,1976,1956.797912
TZA,1976,572.3570557
UGA,1976,
UKR,1976,
URY,1976,7453.06661
USA,1976,28509.14306
UZB,1976,
VCT,1976,1965.111592
VEN,1976,
VGB,1976,
VIR,1976,
VNM,1976,
VUT,1976,
WSM,1976,2520.010011
YEM,1976,
ZAF,1976,5301.986396
ZMB,1976,1250.541503
ZWE,1976,1609.301205
AFG,1977,
AGO,1977,
ALB,1977,
ARE,1977,114430.0528
ARG,1977,10088.33749
ARM,1977,
ASM,1977,
ATG,1977,6061.443566
AUS,1977,29399.00248
AUT,1977,23669.50865
AZE,1977,
BDI,1977,380.7478506
BEL,1977,22382.64847
BEN,1977,689.8587863
BFA,1977,306.319821
BGD,1977,385.0855203
BGR,1977,
BHR,1977,23475.82664
BHS,1977,18820.50388
BIH,1977,
BLR,1977,
BLZ,1977,2612.707578
BMU,1977,76292.23938
BOL,1977,2182.675367
BRA,1977,5679.78591
BRB,1977,13811.32042
BRN,1977,77308.86279
BTN,1977,406.3373688
BWA,1977,1635.512591
CAF,1977,602.1997011
CAN,1977,25960.63922
CHE,1977,55863.55352
CHL,1977,3879.225334
CHN,1977,346.939156
CIV,1977,2861.158768
CMR,1977,1124.037767
COD,1977,1144.264826
COG,1977,1498.318024
COL,1977,2968.662581
COM,1977,
CPV,1977,
CRI,1977,5994.142454
CUB,1977,3574.737354
CYM,1977,
CYP,1977,8708.413086
CZE,1977,
DEU,1977,22075.21891
DJI,1977,
DMA,1977,2920.802433
DNK,1977,30218.96004
DOM,1977,2579.828669
DZA,1977,3459.303996
ECU,1977,3710.30598
EGY,1977,1235.697101
ERI,1977,
ESP,1977,14733.68582
EST,1977,
ETH,1977,291.6702356
FIN,1977,20785.06849
FJI,1977,3426.106043
FRA,1977,21347.55585
FSM,1977,2339.54285
GAB,1977,12653.31375
GBR,1977,22260.16201
GEO,1977,3345.207149
GHA,1977,917.7646332
GIN,1977,500.2248666
GMB,1977,676.4554175
GNB,1977,474.0824441
GNQ,1977,
GRC,1977,14162.99112
GRD,1977,3040.041564
GTM,1977,3105.807773
GUM,1977,
GUY,1977,3380.430346
HKG,1977,10427.22711
HND,1977,1702.08483
HRV,1977,
HTI,1977,1853.922184
HUN,1977,6975.307181
IDN,1977,906.7177664
IND,1977,395.4433068
IRL,1977,15466.23109
IRN,1977,6996.184314
IRQ,1977,1826.170528
ISL,1977,26414.24744
ISR,1977,17443.65504
ITA,1977,19522.99693
JAM,1977,4286.713315
JOR,1977,3073.820953
JPN,1977,17370.61655
KAZ,1977,
KEN,1977,1165.368612
KGZ,1977,
KHM,1977,768.3490094
KIR,1977,1990.874971
KNA,1977,4474.441622
KOR,1977,3581.468239
KWT,1977,35866.60554
LAO,1977,
LBN,1977,
LBR,1977,2938.380806
LBY,1977,20018.42952
LCA,1977,4232.46609
LIE,1977,
LKA,1977,901.5133267
LSO,1977,423.8053541
LTU,1977,
LUX,1977,40065.69142
LVA,1977,
MAC,1977,
MAF,1977,
MAR,1977,1306.129395
MDA,1977,
MDG,1977,695.1492198
MDV,1977,1476.967119
MEX,1977,6888.578946
MHL,1977,2704.138465
MKD,1977,
MLI,1977,442.9865199
MLT,1977,6024.974848
MMR,1977,157.3376204
MNE,1977,
MNG,1977,
MNP,1977,
MOZ,1977,
MRT,1977,1632.687139
MUS,1977,2524.539547
MWI,1977,420.5147237
MYS,1977,2768.885344
NAM,1977,
NCL,1977,
NER,1977,581.7011686
NGA,1977,2278.697218
NIC,1977,2836.593651
NLD,1977,25524.92154
NOR,1977,35850.33486
NPL,1977,343.4033377
NZL,1977,22478.30205
OMN,1977,13631.61553
PAK,1977,657.6593839
PAN,1977,4837.270145
PER,1977,3811.69776
PHL,1977,1730.594097
PLW,1977,11860.54214
PNG,1977,2048.908254
POL,1977,
PRI,1977,14091.18908
PRK,1977,
PRT,1977,9849.072949
PRY,1977,2770.712116
PSE,1977,
PYF,1977,25782.41248
QAT,1977,59679.74894
ROU,1977,
RUS,1977,
RWA,1977,341.5227971
SAU,1977,57760.52795
SDN,1977,923.2006226
SEN,1977,1017.814394
SGP,1977,11141.5798
SLB,1977,
SLE,1977,983.3301838
SLV,1977,3426.856162
SOM,1977,309.8147376
SRB,1977,
SSD,1977,
STP,1977,1281.277077
SUR,1977,7172.621071
SVK,1977,
SVN,1977,
SWE,1977,27116.007
SWZ,1977,1153.226779
SXM,1977,
SYC,1977,5226.172705
SYR,1977,1006.950393
TCA,1977,
TCD,1977,472.6546305
TGO,1977,777.2126506
THA,1977,1291.919768
TJK,1977,
TKM,1977,
TLS,1977,
TON,1977,
TTO,1977,7112.356047
TUN,1977,1653.439018
TUR,1977,4118.252405
TUV,1977,1804.139092
TZA,1977,552.2894287
UGA,1977,
UKR,1977,
URY,1977,7514.582677
USA,1977,29528.96637
UZB,1977,
VCT,1977,2207.588843
VEN,1977,
VGB,1977,
VIR,1977,
VNM,1977,
VUT,1977,
WSM,1977,2459.153422
YEM,1977,
ZAF,1977,5155.685759
ZMB,1977,1157.758144
ZWE,1977,1461.147803
AFG,1978,
AGO,1978,
ALB,1978,
ARE,1978,98826.10173
ARG,1978,9480.940095
ARM,1978,
ASM,1978,
ATG,1978,6309.755867
AUS,1978,29318.74636
AUT,1978,23638.77836
AZE,1978,
BDI,1978,366.4269115
BEL,1978,22997.27373
BEN,1978,680.651098
BFA,1978,312.5463784
BGD,1978,402.3855959
BGR,1978,
BHR,1978,23251.05311
BHS,1978,21047.01026
BIH,1978,
BLR,1978,
BLZ,1978,2762.210272
BMU,1978,77242.7029
BOL,1978,2176.909826
BRA,1978,5821.491313
BRB,1978,14489.2088
BRN,1978,80082.67914
BTN,1978,420.6822032
BWA,1978,1760.570704
CAF,1978,603.1196678
CAN,1978,26663.77071
CHE,1978,56087.04594
CHL,1978,4115.453941
CHN,1978,381.0993295
CIV,1978,3055.940305
CMR,1978,1334.487505
COD,1978,1050.007422
COG,1978,1556.667172
COL,1978,3148.238868
COM,1978,
CPV,1978,
CRI,1978,6202.51127
CUB,1978,3785.596853
CYM,1978,
CYP,1978,9350.950195
CZE,1978,
DEU,1978,22759.1493
DJI,1978,
DMA,1978,3214.413364
DNK,1978,30853.37202
DOM,1978,2569.109691
DZA,1978,3672.11778
ECU,1978,3815.912353
EGY,1978,1309.776151
ERI,1978,
ESP,1978,14805.98821
EST,1978,
ETH,1978,294.6225547
FIN,1978,21330.59875
FJI,1978,3408.493926
FRA,1978,22078.72282
FSM,1978,2403.522764
GAB,1978,9377.062838
GBR,1978,23194.79395
GEO,1978,3572.82136
GHA,1978,965.7645576
GIN,1978,525.8184573
GMB,1978,696.1849053
GNB,1978,502.5039804
GNQ,1978,
GRC,1978,14993.68907
GRD,1978,3226.098489
GTM,1978,3181.468033
GUM,1978,
GUY,1978,3293.62021
HKG,1978,11085.91515
HND,1978,1748.679843
HRV,1978,
HTI,1978,1931.452296
HUN,1978,7257.145859
IDN,1978,944.755243
IND,1978,408.5169444
IRL,1978,16344.2017
IRN,1978,5901.81296
IRQ,1978,2066.874262
ISL,1978,27785.79
ISR,1978,18028.44438
ITA,1978,20083.88021
JAM,1978,4234.959837
JOR,1978,3415.765518
JPN,1978,18120.72843
KAZ,1978,
KEN,1978,1203.767877
KGZ,1978,
KHM,1978,835.7090438
KIR,1978,2025.514587
KNA,1978,4664.557118
KOR,1978,3913.833174
KWT,1978,36140.32445
LAO,1978,
LBN,1978,
LBR,1978,2991.43153
LBY,1978,19521.59192
LCA,1978,4600.433974
LIE,1978,
LKA,1978,935.1274098
LSO,1978,487.3514556
LTU,1978,
LUX,1978,41623.60104
LVA,1978,
MAC,1978,
MAF,1978,
MAR,1978,1301.051025
MDA,1978,
MDG,1978,656.3983696
MDV,1978,1647.983711
MEX,1978,7309.607114
MHL,1978,2766.690305
MKD,1978,
MLI,1978,428.1309392
MLT,1978,6628.078504
MMR,1978,164.3584201
MNE,1978,
MNG,1978,
MNP,1978,
MOZ,1978,
MRT,1978,1579.021676
MUS,1978,2587.217002
MWI,1978,445.9936395
MYS,1978,2883.07107
NAM,1978,
NCL,1978,
NER,1978,641.4418217
NGA,1978,2082.552799
NIC,1978,2539.740528
NLD,1978,26052.35148
NOR,1978,37095.61386
NPL,1978,350.305705
NZL,1978,22542.68018
OMN,1978,12472.08866
PAK,1978,688.1902842
PAN,1978,5183.570355
PER,1978,3619.693032
PHL,1978,1772.228202
PLW,1978,11883.23686
PNG,1978,2177.152398
POL,1978,
PRI,1978,14871.8653
PRK,1978,
PRT,1978,10017.74705
PRY,1978,3027.557215
PSE,1978,
PYF,1978,27463.01639
QAT,1978,60529.95604
ROU,1978,
RUS,1978,
RWA,1978,361.8970813
SAU,1978,54647.13097
SDN,1978,837.2518311
SEN,1978,955.0021756
SGP,1978,11863.69397
SLB,1978,
SLE,1978,987.7320485
SLV,1978,3532.987515
SOM,1978,305.2595436
SRB,1978,
SSD,1978,
STP,1978,1283.357084
SUR,1978,7717.463334
SVK,1978,
SVN,1978,
SWE,1978,27510.74385
SWZ,1978,1130.662059
SXM,1978,
SYC,1978,6294.513802
SYR,1978,1069.746478
TCA,1978,
TCD,1978,461.9356584
TGO,1978,842.4023497
THA,1978,1394.18134
TJK,1978,
TKM,1978,
TLS,1978,
TON,1978,
TTO,1978,7725.818163
TUN,1978,1717.122781
TUR,1978,4096.630058
TUV,1978,1702.08842
TZA,1978,544.2400513
UGA,1978,
UKR,1978,
URY,1978,7874.423978
USA,1978,30834.99923
UZB,1978,
VCT,1978,2405.13718
VEN,1978,
VGB,1978,
VIR,1978,
VNM,1978,
VUT,1978,
WSM,1978,2586.588428
YEM,1978,
ZAF,1978,5168.069303
ZMB,1978,1129.471635
ZWE,1978,1401.160421
AFG,1979,
AGO,1979,
ALB,1979,
ARE,1979,106042.1742
ARG,1979,10284.60641
ARM,1979,
ASM,1979,
ATG,1979,6794.561602
AUS,1979,30178.38945
AUT,1979,24947.5271
AZE,1979,
BDI,1979,363.3826112
BEL,1979,23514.51182
BEN,1979,706.1044323
BFA,1979,315.7169684
BGD,1979,411.6692665
BGR,1979,
BHR,1979,22978.2198
BHS,1979,26028.70005
BIH,1979,
BLR,1979,
BLZ,1979,2907.694049
BMU,1979,78775.06143
BOL,1979,2130.754474
BRA,1979,6069.054743
BRB,1979,15650.38802
BRN,1979,96517.13329
BTN,1979,426.1595616
BWA,1979,1859.494579
CAF,1979,581.9822984
CAN,1979,27384.67793
CHE,1979,57369.14319
CHL,1979,4396.162225
CHN,1979,404.5966325
CIV,1979,3010.660748
CMR,1979,1375.918174
COD,1979,1018.101628
COG,1979,1670.779661
COL,1979,3244.086517
COM,1979,
CPV,1979,
CRI,1979,6335.45848
CUB,1979,3806.654422
CYM,1979,
CYP,1979,10197.61816
CZE,1979,
DEU,1979,23693.26019
DJI,1979,
DMA,1979,2615.8173
DNK,1979,32025.19134
DOM,1979,2619.317446
DZA,1979,3830.809592
ECU,1979,3852.478421
EGY,1979,1335.531521
ERI,1979,
ESP,1979,14682.13194
EST,1979,
ETH,1979,287.0897805
FIN,1979,22791.42379
FJI,1979,3735.04201
FRA,1979,22792.23595
FSM,1979,2379.242875
GAB,1979,9187.357658
GBR,1979,24042.78769
GEO,1979,3808.019059
GHA,1979,913.1598245
GIN,1979,510.9379037
GMB,1979,664.3537546
GNB,1979,494.9128073
GNQ,1979,
GRC,1979,15293.93143
GRD,1979,3435.904235
GTM,1979,3249.096141
GUM,1979,
GUY,1979,3210.167977
HKG,1979,11709.31474
HND,1979,1790.830216
HRV,1979,
HTI,1979,2037.868166
HUN,1979,7439.629701
IDN,1979,989.6783004
IND,1979,378.2195928
IRL,1979,16623.50993
IRN,1979,5016.914868
IRQ,1979,2419.115152
ISL,1979,28852.63829
ISR,1979,18662.09897
ITA,1979,21219.26696
JAM,1979,4141.33628
JOR,1979,3991.690342
JPN,1979,18953.33391
KAZ,1979,
KEN,1979,1251.319133
KGZ,1979,
KHM,1979,746.0857241
KIR,1979,1781.692043
KNA,1979,5040.414999
KOR,1979,4189.181488
KWT,1979,38757.80666
LAO,1979,
LBN,1979,
LBR,1979,2999.253072
LBY,1979,20077.74012
LCA,1979,4706.092548
LIE,1979,
LKA,1979,976.6173274
LSO,1979,487.1660451
LTU,1979,
LUX,1979,42500.2549
LVA,1979,
MAC,1979,
MAF,1979,
MAR,1979,1328.206421
MDA,1979,
MDG,1979,699.4854809
MDV,1979,1775.951336
MEX,1979,7814.549667
MHL,1979,2737.492669
MKD,1979,
MLI,1979,463.3064284
MLT,1979,7249.559806
MMR,1979,169.5994331
MNE,1979,
MNG,1979,
MNP,1979,
MOZ,1979,
MRT,1979,1608.410445
MUS,1979,2631.988577
MWI,1979,448.7164175
MYS,1979,3077.789334
NAM,1979,
NCL,1979,
NER,1979,667.3644142
NGA,1979,2155.789653
NIC,1979,1817.558763
NLD,1979,26394.26388
NOR,1979,38585.98736
NPL,1979,350.3204464
NZL,1979,23127.13025
OMN,1979,12343.13648
PAK,1979,689.7435937
PAN,1979,5289.37657
PER,1979,3674.961843
PHL,1979,1822.145023
PLW,1979,11937.61649
PNG,1979,2171.057419
POL,1979,
PRI,1979,15851.89228
PRK,1979,
PRT,1979,10469.80227
PRY,1979,3301.624894
PSE,1979,
PYF,1979,27647.12167
QAT,1979,59542.24233
ROU,1979,
RUS,1979,
RWA,1979,392.8109977
SAU,1979,57217.43489
SDN,1979,765.6730957
SEN,1979,997.7145806
SGP,1979,12834.16009
SLB,1979,
SLE,1979,1012.343175
SLV,1979,3320.112202
SOM,1979,256.2789483
SRB,1979,
SSD,1979,
STP,1979,1454.96872
SUR,1979,7750.388851
SVK,1979,
SVN,1979,
SWE,1979,28504.88518
SWZ,1979,1127.914949
SXM,1979,
SYC,1979,7226.368412
SYR,1979,1043.218557
TCA,1979,
TCD,1979,355.3188347
TGO,1979,778.697806
THA,1979,1438.539295
TJK,1979,
TKM,1979,
TLS,1979,
TON,1979,
TTO,1979,7900.861939
TUN,1979,1788.223839
TUR,1979,3991.93559
TUV,1979,1641.76536
TZA,1979,539.4030151
UGA,1979,
UKR,1979,
URY,1979,8322.210875
USA,1979,31462.10039
UZB,1979,
VCT,1979,2469.591672
VEN,1979,
VGB,1979,
VIR,1979,
VNM,1979,
VUT,1979,2945.842768
WSM,1979,2842.219677
YEM,1979,
ZAF,1979,5220.725057
ZMB,1979,1062.962931
ZWE,1979,1424.71763
AFG,1980,
AGO,1980,2835.459185
ALB,1980,1740.505838
ARE,1980,117949.3765
ARG,1980,10275.7987
ARM,1980,
ASM,1980,
ATG,1980,7321.840516
AUS,1980,30717.77803
AUT,1980,25379.46294
AZE,1980,
BDI,1980,351.9004199
BEL,1980,24532.45698
BEN,1980,733.4906374
BFA,1980,309.8052836
BGD,1980,405.2267703
BGR,1980,3431.521329
BHR,1980,22551.98609
BHS,1980,27207.21295
BIH,1980,
BLR,1980,
BLZ,1980,3183.735457
BMU,1980,84785.74623
BOL,1980,2054.797266
BRA,1980,6472.852146
BRB,1980,16318.2291
BRN,1980,84483.38935
BTN,1980,432.8386435
BWA,1980,2002.996153
CAF,1980,549.8510694
CAN,1980,27622.37338
CHE,1980,59771.44922
CHL,1980,4677.649136
CHN,1980,430.8554098
CIV,1980,2576.916601
CMR,1980,1305.683662
COD,1980,1008.339358
COG,1980,1921.968618
COL,1980,3300.511702
COM,1980,1174.132814
CPV,1980,581.7550658
CRI,1980,6211.829891
CUB,1980,3606.743901
CYM,1980,
CYP,1980,10667.79395
CZE,1980,
DEU,1980,23977.26986
DJI,1980,
DMA,1980,2960.864654
DNK,1980,31745.91679
DOM,1980,2759.257671
DZA,1980,3742.710247
ECU,1980,3889.178172
EGY,1980,1431.401082
ERI,1980,
ESP,1980,14886.40673
EST,1980,
ETH,1980,303.8479909
FIN,1980,23945.06049
FJI,1980,3588.633935
FRA,1980,23050.9256
FSM,1980,2140.903811
GAB,1980,9182.526802
GBR,1980,23526.25549
GEO,1980,3948.865351
GHA,1980,891.0226495
GIN,1980,515.0754982
GMB,1980,682.1444294
GNB,1980,411.2281911
GNQ,1980,457.6088575
GRC,1980,15246.99441
GRD,1980,3451.944177
GTM,1980,3287.024029
GUM,1980,
GUY,1980,3247.672768
HKG,1980,12553.21787
HND,1980,1747.334586
HRV,1980,
HTI,1980,2146.49093
HUN,1980,7449.658122
IDN,1980,1061.791789
IND,1980,394.1822399
IRL,1980,16939.33558
IRN,1980,3793.354297
IRQ,1980,2924.319168
ISL,1980,30189.68901
ISR,1980,18523.71127
ITA,1980,21901.92687
JAM,1980,3857.065616
JOR,1980,4278.632884
JPN,1980,19334.37474
KAZ,1980,
KEN,1980,1275.282697
KGZ,1980,
KHM,1980,688.762216
KIR,1980,1734.329946
KNA,1980,5489.175119
KOR,1980,4056.526007
KWT,1980,29547.75482
LAO,1980,
LBN,1980,
LBR,1980,2792.036998
LBY,1980,19090.55037
LCA,1980,4533.623575
LIE,1980,
LKA,1980,1015.027508
LSO,1980,460.2016173
LTU,1980,
LUX,1980,42705.33854
LVA,1980,
MAC,1980,
MAF,1980,
MAR,1980,1340.246704
MDA,1980,
MDG,1980,685.1006898
MDV,1980,2048.627333
MEX,1980,8290.288989
MHL,1980,2454.99779
MKD,1980,
MLI,1980,434.1261983
MLT,1980,7679.679813
MMR,1980,179.5886009
MNE,1980,
MNG,1980,
MNP,1980,
MOZ,1980,251.5675492
MRT,1980,1616.066303
MUS,1980,2327.601068
MWI,1980,433.5151832
MYS,1980,3216.287787
NAM,1980,3543.528308
NCL,1980,
NER,1980,631.839702
NGA,1980,2177.415787
NIC,1980,1850.005555
NLD,1980,26537.61855
NOR,1980,40217.74817
NPL,1980,334.219179
NZL,1980,23394.77461
OMN,1980,12406.64124
PAK,1980,729.7759975
PAN,1980,5840.960937
PER,1980,3797.436216
PHL,1980,1867.568624
PLW,1980,11956.91918
PNG,1980,2077.583613
POL,1980,
PRI,1980,16329.15347
PRK,1980,
PRT,1980,10832.51505
PRY,1980,3592.561273
PSE,1980,
PYF,1980,26910.84043
QAT,1980,55253.81064
ROU,1980,
RUS,1980,
RWA,1980,414.8852467
SAU,1980,57088.58513
SDN,1980,747.9194336
SEN,1980,1012.166615
SGP,1980,13953.89017
SLB,1980,2211.58799
SLE,1980,1040.424828
SLV,1980,2757.388124
SOM,1980,239.4702575
SRB,1980,
SSD,1980,
STP,1980,1405.760615
SUR,1980,7110.251415
SVK,1980,
SVN,1980,
SWE,1980,28930.6721
SWZ,1980,1226.994015
SXM,1980,
SYC,1980,6795.442134
SYR,1980,1155.128965
TCA,1980,
TCD,1980,333.0859139
TGO,1980,867.453988
THA,1980,1482.08742
TJK,1980,
TKM,1980,
TLS,1980,
TON,1980,
TTO,1980,8612.155784
TUN,1980,1877.337047
TUR,1980,3817.193771
TUV,1980,1590.96075
TZA,1980,536.9331665
UGA,1980,
UKR,1980,
URY,1980,8772.554297
USA,1980,31081.62163
UZB,1980,
VCT,1980,2512.073732
VEN,1980,
VGB,1980,
VIR,1980,
VNM,1980,
VUT,1980,2550.898587
WSM,1980,2642.834121
YEM,1980,
ZAF,1980,5399.540679
ZMB,1980,1062.936002
ZWE,1980,1539.013074
AFG,1981,
AGO,1981,2613.739386
ALB,1981,1804.010779
ARE,1981,113999.5095
ARG,1981,9587.673794
ARM,1981,
ASM,1981,
ATG,1981,7583.315679
AUS,1981,31251.82033
AUT,1981,25278.29533
AZE,1981,
BDI,1981,378.9436639
BEL,1981,24464.58704
BEN,1981,783.9251937
BFA,1981,314.2865826
BGD,1981,423.5371229
BGR,1981,3587.694814
BHR,1981,20521.42502
BHS,1981,24270.27372
BIH,1981,
BLR,1981,
BLZ,1981,3139.227094
BMU,1981,86283.5988
BOL,1981,2015.245758
BRA,1981,6055.097815
BRB,1981,15960.88459
BRN,1981,63568.33221
BTN,1981,482.2357227
BWA,1981,2111.345639
CAF,1981,535.2718032
CAN,1981,28215.53085
CHE,1981,60397.27306
CHL,1981,4910.279007
CHN,1981,447.1197864
CIV,1981,2562.425919
CMR,1981,1475.989502
COD,1981,1002.415377
COG,1981,2211.316742
COL,1981,3298.732189
COM,1981,1185.596502
CPV,1981,622.1758438
CRI,1981,5908.217224
CUB,1981,4297.337305
CYM,1981,
CYP,1981,10756.21094
CZE,1981,
DEU,1981,24067.48255
DJI,1981,
DMA,1981,3285.867686
DNK,1981,31519.6358
DOM,1981,2808.993444
DZA,1981,3731.939054
ECU,1981,3999.221987
EGY,1981,1495.854831
ERI,1981,
ESP,1981,14761.37764
EST,1981,
ETH,1981,309.296011
FIN,1981,24150.57838
FJI,1981,3725.859289
FRA,1981,23186.76126
FSM,1981,2278.807801
GAB,1981,9399.27026
GBR,1981,23332.80258
GEO,1981,4122.876591
GHA,1981,835.9885648
GIN,1981,508.556747
GMB,1981,680.7632358
GNB,1981,478.3650164
GNQ,1981,460.6949032
GRC,1981,14876.11725
GRD,1981,3523.01455
GTM,1981,3226.259659
GUM,1981,
GUY,1981,3287.40768
HKG,1981,13397.4126
HND,1981,1674.493377
HRV,1981,
HTI,1981,2045.462558
HUN,1981,7662.701442
IDN,1981,1119.39911
IND,1981,408.1535498
IRL,1981,17298.83865
IRN,1981,3394.343582
IRQ,1981,2817.121215
ISL,1981,31120.29652
ISR,1981,19128.13099
ITA,1981,22060.32871
JAM,1981,3907.586986
JOR,1981,4816.74408
JPN,1981,20011.82925
KAZ,1981,
KEN,1981,1276.927788
KGZ,1981,
KHM,1981,678.011251
KIR,1981,1811.681138
KNA,1981,5593.930469
KOR,1981,4283.119601
KWT,1981,22766.10318
LAO,1981,
LBN,1981,
LBR,1981,2653.14625
LBY,1981,14587.38589
LCA,1981,4745.083705
LIE,1981,
LKA,1981,1055.013343
LSO,1981,450.1025263
LTU,1981,
LUX,1981,42345.04515
LVA,1981,
MAC,1981,
MAF,1981,
MAR,1981,1281.851807
MDA,1981,
MDG,1981,599.7810477
MDV,1981,2226.206208
MEX,1981,8875.071512
MHL,1981,2511.568667
MKD,1981,
MLI,1981,431.3818443
MLT,1981,7875.884532
MMR,1981,187.4399735
MNE,1981,
MNG,1981,1425.476267
MNP,1981,
MOZ,1981,258.8506061
MRT,1981,1624.615779
MUS,1981,2428.264691
MWI,1981,394.7717008
MYS,1981,3332.820006
NAM,1981,3538.059084
NCL,1981,
NER,1981,612.1572905
NGA,1981,1834.287608
NIC,1981,1894.886004
NLD,1981,26149.65107
NOR,1981,40720.21481
NPL,1981,353.7008141
NZL,1981,24389.86285
OMN,1981,13751.49819
PAK,1981,755.3518864
PAN,1981,6229.526544
PER,1981,3909.666769
PHL,1981,1881.815203
PLW,1981,11786.35658
PNG,1981,2029.421053
POL,1981,
PRI,1981,16330.41843
PRK,1981,
PRT,1981,10912.76248
PRY,1981,3816.55409
PSE,1981,
PYF,1981,26761.75466
QAT,1981,52401.44048
ROU,1981,
RUS,1981,
RWA,1981,423.6707227
SAU,1981,55380.02357
SDN,1981,773.5447998
SEN,1981,1037.701406
SGP,1981,14737.30059
SLB,1981,2097.675514
SLE,1981,1048.972702
SLV,1981,2582.451566
SOM,1981,252.4850652
SRB,1981,
SSD,1981,
STP,1981,1234.820854
SUR,1981,7613.416138
SVK,1981,
SVN,1981,
SWE,1981,29027.42691
SWZ,1981,1360.659194
SXM,1981,
SYC,1981,6453.044413
SYR,1981,1204.048996
TCA,1981,
TCD,1981,336.1498368
TGO,1981,813.0461182
THA,1981,1538.431274
TJK,1981,
TKM,1981,
TLS,1981,
TON,1981,2589.0042
TTO,1981,8900.129189
TUN,1981,1936.277454
TUR,1981,3923.743782
TUV,1981,1597.627755
TZA,1981,515.711853
UGA,1981,
UKR,1981,
URY,1981,8875.413721
USA,1981,31559.12934
UZB,1981,
VCT,1981,2606.468965
VEN,1981,
VGB,1981,
VIR,1981,
VNM,1981,
VUT,1981,2604.280118
WSM,1981,2384.532021
YEM,1981,
ZAF,1981,5498.592034
ZMB,1981,1094.461959
ZWE,1981,1626.161928
AFG,1982,
AGO,1982,2519.351585
ALB,1982,1818.36782
ARE,1982,100275.2599
ARG,1982,9365.684654
ARM,1982,
ASM,1982,
ATG,1982,7562.892064
AUS,1982,31736.04475
AUT,1982,25768.21928
AZE,1982,
BDI,1982,365.7101921
BEL,1982,24616.83729
BEN,1982,778.6387651
BFA,1982,334.960465
BGD,1982,420.8720045
BGR,1982,3660.607326
BHR,1982,18310.99086
BHS,1982,25465.614
BIH,1982,
BLR,1982,
BLZ,1982,3058.542657
BMU,1982,81137.13193
BOL,1982,1894.05947
BRA,1982,5967.778996
BRB,1982,15129.17443
BRN,1982,63000.67395
BTN,1982,483.0235344
BWA,1982,2276.049825
CAF,1982,569.9098606
CAN,1982,26999.07907
CHE,1982,59259.16077
CHL,1982,4306.211018
CHN,1982,480.3113224
CIV,1982,2466.303638
CMR,1982,1549.612724
COD,1982,968.3318309
COG,1982,2674.951092
COL,1982,3253.880469
COM,1982,1226.818933
CPV,1982,630.3732152
CRI,1982,5329.871854
CUB,1982,4650.666056
CYM,1982,
CYP,1982,11269.76758
CZE,1982,
DEU,1982,23995.26619
DJI,1982,
DMA,1982,3435.525067
DNK,1982,32770.48672
DOM,1982,2790.769196
DZA,1982,3840.575386
ECU,1982,3918.960981
EGY,1982,1599.400832
ERI,1982,
ESP,1982,14855.91086
EST,1982,
ETH,1982,300.2459371
FIN,1982,24756.93901
FJI,1982,3420.17359
FRA,1982,23666.51217
FSM,1982,2153.628392
GAB,1982,8866.934616
GBR,1982,23806.7981
GEO,1982,4169.979244
GHA,1982,755.8233733
GIN,1982,507.4127551
GMB,1982,652.0666362
GNB,1982,490.6184413
GNQ,1982,443.1267799
GRC,1982,14617.23519
GRD,1982,3655.448158
GTM,1982,3041.616059
GUM,1982,
GUY,1982,2852.842568
HKG,1982,13580.12587
HND,1982,1591.311204
HRV,1982,
HTI,1982,1934.639428
HUN,1982,7885.052611
IDN,1982,1118.383207
IND,1982,412.5967371
IRL,1982,17527.36008
IRN,1982,3965.275505
IRQ,1982,2833.014421
ISL,1982,31368.71188
ISR,1982,19163.16853
ITA,1982,22135.16285
JAM,1982,3934.023621
JOR,1982,4939.755373
JPN,1982,20525.29585
KAZ,1982,
KEN,1982,1250.613969
KGZ,1982,
KHM,1982,659.0622426
KIR,1982,1763.179102
KNA,1982,5646.522936
KOR,1982,4569.087175
KWT,1982,19135.91228
LAO,1982,
LBN,1982,
LBR,1982,2514.921322
LBY,1982,14580.89244
LCA,1982,4768.481531
LIE,1982,
LKA,1982,1085.255241
LSO,1982,456.7089571
LTU,1982,
LUX,1982,42788.94856
LVA,1982,
MAC,1982,23023.33977
MAF,1982,
MAR,1982,1359.988281
MDA,1982,
MDG,1982,571.2304614
MDV,1982,2099.686844
MEX,1982,8676.57131
MHL,1982,2524.113693
MKD,1982,
MLI,1982,391.0418546
MLT,1982,7884.850182
MMR,1982,194.3608623
MNE,1982,
MNG,1982,1507.621655
MNP,1982,
MOZ,1982,235.7674828
MRT,1982,1541.580558
MUS,1982,2530.623339
MWI,1982,388.989576
MYS,1982,3420.217171
NAM,1982,3461.85974
NCL,1982,
NER,1982,607.1515031
NGA,1982,1659.098144
NIC,1982,1828.549712
NLD,1982,25707.04458
NOR,1982,40666.40512
NPL,1982,358.6099201
NZL,1982,24373.24734
OMN,1982,14513.98136
PAK,1982,775.0400437
PAN,1982,6409.686717
PER,1982,3805.244709
PHL,1982,1898.139306
PLW,1982,11472.15091
PNG,1982,1994.61293
POL,1982,
PRI,1982,15905.01942
PRK,1982,
PRT,1982,11077.86099
PRY,1982,3659.882592
PSE,1982,
PYF,1982,26376.87141
QAT,1982,45982.0956
ROU,1982,
RUS,1982,
RWA,1982,417.4227661
SAU,1982,43708.94439
SDN,1982,790.5970459
SEN,1982,1091.734789
SGP,1982,15106.25077
SLB,1982,1992.780253
SLE,1982,1076.801286
SLV,1982,2392.383901
SOM,1982,258.5641717
SRB,1982,
SSD,1982,
STP,1982,1249.502682
SUR,1982,7272.423773
SVK,1982,
SVN,1982,
SWE,1982,29373.07837
SWZ,1982,1331.614162
SXM,1982,
SYC,1982,6282.312434
SYR,1982,1197.250821
TCA,1982,
TCD,1982,337.8661686
TGO,1982,758.2508558
THA,1982,1589.421686
TJK,1982,
TKM,1982,
TLS,1982,
TON,1982,2709.790721
TTO,1982,9135.301956
TUN,1982,1884.784718
TUR,1982,3977.607759
TUV,1982,1317.700011
TZA,1982,498.3746033
UGA,1982,359.2062855
UKR,1982,
URY,1982,7976.398752
USA,1982,30696.08344
UZB,1982,
VCT,1982,2700.131534
VEN,1982,
VGB,1982,
VIR,1982,
VNM,1982,
VUT,1982,2594.709294
WSM,1982,2350.194889
YEM,1982,
ZAF,1982,5291.382611
ZMB,1982,1030.047182
ZWE,1982,1605.23661
AFG,1983,
AGO,1983,2529.401923
ALB,1983,1799.878617
ARE,1983,90186.17698
ARG,1983,9617.700057
ARM,1983,
ASM,1983,
ATG,1983,7950.263935
AUS,1983,30608.3684
AUT,1983,26577.2455
AZE,1983,
BDI,1983,369.2688541
BEL,1983,24695.56492
BEN,1983,723.4835207
BFA,1983,326.7302735
BGD,1983,425.6465712
BGR,1983,3776.740858
BHR,1983,18811.4381
BHS,1983,25941.31705
BIH,1983,
BLR,1983,
BLZ,1983,2921.074465
BMU,1983,82177.83557
BOL,1983,1778.787433
BRA,1983,5664.963685
BRB,1983,15151.31177
BRN,1983,61220.70779
BTN,1983,516.6780561
BWA,1983,2484.517956
CAF,1983,517.4005612
CAN,1983,27418.4916
CHE,1983,59382.70142
CHL,1983,4030.317661
CHN,1983,524.4093632
CIV,1983,2276.867
CMR,1983,1622.468293
COD,1983,951.3585514
COG,1983,2773.626638
COL,1983,3228.355931
COM,1983,1250.621847
CPV,1983,680.3092708
CRI,1983,5333.852102
CUB,1983,4863.893643
CYM,1983,
CYP,1983,11801.14258
CZE,1983,
DEU,1983,24436.54732
DJI,1983,
DMA,1983,3539.074416
DNK,1983,33663.58647
DOM,1983,2853.361265
DZA,1983,3912.936591
ECU,1983,3804.532819
EGY,1983,1632.382014
ERI,1983,
ESP,1983,15045.40016
EST,1983,
ETH,1983,316.0202525
FIN,1983,25373.68041
FJI,1983,3206.539986
FRA,1983,23836.4019
FSM,1983,2131.395869
GAB,1983,9113.436705
GBR,1983,24803.42717
GEO,1983,4311.298716
GHA,1983,699.9597409
GIN,1983,503.2547
GMB,1983,696.8494781
GNB,1983,466.4784851
GNQ,1983,436.5718159
GRC,1983,14375.69969
GRD,1983,3765.692681
GTM,1983,2891.730688
GUM,1983,
GUY,1983,2661.880129
HKG,1983,14174.78811
HND,1983,1558.693431
HRV,1983,
HTI,1983,1914.432476
HUN,1983,7954.000027
IDN,1983,1139.006301
IND,1983,432.4292354
IRL,1983,17361.0241
IRN,1983,4236.716811
IRQ,1983,2390.549198
ISL,1983,30290.19765
ISR,1983,19449.82426
ITA,1983,22385.84161
JAM,1983,3953.617709
JOR,1983,4619.982517
JPN,1983,21122.96484
KAZ,1983,
KEN,1983,1221.534859
KGZ,1983,
KHM,1983,663.8855391
KIR,1983,1565.118392
KNA,1983,5740.25409
KOR,1983,5104.448097
KWT,1983,19686.20179
LAO,1983,
LBN,1983,
LBR,1983,2394.574378
LBY,1983,14242.61275
LCA,1983,4926.920252
LIE,1983,
LKA,1983,1129.942979
LSO,1983,452.5203317
LTU,1983,
LUX,1983,44056.25147
LVA,1983,
MAC,1983,23952.67414
MAF,1983,
MAR,1983,1343.304565
MDA,1983,
MDG,1983,559.6611689
MDV,1983,2375.675582
MEX,1983,8098.516422
MHL,1983,2797.125478
MKD,1983,
MLI,1983,389.5290745
MLT,1983,7726.883916
MMR,1983,198.9731435
MNE,1983,
MNG,1983,1557.431508
MNP,1983,
MOZ,1983,194.6456547
MRT,1983,1553.808907
MUS,1983,2517.080199
MWI,1983,387.8453298
MYS,1983,3518.794921
NAM,1983,3309.621392
NCL,1983,
NER,1983,566.6478752
NGA,1983,1440.017478
NIC,1983,1863.304704
NLD,1983,26139.85324
NOR,1983,42142.33666
NPL,1983,339.7783767
NZL,1983,24883.59253
OMN,1983,16018.8529
PAK,1983,799.4132013
PAN,1983,5979.518169
PER,1983,3325.455324
PHL,1983,1878.601734
PLW,1983,11413.27227
PNG,1983,2016.075881
POL,1983,
PRI,1983,15374.51178
PRK,1983,
PRT,1983,11007.49414
PRY,1983,3450.26584
PSE,1983,
PYF,1983,26212.27649
QAT,1983,42654.78621
ROU,1983,
RUS,1983,
RWA,1983,427.8707648
SAU,1983,36605.63815
SDN,1983,782.2251587
SEN,1983,1002.791573
SGP,1983,16186.91451
SLB,1983,2000.785468
SLE,1983,1031.91547
SLV,1983,2385.396413
SOM,1983,221.4540058
SRB,1983,
SSD,1983,
STP,1983,1179.55626
SUR,1983,6948.369884
SVK,1983,
SVN,1983,
SWE,1983,29917.80652
SWZ,1983,1304.054296
SXM,1983,
SYC,1983,6251.168373
SYR,1983,1183.932348
TCA,1983,
TCD,1983,371.9495474
TGO,1983,693.1974302
THA,1983,1645.991691
TJK,1983,
TKM,1983,
TLS,1983,
TON,1983,2763.002092
TTO,1983,8105.319935
TUN,1983,1932.426423
TUR,1983,4078.35504
TUV,1983,1412.900699
TZA,1983,480.3990173
UGA,1983,370.539961
UKR,1983,
URY,1983,7125.057297
USA,1983,31810.92161
UZB,1983,
VCT,1983,2736.247849
VEN,1983,
VGB,1983,
VIR,1983,
VNM,1983,
VUT,1983,2608.932396
WSM,1983,2357.06875
YEM,1983,
ZAF,1983,5015.371424
ZMB,1983,977.75971
ZWE,1983,1569.892695
AFG,1984,
AGO,1984,2583.619826
ALB,1984,1740.347682
ARE,1984,88731.21951
ARG,1984,9614.447262
ARM,1984,
ASM,1984,
ATG,1984,8765.440316
AUS,1984,31632.38927
AUT,1984,26592.54699
AZE,1984,
BDI,1984,360.9893759
BEL,1984,25305.0321
BEN,1984,758.3611657
BFA,1984,311.7883342
BGD,1984,434.7823516
BGR,1984,3895.889757
BHR,1984,19065.31915
BHS,1984,29121.81774
BIH,1984,
BLR,1984,
BLZ,1984,2909.060078
BMU,1984,81986.71944
BOL,1984,1737.687276
BRA,1984,5841.749865
BRB,1984,15639.67364
BRN,1984,57811.77184
BTN,1984,523.4221651
BWA,1984,2603.448657
CAF,1984,559.5760637
CAN,1984,28762.9722
CHE,1984,60949.93231
CHL,1984,4133.296249
CHN,1984,596.2011091
CIV,1984,2128.641905
CMR,1984,1695.95061
COD,1984,971.0713748
COG,1984,2894.099735
COL,1984,3260.284592
COM,1984,1266.154989
CPV,1984,696.0472557
CRI,1984,5605.375749
CUB,1984,5206.71097
CYM,1984,
CYP,1984,12669.44141
CZE,1984,
DEU,1984,25213.38204
DJI,1984,
DMA,1984,3703.410509
DNK,1984,35142.76745
DOM,1984,2823.973338
DZA,1984,3993.395405
ECU,1984,3803.57699
EGY,1984,1738.325773
ERI,1984,
ESP,1984,15250.45351
EST,1984,
ETH,1984,299.1342956
FIN,1984,26052.78668
FJI,1984,3392.644044
FRA,1984,24102.01762
FSM,1984,1988.538956
GAB,1984,9533.316593
GBR,1984,25326.12967
GEO,1984,4506.668137
GHA,1984,741.1079205
GIN,1984,499.0997902
GMB,1984,694.3026489
GNB,1984,500.948088
GNQ,1984,415.0306611
GRC,1984,14591.86307
GRD,1984,3877.608512
GTM,1984,2825.720687
GUM,1984,
GUY,1984,2533.834117
HKG,1984,15436.06135
HND,1984,1609.301609
HRV,1984,
HTI,1984,1882.817893
HUN,1984,8181.77633
IDN,1984,1191.590588
IND,1984,438.5417055
IRL,1984,18005.0626
IRN,1984,3788.977629
IRQ,1984,2282.722617
ISL,1984,31207.21632
ISR,1984,19376.4416
ITA,1984,23102.81154
JAM,1984,3841.535257
JOR,1984,4605.21127
JPN,1984,21912.15186
KAZ,1984,
KEN,1984,1198.094372
KGZ,1984,
KHM,1984,671.7302488
KIR,1984,1754.012216
KNA,1984,6281.968291
KOR,1984,5573.842719
KWT,1984,19848.77928
LAO,1984,579.867783
LBN,1984,
LBR,1984,2272.71154
LBY,1984,13328.58935
LCA,1984,5200.749951
LIE,1984,
LKA,1984,1183.479372
LSO,1984,464.0856938
LTU,1984,
LUX,1984,46733.92355
LVA,1984,
MAC,1984,24734.59121
MAF,1984,
MAR,1984,1394.103882
MDA,1984,
MDG,1984,553.1310099
MDV,1984,2933.034263
MEX,1984,8207.923375
MHL,1984,2788.857048
MKD,1984,
MLI,1984,380.1684066
MLT,1984,7798.071904
MMR,1984,204.503944
MNE,1984,
MNG,1984,1610.004312
MNP,1984,
MOZ,1984,178.4156864
MRT,1984,1460.981642
MUS,1984,2607.927221
MWI,1984,392.9701218
MYS,1984,3670.366012
NAM,1984,3213.573774
NCL,1984,
NER,1984,457.605845
NGA,1984,1387.92176
NIC,1984,1789.109553
NLD,1984,26833.44911
NOR,1984,44567.00468
NPL,1984,364.0323088
NZL,1984,25851.72624
OMN,1984,17703.05931
PAK,1984,813.9818116
PAN,1984,5999.682436
PER,1984,3361.21738
PHL,1984,1696.576738
PLW,1984,11644.44467
PNG,1984,1966.703971
POL,1984,
PRI,1984,16125.05699
PRK,1984,
PRT,1984,10759.10137
PRY,1984,3448.839088
PSE,1984,
PYF,1984,26113.46963
QAT,1984,42309.99263
ROU,1984,
RUS,1984,
RWA,1984,396.1535134
SAU,1984,33110.1224
SDN,1984,726.9641113
SEN,1984,1014.218731
SGP,1984,17280.37038
SLB,1984,1937.460999
SLE,1984,1050.877145
SLV,1984,2371.584934
SOM,1984,220.5053059
SRB,1984,
SSD,1984,
STP,1984,1087.441534
SUR,1984,6754.874164
SVK,1984,
SVN,1984,
SWE,1984,31154.86753
SWZ,1984,1340.022644
SXM,1984,
SYC,1984,6481.833123
SYR,1984,1056.125314
TCA,1984,
TCD,1984,374.603793
TGO,1984,707.5720339
THA,1984,1707.930802
TJK,1984,
TKM,1984,
TLS,1984,
TON,1984,2811.263395
TTO,1984,7558.108561
TUN,1984,1996.46587
TUR,1984,4253.185765
TUV,1984,1496.605015
TZA,1984,486.7255249
UGA,1984,359.5103825
UKR,1984,
URY,1984,7011.482364
USA,1984,33818.82355
UZB,1984,
VCT,1984,2893.473104
VEN,1984,
VGB,1984,
VIR,1984,
VNM,1984,595.4913333
VUT,1984,2788.769689
WSM,1984,2386.243683
YEM,1984,
ZAF,1984,5091.719364
ZMB,1984,944.930594
ZWE,1984,1486.164393
AFG,1985,
AGO,1985,2577.465092
ALB,1985,1735.290312
ARE,1985,81077.257
ARG,1985,8973.318749
ARM,1985,
ASM,1985,
ATG,1985,9477.961907
AUS,1985,32861.41624
AUT,1985,27244.21477
AZE,1985,
BDI,1985,394.9021048
BEL,1985,25715.35792
BEN,1985,791.7271649
BFA,1985,328.7151646
BGD,1985,438.3824788
BGR,1985,4000.492581
BHR,1985,17516.6361
BHS,1985,30010.70562
BIH,1985,
BLR,1985,
BLZ,1985,2871.030403
BMU,1985,79797.38272
BOL,1985,1672.78978
BRA,1985,6167.513437
BRB,1985,15755.80857
BRN,1985,54270.08433
BTN,1985,527.7916003
BWA,1985,2693.781882
CAF,1985,574.3248507
CAN,1985,29851.64328
CHE,1985,62910.65814
CHL,1985,4233.993346
CHN,1985,667.1285419
CIV,1985,2138.060112
CMR,1985,1778.880903
COD,1985,943.7938426
COG,1985,2776.764285
COL,1985,3289.712097
COM,1985,1259.291918
CPV,1985,745.6202291
CRI,1985,5492.83543
CUB,1985,5246.135302
CYM,1985,
CYP,1985,13127.47168
CZE,1985,
DEU,1985,25858.05887
DJI,1985,
DMA,1985,3772.367719
DNK,1985,36587.44528
DOM,1985,2703.269864
DZA,1985,4002.556194
ECU,1985,3852.891055
EGY,1985,1785.07843
ERI,1985,
ESP,1985,15548.04005
EST,1985,
ETH,1985,258.4165254
FIN,1985,26862.79921
FJI,1985,3159.912599
FRA,1985,24358.13828
FSM,1985,2252.265089
GAB,1985,9058.49955
GBR,1985,26316.71542
GEO,1985,4688.071865
GHA,1985,762.2726374
GIN,1985,511.8855027
GMB,1985,662.0081436
GNB,1985,513.5785602
GNQ,1985,443.4956764
GRC,1985,14900.08622
GRD,1985,4083.267759
GTM,1985,2730.143617
GUM,1985,
GUY,1985,2603.4964
HKG,1985,15386.74005
HND,1985,1651.29031
HRV,1985,
HTI,1985,1856.968113
HUN,1985,8175.925092
IDN,1985,1195.123116
IND,1985,450.9667039
IRL,1985,18530.94269
IRN,1985,3720.532623
IRQ,1985,2260.876321
ISL,1985,31981.91453
ISR,1985,19806.24957
ITA,1985,23742.38549
JAM,1985,3685.981782
JOR,1985,4280.416438
JPN,1985,22898.99424
KAZ,1985,
KEN,1985,1204.919324
KGZ,1985,
KHM,1985,679.9895511
KIR,1985,1492.760326
KNA,1985,6858.001447
KOR,1985,5951.879089
KWT,1985,18264.44439
LAO,1985,592.627302
LBN,1985,
LBR,1985,2185.928098
LBY,1985,13975.09748
LCA,1985,5540.557507
LIE,1985,
LKA,1985,1234.468626
LSO,1985,462.8921723
LTU,1985,
LUX,1985,47945.84837
LVA,1985,
MAC,1985,24326.59982
MAF,1985,
MAR,1985,1442.958496
MDA,1985,
MDG,1985,543.5136847
MDV,1985,3278.902529
MEX,1985,8194.162494
MHL,1985,2510.706629
MKD,1985,
MLI,1985,448.2239913
MLT,1985,7860.366959
MMR,1985,206.1790242
MNE,1985,
MNG,1985,1660.205383
MNP,1985,
MOZ,1985,176.8540862
MRT,1985,1461.93452
MUS,1985,2766.590287
MWI,1985,395.4187207
MYS,1985,3515.255056
NAM,1985,3137.538954
NCL,1985,
NER,1985,478.4876324
NGA,1985,1428.927428
NIC,1985,1675.626582
NLD,1985,27397.73905
NOR,1985,46901.32429
NPL,1985,377.7253539
NZL,1985,26107.48931
OMN,1985,18998.6682
PAK,1985,848.4595088
PAN,1985,6152.784303
PER,1985,3347.82743
PHL,1985,1537.665558
PLW,1985,11962.66506
PNG,1985,2002.022984
POL,1985,
PRI,1985,16463.00212
PRK,1985,
PRT,1985,11030.94148
PRY,1985,3504.478296
PSE,1985,
PYF,1985,25163.35559
QAT,1985,39368.89595
ROU,1985,
RUS,1985,
RWA,1985,399.8723711
SAU,1985,29009.47661
SDN,1985,669.1033325
SEN,1985,1020.464257
SGP,1985,17149.3155
SLB,1985,1815.032731
SLE,1985,973.2701252
SLV,1985,2339.011554
SOM,1985,231.9606756
SRB,1985,
SSD,1985,
STP,1985,1163.807243
SUR,1985,6804.882353
SVK,1985,
SVN,1985,
SWE,1985,31775.40211
SWZ,1985,1340.791371
SXM,1985,
SYC,1985,7091.310698
SYR,1985,1114.963332
TCA,1985,
TCD,1985,451.6635046
TGO,1985,723.3852642
THA,1985,1754.627162
TJK,1985,1417.668222
TKM,1985,
TLS,1985,
TON,1985,2995.822517
TTO,1985,7158.98182
TUN,1985,2055.194117
TUR,1985,4336.220052
TUV,1985,1442.847469
TZA,1985,476.9798889
UGA,1985,337.9979454
UKR,1985,
URY,1985,7080.001086
USA,1985,34918.1302
UZB,1985,
VCT,1985,3049.081417
VEN,1985,
VGB,1985,
VIR,1985,
VNM,1985,603.9774958
VUT,1985,2746.542223
WSM,1985,2478.984712
YEM,1985,
ZAF,1985,4865.056941
ZMB,1985,931.8082636
ZWE,1985,1535.335726
AFG,1986,
AGO,1986,2557.958838
ALB,1986,1798.01508
ARE,1986,64745.48656
ARG,1986,9378.468664
ARM,1986,
ASM,1986,
ATG,1986,10619.16559
AUS,1986,33674.17055
AUT,1986,27853.50496
AZE,1986,
BDI,1986,400.1560153
BEL,1986,26174.75516
BEN,1986,785.1430701
BFA,1986,344.9939123
BGD,1986,446.0802531
BGR,1986,4169.923094
BHR,1986,17091.2903
BHS,1986,30030.18689
BIH,1986,
BLR,1986,
BLZ,1986,2934.26575
BMU,1986,84596.35287
BOL,1986,1595.835032
BRA,1986,6494.280879
BRB,1986,16508.51496
BRN,1986,49618.46453
BTN,1986,570.0542882
BWA,1986,2816.769372
CAF,1986,587.3483224
CAN,1986,30183.40878
CHE,1986,63747.33576
CHL,1986,4393.055799
CHN,1986,716.10534
CIV,1986,2123.074601
CMR,1986,1842.964317
COD,1986,957.671957
COG,1986,2511.48682
COL,1986,3410.159653
COM,1986,1247.58229
CPV,1986,756.2601004
CRI,1986,5641.943909
CUB,1986,5206.529667
CYM,1986,
CYP,1986,13458.46875
CZE,1986,
DEU,1986,26437.41774
DJI,1986,
DMA,1986,4058.32028
DNK,1986,38268.06838
DOM,1986,2738.514677
DZA,1986,3888.364759
ECU,1986,3888.315072
EGY,1986,1817.076257
ERI,1986,
ESP,1986,16005.97326
EST,1986,
ETH,1986,275.1281176
FIN,1986,27513.38869
FJI,1986,3333.21191
FRA,1986,24813.03027
FSM,1986,2364.53008
GAB,1986,8741.051386
GBR,1986,27082.98194
GEO,1986,4266.724946
GHA,1986,784.4489542
GIN,1986,514.9488271
GMB,1986,662.0023255
GNB,1986,501.4416803
GNQ,1986,412.6313125
GRC,1986,14927.76138
GRD,1986,4346.32354
GTM,1986,2659.141353
GUM,1986,
GUY,1986,2591.39935
HKG,1986,16876.34389
HND,1986,1690.229803
HRV,1986,
HTI,1986,1811.085824
HUN,1986,8315.593936
IDN,1986,1240.064757
IND,1986,461.7256115
IRL,1986,18443.18676
IRN,1986,3234.885431
IRQ,1986,2308.443275
ISL,1986,33739.27613
ISR,1986,20319.34531
ITA,1986,24420.08028
JAM,1986,3720.503502
JOR,1986,4312.611019
JPN,1986,23527.71252
KAZ,1986,
KEN,1986,1245.98851
KGZ,1986,1022.866604
KHM,1986,678.6700941
KIR,1986,1422.516486
KNA,1986,7649.33908
KOR,1986,6560.479672
KWT,1986,19042.37877
LAO,1986,604.3317883
LBN,1986,
LBR,1986,2085.952882
LBY,1986,12022.66479
LCA,1986,6238.050961
LIE,1986,
LKA,1986,1272.914656
LSO,1986,472.432856
LTU,1986,
LUX,1986,52496.6662
LVA,1986,
MAC,1986,25398.43806
MAF,1986,
MAR,1986,1542.618408
MDA,1986,
MDG,1986,538.4919526
MDV,1986,3462.630603
MEX,1986,7713.612154
MHL,1986,3005.517207
MKD,1986,
MLI,1986,451.8430776
MLT,1986,8030.449241
MMR,1986,200.2155768
MNE,1986,
MNG,1986,1770.290354
MNP,1986,
MOZ,1986,169.7877997
MRT,1986,1501.593425
MUS,1986,3012.989372
MWI,1986,380.2980469
MYS,1986,3444.117138
NAM,1986,3187.749032
NCL,1986,
NER,1986,493.8040771
NGA,1986,1391.478772
NIC,1986,1620.252661
NLD,1986,28005.45692
NOR,1986,48623.38469
NPL,1986,386.3405596
NZL,1986,26820.42667
OMN,1986,18173.34117
PAK,1986,865.3837802
PAN,1986,6229.618741
PER,1986,3578.000913
PHL,1986,1551.408928
PLW,1986,12310.82178
PNG,1986,2051.252218
POL,1986,
PRI,1986,17117.41576
PRK,1986,
PRT,1986,11477.28412
PRY,1986,3575.796904
PSE,1986,
PYF,1986,27852.08042
QAT,1986,39682.2413
ROU,1986,
RUS,1986,
RWA,1986,407.8941089
SAU,1986,27682.56667
SDN,1986,692.1966553
SEN,1986,1022.55326
SGP,1986,17396.02814
SLB,1986,1753.114383
SLE,1986,961.5311986
SLV,1986,2297.535007
SOM,1986,217.8220578
SRB,1986,
SSD,1986,
STP,1986,1071.361644
SUR,1986,6765.644548
SVK,1986,
SVN,1986,
SWE,1986,32554.78047
SWZ,1986,1446.771237
SXM,1986,
SYC,1986,7100.937354
SYR,1986,991.1103437
TCA,1986,
TCD,1986,420.4566625
TGO,1986,712.7284516
THA,1986,1818.905047
TJK,1986,1420.201978
TKM,1986,
TLS,1986,
TON,1986,3058.482269
TTO,1986,6833.536588
TUN,1986,1974.715243
TUR,1986,4542.533456
TUV,1986,1731.913773
TZA,1986,486.8313599
UGA,1986,329.5785217
UKR,1986,
URY,1986,7663.581677
USA,1986,35794.88777
UZB,1986,
VCT,1986,3196.987701
VEN,1986,
VGB,1986,
VIR,1986,
VNM,1986,607.5899979
VUT,1986,2673.418761
WSM,1986,2612.123376
YEM,1986,
ZAF,1986,4712.818695
ZMB,1986,910.9445424
ZWE,1986,1515.948485
AFG,1987,
AGO,1987,2571.496919
ALB,1987,1748.57872
ARE,1987,62391.55192
ARG,1987,9484.458766
ARM,1987,
ASM,1987,
ATG,1987,11381.23077
AUS,1987,34014.73541
AUT,1987,28213.66335
AZE,1987,
BDI,1987,412.6540463
BEL,1987,26755.69799
BEN,1987,750.4038406
BFA,1987,334.888997
BGD,1987,452.6597569
BGR,1987,4415.890699
BHR,1987,18193.20734
BHS,1987,30407.05743
BIH,1987,
BLR,1987,
BLZ,1987,3177.26856
BMU,1987,87182.1874
BOL,1987,1601.018345
BRA,1987,6591.608829
BRB,1987,16892.73261
BRN,1987,49057.08452
BTN,1987,713.5871458
BWA,1987,3050.231762
CAF,1987,551.0394346
CAN,1987,31001.12984
CHE,1987,64352.55534
CHL,1987,4603.283491
CHN,1987,786.8648816
CIV,1987,2035.62091
CMR,1987,1749.424666
COD,1987,952.7710829
COG,1987,2443.790199
COL,1987,3520.16262
COM,1987,1233.657649
CPV,1987,777.8309574
CRI,1987,5756.519068
CUB,1987,5036.672201
CYM,1987,
CYP,1987,14253.49707
CZE,1987,
DEU,1987,26766.96006
DJI,1987,
DMA,1987,4337.566692
DNK,1987,38396.56707
DOM,1987,2952.098458
DZA,1987,3746.165667
ECU,1987,3785.72228
EGY,1987,1835.113426
ERI,1987,
ESP,1987,16850.09035
EST,1987,
ETH,1987,302.7650637
FIN,1987,28412.44979
FJI,1987,3066.128436
FRA,1987,25308.62092
FSM,1987,2327.856244
GAB,1987,7044.156749
GBR,1987,28482.86667
GEO,1987,4285.872595
GHA,1987,803.4288101
GIN,1987,518.4607063
GMB,1987,651.2450924
GNB,1987,507.7799672
GNQ,1987,412.7902219
GRC,1987,14541.86028
GRD,1987,4705.942651
GTM,1987,2678.488054
GUM,1987,
GUY,1987,2628.318438
HKG,1987,18945.82712
HND,1987,1752.021253
HRV,1987,
HTI,1987,1760.750451
HUN,1987,8667.00868
IDN,1987,1276.13232
IND,1987,469.2099563
IRL,1987,19301.2083
IRN,1987,3115.618032
IRQ,1987,2454.995024
ISL,1987,36223.55643
ISR,1987,21421.28821
ITA,1987,25196.98811
JAM,1987,3982.112647
JOR,1987,4213.354798
JPN,1987,24503.08457
KAZ,1987,
KEN,1987,1274.22088
KGZ,1987,1036.71013
KHM,1987,790.553707
KIR,1987,1406.315668
KNA,1987,8203.61881
KOR,1987,7322.719869
KWT,1987,19786.36445
LAO,1987,579.0226205
LBN,1987,
LBR,1987,2005.36576
LBY,1987,9976.130245
LCA,1987,6386.0794
LIE,1987,
LKA,1987,1279.803649
LSO,1987,465.4731473
LTU,1987,
LUX,1987,54218.27539
LVA,1987,
MAC,1987,28006.91045
MAF,1987,
MAR,1987,1507.199951
MDA,1987,
MDG,1987,529.509106
MDV,1987,3638.843664
MEX,1987,7716.497317
MHL,1987,3162.804399
MKD,1987,
MLI,1987,443.4237106
MLT,1987,8303.168485
MMR,1987,188.8716675
MNE,1987,
MNG,1987,1784.585134
MNP,1987,
MOZ,1987,193.9569025
MRT,1987,1486.696363
MUS,1987,3256.422836
MWI,1987,368.4580722
MYS,1987,3508.009486
NAM,1987,3196.996587
NCL,1987,
NER,1987,479.5105681
NGA,1987,1398.248833
NIC,1987,1572.336969
NLD,1987,28365.75134
NOR,1987,49244.9632
NPL,1987,384.6596367
NZL,1987,26848.63211
OMN,1987,16524.17935
PAK,1987,890.3422228
PAN,1987,5982.344799
PER,1987,3837.267699
PHL,1987,1576.97337
PLW,1987,12699.38097
PNG,1987,2062.961218
POL,1987,
PRI,1987,17935.03493
PRK,1987,
PRT,1987,12212.98524
PRY,1987,3739.834102
PSE,1987,
PYF,1987,27497.83012
QAT,1987,38241.80978
ROU,1987,
RUS,1987,
RWA,1987,394.6482176
SAU,1987,25342.21446
SDN,1987,776.5308228
SEN,1987,1055.324542
SGP,1987,18986.7527
SLB,1987,1840.387507
SLE,1987,1003.779215
SLV,1987,2309.064591
SOM,1987,231.3851343
SRB,1987,
SSD,1987,
STP,1987,1014.691258
SUR,1987,6272.929386
SVK,1987,
SVN,1987,
SWE,1987,33534.53213
SWZ,1987,1594.969947
SXM,1987,
SYC,1987,7137.556036
SYR,1987,973.6202392
TCA,1987,
TCD,1987,396.2823207
TGO,1987,694.9067345
THA,1987,1957.759637
TJK,1987,1355.738498
TKM,1987,2645.641517
TLS,1987,
TON,1987,3138.0789
TTO,1987,6445.517578
TUN,1987,2055.741665
TUR,1987,4873.09953
TUV,1987,1908.425698
TZA,1987,493.8258972
UGA,1987,332.1859415
UKR,1987,3141.679688
URY,1987,8229.872992
USA,1987,36701.94539
UZB,1987,1483.851778
VCT,1987,3189.973464
VEN,1987,
VGB,1987,
VIR,1987,
VNM,1987,616.715148
VUT,1987,2530.444155
WSM,1987,2615.349407
YEM,1987,
ZAF,1987,4664.130116
ZMB,1987,908.6800428
ZWE,1987,1483.505759
AFG,1988,
AGO,1988,2637.781855
ALB,1988,1691.530949
ARE,1988,56872.35699
ARG,1988,9236.807713
ARM,1988,
ASM,1988,
ATG,1988,12035.39299
AUS,1988,35389.45533
AUT,1988,29102.3223
AZE,1988,
BDI,1988,423.9198106
BEL,1988,27930.48593
BEN,1988,752.704035
BFA,1988,344.9044642
BGD,1988,453.8392369
BGR,1988,4893.694084
BHR,1988,18774.13952
BHS,1988,30582.45226
BIH,1988,
BLR,1988,
BLZ,1988,3411.770993
BMU,1988,90024.09228
BOL,1988,1613.04847
BRA,1988,6463.005453
BRB,1988,17452.0562
BRN,1988,46889.49139
BTN,1988,725.5549161
BWA,1988,3536.423254
CAF,1988,551.2093702
CAN,1988,31951.55048
CHE,1988,65975.10651
CHL,1988,4861.84957
CHN,1988,861.1934866
CIV,1988,1981.388775
CMR,1988,1565.134753
COD,1988,927.077248
COG,1988,2415.940916
COL,1988,3588.969636
COM,1988,1233.02004
CPV,1988,813.0374585
CRI,1988,5802.828915
CUB,1988,5174.621206
CYM,1988,
CYP,1988,15322.62109
CZE,1988,
DEU,1988,27651.03627
DJI,1988,
DMA,1988,4704.104849
DNK,1988,38482.66635
DOM,1988,2952.744518
DZA,1988,3606.268388
ECU,1988,3916.010152
EGY,1988,1882.267978
ERI,1988,
ESP,1988,17670.97488
EST,1988,
ETH,1988,292.6370213
FIN,1988,29811.95092
FJI,1988,3062.153092
FRA,1988,26374.12218
FSM,1988,2331.799623
GAB,1988,7730.935748
GBR,1988,30048.82066
GEO,1988,4479.400183
GHA,1988,828.5009593
GIN,1988,536.9351428
GMB,1988,653.000031
GNB,1988,522.5685872
GNQ,1988,407.2413602
GRC,1988,15110.41466
GRD,1988,4807.01373
GTM,1988,2705.89964
GUM,1988,
GUY,1988,2546.091606
HKG,1988,20386.33312
HND,1988,1733.095816
HRV,1988,
HTI,1988,1728.602543
HUN,1988,8674.638006
IDN,1988,1324.37573
IND,1988,502.9373422
IRL,1988,20395.27385
IRN,1988,2833.187578
IRQ,1988,2398.237977
ISL,1988,35628.63963
ISR,1988,21682.36851
ITA,1988,26241.16192
JAM,1988,4112.196843
JOR,1988,4080.287495
JPN,1988,26026.86488
KAZ,1988,
KEN,1988,1306.364337
KGZ,1988,1153.025066
KHM,1988,852.2239753
KIR,1988,1675.63809
KNA,1988,9022.843518
KOR,1988,8120.639687
KWT,1988,17116.06559
LAO,1988,551.3631637
LBN,1988,3934.029377
LBR,1988,1908.453041
LBY,1988,10458.67019
LCA,1988,7178.194741
LIE,1988,
LKA,1988,1298.231997
LSO,1988,494.9218915
LTU,1988,
LUX,1988,58381.75426
LVA,1988,
MAC,1988,29320.48149
MAF,1988,
MAR,1988,1654.006836
MDA,1988,
MDG,1988,532.0334696
MDV,1988,3826.303311
MEX,1988,7657.727475
MHL,1988,3288.888495
MKD,1988,
MLI,1988,467.9531645
MLT,1988,8928.21083
MMR,1988,164.7004166
MNE,1988,
MNG,1988,1827.389681
MNP,1988,
MOZ,1988,210.2223049
MRT,1988,1469.211947
MUS,1988,3453.720351
MWI,1988,360.1828646
MYS,1988,3737.260069
NAM,1988,3111.606545
NCL,1988,
NER,1988,497.1645579
NGA,1988,1461.191322
NIC,1988,1345.34079
NLD,1988,29152.91328
NOR,1988,48855.81141
NPL,1988,405.6389297
NZL,1988,26680.10989
OMN,1988,16544.44041
PAK,1988,926.5577893
PAN,1988,5069.862617
PER,1988,3397.016307
PHL,1988,1638.036824
PLW,1988,13105.43929
PNG,1988,2077.601609
POL,1988,
PRI,1988,18815.91653
PRK,1988,
PRT,1988,13141.28242
PRY,1988,3851.516319
PSE,1988,
PYF,1988,25864.02304
QAT,1988,39095.60383
ROU,1988,
RUS,1988,
RWA,1988,399.4662908
SAU,1988,25615.00848
SDN,1988,764.4541626
SEN,1988,1016.827928
SGP,1988,20595.97514
SLB,1988,1804.422698
SLE,1988,907.8681271
SLV,1988,2305.621794
SOM,1988,239.0540879
SRB,1988,
SSD,1988,
STP,1988,1008.243594
SUR,1988,6672.845582
SVK,1988,
SVN,1988,
SWE,1988,34234.98821
SWZ,1988,1623.275888
SXM,1988,
SYC,1988,7489.740299
SYR,1988,1110.622599
TCA,1988,
TCD,1988,442.400105
TGO,1988,719.0017779
THA,1988,2180.413587
TJK,1988,1491.073894
TKM,1988,2849.291299
TLS,1988,
TON,1988,3060.575452
TTO,1988,6128.906836
TUN,1988,2009.640369
TUR,1988,4887.599293
TUV,1988,2237.591932
TZA,1988,513.8685913
UGA,1988,348.373833
UKR,1988,3209.282227
URY,1988,8302.574845
USA,1988,37889.37735
UZB,1988,1575.303195
VCT,1988,3617.347253
VEN,1988,
VGB,1988,
VIR,1988,
VNM,1988,635.3982039
VUT,1988,2424.531106
WSM,1988,2567.139859
YEM,1988,
ZAF,1988,4714.222842
ZMB,1988,939.5996794
ZWE,1988,1545.854974
AFG,1989,
AGO,1989,2550.294313
ALB,1989,1808.646078
ARE,1989,60031.8691
ARG,1989,8445.410092
ARM,1989,
ASM,1989,
ATG,1989,12727.13091
AUS,1989,36143.14778
AUT,1989,30097.65134
AZE,1989,
BDI,1989,421.2876949
BEL,1989,28794.6548
BEN,1989,709.1889077
BFA,1989,343.0898203
BGD,1989,457.2543348
BGR,1989,4788.396923
BHR,1989,18183.31193
BHS,1989,32070.51705
BIH,1989,
BLR,1989,
BLZ,1989,3771.133848
BMU,1989,89743.05582
BOL,1989,1639.113338
BRA,1989,6545.425756
BRB,1989,18056.0932
BRN,1989,44296.33887
BTN,1989,756.3809756
BWA,1989,3888.730451
CAF,1989,547.9736388
CAN,1989,32116.92334
CHE,1989,68278.06206
CHL,1989,5257.125928
CHN,1989,883.7641552
CIV,1989,1962.4217
CMR,1989,1492.281761
COD,1989,886.8607205
COG,1989,2408.141599
COL,1989,3636.075692
COM,1989,1162.339731
CPV,1989,846.5740361
CRI,1989,5979.074106
CUB,1989,5160.026813
CYM,1989,
CYP,1989,16306.25879
CZE,1989,
DEU,1989,28507.16213
DJI,1989,
DMA,1989,4725.565272
DNK,1989,38727.71837
DOM,1989,3018.159364
DZA,1989,3666.853079
ECU,1989,3866.167477
EGY,1989,1921.856304
ERI,1989,
ESP,1989,18494.93978
EST,1989,
ETH,1989,280.5929684
FIN,1989,31214.67501
FJI,1989,3257.204386
FRA,1989,27372.05348
FSM,1989,2367.544591
GAB,1989,8162.582408
GBR,1989,30743.22751
GEO,1989,4146.256808
GHA,1989,849.1572752
GIN,1989,544.1252898
GMB,1989,663.3313099
GNB,1989,545.3406404
GNQ,1989,387.1282919
GRC,1989,15602.97329
GRD,1989,4947.215949
GTM,1989,2734.556847
GUM,1989,
GUY,1989,2436.296315
HKG,1989,20635.63692
HND,1989,1731.04027
HRV,1989,
HTI,1989,1644.103745
HUN,1989,8834.201301
IDN,1989,1396.699709
IND,1989,521.0733838
IRL,1989,21666.72328
IRN,1989,2920.369311
IRQ,1989,2262.470445
ISL,1989,35281.08209
ISR,1989,21440.15875
ITA,1989,27109.97057
JAM,1989,4377.062944
JOR,1989,3472.225097
JPN,1989,27199.93997
KAZ,1989,
KEN,1989,1320.507745
KGZ,1989,1160.676081
KHM,1989,849.2790497
KIR,1989,1516.915043
KNA,1989,9588.262879
KOR,1989,8609.426114
KWT,1989,20743.68673
LAO,1989,611.8220699
LBN,1989,2218.626436
LBR,1989,1360.080491
LBY,1989,10940.1407
LCA,1989,7736.223015
LIE,1989,
LKA,1989,1314.192478
LSO,1989,513.1063029
LTU,1989,
LUX,1989,63481.58474
LVA,1989,
MAC,1989,29931.58862
MAF,1989,
MAR,1989,1669.732544
MDA,1989,
MDG,1989,537.840431
MDV,1989,4051.515677
MEX,1989,7783.80581
MHL,1989,3139.414399
MKD,1989,
MLI,1989,478.5127719
MLT,1989,9564.909359
MMR,1989,168.1138542
MNE,1989,
MNG,1989,1860.845719
MNP,1989,
MOZ,1989,222.0431235
MRT,1989,1501.232895
MUS,1989,3580.40595
MWI,1989,348.2011129
MYS,1989,3953.814713
NAM,1989,2974.567874
NCL,1989,
NER,1989,486.8656839
NGA,1989,1449.680176
NIC,1989,1291.347026
NLD,1989,30259.43232
NOR,1989,49159.70362
NPL,1989,413.8940231
NZL,1989,26595.19432
OMN,1989,17522.61825
PAK,1989,941.2443094
PAN,1989,5039.88259
PER,1989,2912.664343
PHL,1989,1696.002364
PLW,1989,13540.54195
PNG,1989,2002.680816
POL,1989,
PRI,1989,19453.76692
PRK,1989,
PRT,1989,14008.09074
PRY,1989,4006.159999
PSE,1989,
PYF,1989,25833.19402
QAT,1989,40125.03289
ROU,1989,
RUS,1989,8105.89502
RWA,1989,387.2799445
SAU,1989,24453.5518
SDN,1989,823.0768433
SEN,1989,1027.27576
SGP,1989,22031.89713
SLB,1989,1822.710216
SLE,1989,891.9348892
SLV,1989,2282.537162
SOM,1989,252.3608643
SRB,1989,
SSD,1989,
STP,1989,1013.507604
SUR,1989,6847.857426
SVK,1989,
SVN,1989,
SWE,1989,34910.16765
SWZ,1989,1749.721585
SXM,1989,
SYC,1989,8210.90697
SYR,1989,927.806684
TCA,1989,
TCD,1989,448.5433477
TGO,1989,726.2934844
THA,1989,2406.269968
TJK,1989,1353.853367
TKM,1989,2651.252042
TLS,1989,
TON,1989,3059.09407
TTO,1989,6021.594113
TUN,1989,2000.289302
TUR,1989,4806.641715
TUV,1989,2157.534188
TZA,1989,519.2226563
UGA,1989,358.7698861
UKR,1989,3321.190918
URY,1989,8344.469665
USA,1989,38911.5419
UZB,1989,1582.008426
VCT,1989,3647.951952
VEN,1989,
VGB,1989,
VIR,1989,
VNM,1989,668.3231725
VUT,1989,2399.667242
WSM,1989,2655.654744
YEM,1989,
ZAF,1989,4687.291052
ZMB,1989,905.7473802
ZWE,1989,1579.796236
AFG,1990,
AGO,1990,2380.176243
ALB,1990,1606.296468
ARE,1990,66979.15591
ARG,1990,8115.093864
ARM,1990,1644.022145
ASM,1990,
ATG,1990,13164.22721
AUS,1990,36886.14443
AUT,1990,31167.18581
AZE,1990,2820.840103
BDI,1990,427.0300316
BEL,1990,29609.62078
BEN,1990,749.4596666
BFA,1990,332.1532767
BGD,1990,473.444821
BGR,1990,4431.028918
BHR,1990,18345.838
BHS,1990,31013.41131
BIH,1990,791.2116709
BLR,1990,2888.819071
BLZ,1990,4111.68186
BMU,1990,89089.73464
BOL,1990,1679.408477
BRA,1990,6149.86789
BRB,1990,17426.93518
BRN,1990,44179.82769
BTN,1990,812.6713255
BWA,1990,4039.465445
CAF,1990,519.786736
CAN,1990,31700.54627
CHE,1990,70063.85169
CHL,1990,5342.556468
CHN,1990,905.0324572
CIV,1990,1866.07857
CMR,1990,1360.477653
COD,1990,801.5670151
COG,1990,2363.767018
COL,1990,3714.184993
COM,1990,1189.940444
CPV,1990,835.1207232
CRI,1990,6037.051117
CUB,1990,4961.457389
CYM,1990,
CYP,1990,17144.39648
CZE,1990,11900.58446
DEU,1990,29747.69094
DJI,1990,
DMA,1990,5019.229285
DNK,1990,39306.79392
DOM,1990,2794.135325
DZA,1990,3605.687012
ECU,1990,3919.717581
EGY,1990,1972.137893
ERI,1990,
ESP,1990,19174.77083
EST,1990,9341.225375
ETH,1990,277.7688875
FIN,1990,31291.5223
FJI,1990,3414.950563
FRA,1990,27992.97516
FSM,1990,2410.222483
GAB,1990,8354.26309
GBR,1990,30876.37063
GEO,1990,3534.032277
GHA,1990,855.3193621
GIN,1990,548.3715348
GMB,1990,658.7111653
GNB,1990,569.1696704
GNQ,1990,366.3144047
GRC,1990,15438.79367
GRD,1990,5102.69173
GTM,1990,2741.538053
GUM,1990,
GUY,1990,2377.217954
HKG,1990,21357.36254
HND,1990,1729.831428
HRV,1990,9753.604878
HTI,1990,1627.312645
HUN,1990,8613.832218
IDN,1990,1470.918223
IND,1990,537.8702695
IRL,1990,23481.31286
IRN,1990,3222.201027
IRQ,1990,3526.579251
ISL,1990,35417.1491
ISR,1990,22307.43016
ITA,1990,27625.17924
JAM,1990,4526.501593
JOR,1990,3202.33686
JPN,1990,28422.21312
KAZ,1990,5557.082157
KEN,1990,1329.333128
KGZ,1990,1203.472083
KHM,1990,824.0516558
KIR,1990,1387.652917
KNA,1990,10136.98655
KOR,1990,9367.092587
KWT,1990,20140.78336
LAO,1990,634.525297
LBN,1990,2752.724423
LBR,1990,754.1340095
LBY,1990,11085.94399
LCA,1990,8418.446046
LIE,1990,
LKA,1990,1389.416147
LSO,1990,533.8249642
LTU,1990,8333.350535
LUX,1990,66027.0758
LVA,1990,7622.69844
MAC,1990,31369.86356
MAF,1990,
MAR,1990,1695.636475
MDA,1990,3740.101498
MDG,1990,538.5362751
MDV,1990,4590.263567
MEX,1990,8036.861144
MHL,1990,3148.099778
MKD,1990,3534.322651
MLI,1990,457.4458292
MLT,1990,10067.69817
MMR,1990,170.2334367
MNE,1990,
MNG,1990,1823.456238
MNP,1990,
MOZ,1990,221.0489811
MRT,1990,1437.750482
MUS,1990,3810.480833
MWI,1990,353.7713037
MYS,1990,4184.760729
NAM,1990,2857.337775
NCL,1990,
NER,1990,465.9238895
NGA,1990,1577.196166
NIC,1990,1260.876977
NLD,1990,31308.91344
NOR,1990,49937.45578
NPL,1990,422.7247386
NZL,1990,26391.14259
OMN,1990,16629.45566
PAK,1990,950.8846448
PAN,1990,5333.218704
PER,1990,2706.922532
PHL,1990,1704.075689
PLW,1990,13982.88873
PNG,1990,1892.306793
POL,1990,5111.34533
PRI,1990,18733.64525
PRK,1990,
PRT,1990,14593.25475
PRY,1990,4059.773431
PSE,1990,
PYF,1990,25342.11572
QAT,1990,40125.44503
ROU,1990,5019.437027
RUS,1990,7849.519043
RWA,1990,368.2195799
SAU,1990,25470.27386
SDN,1990,764.4504395
SEN,1990,990.7775226
SGP,1990,23272.70009
SLB,1990,1805.745535
SLE,1990,886.0583676
SLV,1990,2348.204602
SOM,1990,259.4000371
SRB,1990,
SSD,1990,
STP,1990,967.4908075
SUR,1990,6474.955712
SVK,1990,8597.463999
SVN,1990,13615.58578
SWE,1990,34902.92058
SWZ,1990,2033.432138
SXM,1990,
SYC,1990,8779.852313
SYR,1990,931.8850684
TCA,1990,
TCD,1990,418.0735771
TGO,1990,703.6238962
THA,1990,2631.519711
TJK,1990,1312.947013
TKM,1990,3495.748389
TLS,1990,633.1824905
TON,1990,2987.636814
TTO,1990,6060.688676
TUN,1990,2114.473091
TUR,1990,5154.624325
TUV,1990,2450.79726
TZA,1990,541.5447998
UGA,1990,369.839287
UKR,1990,3102.310547
URY,1990,8320.355905
USA,1990,39200.06581
UZB,1990,1569.0108
VCT,1990,3780.963379
VEN,1990,
VGB,1990,
VIR,1990,
VNM,1990,687.8603163
VUT,1990,2613.88858
WSM,1990,2534.122049
YEM,1990,1722.208046
ZAF,1990,4544.230232
ZMB,1990,878.589206
ZWE,1990,1644.769712
AFG,1991,
AGO,1991,2324.369376
ALB,1991,1163.491598
ARE,1991,63905.62647
ARG,1991,8729.823185
ARM,1991,1426.827914
ASM,1991,
ATG,1991,13382.6739
AUS,1991,36279.75405
AUT,1991,31919.5573
AZE,1991,2764.073993
BDI,1991,439.1862321
BEL,1991,30040.55087
BEN,1991,757.4031451
BFA,1991,353.2067208
BGD,1991,480.673359
BGR,1991,4097.192148
BHR,1991,20882.50596
BHS,1991,29209.87991
BIH,1991,715.6899381
BLR,1991,2852.836891
BLZ,1991,4498.659882
BMU,1991,85311.04943
BOL,1991,1731.39514
BRA,1991,6107.648837
BRB,1991,16696.22734
BRN,1991,44201.13939
BTN,1991,795.1918437
BWA,1991,4224.098575
CAF,1991,500.9911509
CAN,1991,30654.33314
CHE,1991,68559.93818
CHL,1991,5664.527547
CHN,1991,975.4629156
CIV,1991,1794.120626
CMR,1991,1271.046586
COD,1991,710.0320874
COG,1991,2352.527541
COL,1991,3713.177275
COM,1991,1098.652051
CPV,1991,826.6813993
CRI,1991,6018.682837
CUB,1991,4395.454935
CYM,1991,
CYP,1991,16829.83984
CZE,1991,10543.6196
DEU,1991,31040.29356
DJI,1991,
DMA,1991,5111.17473
DNK,1991,39776.59617
DOM,1991,2763.066188
DZA,1991,3478.509763
ECU,1991,4000.568198
EGY,1991,1940.100194
ERI,1991,
ESP,1991,19612.97661
EST,1991,8637.20576
ETH,1991,247.0093358
FIN,1991,29290.97744
FJI,1991,3295.726886
FRA,1991,28197.23596
FSM,1991,2542.217689
GAB,1991,8627.389857
GBR,1991,30441.48135
GEO,1991,2768.810161
GHA,1991,878.0883665
GIN,1991,540.6227475
GMB,1991,651.2296154
GNB,1991,585.585514
GNQ,1991,349.3528823
GRC,1991,15727.47357
GRD,1991,5130.482575
GTM,1991,2765.882053
GUM,1991,
GUY,1991,2528.080388
HKG,1991,22388.72885
HND,1991,1625.638358
HRV,1991,7841.713003
HTI,1991,1624.495989
HUN,1991,7589.901968
IDN,1991,1544.995809
IND,1991,531.8983978
IRL,1991,23797.2066
IRN,1991,3534.653964
IRQ,1991,1254.630574
ISL,1991,34930.72761
ISR,1991,22627.62663
ITA,1991,28030.76538
JAM,1991,4704.012225
JOR,1991,3010.137312
JPN,1991,29308.27409
KAZ,1991,4910.153241
KEN,1991,1305.464157
KGZ,1991,1089.900055
KHM,1991,850.6102212
KIR,1991,1283.346363
KNA,1991,9966.203744
KOR,1991,10274.48275
KWT,1991,14812.92001
LAO,1991,643.4102591
LBN,1991,4031.194745
LBR,1991,735.1806587
LBY,1991,12541.69262
LCA,1991,8349.352185
LIE,1991,
LKA,1991,1442.488172
LSO,1991,560.8849057
LTU,1991,7847.017181
LUX,1991,70779.97291
LVA,1991,6694.199102
MAC,1991,30973.36577
MAF,1991,
MAR,1991,1786.762817
MDA,1991,3137.835017
MDG,1991,489.7160981
MDV,1991,4515.066124
MEX,1991,8197.011795
MHL,1991,3085.935305
MKD,1991,3328.639508
MLI,1991,501.1249919
MLT,1991,10413.12355
MMR,1991,166.7104399
MNE,1991,
MNG,1991,1613.699854
MNP,1991,
MOZ,1991,227.4627362
MRT,1991,1421.325999
MUS,1991,3936.766509
MWI,1991,372.9975618
MYS,1991,4456.931331
NAM,1991,2989.400016
NCL,1991,
NER,1991,449.7192669
NGA,1991,1541.590663
NIC,1991,1229.809117
NLD,1991,31820.83128
NOR,1991,51233.03611
NPL,1991,438.1561942
NZL,1991,24868.73852
OMN,1991,16805.72184
PAK,1991,966.5224957
PAN,1991,5712.988605
PER,1991,2709.277545
PHL,1991,1656.383497
PLW,1991,14335.27111
PNG,1991,2008.351519
POL,1991,4735.927698
PRI,1991,19030.24154
PRK,1991,
PRT,1991,15265.86279
PRY,1991,4091.490448
PSE,1991,
PYF,1991,25766.76381
QAT,1991,38185.15133
ROU,1991,4409.151721
RUS,1991,7432.021484
RWA,1991,351.7285213
SAU,1991,26279.72723
SDN,1991,805.3673096
SEN,1991,988.6322158
SGP,1991,24132.71533
SLB,1991,1856.382717
SLE,1991,896.3391649
SLV,1991,2341.933823
SOM,1991,277.5988187
SRB,1991,
SSD,1991,
STP,1991,957.9464831
SUR,1991,6609.401341
SVK,1991,7338.798711
SVN,1991,12395.9177
SWE,1991,34268.55472
SWZ,1991,1987.749925
SXM,1991,
SYC,1991,8902.837988
SYR,1991,972.2858317
TCA,1991,
TCD,1991,437.4625328
TGO,1991,678.8697876
THA,1991,2810.56702
TJK,1991,1188.374613
TKM,1991,3252.31234
TLS,1991,684.8705302
TON,1991,3173.086014
TTO,1991,6199.99274
TUN,1991,2151.21131
TUR,1991,5101.20725
TUV,1991,2502.277165
TZA,1991,538.96698
UGA,1991,377.7805037
UKR,1991,2826.064697
URY,1991,8565.269278
USA,1991,38637.83981
UZB,1991,1524.204277
VCT,1991,3809.928551
VEN,1991,
VGB,1991,
VIR,1991,
VNM,1991,713.7472108
VUT,1991,2629.911663
WSM,1991,2471.07143
YEM,1991,1761.794737
ZAF,1991,4396.360695
ZMB,1991,856.7617236
ZWE,1991,1691.124003
AFG,1992,
AGO,1992,2118.166545
ALB,1992,1086.438771
ARE,1992,62667.13544
ARG,1992,9293.186923
ARM,1992,840.2052592
ASM,1992,
ATG,1992,13323.94429
AUS,1992,36029.48457
AUT,1992,32231.12172
AZE,1992,2107.296784
BDI,1992,431.9188618
BEL,1992,30376.87452
BEN,1992,756.0808882
BFA,1992,345.4018168
BGD,1992,497.3711737
BGR,1992,3840.246418
BHR,1992,21701.22218
BHS,1992,27581.92303
BIH,1992,704.9996834
BLR,1992,2573.304986
BLZ,1992,4966.683281
BMU,1992,84642.60849
BOL,1992,1724.363343
BRA,1992,5973.982857
BRB,1992,15691.70537
BRN,1992,41672.37074
BTN,1992,863.4638961
BWA,1992,4226.739995
CAF,1992,454.1489682
CAN,1992,30563.37882
CHE,1992,67778.54749
CHL,1992,6196.346174
CHN,1992,1100.646116
CIV,1992,1719.712613
CMR,1992,1196.850819
COD,1992,614.3695369
COG,1992,2346.679138
COL,1992,3787.594292
COM,1992,1167.877241
CPV,1992,896.5193596
CRI,1992,6408.205315
CUB,1992,3861.874374
CYM,1992,
CYP,1992,17928.46484
CZE,1992,10479.49187
DEU,1992,31425.64761
DJI,1992,
DMA,1992,5212.720479
DNK,1992,40447.23282
DOM,1992,3012.194008
DZA,1992,3455.929363
ECU,1992,4000.031462
EGY,1992,1979.020101
ERI,1992,642.0722335
ESP,1992,19698.51175
EST,1992,6934.170489
ETH,1992,216.2925355
FIN,1992,28162.35135
FJI,1992,3471.431469
FRA,1992,28482.51947
FSM,1992,2592.341064
GAB,1992,8138.868219
GBR,1992,30481.03489
GEO,1992,1513.850174
GHA,1992,889.7585629
GIN,1992,540.768238
GMB,1992,646.4210319
GNB,1992,574.8520026
GNQ,1992,453.6378139
GRC,1992,15717.04634
GRD,1992,5046.311072
GTM,1992,2823.672047
GUM,1992,
GUY,1992,2716.75893
HKG,1992,23585.77901
HND,1992,1676.079335
HRV,1992,7094.467483
HTI,1992,1507.818729
HUN,1992,7360.213656
IDN,1992,1617.109549
IND,1992,549.23507
IRL,1992,24425.59751
IRN,1992,3579.732218
IRQ,1992,1615.039035
ISL,1992,33330.71468
ISR,1992,23555.19627
ITA,1992,28245.42712
JAM,1992,4748.862051
JOR,1992,3264.844726
JPN,1992,29462.65397
KAZ,1992,4635.421547
KEN,1992,1255.938706
KGZ,1992,928.3156233
KHM,1992,862.4780309
KIR,1992,1564.723113
KNA,1992,10300.54154
KOR,1992,10798.56168
KWT,1992,22382.84195
LAO,1992,660.633862
LBN,1992,4595.580833
LBR,1992,450.5386777
LBY,1992,11949.2275
LCA,1992,8879.916397
LIE,1992,
LKA,1992,1482.212939
LSO,1992,590.0082121
LTU,1992,6185.535109
LUX,1992,71116.94009
LVA,1992,4607.113906
MAC,1992,33271.19227
MAF,1992,
MAR,1992,1720.422485
MDA,1992,2225.173562
MDG,1992,480.8109324
MDV,1992,4680.155385
MEX,1992,8330.264268
MHL,1992,3247.852893
MKD,1992,3146.022355
MLI,1992,475.3168212
MLT,1992,10789.70901
MMR,1992,180.3332274
MNE,1992,
MNG,1992,1462.674672
MNP,1992,
MOZ,1992,206.1946076
MRT,1992,1393.601055
MUS,1992,4138.346449
MWI,1992,335.7265435
MYS,1992,4726.137892
NAM,1992,3104.245361
NCL,1992,
NER,1992,444.6327753
NGA,1992,1571.190226
NIC,1992,1206.965333
NLD,1992,32119.95189
NOR,1992,52758.94525
NPL,1992,443.4620448
NZL,1992,24880.20371
OMN,1992,17404.13146
PAK,1992,1011.625084
PAN,1992,6053.467664
PER,1992,2640.313739
PHL,1992,1624.349398
PLW,1992,13103.11376
PNG,1992,2206.996333
POL,1992,4840.168585
PRI,1992,19770.76847
PRK,1992,
PRT,1992,15444.18382
PRY,1992,4054.044261
PSE,1992,
PYF,1992,24933.36696
QAT,1992,41171.72351
ROU,1992,4059.098605
RUS,1992,6345.912109
RWA,1992,364.8091846
SAU,1992,26246.66421
SDN,1992,842.008606
SEN,1992,974.05486
SGP,1992,24973.43114
SLB,1992,2029.967954
SLE,1992,739.8404087
SLV,1992,2465.759891
SOM,1992,266.4984257
SRB,1992,
SSD,1992,
STP,1992,946.4824951
SUR,1992,6594.904149
SVK,1992,6843.300312
SVN,1992,11735.84602
SWE,1992,33673.43659
SWZ,1992,1975.262028
SXM,1992,
SYC,1992,9497.755411
SYR,1992,1065.204693
TCA,1992,
TCD,1992,452.8379551
TGO,1992,633.66898
THA,1992,2989.853854
TJK,1992,827.5868846
TKM,1992,2703.318656
TLS,1992,736.5916481
TON,1992,3177.042334
TTO,1992,6774.749037
TUN,1992,2270.867443
TUR,1992,5267.515486
TUV,1992,2540.756272
TZA,1992,528.7815552
UGA,1992,377.6096127
UKR,1992,2538.852783
URY,1992,9193.551221
USA,1992,39447.94729
UZB,1992,1320.597693
VCT,1992,4042.584901
VEN,1992,
VGB,1992,
VIR,1992,
VNM,1992,759.910854
VUT,1992,2631.761921
WSM,1992,2452.186853
YEM,1992,1835.263694
ZAF,1992,4225.814328
ZMB,1992,821.8501042
ZWE,1992,1495.834634
AFG,1993,
AGO,1993,1559.517152
ALB,1993,1197.580908
ARE,1993,60391.46558
ARG,1993,9920.673586
ARM,1993,792.5678592
ASM,1993,
ATG,1993,13774.46895
AUS,1993,37155.5124
AUT,1993,32134.82991
AZE,1993,1596.132666
BDI,1993,417.9192976
BEL,1993,29967.39441
BEN,1993,765.4799145
BFA,1993,348.581211
BGD,1993,511.1935094
BGR,1993,3813.702114
BHR,1993,23858.19327
BHS,1993,27152.87488
BIH,1993,747.930429
BLR,1993,2372.490183
BLZ,1993,5165.540621
BMU,1993,86582.8345
BOL,1993,1762.668307
BRA,1993,6167.460922
BRB,1993,15770.10134
BRN,1993,40342.05024
BTN,1993,917.2912935
BWA,1993,4186.145474
CAF,1993,441.3849075
CAN,1993,31032.7546
CHE,1993,67079.46439
CHL,1993,6502.653649
CHN,1993,1239.129373
CIV,1993,1649.470362
CMR,1993,1070.982754
COD,1993,512.9548573
COG,1993,2255.943608
COL,1993,3912.659084
COM,1993,1181.222125
CPV,1993,953.8610111
CRI,1993,6693.490832
CUB,1993,3270.550476
CYM,1993,
CYP,1993,17623.20898
CZE,1993,10475.08491
DEU,1993,30915.87289
DJI,1993,
DMA,1993,5317.105544
DNK,1993,40280.89358
DOM,1993,3171.38809
DZA,1993,3302.919506
ECU,1993,3996.993775
EGY,1993,1989.9792
ERI,1993,705.9884052
ESP,1993,19394.49314
EST,1993,6706.559829
ETH,1993,236.2667154
FIN,1993,27807.86148
FJI,1993,3522.842313
FRA,1993,28257.09624
FSM,1993,2744.199646
GAB,1993,8237.743387
GBR,1993,31165.15446
GEO,1993,1062.095281
GHA,1993,910.1555718
GIN,1993,551.0067427
GMB,1993,641.9187385
GNB,1993,567.8600729
GNQ,1993,485.3922317
GRC,1993,15374.86255
GRD,1993,4909.770764
GTM,1993,2857.296205
GUM,1993,
GUY,1993,2926.936937
HKG,1993,24621.75971
HND,1993,1734.984902
HRV,1993,6490.139786
HTI,1993,1398.254646
HUN,1993,7326.160507
IDN,1993,1693.107426
IND,1993,563.3728723
IRL,1993,24958.21971
IRN,1993,3514.519666
IRQ,1993,2005.563532
ISL,1993,33426.87444
ISR,1993,23881.59949
ITA,1993,27987.4329
JAM,1993,5142.588352
JOR,1993,3238.475417
JPN,1993,29232.43979
KAZ,1993,4223.128202
KEN,1993,1223.506167
KGZ,1993,784.5649192
KHM,1993,845.3820043
KIR,1993,1539.30446
KNA,1993,10860.6035
KOR,1993,11424.58513
KWT,1993,29323.85311
LAO,1993,680.9641537
LBN,1993,4992.698782
LBR,1993,290.3889202
LBY,1993,11274.34522
LCA,1993,8800.642417
LIE,1993,
LKA,1993,1557.811489
LSO,1993,601.5579141
LTU,1993,5206.442554
LUX,1993,73116.19466
LVA,1993,4464.721241
MAC,1993,33802.98071
MAF,1993,
MAR,1993,1680.710449
MDA,1993,2202.164453
MDG,1993,476.1597333
MDV,1993,4812.299259
MEX,1993,8411.796213
MHL,1993,3391.385132
MKD,1993,2948.271518
MLI,1993,480.2775885
MLT,1993,11161.13786
MMR,1993,188.6805253
MNE,1993,
MNG,1993,1418.065607
MNP,1993,
MOZ,1993,221.62458
MRT,1993,1416.967257
MUS,1993,4297.409092
MWI,1993,362.9309954
MYS,1993,5062.591104
NAM,1993,2959.275038
NCL,1993,
NER,1993,432.1844496
NGA,1993,1498.95895
NIC,1993,1176.118298
NLD,1993,32297.97659
NOR,1993,53938.02132
NPL,1993,448.1309409
NZL,1993,26170.4401
OMN,1993,17694.16051
PAK,1993,1001.258548
PAN,1993,6252.488295
PER,1993,2723.284231
PHL,1993,1620.355058
PLW,1993,11222.59929
PNG,1993,2515.638395
POL,1993,5008.349089
PRI,1993,20515.52072
PRK,1993,
PRT,1993,15110.12282
PRY,1993,4147.784406
PSE,1993,
PYF,1993,24191.29818
QAT,1993,39377.87416
ROU,1993,4126.768593
RUS,1993,5798.914551
RWA,1993,322.716799
SAU,1993,25205.04615
SDN,1993,862.9781494
SEN,1993,960.5065617
SGP,1993,27139.95243
SLB,1993,2049.293088
SLE,1993,751.6762015
SLV,1993,2574.951346
SOM,1993,269.4062204
SRB,1993,
SSD,1993,
STP,1993,939.6066694
SUR,1993,6127.177641
SVK,1993,6946.845511
SVN,1993,12098.34141
SWE,1993,32786.8795
SWZ,1993,1978.112262
SXM,1993,
SYC,1993,9981.244604
SYR,1993,1097.110407
TCA,1993,
TCD,1993,372.8025113
TGO,1993,541.3570219
THA,1993,3186.997071
TJK,1993,682.7272593
TKM,1993,2684.180356
TLS,1993,789.9006974
TON,1993,3293.135083
TTO,1993,6683.212321
TUN,1993,2274.64478
TUR,1993,5573.565021
TUV,1993,2619.695184
TZA,1993,518.6625977
UGA,1993,395.1639492
UKR,1993,2177.234863
URY,1993,9388.109391
USA,1993,40002.47623
UZB,1993,1260.716497
VCT,1993,4205.975639
VEN,1993,
VGB,1993,
VIR,1993,
VNM,1993,805.6064436
VUT,1993,2587.026704
WSM,1993,2531.281931
YEM,1993,1838.265236
ZAF,1993,4193.598261
ZMB,1993,857.0396696
ZWE,1993,1489.629215
AFG,1994,
AGO,1994,1529.994431
ALB,1994,1305.001061
ARE,1994,61614.34159
ARG,1994,10359.89272
ARM,1994,857.3944748
ASM,1994,
ATG,1994,14417.93614
AUS,1994,38264.14667
AUT,1994,32780.34203
AZE,1994,1264.527189
BDI,1994,399.3096315
BEL,1994,30839.24145
BEN,1994,752.2775088
BFA,1994,344.3711841
BGD,1994,521.3231447
BGR,1994,3896.244314
BHR,1994,23180.33237
BHS,1994,27519.54389
BIH,1994,871.1427243
BLR,1994,2097.386304
BLZ,1994,5055.700525
BMU,1994,86545.78236
BOL,1994,1809.570649
BRA,1994,6427.16902
BRB,1994,16050.73977
BRN,1994,39721.43425
BTN,1994,963.0165748
BWA,1994,4219.440809
CAF,1994,448.784443
CAN,1994,32074.15624
CHE,1994,67391.84433
CHL,1994,6727.668151
CHN,1994,1384.930157
CIV,1994,1598.692391
CMR,1994,1060.873266
COD,1994,470.1617346
COG,1994,2069.796405
COL,1994,4059.321461
COM,1994,1099.258744
CPV,1994,1113.938065
CRI,1994,6826.322734
CUB,1994,3280.384533
CYM,1994,
CYP,1994,18280.94336
CZE,1994,10775.94439
DEU,1994,31609.11029
DJI,1994,
DMA,1994,5315.570461
DNK,1994,42270.65208
DOM,1994,3192.019631
DZA,1994,3201.569144
ECU,1994,4087.34069
EGY,1994,2024.953738
ERI,1994,829.9150372
ESP,1994,19762.38863
EST,1994,6738.998972
ETH,1994,235.462375
FIN,1994,28785.91953
FJI,1994,3682.000171
FRA,1994,28822.50066
FSM,1994,2679.257393
GAB,1994,8322.610108
GBR,1994,32281.48015
GEO,1994,966.4195962
GHA,1994,917.8565964
GIN,1994,555.9627823
GMB,1994,622.5513188
GNB,1994,568.168872
GNQ,1994,545.5954709
GRC,1994,15604.03394
GRD,1994,4956.322451
GTM,1994,2894.431083
GUM,1994,
GUY,1994,3164.667779
HKG,1994,25526.53424
HND,1994,1690.049235
HRV,1994,6794.985071
HTI,1994,1207.660545
HUN,1994,7552.404674
IDN,1994,1790.3273
IND,1994,588.7278922
IRL,1994,26290.93165
IRN,1994,3448.259569
IRQ,1994,1985.79692
ISL,1994,34334.28721
ISR,1994,24999.72606
ITA,1994,28583.62553
JAM,1994,5160.430796
JOR,1994,3240.445451
JPN,1994,29466.75525
KAZ,1994,3740.978109
KEN,1994,1219.784111
KGZ,1994,627.2210594
KHM,1994,513.967148
KIR,1994,1547.623976
KNA,1994,11290.21684
KOR,1994,12358.51802
KWT,1994,31946.49009
LAO,1994,717.5092451
LBN,1994,5301.415847
LBR,1994,227.742776
LBY,1994,11280.38293
LCA,1994,8808.698458
LIE,1994,
LKA,1994,1621.255771
LSO,1994,628.9600512
LTU,1994,4730.696222
LUX,1994,74883.14185
LVA,1994,4639.505762
MAC,1994,34103.7623
MAF,1994,
MAR,1994,1830.880615
MDA,1994,1526.425245
MDG,1994,461.3976657
MDV,1994,5062.471821
MEX,1994,8623.48043
MHL,1994,3544.135647
MKD,1994,2917.058946
MLI,1994,487.8178065
MLT,1994,11682.09452
MMR,1994,200.1247885
MNE,1994,
MNG,1994,1432.280727
MNP,1994,
MOZ,1994,220.4785833
MRT,1994,1327.723041
MUS,1994,4412.937566
MWI,1994,329.5840999
MYS,1994,5390.101676
NAM,1994,2918.377403
NCL,1994,
NER,1994,426.2675068
NGA,1994,1433.388611
NIC,1994,1189.838132
NLD,1994,33054.44953
NOR,1994,56343.01054
NPL,1994,472.9510828
NZL,1994,27146.82567
OMN,1994,17848.81877
PAK,1994,1009.064295
PAN,1994,6299.53554
PER,1994,2998.576931
PHL,1994,1654.746139
PLW,1994,11756.06504
PNG,1994,2570.336911
POL,1994,5262.315235
PRI,1994,21176.67017
PRK,1994,
PRT,1994,15214.91425
PRY,1994,4262.144958
PSE,1994,2137.389289
PYF,1994,23405.49424
QAT,1994,38744.01422
ROU,1994,4295.270658
RUS,1994,5071.742676
RWA,1994,188.6582669
SAU,1994,24379.18076
SDN,1994,850.2994385
SEN,1994,934.6920681
SGP,1994,29220.27279
SLB,1994,2151.045972
SLE,1994,734.2167262
SLV,1994,2670.212785
SOM,1994,210.446207
SRB,1994,
SSD,1994,
STP,1994,943.8914043
SUR,1994,6290.157496
SVK,1994,7348.918321
SVN,1994,12757.63011
SWE,1994,33861.97136
SWZ,1994,2025.821704
SXM,1994,
SYC,1994,9481.880527
SYR,1994,1142.063978
TCA,1994,
TCD,1994,401.2532699
TGO,1994,620.1825755
THA,1994,3391.489866
TJK,1994,528.0482174
TKM,1994,2174.388214
TLS,1994,823.0624248
TON,1994,3454.054485
TTO,1994,6879.306122
TUN,1994,2305.164268
TUR,1994,5221.807893
TUV,1994,2863.671112
TZA,1994,506.9725037
UGA,1994,406.5923019
UKR,1994,1687.484497
URY,1994,10019.34792
USA,1994,41106.98818
UZB,1994,1169.86899
VCT,1994,4146.769554
VEN,1994,
VGB,1994,
VIR,1994,
VNM,1994,861.1224226
VUT,1994,2755.423718
WSM,1994,2447.202602
YEM,1994,1890.737149
ZAF,1994,4258.261847
ZMB,1994,764.6394113
ZWE,1994,1625.274896
AFG,1995,
AGO,1995,1701.697277
ALB,1995,1488.020881
ARE,1995,62860.27732
ARG,1995,9934.107761
ARM,1995,932.3578295
ASM,1995,
ATG,1995,13517.21208
AUS,1995,39310.79823
AUT,1995,33603.42777
AZE,1995,1102.49789
BDI,1995,346.3213024
BEL,1995,31508.62264
BEN,1995,781.0647885
BFA,1995,354.8411885
BGD,1995,537.9319466
BGR,1995,4025.645864
BHR,1995,23465.71284
BHS,1995,28252.70771
BIH,1995,1012.927055
BLR,1995,1885.364609
BLZ,1995,4966.799587
BMU,1995,89849.12501
BOL,1995,1858.78185
BRA,1995,6596.335727
BRB,1995,16347.81934
BRN,1995,39274.49776
BTN,1995,1043.38749
BWA,1995,4399.138858
CAF,1995,468.1505276
CAN,1995,32595.45152
CHE,1995,67264.91129
CHL,1995,7222.163802
CHN,1995,1520.029469
CIV,1995,1647.087771
CMR,1995,1062.016073
COD,1995,454.2006313
COG,1995,2092.543379
COL,1995,4189.727709
COM,1995,1119.340667
CPV,1995,1248.281044
CRI,1995,6940.837021
CUB,1995,3348.887632
CYM,1995,
CYP,1995,19453.76367
CZE,1995,11453.38002
DEU,1995,31990.79499
DJI,1995,
DMA,1995,5477.308788
DNK,1995,43328.52934
DOM,1995,3310.880021
DZA,1995,3255.187269
ECU,1995,4100.687353
EGY,1995,2074.839911
ERI,1995,806.7029953
ESP,1995,20217.90319
EST,1995,7170.945893
ETH,1995,241.5263011
FIN,1995,29890.52434
FJI,1995,3755.26837
FRA,1995,29379.61584
FSM,1995,2837.150252
GAB,1995,8514.940099
GBR,1995,33011.29456
GEO,1995,1029.480546
GHA,1995,933.3135507
GIN,1995,565.5533597
GMB,1995,609.6184914
GNB,1995,578.3818499
GNQ,1995,617.2948261
GRC,1995,15857.41626
GRD,1995,5026.242156
GTM,1995,2958.348318
GUM,1995,
GUY,1995,3312.649969
HKG,1995,25620.08925
HND,1995,1744.499728
HRV,1995,7304.458529
HTI,1995,1302.134912
HUN,1995,7675.578171
IDN,1995,1905.542361
IND,1995,620.6999543
IRL,1995,28676.5106
IRN,1995,3492.17205
IRQ,1995,1961.092551
ISL,1995,34188.35059
ISR,1995,25948.73239
ITA,1995,29408.32096
JAM,1995,5229.030671
JOR,1995,3303.287179
JPN,1995,30171.16379
KAZ,1995,3498.514544
KEN,1995,1237.882505
KGZ,1995,587.2981807
KHM,1995,520.9268832
KIR,1995,1566.472461
KNA,1995,11743.37842
KOR,1995,13411.11192
KWT,1995,33156.84717
LAO,1995,749.2347417
LBN,1995,5542.22651
LBR,1995,216.0935546
LBY,1995,10839.28022
LCA,1995,8822.516236
LIE,1995,
LKA,1995,1682.351442
LSO,1995,641.7587119
LTU,1995,4924.096574
LUX,1995,74896.09658
LVA,1995,4661.668511
MAC,1995,34151.9036
MAF,1995,
MAR,1995,1705.448242
MDA,1995,1511.958318
MDG,1995,454.5379466
MDV,1995,5590.008581
MEX,1995,7970.640385
MHL,1995,3791.204989
MKD,1995,2876.072229
MLI,1995,481.7575203
MLT,1995,12336.72546
MMR,1995,211.2656359
MNE,1995,
MNG,1995,1499.264952
MNP,1995,
MOZ,1995,212.0862499
MRT,1995,1418.646645
MUS,1995,4562.746928
MWI,1995,385.2797141
MYS,1995,5771.35212
NAM,1995,2945.36227
NCL,1995,
NER,1995,422.5231539
NGA,1995,1395.074885
NIC,1995,1234.771366
NLD,1995,33916.50079
NOR,1995,58380.54002
NPL,1995,477.7410996
NZL,1995,28015.58644
OMN,1995,18398.72421
PAK,1995,1028.965924
PAN,1995,6280.462465
PER,1995,3158.983386
PHL,1995,1693.808731
PLW,1995,12715.23573
PNG,1995,2397.400453
POL,1995,5671.895737
PRI,1995,21936.41792
PRK,1995,
PRT,1995,15811.70006
PRY,1995,4445.189782
PSE,1995,2189.265137
PYF,1995,22959.67479
QAT,1995,38526.85348
ROU,1995,4572.258034
RUS,1995,4862.646484
RWA,1995,305.3878058
SAU,1995,23462.90687
SDN,1995,877.6932983
SEN,1995,960.8470928
SGP,1995,30379.89911
SLB,1995,2299.994015
SLE,1995,674.4994652
SLV,1995,2773.32529
SOM,1995,211.0875432
SRB,1995,3012.49819
SSD,1995,
STP,1995,947.3315385
SUR,1995,6184.283442
SVK,1995,7755.623395
SVN,1995,13278.74278
SWE,1995,35063.9009
SWZ,1995,2125.285471
SXM,1995,
SYC,1995,9388.819677
SYR,1995,1188.175395
TCA,1995,
TCD,1995,388.7027823
TGO,1995,640.3498632
THA,1995,3614.93244
TJK,1995,452.9043854
TKM,1995,1981.944023
TLS,1995,854.1304727
TON,1995,3667.018632
TTO,1995,7103.752962
TUN,1995,2322.595088
TUR,1995,5541.746995
TUV,1995,2698.960681
TZA,1995,508.8404236
UGA,1995,441.2262012
UKR,1995,1493.38208
URY,1995,9822.896804
USA,1995,41710.82072
UZB,1995,1136.358436
VCT,1995,4463.735173
VEN,1995,
VGB,1995,
VIR,1995,
VNM,1995,927.625512
VUT,1995,2719.427861
WSM,1995,2589.405241
YEM,1995,1927.404685
ZAF,1995,4337.297297
ZMB,1995,768.0352016
ZWE,1995,1612.795197
AFG,1996,
AGO,1996,1867.935031
ALB,1996,1633.552
ARE,1996,62334.40665
ARG,1996,10352.14
ARM,1996,995.7282753
ASM,1996,
ATG,1996,14115.43828
AUS,1996,40337.10605
AUT,1996,34301.65626
AZE,1996,1105.587242
BDI,1996,318.3956826
BEL,1996,31862.66944
BEN,1996,793.7950527
BFA,1996,383.973583
BGD,1996,552.0771071
BGR,1996,4257.095117
BHR,1996,23795.20913
BHS,1996,28983.80301
BIH,1996,1497.566248
BLR,1996,1944.691114
BLZ,1996,4874.556622
BMU,1996,91743.29623
BOL,1996,1904.287019
BRA,1996,6640.727007
BRB,1996,16982.00889
BRN,1996,38331.65745
BTN,1996,1099.858179
BWA,1996,4543.210535
CAF,1996,437.9250548
CAN,1996,32801.30185
CHE,1996,67284.10913
CHL,1996,7605.28953
CHN,1996,1653.433789
CIV,1996,1706.9765
CMR,1996,1077.389252
COD,1996,440.9940591
COG,1996,2122.628193
COL,1996,4198.691263
COM,1996,1086.019175
CPV,1996,1365.498206
CRI,1996,6871.60941
CUB,1996,3599.324986
CYM,1996,
CYP,1996,19385.21094
CZE,1996,11944.71715
DEU,1996,32229.47787
DJI,1996,
DMA,1996,5652.135889
DNK,1996,44331.61995
DOM,1996,3445.558621
DZA,1996,3322.955381
ECU,1996,4093.841545
EGY,1996,2133.648042
ERI,1996,838.6605726
ESP,1996,20658.84027
EST,1996,7637.257289
ETH,1996,262.7247189
FIN,1996,30883.83486
FJI,1996,3910.829671
FRA,1996,29683.77861
FSM,1996,2734.952155
GAB,1996,8603.008134
GBR,1996,33777.52809
GEO,1996,1187.123206
GHA,1996,953.7309003
GIN,1996,574.3028658
GMB,1996,605.4099248
GNB,1996,632.1609069
GNQ,1996,989.7772667
GRC,1996,16005.95116
GRD,1996,5213.431037
GTM,1996,2967.993491
GUM,1996,
GUY,1996,3566.134994
HKG,1996,25551.43618
HND,1996,1727.674739
HRV,1996,7857.722621
HTI,1996,1330.540399
HUN,1996,7695.110537
IDN,1996,2020.991481
IND,1996,654.3559284
IRL,1996,30550.03608
IRN,1996,3674.032686
IRQ,1996,2108.823283
ISL,1996,35557.27725
ISR,1996,26762.01915
ITA,1996,29795.65978
JAM,1996,5172.782396
JOR,1996,3262.106152
JPN,1996,31046.17015
KAZ,1996,3583.369084
KEN,1996,1254.210252
KGZ,1996,619.6678356
KHM,1996,511.6703496
KIR,1996,1539.336651
KNA,1996,12269.79674
KOR,1996,14332.13672
KWT,1996,32417.96262
LAO,1996,782.6831565
LBN,1996,6054.529119
LBR,1996,235.4350582
LBY,1996,10891.80557
LCA,1996,8945.879286
LIE,1996,
LKA,1996,1713.027318
LSO,1996,670.4695818
LTU,1996,5211.100092
LUX,1996,74916.50677
LVA,1996,4822.903966
MAC,1996,33533.60967
MAF,1996,
MAR,1996,1886.672241
MDA,1996,1425.951809
MDG,1996,449.6280871
MDV,1996,5898.355135
MEX,1996,8320.652957
MHL,1996,3365.111225
MKD,1996,2889.885164
MLI,1996,504.7520436
MLT,1996,12718.94728
MMR,1996,222.0133598
MNE,1996,
MNG,1996,1509.329211
MNP,1996,
MOZ,1996,227.1984867
MRT,1996,1471.803309
MUS,1996,4768.683436
MWI,1996,405.3970637
MYS,1996,6190.464291
NAM,1996,2958.240607
NCL,1996,
NER,1996,409.0393587
NGA,1996,1416.101895
NIC,1996,1288.944191
NLD,1996,34915.1716
NOR,1996,61005.88004
NPL,1996,492.212428
NZL,1996,28571.40751
OMN,1996,18639.20394
PAK,1996,1047.886635
PAN,1996,5799.885601
PER,1996,3186.90077
PHL,1996,1752.238001
PLW,1996,13672.64745
PNG,1996,2492.079628
POL,1996,6012.958064
PRI,1996,22193.57914
PRK,1996,
PRT,1996,16304.37949
PRY,1996,4411.372801
PSE,1996,2118.820076
PYF,1996,22465.23469
QAT,1996,39095.05795
ROU,1996,4764.636821
RUS,1996,4686.862793
RWA,1996,291.2108227
SAU,1996,23288.86617
SDN,1996,908.6601563
SEN,1996,956.5887912
SGP,1996,31349.31718
SLB,1996,2270.477201
SLE,1996,683.0550577
SLV,1996,2775.04629
SOM,1996,219.9363948
SRB,1996,3200.768263
SSD,1996,
STP,1996,947.0301513
SUR,1996,6114.835717
SVK,1996,8212.832025
SVN,1996,13674.18337
SWE,1996,35604.96836
SWZ,1996,2163.668187
SXM,1996,
SYC,1996,10177.09047
SYR,1996,1270.051247
TCA,1996,
TCD,1996,380.0969657
TGO,1996,671.5042215
THA,1996,3766.863644
TJK,1996,369.9348835
TKM,1996,2078.718626
TLS,1996,897.3605314
TON,1996,3668.595792
TTO,1996,7576.877848
TUN,1996,2452.912483
TUR,1996,5861.701891
TUV,1996,2521.221269
TZA,1996,522.333252
UGA,1996,468.427899
UKR,1996,1355.573364
URY,1996,10316.20276
USA,1996,42783.81657
UZB,1996,1134.178711
VCT,1996,4518.346404
VEN,1996,
VGB,1996,
VIR,1996,
VNM,1996,998.9249072
VUT,1996,2721.271011
WSM,1996,2751.654267
YEM,1996,1949.979037
ZAF,1996,4465.506499
ZMB,1996,796.0180596
ZWE,1996,1750.579937
AFG,1997,
AGO,1997,1936.916193
ALB,1997,1464.297963
ARE,1997,62177.42838
ARG,1997,11056.68813
ARM,1997,1039.079824
ASM,1997,
ATG,1997,14585.78895
AUS,1997,41464.49822
AUT,1997,34998.03206
AZE,1997,1158.481658
BDI,1997,313.3571427
BEL,1997,32991.50103
BEN,1997,814.9013955
BFA,1997,397.8389553
BGD,1997,566.2711408
BGR,1997,3678.516624
BHR,1997,23893.13357
BHS,1997,28919.28956
BIH,1997,1973.478015
BLR,1997,2175.408339
BLZ,1997,4914.256223
BMU,1997,95383.02251
BOL,1997,1962.86404
BRA,1997,6764.858421
BRB,1997,17779.65241
BRN,1997,39820.21066
BTN,1997,1138.399224
BWA,1997,4809.443918
CAF,1997,448.6346636
CAN,1997,33867.00791
CHE,1997,68640.07445
CHL,1997,8058.942288
CHN,1997,1787.766977
CIV,1997,1801.131631
CMR,1997,1096.697577
COD,1997,409.5880644
COG,1997,2064.753604
COL,1997,4265.693519
COM,1997,1110.496946
CPV,1997,1492.018474
CRI,1997,7085.988343
CUB,1997,3687.425304
CYM,1997,
CYP,1997,19617.10156
CZE,1997,11886.34809
DEU,1997,32779.28025
DJI,1997,
DMA,1997,5784.921744
DNK,1997,45546.5896
DOM,1997,3686.905705
DZA,1997,3297.466034
ECU,1997,4192.855232
EGY,1997,2204.665759
ERI,1997,895.0337735
ESP,1997,21310.43119
EST,1997,8732.990244
ETH,1997,262.4113393
FIN,1997,32762.11803
FJI,1997,3785.466883
FRA,1997,30325.52287
FSM,1997,2560.838108
GAB,1997,8870.125509
GBR,1997,35349.79065
GEO,1997,1354.783522
GHA,1997,970.390867
GIN,1997,591.7735302
GMB,1997,617.2975977
GNB,1997,660.5377747
GNQ,1997,2380.321068
GRC,1997,16501.03164
GRD,1997,5438.044582
GTM,1997,3019.287145
GUM,1997,
GUY,1997,3778.006529
HKG,1997,26631.86524
HND,1997,1757.259763
HRV,1997,8383.182778
HTI,1997,1340.997021
HUN,1997,7952.983132
IDN,1997,2081.841669
IND,1997,667.5984231
IRL,1997,33578.76161
IRN,1997,3679.275349
IRQ,1997,2478.843104
ISL,1997,37302.66803
ISR,1997,27081.61709
ITA,1997,30353.37783
JAM,1997,5066.852826
JOR,1997,3280.697932
JPN,1997,31276.19308
KAZ,1997,3728.963865
KEN,1997,1226.195421
KGZ,1997,671.2500796
KHM,1997,496.7705513
KIR,1997,1529.249495
KNA,1997,12940.78529
KOR,1997,15074.48834
KWT,1997,32152.43657
LAO,1997,819.2058513
LBN,1997,6008.758554
LBR,1997,449.2860586
LBY,1997,11284.77807
LCA,1997,8759.58298
LIE,1997,
LKA,1997,1788.474227
LSO,1997,689.8062185
LTU,1997,5685.448811
LUX,1997,77993.05853
LVA,1997,5317.980183
MAC,1997,33263.70453
MAF,1997,
MAR,1997,1828.968628
MDA,1997,1454.808616
MDG,1997,451.3031994
MDV,1997,6265.681637
MEX,1997,8770.844816
MHL,1997,3117.274001
MKD,1997,2954.523831
MLI,1997,517.2376512
MLT,1997,13286.646
MMR,1997,231.5879541
MNE,1997,4488.794625
MNG,1997,1546.080985
MNP,1997,
MOZ,1997,247.1849456
MRT,1997,1381.162749
MUS,1997,4977.190168
MWI,1997,412.4131068
MYS,1997,6480.556495
NAM,1997,3004.308044
NCL,1997,
NER,1997,401.7249881
NGA,1997,1420.23878
NIC,1997,1317.893756
NLD,1997,36211.64933
NOR,1997,63882.4765
NPL,1997,506.4268744
NZL,1997,28785.19584
OMN,1997,19458.92664
PAK,1997,1028.998048
PAN,1997,6122.646648
PER,1997,3331.151511
PHL,1997,1800.259131
PLW,1997,13636.4371
PNG,1997,2310.98774
POL,1997,6391.131728
PRI,1997,23061.3345
PRK,1997,
PRT,1997,16946.08683
PRY,1997,4496.023365
PSE,1997,2323.206422
PYF,1997,22081.96511
QAT,1997,48844.91749
ROU,1997,4546.667531
RUS,1997,4760.339355
RWA,1997,286.8051769
SAU,1997,23000.84058
SDN,1997,1050.319946
SEN,1997,962.7366895
SGP,1997,32835.25185
SLB,1997,2186.423353
SLE,1997,634.6732628
SLV,1997,2842.884874
SOM,1997,214.8523639
SRB,1997,3497.550467
SSD,1997,
STP,1997,942.9711853
SUR,1997,6330.137182
SVK,1997,8647.394446
SVN,1997,14400.67121
SWE,1997,36675.20771
SWZ,1997,2193.585436
SXM,1997,
SYC,1997,11284.84598
SYR,1997,1299.298566
TCA,1997,
TCD,1997,387.9594179
TGO,1997,744.1265819
THA,1997,3614.608485
TJK,1997,371.6612431
TKM,1997,1810.780481
TLS,1997,907.916566
TON,1997,3632.112386
TTO,1997,8116.255226
TUN,1997,2551.553865
TUR,1997,6215.40338
TUV,1997,2756.314034
TZA,1997,529.9542236
UGA,1997,478.250664
UKR,1997,1326.277954
URY,1997,11138.86761
USA,1997,44151.68604
UZB,1997,1172.717844
VCT,1997,4675.811885
VEN,1997,
VGB,1997,
VIR,1997,
VNM,1997,1064.778029
VUT,1997,2794.065589
WSM,1997,2746.336608
YEM,1997,1987.607711
ZAF,1997,4527.049924
ZMB,1997,805.5324018
ZWE,1997,1764.074135
AFG,1998,
AGO,1998,1961.037225
ALB,1998,1603.64765
ARE,1998,57785.03114
ARG,1998,11348.20221
ARM,1998,1128.098888
ASM,1998,
ATG,1998,14989.18439
AUS,1998,42967.66167
AUT,1998,36180.74908
AZE,1998,1262.291887
BDI,1998,322.0309619
BEL,1998,33566.98757
BEN,1998,821.4599715
BFA,1998,415.2735135
BGD,1998,584.4481752
BGR,1998,3843.462184
BHR,1998,24386.59147
BHS,1998,29854.69659
BIH,1998,2261.368694
BLR,1998,2368.788314
BLZ,1998,4930.246294
BMU,1998,98347.90898
BOL,1998,2025.503344
BRA,1998,6687.495236
BRB,1998,18439.46843
BRN,1998,36331.18119
BTN,1998,1182.987811
BWA,1998,4724.936709
CAF,1998,457.1488584
CAN,1998,34894.61343
CHE,1998,70510.02547
CHL,1998,8287.450611
CHN,1998,1909.622328
CIV,1998,1808.42289
CMR,1998,1118.5082
COD,1998,392.1360038
COG,1998,2095.344036
COL,1998,4213.828005
COM,1998,1105.536268
CPV,1998,1652.111172
CRI,1998,7430.172411
CUB,1998,3680.98418
CYM,1998,
CYP,1998,20562.20313
CZE,1998,11850.83962
DEU,1998,33461.31922
DJI,1998,
DMA,1998,6018.456154
DNK,1998,46437.1921
DOM,1998,3869.939798
DZA,1998,3410.882544
ECU,1998,4252.043486
EGY,1998,2277.285048
ERI,1998,899.0829742
ESP,1998,22135.4045
EST,1998,9199.93557
ETH,1998,245.5044767
FIN,1998,34457.45562
FJI,1998,3787.487056
FRA,1998,31256.50739
FSM,1998,2626.598939
GAB,1998,8949.121101
GBR,1998,36446.26169
GEO,1998,1431.793361
GHA,1998,991.5882327
GIN,1998,601.9079931
GMB,1998,621.2260582
GNB,1998,502.8155402
GNQ,1998,2833.331846
GRC,1998,16973.82935
GRD,1998,6036.158998
GTM,1998,3089.975861
GUM,1998,
GUY,1998,3708.046371
HKG,1998,24856.8324
HND,1998,1772.762928
HRV,1998,8577.212514
HTI,1998,1344.93904
HUN,1998,8282.39886
IDN,1998,1780.200496
IND,1998,695.2937093
IRL,1998,36143.34224
IRN,1998,3704.56563
IRQ,1998,3242.957339
ISL,1998,39622.60698
ISR,1998,27545.11082
ITA,1998,30892.17587
JAM,1998,4906.414509
JOR,1998,3302.299427
JPN,1998,30795.08889
KAZ,1998,3750.564946
KEN,1998,1232.066581
KGZ,1998,675.0583189
KHM,1998,499.0166491
KIR,1998,1569.027016
KNA,1998,12710.96298
KOR,1998,14198.38627
KWT,1998,32306.66855
LAO,1998,836.0880985
LBN,1998,6120.456727
LBR,1998,528.6703418
LBY,1998,10722.87007
LCA,1998,9183.367811
LIE,1998,
LKA,1998,1837.482667
LSO,1998,696.9359739
LTU,1998,6154.172269
LUX,1998,82170.23992
LVA,1998,5719.989223
MAC,1998,31367.2424
MAF,1998,
MAR,1998,1931.740479
MDA,1998,1360.181611
MDG,1998,453.8861748
MDV,1998,6611.397511
MEX,1998,9161.895278
MHL,1998,3067.737394
MKD,1998,3038.139834
MLI,1998,542.4866195
MLT,1998,13877.17993
MMR,1998,242.1321481
MNE,1998,4723.143384
MNG,1998,1575.677162
MNP,1998,
MOZ,1998,266.6727054
MRT,1998,1383.192297
MUS,1998,5224.184197
MWI,1998,419.3132452
MYS,1998,5857.967029
NAM,1998,3025.32668
NCL,1998,
NER,1998,427.0860303
NGA,1998,1419.317709
NIC,1998,1346.076123
NLD,1998,37661.73367
NOR,1998,65197.94631
NPL,1998,511.5487113
NZL,1998,28776.02222
OMN,1998,19167.75547
PAK,1998,1026.500337
PAN,1998,6504.970119
PER,1998,3258.297462
PHL,1998,1746.525905
PLW,1998,13596.79866
PNG,1998,2147.045263
POL,1998,6684.114778
PRI,1998,24197.30975
PRK,1998,
PRT,1998,17671.31351
PRY,1998,4402.111101
PSE,1998,2589.20365
PYF,1998,22101.07303
QAT,1998,51513.6335
ROU,1998,4463.607918
RUS,1998,4515.509277
RWA,1998,299.6011214
SAU,1998,22778.57517
SDN,1998,1069.271973
SEN,1998,995.9790857
SGP,1998,31043.10818
SLB,1998,2153.374702
SLE,1998,639.6759048
SLV,1998,2900.320643
SOM,1998,219.7121737
SRB,1998,3699.403871
SSD,1998,
STP,1998,953.9855009
SUR,1998,6343.513448
SVK,1998,8966.219263
SVN,1998,14874.29029
SWE,1998,38211.11862
SWZ,1998,2221.972287
SXM,1998,
SYC,1998,11339.34813
SYR,1998,1352.127896
TCA,1998,
TCD,1998,400.8967556
TGO,1998,706.6895239
THA,1998,3295.360184
TJK,1998,389.0897467
TKM,1998,1906.905386
TLS,1998,865.831378
TON,1998,3689.216654
TTO,1998,8746.268796
TUN,1998,2639.878409
TUR,1998,6276.808351
TUV,1998,3166.395472
TZA,1998,535.3631592
UGA,1998,487.0089773
UKR,1998,1311.593628
URY,1998,11584.94919
USA,1998,45596.43068
UZB,1998,1204.090812
VCT,1998,4865.384595
VEN,1998,
VGB,1998,
VIR,1998,
VNM,1998,1110.112677
VUT,1998,2768.494525
WSM,1998,2785.311713
YEM,1998,2041.651697
ZAF,1998,4494.857112
ZMB,1998,781.6633838
ZWE,1998,1779.832873
AFG,1999,
AGO,1999,1938.86184
ALB,1999,1821.873131
ARE,1999,55354.94396
ARG,1999,10838.31993
ARM,1999,1180.45342
ASM,1999,
ATG,1999,15280.32158
AUS,1999,44636.94181
AUT,1999,37468.86995
AZE,1999,1343.855939
BDI,1999,311.2306221
BEL,1999,34676.60517
BEN,1999,838.976787
BFA,1999,433.1047276
BGD,1999,600.2323232
BGR,1999,3540.556117
BHR,1999,24773.8464
BHS,1999,31562.59977
BIH,1999,2452.131939
BLR,1999,2460.374642
BLZ,1999,5212.365504
BMU,1999,100867.9146
BOL,1999,1998.945338
BRA,1999,6621.636763
BRB,1999,18495.46855
BRN,1999,37045.93421
BTN,1999,1248.616008
BWA,1999,5070.94772
CAF,1999,460.8279002
CAN,1999,36391.53533
CHE,1999,71341.34285
CHL,1999,8161.451689
CHN,1999,2038.206474
CIV,1999,1770.865404
CMR,1999,1138.362985
COD,1999,362.9937939
COG,1999,1986.847892
COL,1999,3967.113399
COM,1999,1106.907846
CPV,1999,1809.805826
CRI,1999,7584.42137
CUB,1999,3895.546433
CYM,1999,
CYP,1999,21349.6543
CZE,1999,12026.46881
DEU,1999,34152.00323
DJI,1999,
DMA,1999,6062.041554
DNK,1999,47657.17319
DOM,1999,4033.876045
DZA,1999,3471.491963
ECU,1999,3979.192936
EGY,1999,2361.864251
ERI,1999,886.0536792
ESP,1999,23017.83878
EST,1999,9133.895897
ETH,1999,250.2357713
FIN,1999,35886.49496
FJI,1999,4073.377124
FRA,1999,32152.72074
FSM,1999,2655.475728
GAB,1999,7944.645179
GBR,1999,37435.88444
GEO,1999,1503.462988
GHA,1999,1010.25223
GIN,1999,611.0076858
GMB,1999,642.8737051
GNB,1999,576.3307953
GNQ,1999,3423.121262
GRC,1999,17358.43472
GRD,1999,6409.145915
GTM,1999,3129.12068
GUM,1999,
GUY,1999,3813.330576
HKG,1999,25237.70837
HND,1999,1714.073303
HRV,1999,8541.239418
HTI,1999,1356.113446
HUN,1999,8560.969094
IDN,1999,1767.514667
IND,1999,742.5392084
IRL,1999,39501.37638
IRN,1999,3725.317458
IRQ,1999,3691.740513
ISL,1999,40725.88604
ISR,1999,27744.92205
ITA,1999,31405.26091
JAM,1999,4919.417447
JOR,1999,3341.656443
JPN,1999,30636.26612
KAZ,1999,3899.657231
KEN,1999,1224.634046
KGZ,1999,689.4142782
KHM,1999,552.9014922
KIR,1999,1482.191998
KNA,1999,12942.8575
KOR,1999,15714.41195
KWT,1999,30798.09455
LAO,1999,881.6341296
LBN,1999,5982.417884
LBR,1999,609.0409033
LBY,1999,10643.14528
LCA,1999,9306.776716
LIE,1999,
LKA,1999,1881.22601
LSO,1999,698.4410872
LTU,1999,6129.998605
LUX,1999,87695.33958
LVA,1999,5929.26761
MAC,1999,30262.13517
MAF,1999,
MAR,1999,1935.47876
MDA,1999,1316.432549
MDG,1999,460.03439
MDV,1999,6901.043173
MEX,1999,9264.977293
MHL,1999,2997.549898
MKD,1999,3154.849182
MLI,1999,557.6911792
MLT,1999,14446.27864
MMR,1999,265.4553351
MNE,1999,4290.896849
MNG,1999,1601.313539
MNP,1999,
MOZ,1999,291.5600187
MRT,1999,1396.172201
MUS,1999,5292.869089
MWI,1999,422.09991
MYS,1999,6070.95622
NAM,1999,3050.460989
NCL,1999,
NER,1999,411.7356992
NGA,1999,1390.469211
NIC,1999,1420.321848
NLD,1999,39298.73342
NOR,1999,66094.73546
NPL,1999,524.2725691
NZL,1999,30164.0852
OMN,1999,18965.21423
PAK,1999,1035.498882
PAN,1999,6709.722761
PER,1999,3250.378023
PHL,1999,1759.421052
PLW,1999,12606.01515
PNG,1999,2112.095097
POL,1999,6998.794751
PRI,1999,25374.10171
PRK,1999,
PRT,1999,18258.09108
PRY,1999,4252.490657
PSE,1999,2732.87294
PYF,1999,22166.35765
QAT,1999,50917.39641
ROU,1999,4453.78126
RUS,1999,4819.380371
RWA,1999,310.0981112
SAU,1999,21829.85432
SDN,1999,1074.880981
SEN,1999,1033.763965
SGP,1999,32557.04699
SLB,1999,2086.024561
SLE,1999,623.7828413
SLV,1999,2946.433024
SOM,1999,226.4441243
SRB,1999,3329.45173
SSD,1999,
STP,1999,966.2268289
SUR,1999,6127.310357
SVK,1999,8914.683229
SVN,1999,15646.68895
SWE,1999,39785.38016
SWZ,1999,2262.842132
SXM,1999,
SYC,1999,11326.93861
SYR,1999,1271.322273
TCA,1999,
TCD,1999,384.4139406
TGO,1999,704.0437893
THA,1999,3403.087374
TJK,1999,401.4063818
TKM,1999,2181.159381
TLS,1999,631.0729125
TON,1999,3749.823438
TTO,1999,9415.923866
TUN,1999,2766.573663
TUR,1999,5991.372186
TUV,1999,3102.106763
TZA,1999,546.6055298
UGA,1999,509.4553951
UKR,1999,1319.533203
URY,1999,11357.08669
USA,1999,47234.24553
UZB,1999,1238.365916
VCT,1999,4989.052627
VEN,1999,
VGB,1999,
VIR,1999,
VNM,1999,1148.044652
VUT,1999,2720.840883
WSM,1999,2824.553304
YEM,1999,2053.778367
ZAF,1999,4552.85008
ZMB,1999,796.377986
ZWE,1999,1736.938861
AFG,2000,308.3182697
AGO,2000,1932.988479
ALB,2000,1960.88246
ARE,2000,57365.39833
ARG,2000,10631.65036
ARM,2000,1229.215104
ASM,2000,
ATG,2000,15958.31328
AUS,2000,45859.51621
AUT,2000,38571.08585
AZE,2000,1480.808691
BDI,2000,302.2191638
BEL,2000,35878.31539
BEN,2000,861.213292
BFA,2000,428.3097966
BGD,2000,620.5604728
BGR,2000,3721.303482
BHR,2000,25407.96955
BHS,2000,32443.48211
BIH,2000,2566.587821
BLR,2000,2615.369297
BLZ,2000,5662.33419
BMU,2000,109502.7631
BOL,2000,2014.190244
BRA,2000,6817.784241
BRB,2000,19351.46375
BRN,2000,37509.59833
BTN,2000,1259.623764
BWA,2000,5062.642892
CAF,2000,437.1689284
CAN,2000,37906.86012
CHE,2000,73749.9388
CHL,2000,8465.353032
CHN,2000,2193.896866
CIV,2000,1717.953857
CMR,2000,1151.276893
COD,2000,327.2401425
COG,2000,2057.01922
COL,2000,4016.809517
COM,2000,1203.651763
CPV,2000,2037.317209
CRI,2000,7726.519857
CUB,2000,4112.261684
CYM,2000,
CYP,2000,22383.86523
CZE,2000,12543.93643
DEU,2000,35087.08916
DJI,2000,
DMA,2000,6236.415307
DNK,2000,49266.98827
DOM,2000,4154.062655
DZA,2000,3553.324205
ECU,2000,3953.398797
EGY,2000,2458.60835
ERI,2000,845.1324301
ESP,2000,24106.88184
EST,2000,10006.76926
ETH,2000,257.4126988
FIN,2000,37872.60215
FJI,2000,3960.889067
FRA,2000,33255.13797
FSM,2000,2774.794947
GAB,2000,7596.099707
GBR,2000,38921.89657
GEO,2000,1561.198676
GHA,2000,1021.638391
GIN,2000,614.1372351
GMB,2000,659.9112376
GNB,2000,571.0940152
GNQ,2000,3839.086427
GRC,2000,18002.90651
GRD,2000,6677.126523
GTM,2000,3165.932282
GUM,2000,
GUY,2000,3759.607897
HKG,2000,26933.27853
HND,2000,1789.477985
HRV,2000,8879.96498
HTI,2000,1342.894905
HUN,2000,8967.696269
IDN,2000,1828.10266
IND,2000,756.7041095
IRL,2000,42643.6344
IRN,2000,3885.301834
IRQ,2000,4172.780251
ISL,2000,42174.66506
ISR,2000,29352.27585
ITA,2000,32609.66747
JAM,2000,4928.331884
JOR,2000,3412.076732
JPN,2000,31430.63113
KAZ,2000,4269.330168
KEN,2000,1195.412969
KGZ,2000,718.3429057
KHM,2000,598.5619153
KIR,2000,1555.581639
KNA,2000,14039.02811
KOR,2000,16995.55919
KWT,2000,31341.97791
LAO,2000,917.2280386
LBN,2000,5958.978368
LBR,2000,754.8509174
LBY,2000,10853.80595
LCA,2000,9198.955144
LIE,2000,
LKA,2000,1958.098068
LSO,2000,725.2636687
LTU,2000,6384.308649
LUX,2000,92527.71181
LVA,2000,6336.383106
MAC,2000,31763.25449
MAF,2000,
MAR,2000,1957.141357
MDA,2000,1346.915672
MDG,2000,465.5295098
MDV,2000,7049.37475
MEX,2000,9581.969702
MHL,2000,3040.596774
MKD,2000,3283.379341
MLI,2000,541.3499593
MLT,2000,17178.28551
MMR,2000,298.5904645
MNE,2000,4431.60047
MNG,2000,1598.31282
MNP,2000,
MOZ,2000,287.3906303
MRT,2000,1304.644391
MUS,2000,5671.02955
MWI,2000,418.592985
MYS,2000,6455.614198
NAM,2000,3083.596579
NCL,2000,
NER,2000,392.8986169
NGA,2000,1421.67988
NIC,2000,1458.378543
NLD,2000,40665.33813
NOR,2000,67846.59685
NPL,2000,547.2210823
NZL,2000,30848.18609
OMN,2000,19881.73643
PAK,2000,1049.542297
PAN,2000,6856.14919
PER,2000,3286.273085
PHL,2000,1793.347609
PLW,2000,12100.432
PNG,2000,1989.578822
POL,2000,7401.576976
PRI,2000,26131.96308
PRK,2000,
PRT,2000,18822.09329
PRY,2000,4074.489533
PSE,2000,2436.012077
PYF,2000,22529.42046
QAT,2000,52234.42444
ROU,2000,4569.309148
RUS,2000,5323.666504
RWA,2000,333.3550698
SAU,2000,21862.71608
SDN,2000,1111.118652
SEN,2000,1048.374741
SGP,2000,34890.08114
SLB,2000,1747.730996
SLE,2000,649.4047082
SLV,2000,2964.893469
SOM,2000,233.0324068
SRB,2000,3542.353739
SSD,2000,
STP,2000,959.938181
SUR,2000,6128.316024
SVK,2000,8997.21206
SVN,2000,16146.1216
SWE,2000,41561.09672
SWZ,2000,2279.163654
SXM,2000,
SYC,2000,11703.75352
SYR,2000,1248.384883
TCA,2000,
TCD,2000,368.0782619
TGO,2000,679.5333677
THA,2000,3514.71663
TJK,2000,429.537301
TKM,2000,2255.014968
TLS,2000,1117.564298
TON,2000,3866.685674
TTO,2000,10027.11288
TUN,2000,2864.550756
TUR,2000,6325.096088
TUV,2000,3056.55102
TZA,2000,555.3480835
UGA,2000,509.1975532
UKR,2000,1409.222656
URY,2000,11096.33096
USA,2000,48616.25463
UZB,2000,1269.721375
VCT,2000,5062.830801
VEN,2000,
VGB,2000,
VIR,2000,
VNM,2000,1212.196578
VUT,2000,2816.554673
WSM,2000,2945.372179
YEM,2000,2114.652582
ZAF,2000,4700.875555
ZMB,2000,804.4846342
ZWE,2000,1668.426297
AFG,2001,277.1180514
AGO,2001,1947.85673
ALB,2001,2143.526839
ARE,2001,54574.81416
ARG,2001,10051.94485
ARM,2001,1351.120727
ASM,2001,
ATG,2001,15000.83363
AUS,2001,46191.31424
AUT,2001,38929.75382
AZE,2001,1614.848858
BDI,2001,300.7998828
BEL,2001,36148.28812
BEN,2001,879.8544638
BFA,2001,442.9141229
BGD,2001,641.2889229
BGR,2001,3941.275697
BHR,2001,25106.28696
BHS,2001,32889.10437
BIH,2001,2616.414125
BLR,2001,2753.039517
BLZ,2001,5763.677213
BMU,2001,116809.9253
BOL,2001,2013.845808
BRA,2001,6823.03397
BRB,2001,18867.64903
BRN,2001,37269.30975
BTN,2001,1321.098783
BWA,2001,4971.963718
CAF,2001,446.6586342
CAN,2001,38200.45611
CHE,2001,74439.4636
CHL,2001,8632.014824
CHN,2001,2359.572385
CIV,2001,1636.573187
CMR,2001,1169.926705
COD,2001,310.3802674
COG,2001,2056.165059
COL,2001,4020.507898
COM,2001,1206.65693
CPV,2001,2051.217339
CRI,2001,7854.233958
CUB,2001,4229.903094
CYM,2001,
CYP,2001,23019.14844
CZE,2001,12958.46676
DEU,2001,35601.36284
DJI,2001,
DMA,2001,6252.786201
DNK,2001,49557.15101
DOM,2001,4189.807661
DZA,2001,3610.006056
ECU,2001,4049.000189
EGY,2001,2492.034412
ERI,2001,893.2687354
ESP,2001,24878.37844
EST,2001,10662.94549
ETH,2001,270.4514354
FIN,2001,38784.13097
FJI,2001,3998.797328
FRA,2001,33640.6738
FSM,2001,2826.842718
GAB,2001,7556.769953
GBR,2001,39769.87196
GEO,2001,1661.830191
GHA,2001,1034.581776
GIN,2001,628.3205549
GMB,2001,679.5397559
GNB,2001,585.8379807
GNQ,2001,5882.850503
GRC,2001,18742.42354
GRD,2001,6509.516603
GTM,2001,3166.20342
GUM,2001,
GUY,2001,3847.094619
HKG,2001,26885.47408
HND,2001,1789.18816
HRV,2001,9515.409056
HTI,2001,1314.114197
HUN,2001,9354.480751
IDN,2001,1868.591723
IND,2001,778.5073775
IRL,2001,44196.91598
IRN,2001,3917.299355
IRQ,2001,4116.094053
ISL,2001,43288.0763
ISR,2001,28717.12775
ITA,2001,33245.28037
JAM,2001,4963.066073
JOR,2001,3518.766353
JPN,2001,31476.05207
KAZ,2001,4822.528628
KEN,2001,1202.293488
KGZ,2001,749.4238553
KHM,2001,632.833574
KIR,2001,1477.951521
KNA,2001,14610.90996
KOR,2001,17684.05038
KWT,2001,30573.42826
LAO,2001,954.1235054
LBN,2001,6085.760414
LBR,2001,754.4223558
LBY,2001,10467.87761
LCA,2001,8795.561311
LIE,2001,
LKA,2001,1897.611495
LSO,2001,752.2432125
LTU,2001,6854.525052
LUX,2001,94243.70732
LVA,2001,6833.435286
MAC,2001,32432.27857
MAF,2001,
MAR,2001,2078.966064
MDA,2001,1432.276893
MDG,2001,478.4056149
MDV,2001,6659.259593
MEX,2001,9398.350744
MHL,2001,3224.79119
MKD,2001,3169.325144
MLI,2001,606.0873258
MLT,2001,16920.73092
MMR,2001,328.9738727
MNE,2001,4462.349901
MNG,2001,1625.461523
MNP,2001,
MOZ,2001,317.1857036
MRT,2001,1262.655673
MUS,2001,5814.748346
MWI,2001,388.2600398
MYS,2001,6334.927957
NAM,2001,3055.404448
NCL,2001,
NER,2001,406.9234937
NGA,2001,1465.457203
NIC,2001,1482.318874
NLD,2001,41297.31982
NOR,2001,68899.5269
NPL,2001,564.2862292
NZL,2001,31713.13018
OMN,2001,20546.05541
PAK,2001,1057.867678
PAN,2001,6787.862679
PER,2001,3261.664251
PHL,2001,1807.708925
PLW,2001,12771.13744
PNG,2001,1920.780039
POL,2001,7494.960895
PRI,2001,27722.36719
PRK,2001,
PRT,2001,19053.08993
PRY,2001,3972.884279
PSE,2001,2153.457354
PYF,2001,22106.60971
QAT,2001,51633.96068
ROU,2001,4875.303106
RUS,2001,5618.955566
RWA,2001,358.4460368
SAU,2001,20826.20904
SDN,2001,1150.17627
SEN,2001,1067.368866
SGP,2001,33597.86908
SLB,2001,1577.66696
SLE,2001,573.3198082
SLV,2001,2978.597348
SOM,2001,239.8390882
SRB,2001,3788.982294
SSD,2001,
STP,2001,973.4242521
SUR,2001,6255.552742
SVK,2001,9277.357998
SVN,2001,16576.71609
SWE,2001,42013.70043
SWZ,2001,2282.057363
SXM,2001,
SYC,2001,11427.94131
SYR,2001,1230.872
TCA,2001,
TCD,2001,397.3568892
TGO,2001,667.2982818
THA,2001,3599.025249
TJK,2001,461.6811958
TKM,2001,2306.300576
TLS,2001,1192.785758
TON,2001,3901.180545
TTO,2001,10399.44828
TUN,2001,2941.742756
TUR,2001,5887.685766
TUV,2001,3043.159079
TZA,2001,573.4001465
UGA,2001,519.4565479
UKR,2001,1547.27832
URY,2001,10643.5574
USA,2001,48597.42461
UZB,2001,1306.606332
VCT,2001,5153.337757
VEN,2001,
VGB,2001,
VIR,2001,
VNM,2001,1273.805269
VUT,2001,2653.205521
WSM,2001,3137.464038
YEM,2001,2129.752471
ZAF,2001,4786.48245
ZMB,2001,822.0209353
ZWE,2001,1681.157539
AFG,2002,338.1399736
AGO,2002,2139.872597
ALB,2002,2247.49808
ARE,2002,52607.66151
ARG,2002,8861.561993
ARM,2002,1535.204529
ASM,2002,13054.63643
ATG,2002,14965.46969
AUS,2002,47486.27832
AUT,2002,39313.72261
AZE,2002,1754.135241
BDI,2002,305.4383585
BEL,2002,36600.86255
BEN,2002,893.137101
BFA,2002,448.1288563
BGD,2002,655.6721394
BGR,2002,4264.271771
BHR,2002,24149.01559
BHS,2002,33393.90704
BIH,2002,2742.333626
BLR,2002,2910.405526
BLZ,2002,5893.70035
BMU,2002,114574.4336
BOL,2002,2029.669934
BRA,2002,6944.623375
BRB,2002,18892.17313
BRN,2002,37976.26266
BTN,2002,1427.256932
BWA,2002,5175.476553
CAF,2002,452.8087022
CAN,2002,38921.6673
CHE,2002,73824.38488
CHL,2002,8810.690527
CHN,2002,2557.891612
CIV,2002,1551.279259
CMR,2002,1189.967079
COD,2002,309.9117854
COG,2002,2100.168767
COL,2002,4058.284936
COM,2002,1208.858061
CPV,2002,2127.708723
CRI,2002,7989.559261
CUB,2002,4277.395656
CYM,2002,
CYP,2002,23604.08008
CZE,2002,13179.98781
DEU,2002,35460.41213
DJI,2002,
DMA,2002,6068.936536
DNK,2002,49624.59653
DOM,2002,4312.882946
DZA,2002,3754.660815
ECU,2002,4174.897936
EGY,2002,2498.481212
ERI,2002,889.0091136
ESP,2002,25205.31547
EST,2002,11474.66219
ETH,2002,266.3166145
FIN,2002,39343.07001
FJI,2002,4086.104378
FRA,2002,33753.57829
FSM,2002,2840.207522
GAB,2002,7338.756206
GBR,2002,40312.9824
GEO,2002,1768.597012
GHA,2002,1051.810293
GIN,2002,650.554964
GMB,2002,640.0389321
GNB,2002,594.0405352
GNQ,2002,6604.005463
GRC,2002,19548.36772
GRD,2002,6707.368735
GTM,2002,3213.268279
GUM,2002,29576.22168
GUY,2002,3894.871074
HKG,2002,27210.11961
HND,2002,1807.973055
HRV,2002,10061.69431
HTI,2002,1304.529381
HUN,2002,9825.943199
IDN,2002,1926.374359
IND,2002,793.6159129
IRL,2002,46022.14108
IRN,2002,4198.953561
IRQ,2002,3660.925275
ISL,2002,43143.46058
ISR,2002,28110.34635
ITA,2002,33285.41486
JAM,2002,5031.195644
JOR,2002,3644.624346
JPN,2002,31416.12418
KAZ,2002,5267.699032
KEN,2002,1171.426252
KGZ,2002,742.4430011
KHM,2002,662.1883413
KIR,2002,1467.9925
KNA,2002,14727.39088
KOR,2002,18940.38422
KWT,2002,30702.21604
LAO,2002,994.492242
LBN,2002,6207.241339
LBR,2002,762.7163939
LBY,2002,10170.30958
LCA,2002,8755.474813
LIE,2002,
LKA,2002,1952.386794
LSO,2002,760.0334432
LTU,2002,7374.097778
LUX,2002,96269.57939
LVA,2002,7443.229388
MAC,2002,34959.47896
MAF,2002,
MAR,2002,2127.50708
MDA,2002,1547.574212
MDG,2002,406.7012221
MDV,2002,7024.501623
MEX,2002,9242.278861
MHL,2002,3322.411279
MKD,2002,3240.110645
MLI,2002,605.798111
MLT,2002,17255.42737
MMR,2002,364.8558002
MNE,2002,4529.123306
MNG,2002,1680.653353
MNP,2002,24066.53616
MOZ,2002,340.1353702
MRT,2002,1252.103005
MUS,2002,5867.77363
MWI,2002,385.3089802
MYS,2002,6516.906716
NAM,2002,3145.945663
NCL,2002,
NER,2002,412.1237932
NGA,2002,1644.395189
NIC,2002,1475.490039
NLD,2002,41135.41909
NOR,2002,69472.98367
NPL,2002,556.4384545
NZL,2002,32636.13755
OMN,2002,20150.1132
PAK,2002,1059.04171
PAN,2002,6825.177474
PER,2002,3398.749914
PHL,2002,1837.254293
PLW,2002,13307.92046
PNG,2002,1854.418317
POL,2002,7640.993078
PRI,2002,27940.38262
PRK,2002,
PRT,2002,19095.11025
PRY,2002,3916.440223
PSE,2002,1836.980425
PYF,2002,21962.74197
QAT,2002,52752.70812
ROU,2002,5248.549946
RUS,2002,5910.171875
RWA,2002,400.2703968
SAU,2002,19678.75911
SDN,2002,1185.215332
SEN,2002,1042.255099
SGP,2002,34598.82675
SLB,2002,1504.857952
SLE,2002,684.7197104
SLV,2002,3016.063077
SOM,2002,248.6364686
SRB,2002,4038.652546
SSD,2002,
STP,2002,982.3290656
SUR,2002,6301.31731
SVK,2002,9690.684628
SVN,2002,17099.65838
SWE,2002,42831.01886
SWZ,2002,2363.179154
SXM,2002,
SYC,2002,11218.26065
SYR,2002,1249.006214
TCA,2002,
TCD,2002,416.3398548
TGO,2002,675.4407444
THA,2002,3783.754221
TJK,2002,501.8085665
TKM,2002,2266.633663
TLS,2002,1028.131934
TON,2002,4050.989655
TTO,2002,11170.51887
TUN,2002,2950.20794
TUR,2002,6192.18555
TUV,2002,3320.168582
TZA,2002,598.4215698
UGA,2002,547.4053389
UKR,2002,1644.28125
URY,2002,9806.771306
USA,2002,48967.36612
UZB,2002,1341.95996
VCT,2002,5436.011277
VEN,2002,
VGB,2002,
VIR,2002,43205.72467
VNM,2002,1340.516705
VUT,2002,2453.23063
WSM,2002,3291.342448
YEM,2002,2148.868207
ZAF,2002,4916.814981
ZMB,2002,833.0211775
ZWE,2002,1516.967973
AFG,2003,346.0716271
AGO,2003,2128.195793
ALB,2003,2380.644621
ARE,2003,54020.47356
ARG,2003,9545.531941
ARM,2003,1759.646848
ASM,2003,13201.73475
ATG,2003,15701.24464
AUS,2003,48394.12695
AUT,2003,39569.28864
AZE,2003,1918.611037
BDI,2003,292.3185951
BEL,2003,36826.26992
BEN,2003,896.1467632
BFA,2003,468.2630478
BGD,2003,676.826252
BGR,2003,4523.286271
BHR,2003,23857.6405
BHS,2003,32578.14433
BIH,2003,2854.845046
BLR,2003,3137.269246
BLZ,2003,6273.010586
BMU,2003,118018.8316
BOL,2003,2050.071332
BRA,2003,6941.440458
BRB,2003,19184.92795
BRN,2003,38595.16869
BTN,2003,1506.415276
BWA,2003,5320.440295
CAF,2003,418.2405323
CAN,2003,39270.02345
CHE,2003,73254.95291
CHL,2003,9130.784262
CHN,2003,2797.176659
CIV,2003,1441.588018
CMR,2003,1221.094461
COD,2003,317.7781214
COG,2003,2058.886837
COL,2003,4154.175285
COM,2003,1210.733564
CPV,2003,2186.895004
CRI,2003,8207.457468
CUB,2003,4426.965996
CYM,2003,
CYP,2003,23930.66992
CZE,2003,13618.93496
DEU,2003,35252.97451
DJI,2003,
DMA,2003,6439.058267
DNK,2003,49708.0909
DOM,2003,4194.017881
DZA,2003,3945.898161
ECU,2003,4220.212985
EGY,2003,2524.804772
ERI,2003,830.3796723
ESP,2003,25481.16538
EST,2003,12424.04402
ETH,2003,252.8066748
FIN,2003,40038.98398
FJI,2003,4087.724528
FRA,2003,33840.61756
FSM,2003,2889.046696
GAB,2003,7301.671544
GBR,2003,41390.60621
GEO,2003,1977.461433
GHA,2003,1077.028566
GIN,2003,644.0712179
GMB,2003,665.8342223
GNB,2003,579.0925068
GNQ,2003,7082.654892
GRC,2003,20632.25574
GRD,2003,7309.785471
GTM,2003,3222.154588
GUM,2003,29685.95317
GUY,2003,3873.041237
HKG,2003,28097.14844
HND,2003,1842.2975
HRV,2003,10618.94331
HTI,2003,1326.47161
HUN,2003,10255.61011
IDN,2003,1991.918205
IND,2003,841.2788946
IRL,2003,46643.15796
IRN,2003,4511.43134
IRQ,2003,2250.069901
ISL,2003,43763.77561
ISR,2003,28011.82668
ITA,2003,33159.84158
JAM,2003,5184.142887
JOR,2003,3713.151936
JPN,2003,31830.21758
KAZ,2003,5724.431992
KEN,2003,1169.144337
KGZ,2003,786.350475
KHM,2003,719.3334942
KIR,2003,1415.545878
KNA,2003,14100.3068
KOR,2003,19435.49341
KWT,2003,35169.63339
LAO,2003,1038.711928
LBN,2003,6319.765183
LBR,2003,528.5673955
LBY,2003,11267.06276
LCA,2003,9054.083729
LIE,2003,
LKA,2003,2053.252026
LSO,2003,798.5405006
LTU,2003,8218.69325
LUX,2003,97597.99692
LVA,2003,8149.001945
MAC,2003,38571.58531
MAF,2003,
MAR,2003,2229.576172
MDA,2003,1654.366293
MDG,2003,433.6010403
MDV,2003,7858.993795
MEX,2003,9221.996667
MHL,2003,3256.972443
MKD,2003,3307.920408
MLI,2003,640.3574967
MLT,2003,17775.58683
MMR,2003,411.4987641
MNE,2003,4623.076064
MNG,2003,1775.649067
MNP,2003,24650.04055
MOZ,2003,356.5211574
MRT,2003,1308.563076
MUS,2003,6170.648767
MWI,2003,397.2248468
MYS,2003,6732.920495
NAM,2003,3232.305897
NCL,2003,
NER,2003,406.3337575
NGA,2003,1717.214511
NIC,2003,1494.959921
NLD,2003,40981.84768
NOR,2003,69719.31227
NPL,2003,570.2896736
NZL,2003,33511.55049
OMN,2003,19485.64415
PAK,2003,1090.27524
PAN,2003,7037.081657
PER,2003,3502.791657
PHL,2003,1892.82162
PLW,2003,12776.76741
PNG,2003,1832.678703
POL,2003,7915.554244
PRI,2003,27937.81659
PRK,2003,
PRT,2003,18846.54118
PRY,2003,4035.718339
PSE,2003,2041.604846
PYF,2003,22085.63127
QAT,2003,52255.3835
ROU,2003,5410.308358
RUS,2003,6370.453613
RWA,2003,400.1915962
SAU,2003,20406.45076
SDN,2003,1226.420776
SEN,2003,1074.385785
SGP,2003,36709.7965
SLB,2003,1573.855221
SLE,2003,719.7936257
SLV,2003,3057.164676
SOM,2003,257.9103524
SRB,2003,4233.776466
SSD,2003,
STP,2003,1036.861963
SUR,2003,6567.843099
SVK,2003,10168.02248
SVN,2003,17635.36102
SWE,2003,43474.57922
SWZ,2003,2438.16988
SXM,2003,
SYC,2003,10677.96921
SYR,2003,1307.481459
TCA,2003,
TCD,2003,458.9230456
TGO,2003,702.7992002
THA,2003,4018.155382
TJK,2003,546.3914798
TKM,2003,2295.296206
TLS,2003,964.3225646
TON,2003,4030.196852
TTO,2003,12719.69153
TUN,2003,3058.232929
TUR,2003,6473.462738
TUV,2003,3152.22822
TZA,2003,621.7207031
UGA,2003,564.7205392
UKR,2003,1814.258545
URY,2003,9878.756843
USA,2003,49905.52331
UZB,2003,1381.825728
VCT,2003,5810.312917
VEN,2003,
VGB,2003,
VIR,2003,43036.18151
VNM,2003,1418.743375
VUT,2003,2496.201355
WSM,2003,3444.998577
YEM,2003,2164.84028
ZAF,2003,5011.622232
ZMB,2003,863.6501907
ZWE,2003,1244.266243
AFG,2004,338.6372739
AGO,2004,2277.866965
ALB,2004,2522.449374
ARE,2004,56027.61004
ARG,2004,10302.44653
ARM,2004,1955.222625
ASM,2004,13291.53566
ATG,2004,16430.54086
AUS,2004,49902.0187
AUT,2004,40333.33071
AZE,2004,2077.88527
BDI,2004,295.2351195
BEL,2004,37976.69732
BEN,2004,907.6244312
BFA,2004,474.0864123
BGD,2004,702.6563571
BGR,2004,4854.273415
BHR,2004,23688.11199
BHS,2004,32462.84008
BIH,2004,3062.93619
BLR,2004,3520.411963
BLZ,2004,6381.595978
BMU,2004,120432.1205
BOL,2004,2099.990808
BRA,2004,7258.781852
BRB,2004,19344.96076
BRN,2004,37948.65895
BTN,2004,1552.739151
BWA,2004,5369.425168
CAF,2004,433.8252278
CAN,2004,40108.75874
CHE,2004,74718.68361
CHL,2004,9642.374786
CHN,2004,3061.833173
CIV,2004,1451.865471
CMR,2004,1271.743269
COD,2004,329.3490637
COG,2004,2058.884029
COL,2004,4311.915913
COM,2004,1210.800664
CPV,2004,2379.796362
CRI,2004,8445.529149
CUB,2004,4670.188021
CYM,2004,
CYP,2004,24799.54688
CZE,2004,14259.63343
DEU,2004,35670.48703
DJI,2004,
DMA,2004,6624.088316
DNK,2004,50956.30455
DOM,2004,4243.094688
DZA,2004,4066.282048
ECU,2004,4430.23718
EGY,2004,2574.423418
ERI,2004,808.5914202
ESP,2004,25825.31065
EST,2004,13348.52756
ETH,2004,278.6481057
FIN,2004,41521.96287
FJI,2004,4264.597276
FRA,2004,34557.14712
FSM,2004,2809.065859
GAB,2004,7148.987134
GBR,2004,42167.35571
GEO,2004,2105.004728
GHA,2004,1107.614346
GIN,2004,645.1828434
GMB,2004,693.5633145
GNB,2004,572.5264646
GNQ,2004,9208.605667
GRC,2004,21688.10512
GRD,2004,7233.294944
GTM,2004,3250.203965
GUM,2004,31483.81419
GUY,2004,3937.114353
HKG,2004,30304.33319
HND,2004,1908.909501
HRV,2004,11058.71845
HTI,2004,1286.902821
HUN,2004,10792.73743
IDN,2004,2065.706175
IND,2004,892.5966146
IRL,2004,48906.96323
IRN,2004,4607.451691
IRQ,2004,3354.265888
ISL,2004,46766.01687
ISR,2004,28808.82984
ITA,2004,33431.55991
JAM,2004,5222.097988
JOR,2004,3935.157047
JPN,2004,32515.1158
KAZ,2004,6233.294394
KEN,2004,1191.254436
KGZ,2004,831.4821854
KHM,2004,775.847139
KIR,2004,1378.958451
KNA,2004,14619.79511
KOR,2004,20364.75997
KWT,2004,37918.54038
LAO,2004,1088.760347
LBN,2004,6633.75258
LBR,2004,535.9958821
LBY,2004,11529.10866
LCA,2004,9637.394987
LIE,2004,
LKA,2004,2150.385651
LSO,2004,817.7935979
LTU,2004,8851.926006
LUX,2004,100292.5685
LVA,2004,8957.233904
MAC,2004,47650.93711
MAF,2004,
MAR,2004,2301.081787
MDA,2004,1781.191453
MDG,2004,443.278655
MDV,2004,8180.30182
MEX,2004,9421.28976
MHL,2004,3234.152652
MKD,2004,3473.765448
MLI,2004,629.6264492
MLT,2004,17728.49152
MMR,2004,463.3301357
MNE,2004,4819.14786
MNG,2004,1942.362637
MNP,2004,24445.46184
MOZ,2004,377.0649581
MRT,2004,1338.667681
MUS,2004,6397.593462
MWI,2004,408.0649161
MYS,2004,7025.34558
NAM,2004,3582.895033
NCL,2004,
NER,2004,393.3987815
NGA,2004,1824.802695
NIC,2004,1555.878142
NLD,2004,41663.14777
NOR,2004,72090.98629
NPL,2004,589.4699287
NZL,2004,34367.00624
OMN,2004,19534.86014
PAK,2004,1146.996328
PAN,2004,7468.765931
PER,2004,3640.602999
PHL,2004,1978.344891
PLW,2004,13172.17485
PNG,2004,1821.847411
POL,2004,8323.387738
PRI,2004,30375.78958
PRK,2004,
PRT,2004,19137.83711
PRY,2004,4151.345848
PSE,2004,2426.415656
PYF,2004,21949.74585
QAT,2004,59990.30649
ROU,2004,6008.640485
RUS,2004,6856.678223
RWA,2004,418.7809717
SAU,2004,21172.89926
SDN,2004,1255.671143
SEN,2004,1098.200645
SGP,2004,39856.63562
SLB,2004,1664.580301
SLE,2004,740.9510275
SLV,2004,3081.236297
SOM,2004,266.2572875
SRB,2004,4527.434977
SSD,2004,
STP,2004,1047.057961
SUR,2004,7021.989199
SVK,2004,10718.21014
SVN,2004,18425.25984
SWE,2004,45113.83085
SWZ,2004,2511.320708
SXM,2004,
SYC,2004,10412.08689
SYR,2004,1363.619467
TCA,2004,
TCD,2004,586.5372217
TGO,2004,678.2875462
THA,2004,4232.771573
TJK,2004,590.9571114
TKM,2004,2364.267252
TLS,2004,955.4705483
TON,2004,3928.060226
TTO,2004,13662.82951
TUN,2004,3218.727387
TUR,2004,7028.755564
TUV,2004,3042.612853
TZA,2004,650.5165405
UGA,2004,585.3394891
UKR,2004,2042.444946
URY,2004,10366.90674
USA,2004,51348.34734
UZB,2004,1466.613489
VCT,2004,6065.795281
VEN,2004,
VGB,2004,
VIR,2004,44466.28722
VNM,2004,1510.94449
VUT,2004,2533.084569
WSM,2004,3535.738138
YEM,2004,2185.769243
ZAF,2004,5187.356834
ZMB,2004,895.4752585
ZWE,2004,1159.345332
AFG,2005,363.6401414
AGO,2005,2526.410579
ALB,2005,2675.508637
ARE,2005,55777.90183
ARG,2005,11099.75092
ARM,2005,2240.092732
ASM,2005,13284.27911
ATG,2005,17298.22657
AUS,2005,50853.19767
AUT,2005,40989.01322
AZE,2005,2631.851453
BDI,2005,287.030689
BEL,2005,38645.26056
BEN,2005,893.9153687
BFA,2005,499.1927976
BGD,2005,739.2037184
BGR,2005,5236.086384
BHR,2005,23439.67043
BHS,2005,33163.95931
BIH,2005,3216.868817
BLR,2005,3877.725583
BLZ,2005,6335.677777
BMU,2005,122143.7996
BOL,2005,2156.186701
BRA,2005,7409.569133
BRB,2005,20004.76679
BRN,2005,37312.2778
BTN,2005,1632.021694
BWA,2005,5514.217427
CAF,2005,427.9680432
CAN,2005,41006.22293
CHE,2005,76282.98396
CHL,2005,10104.42084
CHN,2005,3390.716159
CIV,2005,1431.733202
CMR,2005,1264.743452
COD,2005,338.9809808
COG,2005,2140.036862
COL,2005,4457.275375
COM,2005,1220.003584
CPV,2005,2514.167793
CRI,2005,8655.339654
CUB,2005,5182.352836
CYM,2005,
CYP,2005,25631.26563
CZE,2005,15147.72144
DEU,2005,36006.85781
DJI,2005,
DMA,2005,6659.287797
DNK,2005,52015.18413
DOM,2005,4582.673843
DZA,2005,4223.602521
ECU,2005,4589.328492
EGY,2005,2635.703052
ERI,2005,809.7947935
ESP,2005,26294.44737
EST,2005,14703.61755
ETH,2005,302.4750227
FIN,2005,42529.35072
FJI,2005,4255.451013
FRA,2005,34946.03724
FSM,2005,2879.621787
GAB,2005,7130.225058
GBR,2005,43023.22769
GEO,2005,2321.600843
GHA,2005,1142.599574
GIN,2005,651.3596069
GMB,2005,658.6762854
GNB,2005,595.9425556
GNQ,2005,10212.45451
GRC,2005,21880.52656
GRD,2005,8162.912321
GTM,2005,3284.80962
GUM,2005,32520.37296
GUY,2005,3867.933082
HKG,2005,32401.40248
HND,2005,1975.856479
HRV,2005,11522.39501
HTI,2005,1304.333037
HUN,2005,11278.61603
IDN,2005,2155.447802
IND,2005,947.7325656
IRL,2005,50599.6045
IRN,2005,4650.358415
IRQ,2005,3310.863445
ISL,2005,48850.76586
ISR,2005,29498.63367
ITA,2005,33521.32022
JAM,2005,5239.672903
JOR,2005,4151.61313
JPN,2005,33098.54747
KAZ,2005,6787.411555
KEN,2005,1223.447385
KGZ,2005,820.7095989
KHM,2005,866.3402901
KIR,2005,1368.997257
KNA,2005,16000.56589
KOR,2005,21197.19909
KWT,2005,40451.25495
LAO,2005,1148.681539
LBN,2005,6707.180246
LBR,2005,539.6653788
LBY,2005,12628.89615
LCA,2005,9527.601474
LIE,2005,
LKA,2005,2270.038565
LSO,2005,853.9605006
LTU,2005,9692.868372
LUX,2005,101222.0457
LVA,2005,10106.26246
MAC,2005,49454.30545
MAF,2005,
MAR,2005,2342.154785
MDA,2005,1919.445508
MDG,2005,450.9552309
MDV,2005,7143.336276
MEX,2005,9491.517302
MHL,2005,3284.784033
MKD,2005,3657.563077
MLI,2005,649.1577692
MLT,2005,18123.29751
MMR,2005,522.0995448
MNE,2005,5013.195901
MNG,2005,2060.261682
MNP,2005,21882.29279
MOZ,2005,391.6997582
MRT,2005,1418.532021
MUS,2005,6472.873886
MWI,2005,410.2679796
MYS,2005,7234.024427
NAM,2005,3627.750598
NCL,2005,
NER,2005,407.1909311
NGA,2005,1889.251753
NIC,2005,1601.491706
NLD,2005,42411.34533
NOR,2005,73524.25492
NPL,2005,603.1901086
NZL,2005,35120.73551
OMN,2005,19629.04515
PAK,2005,1201.233594
PAN,2005,7935.871351
PER,2005,3835.132193
PHL,2005,2037.877661
PLW,2005,13622.556
PNG,2005,1875.822735
POL,2005,8598.576812
PRI,2005,29815.21642
PRK,2005,
PRT,2005,19251.71456
PRY,2005,4193.280865
PSE,2005,2632.246274
PYF,2005,21690.87775
QAT,2005,60416.78292
ROU,2005,6328.090223
RUS,2005,7323.385254
RWA,2005,446.0297824
SAU,2005,21460.13521
SDN,2005,1290.244385
SEN,2005,1119.050531
SGP,2005,41798.48808
SLB,2005,1755.728123
SLE,2005,752.6902532
SLV,2005,3163.361184
SOM,2005,275.457057
SRB,2005,4809.138477
SSD,2005,
STP,2005,1089.147788
SUR,2005,7261.817135
SVK,2005,11412.15929
SVN,2005,19102.2772
SWE,2005,46188.84111
SWZ,2005,2647.505086
SXM,2005,
SYC,2005,11297.31182
SYR,2005,1411.631849
TCA,2005,
TCD,2005,661.0087024
TGO,2005,630.2486283
THA,2005,4372.257302
TJK,2005,618.3337026
TKM,2005,2622.617963
TLS,2005,964.0266142
TON,2005,3880.070343
TTO,2005,15081.57299
TUN,2005,3301.942459
TUR,2005,7579.372032
TUV,2005,2864.905242
TZA,2005,680.0512085
UGA,2005,604.4048131
UKR,2005,2122.601563
URY,2005,11131.39849
USA,2005,52649.57131
UZB,2005,1549.045775
VCT,2005,6238.030621
VEN,2005,
VGB,2005,
VIR,2005,46021.59057
VNM,2005,1609.962683
VUT,2005,2603.570569
WSM,2005,3755.782428
YEM,2005,2237.616386
ZAF,2005,5406.075814
ZMB,2005,929.0792559
ZWE,2005,1082.841899
AFG,2006,367.7583117
AGO,2006,2716.253026
ALB,2006,2851.367759
ARE,2006,57053.78956
ARG,2006,11870.27916
ARM,2006,2551.435464
ASM,2006,12794.7565
ATG,2006,19256.30063
AUS,2006,51553.9686
AUT,2006,42120.15578
AZE,2006,3501.164825
BDI,2006,291.8663995
BEL,2006,39371.08579
BEN,2006,900.6205358
BFA,2006,514.1131318
BGD,2006,779.4195704
BGR,2006,5634.91119
BHR,2006,23095.01825
BHS,2006,33561.25184
BIH,2006,3418.755013
BLR,2006,4291.69554
BLZ,2006,6434.118644
BMU,2006,128662.9319
BOL,2006,2221.427223
BRA,2006,7622.040072
BRB,2006,21117.31405
BRN,2006,38229.3565
BTN,2006,1701.118782
BWA,2006,5865.000265
CAF,2006,439.2943309
CAN,2006,41663.51231
CHE,2006,78893.80774
CHL,2006,10611.6144
CHN,2006,3800.765796
CIV,2006,1437.774538
CMR,2006,1277.329907
COD,2006,346.1796975
COG,2006,2226.023355
COL,2006,4694.034429
COM,2006,1227.290074
CPV,2006,2683.839439
CRI,2006,9160.294375
CUB,2006,5799.411637
CYM,2006,96066.62908
CYP,2006,26395.41016
CZE,2006,16107.30425
DEU,2006,37437.39188
DJI,2006,
DMA,2006,6962.281243
DNK,2006,53823.15904
DOM,2006,4940.895634
DZA,2006,4279.615471
ECU,2006,4706.980568
EGY,2006,2761.624108
ERI,2006,789.402432
ESP,2006,26899.09215
EST,2006,16234.51461
ETH,2006,325.5433921
FIN,2006,44069.3959
FJI,2006,4295.406836
FRA,2006,35645.41625
FSM,2006,2895.035423
GAB,2006,6724.08149
GBR,2006,43724.89572
GEO,2006,2554.812535
GHA,2006,1184.527358
GIN,2006,645.4720019
GMB,2006,636.5960269
GNB,2006,597.2571517
GNQ,2006,10521.99968
GRC,2006,23220.53244
GRD,2006,7808.243583
GTM,2006,3388.149934
GUM,2006,31242.4629
GUY,2006,4076.779817
HKG,2006,34458.03964
HND,2006,2056.534915
HRV,2006,12105.05376
HTI,2006,1305.038138
HUN,2006,11741.94768
IDN,2006,2244.080223
IND,2006,1008.232753
IRL,2006,51710.36223
IRN,2006,4778.793459
IRQ,2006,3471.987447
ISL,2006,50731.69069
ISR,2006,30599.21721
ITA,2006,34022.11904
JAM,2006,5363.826903
JOR,2006,4209.86864
JPN,2006,33531.51856
KAZ,2006,7450.396871
KEN,2006,1263.541647
KGZ,2006,837.1380266
KHM,2006,947.0652201
KIR,2006,1419.386932
KNA,2006,16457.86224
KOR,2006,22196.20775
KWT,2006,41137.96971
LAO,2006,1228.089276
LBN,2006,6696.374282
LBR,2006,551.3774466
LBY,2006,13176.77589
LCA,2006,10045.6681
LIE,2006,
LKA,2006,2427.79314
LSO,2006,893.7506866
LTU,2006,10577.21423
LUX,2006,105614.1799
LVA,2006,11507.46468
MAC,2006,53221.61293
MAF,2006,
MAR,2006,2489.99292
MDA,2006,2017.177301
MDG,2006,461.5403379
MDV,2006,8620.774521
MEX,2006,9813.828042
MHL,2006,3285.120788
MKD,2006,3866.746506
MLI,2006,657.496279
MLT,2006,18479.23052
MMR,2006,586.0855799
MNE,2006,5435.886221
MNG,2006,2209.743218
MNP,2006,20940.16198
MOZ,2006,420.5264628
MRT,2006,1637.041913
MUS,2006,6756.22956
MWI,2006,417.8776898
MYS,2006,7469.810692
NAM,2006,3834.998947
NCL,2006,
NER,2006,415.8520221
NGA,2006,1949.158568
NIC,2006,1644.380052
NLD,2006,43841.12234
NOR,2006,74729.73661
NPL,2006,617.4776386
NZL,2006,35659.59617
OMN,2006,20096.39656
PAK,2006,1243.941426
PAN,2006,8557.980177
PER,2006,4091.362686
PHL,2006,2110.420448
PLW,2006,13762.64025
PNG,2006,1915.234941
POL,2006,9137.658508
PRI,2006,29519.73868
PRK,2006,
PRT,2006,19529.31213
PRY,2006,4349.311971
PSE,2006,2540.267631
PYF,2006,21574.89551
QAT,2006,64676.39689
ROU,2006,6876.778414
RUS,2006,7949.896973
RWA,2006,474.3645705
SAU,2006,21242.12658
SDN,2006,1336.124023
SEN,2006,1118.783043
SGP,2006,44159.41018
SLB,2006,1796.718963
SLE,2006,767.7977327
SLV,2006,3302.348174
SOM,2006,284.4708066
SRB,2006,5016.412841
SSD,2006,
STP,2006,1157.086145
SUR,2006,7599.356969
SVK,2006,12430.20146
SVN,2006,20166.53241
SWE,2006,48077.44087
SWZ,2006,2792.138435
SXM,2006,
SYC,2006,12105.44753
SYR,2006,1420.722931
TCA,2006,
TCD,2006,641.784341
TGO,2006,629.0798559
THA,2006,4551.525002
TJK,2006,649.1633288
TKM,2006,2856.77457
TLS,2006,897.5737637
TON,2006,3775.248182
TTO,2006,17028.17363
TUN,2006,3444.555825
TUR,2006,8023.150993
TUV,2006,2900.927102
TZA,2006,704.5027466
UGA,2006,650.2705409
UKR,2006,2298.132324
URY,2006,11574.47054
USA,2006,53596.31524
UZB,2006,1643.146456
VCT,2006,6700.480656
VEN,2006,
VGB,2006,
VIR,2006,47671.56718
VNM,2006,1699.676203
VUT,2006,2756.32885
WSM,2006,3820.922395
YEM,2006,2234.721456
ZAF,2006,5650.988318
ZMB,2006,968.563565
ZWE,2006,1032.701264
AFG,2007,410.7577289
AGO,2007,2983.041873
ALB,2007,3044.896617
ARE,2007,52428.06807
ARG,2007,12811.90212
ARM,2007,2919.373494
ASM,2007,13092.31114
ATG,2007,20766.68642
AUS,2007,52531.76112
AUT,2007,43568.83027
AZE,2007,4327.113605
BDI,2007,290.9791162
BEL,2007,40520.08437
BEN,2007,926.7401138
BFA,2007,519.2610122
BGD,2007,825.50823
BGR,2007,6054.232465
BHR,2007,23112.48875
BHS,2007,33568.74142
BIH,2007,3663.94489
BLR,2007,4682.216661
BLZ,2007,6465.219364
BMU,2007,132595.4827
BOL,2007,2283.427333
BRA,2007,8003.254131
BRB,2007,21454.19705
BRN,2007,36174.51637
BTN,2007,1952.257347
BWA,2007,6085.635448
CAF,2007,450.7627854
CAN,2007,42106.87243
CHE,2007,81254.17005
CHL,2007,11051.34507
CHN,2007,4319.031398
CIV,2007,1420.173896
CMR,2007,1295.730675
COD,2007,356.8868051
COG,2007,2004.10104
COL,2007,4947.252608
COM,2007,1212.696684
CPV,2007,3056.971029
CRI,2007,9779.511494
CUB,2007,6215.766037
CYM,2007,96202.73794
CYP,2007,27156.68359
CZE,2007,16892.54286
DEU,2007,38570.91464
DJI,2007,
DMA,2007,7400.183443
DNK,2007,54113.97714
DOM,2007,5243.057076
DZA,2007,4339.250558
ECU,2007,4715.303598
EGY,2007,2902.065598
ERI,2007,789.0727017
ESP,2007,27338.79542
EST,2007,17543.46542
ETH,2007,352.3607031
FIN,2007,46213.68992
FJI,2007,4223.448044
FRA,2007,36322.16851
FSM,2007,2863.835288
GAB,2007,6908.673992
GBR,2007,44524.57071
GEO,2007,2891.137023
GHA,2007,1204.566218
GIN,2007,673.6989974
GMB,2007,637.209306
GNB,2007,597.4820209
GNQ,2007,11594.91721
GRC,2007,23973.6937
GRD,2007,8257.362257
GTM,2007,3527.778168
GUM,2007,31385.04752
GUY,2007,4382.104497
HKG,2007,36371.68887
HND,2007,2134.195406
HRV,2007,12719.00328
HTI,2007,1343.611114
HUN,2007,11792.77129
IDN,2007,2355.152857
IND,2007,1069.246968
IRL,2007,52904.47328
IRN,2007,5084.71796
IRQ,2007,3565.580541
ISL,2007,53646.36902
ISR,2007,31871.04663
ITA,2007,34345.75989
JAM,2007,5414.908807
JOR,2007,4287.352298
JPN,2007,33990.03603
KAZ,2007,8036.875998
KEN,2007,1309.910929
KGZ,2007,900.0280503
KHM,2007,1030.231176
KIR,2007,1433.357428
KNA,2007,16508.14371
KOR,2007,23365.14021
KWT,2007,41113.86917
LAO,2007,1301.085975
LBN,2007,7179.345201
LBR,2007,574.6093943
LBY,2007,13712.96026
LCA,2007,10147.46112
LIE,2007,
LKA,2007,2575.075655
LSO,2007,927.2686333
LTU,2007,11889.35455
LUX,2007,112417.8785
LVA,2007,12810.04078
MAC,2007,58352.96156
MAF,2007,
MAR,2007,2540.615234
MDA,2007,2082.512601
MDG,2007,473.7854623
MDV,2007,8932.389832
MEX,2007,9877.695326
MHL,2007,3403.478428
MKD,2007,4140.633548
MLI,2007,658.4570193
MLT,2007,19342.39192
MMR,2007,651.7297309
MNE,2007,5798.064973
MNG,2007,2403.724163
MNP,2007,20117.70373
MOZ,2007,442.0495741
MRT,2007,1563.606288
MUS,2007,7110.694939
MWI,2007,445.2543054
MYS,2007,7769.596934
NAM,2007,3987.617961
NCL,2007,
NER,2007,413.4191263
NGA,2007,2020.833163
NIC,2007,1703.207546
NLD,2007,45445.52289
NOR,2007,76115.70667
NPL,2007,633.2261291
NZL,2007,36406.14081
OMN,2007,20642.74896
PAK,2007,1265.355675
PAN,2007,9507.646411
PER,2007,4407.791217
PHL,2007,2209.346511
PLW,2007,14215.16625
PNG,2007,2000.972619
POL,2007,9760.70426
PRI,2007,29347.846
PRK,2007,
PRT,2007,19979.57061
PRY,2007,4540.382359
PSE,2007,2569.984341
PYF,2007,21677.96799
QAT,2007,61423.08709
ROU,2007,7483.973758
RUS,2007,8640.40625
RWA,2007,497.1715917
SAU,2007,20829.83898
SDN,2007,1372.109619
SEN,2007,1123.998622
SGP,2007,46178.81395
SLB,2007,1830.236759
SLE,2007,811.0333837
SLV,2007,3359.162302
SOM,2007,294.2104217
SRB,2007,5431.27889
SSD,2007,
STP,2007,1170.516125
SUR,2007,7897.256489
SVK,2007,13770.96037
SVN,2007,21485.78116
SWE,2007,49261.23995
SWZ,2007,2899.220202
SXM,2007,
SYC,2007,13112.82101
SYR,2007,1411.689914
TCA,2007,
TCD,2007,640.3379142
TGO,2007,603.8378964
THA,2007,4760.667085
TJK,2007,686.4809019
TKM,2007,3114.0633
TLS,2007,961.8484621
TON,2007,3665.895204
TTO,2007,17765.95008
TUN,2007,3642.124503
TUR,2007,8414.253504
TUV,2007,3069.673682
TZA,2007,731.5200195
UGA,2007,684.5422418
UKR,2007,2498.352051
URY,2007,12310.48274
USA,2007,54152.82927
UZB,2007,1773.758037
VCT,2007,6953.117094
VEN,2007,
VGB,2007,
VIR,2007,49598.12591
VNM,2007,1788.948503
VUT,2007,2767.000511
WSM,2007,3818.255038
YEM,2007,2235.729536
ZAF,2007,5891.420694
ZMB,2007,1013.085674
ZWE,2007,981.9484983
AFG,2008,417.6472826
AGO,2008,3193.287723
ALB,2008,3298.478908
ARE,2008,48281.34779
ARG,2008,13197.35703
ARM,2008,3141.331935
ASM,2008,12809.46331
ATG,2008,20461.25648
AUS,2008,53336.10122
AUT,2008,44063.86424
AZE,2008,4693.07708
BDI,2008,292.793765
BEL,2008,40380.90747
BEN,2008,943.2033803
BFA,2008,533.4712999
BGD,2008,866.4581576
BGR,2008,6470.589715
BHR,2008,23127.21471
BHS,2008,32350.52581
BIH,2008,3927.879656
BLR,2008,5177.656288
BLZ,2008,6183.938918
BMU,2008,129525.1771
BOL,2008,2383.250323
BRA,2008,8330.764599
BRB,2008,21477.2081
BRN,2008,34126.69409
BTN,2008,2017.760188
BWA,2008,6158.616294
CAF,2008,450.3136169
CAN,2008,42067.5687
CHE,2008,82481.06804
CHL,2008,11356.09221
CHN,2008,4711.643449
CIV,2008,1454.627318
CMR,2008,1295.022113
COD,2008,367.8437476
COG,2008,2061.558299
COL,2008,5048.571872
COM,2008,1235.972873
CPV,2008,3238.441593
CRI,2008,10104.9092
CUB,2008,6469.085078
CYM,2008,93115.31684
CYP,2008,27449.04297
CZE,2008,17190.64703
DEU,2008,38996.14341
DJI,2008,
DMA,2008,7926.348888
DNK,2008,53572.53466
DOM,2008,5344.930678
DZA,2008,4367.56538
ECU,2008,4939.90215
EGY,2008,3052.212978
ERI,2008,693.3988742
ESP,2008,27112.5263
EST,2008,16688.99685
ETH,2008,379.2383104
FIN,2008,46359.8733
FJI,2008,4240.772695
FRA,2008,36257.36589
FSM,2008,2819.079274
GAB,2008,6468.385234
GBR,2008,44065.61566
GEO,2008,2970.158583
GHA,2008,1281.835164
GIN,2008,684.7757804
GMB,2008,657.6756792
GNB,2008,608.9586205
GNQ,2008,13048.07031
GRC,2008,23923.88006
GRD,2008,8307.492215
GTM,2008,3569.928506
GUM,2008,31941.2706
GUY,2008,4472.345179
HKG,2008,36924.09162
HND,2008,2175.147094
HRV,2008,12970.92911
HTI,2008,1356.534001
HUN,2008,11932.0384
IDN,2008,2464.601934
IND,2008,1086.506053
IRL,2008,49512.4262
IRN,2008,5035.940085
IRQ,2008,3781.780017
ISL,2008,53821.47082
ISR,2008,32338.6662
ITA,2008,33769.89735
JAM,2008,5347.632745
JOR,2008,4489.955455
JPN,2008,33557.6454
KAZ,2008,8216.521816
KEN,2008,1273.772261
KGZ,2008,966.4099712
KHM,2008,1090.574758
KIR,2008,1361.835853
KNA,2008,18325.76127
KOR,2008,23887.05955
KWT,2008,39852.5127
LAO,2008,1381.737542
LBN,2008,7701.29823
LBR,2008,591.1853781
LBY,2008,13403.00046
LCA,2008,10583.44966
LIE,2008,
LKA,2008,2710.198366
LSO,2008,971.8813668
LTU,2008,12324.51951
LUX,2008,110094.7923
LVA,2008,12506.6945
MAC,2008,58122.77466
MAF,2008,
MAR,2008,2648.585693
MDA,2008,2249.225897
MDG,2008,490.9639354
MDV,2008,9395.964841
MEX,2008,9826.342184
MHL,2008,3146.261772
MKD,2008,4392.550716
MLI,2008,667.5834248
MLT,2008,20064.43981
MMR,2008,714.620419
MNE,2008,6205.821247
MNG,2008,2576.712958
MNP,2008,18451.39055
MOZ,2008,460.9472949
MRT,2008,1514.265501
MUS,2008,7466.694658
MWI,2008,465.551473
MYS,2008,7976.117854
NAM,2008,4036.381875
NCL,2008,
NER,2008,429.1955428
NGA,2008,2098.283392
NIC,2008,1736.641281
NLD,2008,46227.21114
NOR,2008,75535.21179
NPL,2008,666.8650954
NZL,2008,35651.01564
OMN,2008,22007.7339
PAK,2008,1258.051889
PAN,2008,10288.15499
PER,2008,4778.526422
PHL,2008,2264.946291
PLW,2008,13641.26265
PNG,2008,1934.032016
POL,2008,10187.20179
PRI,2008,28976.13104
PRK,2008,
PRT,2008,20014.47488
PRY,2008,4788.663188
PSE,2008,2685.986018
PYF,2008,21522.64267
QAT,2008,61213.79439
ROU,2008,8318.003428
RUS,2008,9093.700195
RWA,2008,538.3253392
SAU,2008,21255.39663
SDN,2008,1381.62561
SEN,2008,1138.668839
SGP,2008,44601.57993
SLB,2008,1911.194529
SLE,2008,834.0321317
SLV,2008,3420.449274
SOM,2008,304.7414667
SRB,2008,5735.947716
SSD,2008,2289.184154
STP,2008,1214.141147
SUR,2008,8129.114647
SVK,2008,14497.11151
SVN,2008,22175.23699
SWE,2008,48427.75638
SWZ,2008,2903.381029
SXM,2008,
SYC,2008,12473.29218
SYR,2008,1423.595594
TCA,2008,
TCD,2008,637.1939393
TGO,2008,610.4056557
THA,2008,4805.76394
TJK,2008,726.1854913
TKM,2008,3504.348433
TLS,2008,1042.868354
TON,2008,3833.601609
TTO,2008,18292.73909
TUN,2008,3760.123167
TUR,2008,8376.149246
TUV,2008,3230.221095
TZA,2008,752.5404663
UGA,2008,722.565167
UKR,2008,2567.694092
URY,2008,13165.83628
USA,2008,53703.9629
UZB,2008,1904.458555
VCT,2008,7012.88003
VEN,2008,
VGB,2008,
VIR,2008,50174.75289
VNM,2008,1856.005199
VUT,2008,2849.605294
WSM,2008,3925.874333
YEM,2008,2244.023615
ZAF,2008,6009.719631
ZMB,2008,1053.586123
ZWE,2008,798.7732884
AFG,2009,488.8306525
AGO,2009,3100.609274
ALB,2009,3432.170872
ARE,2009,42991.55351
ARG,2009,12285.37847
ARM,2009,2716.974363
ASM,2009,12342.05754
ATG,2009,17743.6224
AUS,2009,53237.00776
AUT,2009,42372.47584
AZE,2009,5023.967291
BDI,2009,288.9419178
BEL,2009,39293.63758
BEN,2009,936.5656511
BFA,2009,533.4700848
BGD,2009,901.7296263
BGR,2009,6294.433431
BHR,2009,22206.93716
BHS,2009,30599.02291
BIH,2009,3876.39718
BLR,2009,5200.785176
BLZ,2009,5997.243308
BMU,2009,121727.5849
BOL,2009,2422.575791
BRA,2009,8246.09707
BRB,2009,20294.78258
BRN,2009,32855.60203
BTN,2009,2148.564803
BWA,2009,5179.413861
CAF,2009,492.2153989
CAN,2009,40376.41537
CHE,2009,79585.52159
CHL,2009,11116.40934
CHN,2009,5128.904128
CIV,2009,1473.91837
CMR,2009,1290.899614
COD,2009,366.8302265
COG,2009,2211.315724
COL,2009,5046.971218
COM,2009,1250.90244
CPV,2009,3159.586987
CRI,2009,9883.67567
CUB,2009,6561.253051
CYM,2009,84001.42157
CYP,2009,26183.46094
CZE,2009,16272.80847
DEU,2009,36927.19203
DJI,2009,
DMA,2009,7832.5055
DNK,2009,50635.9118
DOM,2009,5327.532792
DZA,2009,4336.100541
ECU,2009,4909.336817
EGY,2009,3135.096613
ERI,2009,702.4309365
ESP,2009,25860.81426
EST,2009,14274.85069
ETH,2009,401.0687299
FIN,2009,42412.51349
FJI,2009,4164.293186
FRA,2009,35052.85108
FSM,2009,2875.738664
GAB,2009,6264.836115
GBR,2009,41712.8319
GEO,2009,2887.256079
GHA,2009,1310.81347
GIN,2009,660.7567013
GMB,2009,681.4334691
GNB,2009,608.2021319
GNQ,2009,12627.86238
GRC,2009,22878.13467
GRD,2009,7733.129906
GTM,2009,3516.192174
GUM,2009,31988.72294
GUY,2009,4649.341448
HKG,2009,35938.59978
HND,2009,2076.308599
HRV,2009,12099.79713
HTI,2009,1412.896535
HUN,2009,11162.05597
IDN,2009,2546.219697
IND,2009,1155.101633
IRL,2009,46514.54262
IRN,2009,5023.893144
IRQ,2009,3768.172843
ISL,2009,49527.39883
ISR,2009,31924.79102
ITA,2009,31832.98601
JAM,2009,5094.030874
JOR,2009,4615.230678
JPN,2009,31651.08377
KAZ,2009,8218.399126
KEN,2009,1276.735035
KGZ,2009,981.2209047
KHM,2009,1117.258342
KIR,2009,1340.275721
KNA,2009,17671.25471
KOR,2009,23952.81322
KWT,2009,35124.08521
LAO,2009,1463.337967
LBN,2009,8375.488513
LBR,2009,603.2562111
LBY,2009,12549.08543
LCA,2009,10219.8204
LIE,2009,
LKA,2009,2788.932776
LSO,2009,952.7479297
LTU,2009,10612.92032
LUX,2009,104574.3499
LVA,2009,10675.42524
MAC,2009,59490.40232
MAF,2009,
MAR,2009,2710.666504
MDA,2009,2116.943575
MDG,2009,457.7897549
MDV,2009,8329.529843
MEX,2009,9074.118815
MHL,2009,3262.269555
MKD,2009,4405.200458
MLI,2009,677.2430491
MLT,2009,19635.87647
MMR,2009,785.6348532
MNE,2009,5833.659544
MNG,2009,2498.729675
MNP,2009,15710.58073
MOZ,2009,475.7881781
MRT,2009,1469.054269
MUS,2009,7693.764344
MWI,2009,489.6314188
MYS,2009,7700.461113
NAM,2009,3989.207114
NCL,2009,
NER,2009,421.6509013
NGA,2009,2204.607256
NIC,2009,1655.728424
NLD,2009,44304.41194
NOR,2009,73141.30734
NPL,2009,692.4000008
NZL,2009,35278.04078
OMN,2009,22819.19773
PAK,2009,1269.074321
PAN,2009,10267.06332
PER,2009,4801.171537
PHL,2009,2256.725548
PLW,2009,12853.68129
PNG,2009,2003.241097
POL,2009,10446.52891
PRI,2009,28565.76792
PRK,2009,
PRT,2009,19371.13187
PRY,2009,4727.596858
PSE,2009,2840.01595
PYF,2009,20527.64607
QAT,2009,60781.87495
ROU,2009,7924.870581
RUS,2009,8381.868164
RWA,2009,557.3977708
SAU,2009,20221.31962
SDN,2009,1301.34729
SEN,2009,1142.653172
SGP,2009,43331.87466
SLB,2009,1930.456594
SLE,2009,837.9247481
SLV,2009,3337.811509
SOM,2009,317.0382034
SRB,2009,5578.01198
SSD,2009,2293.801669
STP,2009,1225.605419
SUR,2009,8276.690798
SVK,2009,13680.7537
SVN,2009,20307.61858
SWE,2009,45973.55377
SWZ,2009,2929.977205
SXM,2009,37548.94746
SYC,2009,12116.37837
SYR,2009,1484.405237
TCA,2009,
TCD,2009,640.7607362
TGO,2009,625.7118367
THA,2009,4737.456798
TJK,2009,739.2128785
TKM,2009,3645.435224
TLS,2009,1120.096984
TON,2009,3630.760615
TTO,2009,17469.0935
TUN,2009,3835.255099
TUR,2009,7862.870765
TUV,2009,2987.803979
TZA,2009,772.9295654
UGA,2009,749.3428655
UKR,2009,2188.170166
URY,2009,13691.71421
USA,2009,51863.61834
UZB,2009,2025.042986
VCT,2009,6948.773569
VEN,2009,
VGB,2009,
VIR,2009,46862.8076
VNM,2009,1927.134271
VUT,2009,2862.541541
WSM,2009,3875.942917
YEM,2009,2257.447592
ZAF,2009,5847.058111
ZMB,2009,1110.719181
ZWE,2009,882.2797477
AFG,2010,542.8710305
AGO,2010,3114.696086
ALB,2010,3577.114325
ARE,2010,42645.63596
ARG,2010,13387.15537
ARM,2010,2796.081434
ASM,2010,12446.30863
ATG,2010,16132.61187
AUS,2010,53578.8125
AUT,2010,43035.40747
AZE,2010,5215.204154
BDI,2010,289.8569506
BEL,2010,39991.56462
BEN,2010,928.2466554
BFA,2010,561.8472213
BGD,2010,943.6642286
BGR,2010,6434.55248
BHR,2010,22224.07362
BHS,2010,30675.16461
BIH,2010,3980.041283
BLR,2010,5616.105985
BLZ,2010,5919.556621
BMU,2010,118382.909
BOL,2010,2481.407006
BRA,2010,8792.634362
BRB,2010,19763.95236
BRN,2010,33121.31767
BTN,2010,2378.728108
BWA,2010,5584.629494
CAF,2010,519.1414564
CAN,2010,41164.33991
CHE,2010,81315.42286
CHL,2010,11649.28971
CHN,2010,5647.068727
CIV,2010,1540.529273
CMR,2010,1290.901375
COD,2010,380.5780383
COG,2010,2332.285081
COL,2010,5214.245476
COM,2010,1272.607232
CPV,2010,3194.616677
CRI,2010,10285.08567
CUB,2010,6716.490485
CYM,2010,79483.09728
CYP,2010,26090.04883
CZE,2010,16665.93178
DEU,2010,38517.43979
DJI,2010,
DMA,2010,7885.762187
DNK,2010,51209.44926
DOM,2010,5698.414297
DZA,2010,4456.610274
ECU,2010,5022.203744
EGY,2010,3233.845212
ERI,2010,703.8773744
ESP,2010,25766.25159
EST,2010,14657.93877
ETH,2010,438.7866165
FIN,2010,43556.53864
FJI,2010,4272.35919
FRA,2010,35578.1968
FSM,2010,2952.115802
GAB,2010,6481.496121
GBR,2010,42311.43299
GEO,2010,3090.065137
GHA,2010,1380.367528
GIN,2010,675.7369173
GMB,2010,701.0145246
GNB,2010,625.9040273
GNQ,2010,10984.32439
GRC,2010,21547.72419
GRD,2010,7670.711658
GTM,2010,3546.625712
GUM,2010,32644.14841
GUY,2010,4860.09111
HKG,2010,38090.03414
HND,2010,2108.473145
HRV,2010,11965.48548
HTI,2010,1317.583893
HUN,2010,11307.7162
IDN,2010,2670.81291
IND,2010,1235.159391
IRL,2010,47040.35439
IRN,2010,5249.061334
IRQ,2010,3881.94327
ISL,2010,48193.7014
ISR,2010,33112.70681
ITA,2010,32220.48607
JAM,2010,4998.667181
JOR,2010,4621.574285
JPN,2010,32942.20208
KAZ,2010,8704.706555
KEN,2010,1340.164674
KGZ,2010,962.7647898
KHM,2010,1155.852369
KIR,2010,1328.787575
KNA,2010,17688.06901
KOR,2010,25455.61748
KWT,2010,32568.51498
LAO,2010,1564.910683
LBN,2010,8955.543362
LBR,2010,621.7832951
LBY,2010,12913.93349
LCA,2010,10191.33263
LIE,2010,
LKA,2010,2994.795859
LSO,2010,995.2334325
LTU,2010,10884.11605
LUX,2010,106544.0572
LVA,2010,10500.86664
MAC,2010,74158.83291
MAF,2010,
MAR,2010,2767.042236
MDA,2010,2269.511161
MDG,2010,447.417143
MDV,2010,8590.162129
MEX,2010,9389.067221
MHL,2010,3441.318884
MKD,2010,4582.365175
MLI,2010,690.4341762
MLT,2010,20750.60538
MMR,2010,854.932478
MNE,2010,5982.199285
MNG,2010,2611.673266
MNP,2010,16293.30595
MOZ,2010,494.1628591
MRT,2010,1460.191797
MUS,2010,8011.455172
MWI,2010,508.0886505
MYS,2010,8118.922705
NAM,2010,4165.129902
NCL,2010,
NER,2010,441.0791661
NGA,2010,2315.466765
NIC,2010,1704.379719
NLD,2010,44659.27281
NOR,2010,72804.39562
NPL,2010,721.2652214
NZL,2010,35392.01734
OMN,2010,22766.05036
PAK,2010,1256.694822
PAN,2010,10698.07176
PER,2010,5167.392593
PHL,2010,2373.143121
PLW,2010,12955.2669
PNG,2010,2140.50939
POL,2010,10808.39757
PRI,2010,28592.07758
PRK,2010,
PRT,2010,19698.68365
PRY,2010,5191.050143
PSE,2010,2927.08102
PYF,2010,19940.10123
QAT,2010,72333.98486
ROU,2010,7660.706676
RUS,2010,8755.120117
RWA,2010,583.3713808
SAU,2010,21452.22797
SDN,2010,1311.223145
SEN,2010,1153.534311
SGP,2010,48752.05154
SLB,2010,2058.954266
SLE,2010,869.5520436
SLV,2010,3398.493461
SOM,2010,329.9705243
SRB,2010,5690.703269
SSD,2010,2295.070261
STP,2010,1216.350252
SUR,2010,8603.907867
SVK,2010,14596.14784
SVN,2010,20444.11992
SWE,2010,48204.65808
SWZ,2010,3023.359562
SXM,2010,38403.07052
SYC,2010,12313.55669
SYR,2010,1526.368944
TCA,2010,
TCD,2010,702.835159
TGO,2010,644.5637303
THA,2010,5059.357478
TJK,2010,770.6041054
TKM,2010,3900.142379
TLS,2010,1195.380862
TON,2010,3653.977809
TTO,2010,17945.41875
TUN,2010,3906.911331
TUR,2010,8396.92342
TUV,2010,2879.296457
TZA,2010,801.2993164
UGA,2010,768.6240917
UKR,2010,2285.933838
URY,2010,14722.37801
USA,2010,52821.40476
UZB,2010,2144.640006
VCT,2010,6671.273536
VEN,2010,
VGB,2010,
VIR,2010,47162.73756
VNM,2010,2027.581844
VUT,2010,2831.456113
WSM,2010,4081.15536
YEM,2010,2356.199574
ZAF,2010,5953.945065
ZMB,2010,1183.417124
ZWE,2010,1054.397915
AFG,2011,525.4269828
AGO,2011,3099.94229
ALB,2011,3678.047701
ARE,2011,43800.1593
ARG,2011,14040.61891
ARM,2011,2943.836871
ASM,2011,12521.80951
ATG,2011,15631.21349
AUS,2011,54111.35724
AUT,2011,44146.19576
AZE,2011,5152.838502
BDI,2011,290.9480321
BEL,2011,40236.95962
BEN,2011,927.7164129
BFA,2011,581.6036587
BGD,2011,995.5799472
BGR,2011,6611.303867
BHR,2011,23288.04494
BHS,2011,30510.31126
BIH,2011,4093.051522
BLR,2011,5941.702547
BLZ,2011,5777.831129
BMU,2011,113937.8357
BOL,2011,2568.520514
BRA,2011,9067.993164
BRB,2011,19555.73211
BRN,2011,33754.36397
BTN,2011,2552.488711
BWA,2011,5850.217171
CAF,2011,532.3829549
CAN,2011,42043.64196
CHE,2011,81874.33619
CHL,2011,12252.84411
CHN,2011,6152.696873
CIV,2011,1426.464639
CMR,2011,1297.306496
COD,2011,393.6161736
COG,2011,2307.493844
COL,2011,5517.101109
COM,2011,1299.111006
CPV,2011,3309.201216
CRI,2011,10612.46949
CUB,2011,6902.163976
CYM,2011,78233.01876
CYP,2011,25538.78125
CZE,2011,16926.28467
DEU,2011,40712.65774
DJI,2011,
DMA,2011,7846.028492
DNK,2011,51667.53132
DOM,2011,5802.84239
DZA,2011,4501.354301
ECU,2011,5359.457246
EGY,2011,3222.376501
ERI,2011,751.3748998
ESP,2011,25510.55796
EST,2011,15820.92152
ETH,2011,474.1590343
FIN,2011,44391.4537
FJI,2011,4375.580894
FRA,2011,36269.95616
FSM,2011,3041.777179
GAB,2011,6699.233946
GBR,2011,42459.963
GEO,2011,3362.103003
GHA,2011,1536.860371
GIN,2011,696.1999914
GMB,2011,625.4643603
GNB,2011,658.9534705
GNQ,2011,11203.90737
GRC,2011,19448.25575
GRD,2011,7695.37616
GTM,2011,3621.373991
GUM,2011,32665.37875
GUY,2011,5133.895398
HKG,2011,39656.35421
HND,2011,2144.562655
HRV,2011,11995.13253
HTI,2011,1369.169213
HUN,2011,11551.49893
IDN,2011,2799.624688
IND,2011,1281.610544
IRL,2011,47607.88529
IRN,2011,5321.758707
IRQ,2011,4030.016869
ISL,2011,48933.54566
ISR,2011,34314.65039
ITA,2011,32388.81801
JAM,2011,5063.193801
JOR,2011,4631.677038
JPN,2011,33011.13423
KAZ,2011,9223.302134
KEN,2011,1370.580009
KGZ,2011,1005.483269
KHM,2011,1221.388399
KIR,2011,1348.060277
KNA,2011,17958.6814
KOR,2011,26191.64426
KWT,2011,33545.34607
LAO,2011,1666.400862
LBN,2011,8936.200275
LBR,2011,646.908727
LBY,2011,6569.594776
LCA,2011,10576.9166
LIE,2011,
LKA,2011,3234.297739
LSO,2011,1031.997216
LTU,2011,11836.71997
LUX,2011,105290.249
LVA,2011,11018.51537
MAC,2011,88121.85402
MAF,2011,
MAR,2011,2879.539307
MDA,2011,2402.944463
MDG,2011,441.7551584
MDV,2011,9005.047614
MEX,2011,9575.934378
MHL,2011,3433.062978
MKD,2011,4711.130279
MLI,2011,689.9516218
MLT,2011,20867.83906
MMR,2011,895.5125387
MNE,2011,6168.848386
MNG,2011,3010.816427
MNP,2011,15226.13088
MOZ,2011,514.8699572
MRT,2011,1472.552456
MUS,2011,8324.783283
MWI,2011,517.8337366
MYS,2011,8400.322487
NAM,2011,4302.724514
NCL,2011,
NER,2011,434.9862649
NGA,2011,2370.976571
NIC,2011,1786.642939
NLD,2011,45239.73188
NOR,2011,72660.67541
NPL,2011,742.6172527
NZL,2011,35910.41736
OMN,2011,20993.90794
PAK,2011,1261.831619
PAN,2011,11761.49885
PER,2011,5453.457187
PHL,2011,2416.752121
PLW,2011,13857.90602
PNG,2011,2102.031921
POL,2011,11370.31343
PRI,2011,28820.97805
PRK,2011,
PRT,2011,19389.63956
PRY,2011,5342.190157
PSE,2011,3128.108111
PYF,2011,19267.80687
QAT,2011,81608.57169
ROU,2011,8044.571949
RUS,2011,9120.820313
RWA,2011,614.5396126
SAU,2011,22754.10581
SDN,2011,1388.21814
SEN,2011,1139.744479
SGP,2011,50713.53264
SLB,2011,2132.019984
SLE,2011,898.0646058
SLV,2011,3514.069144
SOM,2011,349.5774696
SRB,2011,5737.001199
SSD,2011,2073.239818
STP,2011,1214.961303
SUR,2011,9003.285977
SVK,2011,14950.87356
SVN,2011,20535.41573
SWE,2011,49355.68994
SWZ,2011,3074.202675
SXM,2011,39615.13714
SYC,2011,13843.71161
SYR,2011,1542.719572
TCA,2011,25215.86504
TCD,2011,679.0187344
TGO,2011,663.9637781
THA,2011,5070.237402
TJK,2011,809.3682292
TKM,2011,4379.749434
TLS,2011,1237.483833
TON,2011,3892.767833
TTO,2011,17753.75483
TUN,2011,3784.746204
TUR,2011,9201.337261
TUV,2011,3028.251122
TZA,2011,838.9992676
UGA,2011,816.5163666
UKR,2011,2418.12085
URY,2011,15443.99619
USA,2011,53259.25521
UZB,2011,2271.009362
VCT,2011,6667.817025
VEN,2011,
VGB,2011,
VIR,2011,43320.17677
VNM,2011,2132.904538
VUT,2011,2857.674796
WSM,2011,4201.456637
YEM,2011,1994.836608
ZAF,2011,6067.124827
ZMB,2011,1208.464246
ZWE,2011,1187.318407
AFG,2012,568.9290215
AGO,2012,3236.574945
ALB,2012,3736.34008
ARE,2012,42868.0975
ARG,2012,13754.42542
ARM,2012,3159.758608
ASM,2012,12068.26674
ATG,2012,15986.58555
AUS,2012,55257.57393
AUT,2012,44221.46
AZE,2012,5194.920917
BDI,2012,293.2326205
BEL,2012,40074.49281
BEN,2012,943.9187716
BFA,2012,600.7313437
BGD,2012,1050.391404
BGR,2012,6699.50303
BHR,2012,23894.88044
BHS,2012,31111.96053
BIH,2012,4138.702184
BLR,2012,6052.650163
BLZ,2012,5866.25149
BMU,2012,108040.5757
BOL,2012,2657.238846
BRA,2012,9167.49924
BRB,2012,19438.21791
BRN,2012,33544.53888
BTN,2012,2654.747989
BWA,2012,5743.05278
CAF,2012,553.7295783
CAN,2012,42320.64313
CHE,2012,81964.88642
CHL,2012,12882.83442
CHN,2012,6591.662494
CIV,2012,1503.43433
CMR,2012,1319.669616
COD,2012,407.6710769
COG,2012,2467.061029
COL,2012,5675.75618
COM,2012,1313.581948
CPV,2012,3341.742105
CRI,2012,11001.51929
CUB,2012,7109.248342
CYM,2012,77074.38909
CYP,2012,24285.49609
CZE,2012,16772.35392
DEU,2012,40829.03489
DJI,2012,
DMA,2012,7755.638602
DNK,2012,51470.68983
DOM,2012,5886.665615
DZA,2012,4518.43979
ECU,2012,5579.856243
EGY,2012,3220.991942
ERI,2012,
ESP,2012,24763.56827
EST,2012,16460.68388
ETH,2012,500.9193553
FIN,2012,43507.9346
FJI,2012,4427.978485
FRA,2012,36161.29183
FSM,2012,2979.680618
GAB,2012,6803.226681
GBR,2012,42802.02078
GEO,2012,3609.780799
GHA,2012,1639.518762
GIN,2012,719.5059168
GMB,2012,639.1398819
GNB,2012,630.668623
GNQ,2012,11650.71963
GRC,2012,17924.66205
GRD,2012,7559.562848
GTM,2012,3655.57305
GUM,2012,33404.93176
GUY,2012,5403.798994
HKG,2012,39887.84223
HND,2012,2188.393788
HRV,2012,11780.53301
HTI,2012,1354.885461
HUN,2012,11466.14191
IDN,2012,2930.518445
IND,2012,1333.096266
IRL,2012,47217.44338
IRN,2012,5058.646378
IRQ,2012,4387.904691
ISL,2012,49191.57442
ISR,2012,34542.88176
ITA,2012,31292.13113
JAM,2012,5010.459674
JOR,2012,4677.47614
JPN,2012,33518.44494
KAZ,2012,9531.914776
KEN,2012,1396.301787
KGZ,2012,985.8472866
KHM,2012,1295.252715
KIR,2012,1405.502727
KNA,2012,17770.49636
KOR,2012,26680.27544
KWT,2012,33578.33082
LAO,2012,1774.635852
LBN,2012,8920.805698
LBR,2012,674.3600114
LBY,2012,12599.25888
LCA,2012,10517.29629
LIE,2012,
LKA,2012,3486.86499
LSO,2012,1086.390348
LTU,2012,12522.34086
LUX,2012,104487.7442
LVA,2012,11971.01088
MAC,2012,93164.19359
MAF,2012,
MAR,2012,2927.450439
MDA,2012,2389.086661
MDG,2012,442.6415001
MDV,2012,8904.681619
MEX,2012,9782.517763
MHL,2012,3420.914448
MKD,2012,4708.051685
MLI,2012,664.4894889
MLT,2012,21529.49279
MMR,2012,953.1230819
MNE,2012,5995.774451
MNG,2012,3318.164966
MNP,2012,15457.42582
MOZ,2012,540.2945178
MRT,2012,1488.971776
MUS,2012,8591.967159
MWI,2012,512.740318
MYS,2012,8710.526714
NAM,2012,4420.967414
NCL,2012,
NER,2012,463.0662655
NGA,2012,2403.653879
NIC,2012,1876.188224
NLD,2012,44631.87447
NOR,2012,73661.67859
NPL,2012,775.3105785
NZL,2012,36531.74845
OMN,2012,19824.12155
PAK,2012,1275.488069
PAN,2012,12668.29455
PER,2012,5740.043463
PHL,2012,2533.74142
PLW,2012,14278.82921
PNG,2012,2139.480967
POL,2012,11542.23534
PRI,2012,29180.36683
PRK,2012,
PRT,2012,18679.76266
PRY,2012,5230.262449
PSE,2012,3237.9162
PYF,2012,18994.23382
QAT,2012,80621.86072
ROU,2012,8234.285534
RUS,2012,9464.010742
RWA,2012,651.8527788
SAU,2012,22997.74622
SDN,2012,1288.258545
SEN,2012,1154.05678
SGP,2012,51679.35272
SLB,2012,2105.907589
SLE,2012,1008.713261
SLV,2012,3601.442229
SOM,2012,369.6172265
SRB,2012,5739.307502
SSD,2012,1069.196191
STP,2012,1225.694526
SUR,2012,9140.928986
SVK,2012,15159.6571
SVN,2012,19894.86979
SWE,2012,48788.86712
SWZ,2012,3222.721502
SXM,2012,39298.98736
SYC,2012,14135.00106
SYR,2012,1142.290802
TCA,2012,23975.03487
TCD,2012,713.8136986
TGO,2012,687.4957957
THA,2012,5403.87846
TJK,2012,849.5190808
TKM,2012,4761.079276
TLS,2012,1269.416293
TON,2012,3932.593693
TTO,2012,18973.33631
TUN,2012,3900.051265
TUR,2012,9519.815089
TUV,2012,2922.0763
TZA,2012,851.9107056
UGA,2012,823.5804683
UKR,2012,2426.929443
URY,2012,15949.3177
USA,2012,54080.22865
UZB,2012,2395.840368
VCT,2012,6783.800622
VEN,2012,
VGB,2012,
VIR,2012,36938.16821
VNM,2012,2224.114043
VUT,2012,2823.80523
WSM,2012,4007.910928
YEM,2012,1981.457975
ZAF,2012,6121.557839
ZMB,2012,1258.789386
ZWE,2012,1352.135136
AFG,2013,580.6038333
AGO,2013,3268.638907
ALB,2013,3780.699193
ARE,2013,43269.84046
ARG,2013,13946.09508
ARM,2013,3266.29883
ASM,2013,11871.79372
ATG,2013,15745.47531
AUS,2013,55728.0174
AUT,2013,43851.36755
AZE,2013,5426.095942
BDI,2013,296.8169006
BEL,2013,40007.89977
BEN,2013,982.3992063
BFA,2013,616.7413312
BGD,2013,1103.156959
BGR,2013,6700.535997
BHR,2013,24271.62788
BHS,2013,29943.28332
BIH,2013,4305.467556
BLR,2013,6115.445805
BLZ,2013,5998.178309
BMU,2013,107860.3948
BOL,2013,2793.514568
BRA,2013,9366.739325
BRB,2013,19191.43755
BRN,2013,32381.07383
BTN,2013,2671.074602
BWA,2013,6285.118218
CAF,2013,349.8211717
CAN,2013,42851.17053
CHE,2013,82479.92154
CHL,2013,13182.73296
CHN,2013,7056.423092
CIV,2013,1632.327128
CMR,2013,1347.213064
COD,2013,427.4585204
COG,2013,2390.657549
COL,2013,5910.805923
COM,2013,1343.546907
CPV,2013,3361.093877
CRI,2013,11151.14379
CUB,2013,7307.820044
CYM,2013,76038.87955
CYP,2013,22738.49023
CZE,2013,16759.78087
DEU,2013,40875.02628
DJI,2013,2138.438431
DMA,2013,7612.336009
DNK,2013,51970.39094
DOM,2013,6098.905037
DZA,2013,4543.23444
ECU,2013,5893.321727
EGY,2013,3216.37839
ERI,2013,
ESP,2013,24490.22793
EST,2013,16809.53232
ETH,2013,539.0724518
FIN,2013,42883.63856
FJI,2013,4630.351307
FRA,2013,36256.08669
FSM,2013,2863.903474
GAB,2013,6938.257539
GBR,2013,43281.57642
GEO,2013,3806.506006
GHA,2013,1717.526464
GIN,2013,729.8331432
GMB,2013,638.5223685
GNB,2013,634.0954561
GNQ,2013,10731.64557
GRC,2013,17644.87668
GRD,2013,7688.752977
GTM,2013,3717.304526
GUM,2013,34044.31904
GUY,2013,5573.342179
HKG,2013,40959.98363
HND,2013,2205.401267
HRV,2013,11839.24582
HTI,2013,1392.382047
HUN,2013,11705.00925
IDN,2013,3055.24246
IND,2013,1399.453798
IRL,2013,47999.1238
IRN,2013,4916.972919
IRQ,2013,4504.826875
ISL,2013,50946.81626
ISR,2013,35338.62421
ITA,2013,30369.12937
JAM,2013,5016.031346
JOR,2013,4556.520237
JPN,2013,34239.88625
KAZ,2013,9959.725869
KEN,2013,1413.941425
KGZ,2013,1069.784044
KHM,2013,1376.295576
KIR,2013,1493.491141
KNA,2013,18773.89269
KOR,2013,27399.61595
KWT,2013,32311.17952
LAO,2013,1890.278613
LBN,2013,8443.538565
LBR,2013,717.0072804
LBY,2013,10126.31493
LCA,2013,10259.93368
LIE,2013,
LKA,2013,3731.155706
LSO,2013,1093.953235
LTU,2013,13161.63427
LUX,2013,105338.9561
LVA,2013,12353.53885
MAC,2013,98998.25867
MAF,2013,
MAR,2013,3008.185547
MDA,2013,2605.8503
MDG,2013,440.6746589
MDV,2013,9209.237252
MEX,2013,9738.710598
MHL,2013,3602.928119
MKD,2013,4863.680887
MLI,2013,660.1733893
MLT,2013,22565.00858
MMR,2013,1024.690605
MNE,2013,6202.506703
MNG,2013,3628.907081
MNP,2013,16015.03492
MOZ,2013,559.3939537
MRT,2013,1502.901424
MUS,2013,8859.212183
MWI,2013,525.3576455
MYS,2013,8964.807249
NAM,2013,4549.267591
NCL,2013,
NER,2013,469.6902142
NGA,2013,2495.341066
NIC,2013,1941.450847
NLD,2013,44487.03061
NOR,2013,73515.91449
NPL,2013,801.0390608
NZL,2013,37252.75706
OMN,2013,19299.94005
PAK,2013,1309.700804
PAN,2013,13236.83068
PER,2013,6021.461428
PHL,2013,2654.415069
PLW,2013,13937.07607
PNG,2013,2162.105926
POL,2013,11628.22868
PRI,2013,29426.11192
PRK,2013,
PRT,2013,18597.72141
PRY,2013,5583.122745
PSE,2013,3309.631202
PYF,2013,18955.86639
QAT,2013,76486.9693
ROU,2013,8287.958441
RUS,2013,9601.537109
RWA,2013,666.4087481
SAU,2013,22338.53388
SDN,2013,1283.459229
SEN,2013,1147.385922
SGP,2013,53298.97286
SLB,2013,2136.720368
SLE,2013,1191.694332
SLV,2013,3665.154733
SOM,2013,397.108794
SRB,2013,5793.336142
SSD,2013,1165.162027
STP,2013,1263.70424
SUR,2013,9303.460088
SVK,2013,15249.88252
SVN,2013,19704.21843
SWE,2013,48927.59731
SWZ,2013,3329.008805
SXM,2013,38889.77151
SYC,2013,14050.31356
SYR,2013,884.3298133
TCA,2013,23132.98464
TCD,2013,728.0443258
TGO,2013,709.0923042
THA,2013,5516.611642
TJK,2013,889.8823831
TKM,2013,5131.167365
TLS,2013,1281.928641
TON,2013,3962.169489
TTO,2013,19564.84916
TUN,2013,3947.592761
TUR,2013,10195.84758
TUV,2013,3030.552852
TZA,2013,882.8115234
UGA,2013,828.9886697
UKR,2013,2432.41626
URY,2013,16639.40548
USA,2013,54844.24258
UZB,2013,2530.684479
VCT,2013,6989.482545
VEN,2013,
VGB,2013,
VIR,2013,34663.64606
VNM,2013,2320.084314
VUT,2013,2774.474468
WSM,2013,3976.392893
YEM,2013,2014.72888
ZAF,2013,6170.876709
ZMB,2013,1280.770122
ZWE,2013,1375.851342
AFG,2014,575.1462458
AGO,2014,3300.73511
ALB,2014,3855.760744
ARE,2014,43023.19042
ARG,2014,13456.13192
ARM,2014,3393.092523
ASM,2014,12203.08947
ATG,2014,15966.5831
AUS,2014,56327.85331
AUT,2014,43838.83468
AZE,2014,5506.181696
BDI,2014,299.0774794
BEL,2014,40533.91348
BEN,2014,1014.433006
BFA,2014,624.5768852
BGD,2014,1159.407535
BGR,2014,6802.710365
BHR,2014,24135.49913
BHS,2014,30229.57882
BIH,2014,4411.381023
BLR,2014,6212.929803
BLZ,2014,6109.477784
BMU,2014,103941.9826
BOL,2014,2900.902414
BRA,2014,9338.342783
BRB,2014,19160.1223
BRN,2014,31148.72962
BTN,2014,2797.818839
BWA,2014,6547.123268
CAF,2014,351.5615549
CAN,2014,43643.23565
CHE,2014,83394.37114
CHL,2014,13285.95404
CHN,2014,7532.785301
CIV,2014,1742.53693
CMR,2014,1381.819385
COD,2014,452.3396505
COG,2014,2488.681185
COL,2014,6121.83982
COM,2014,1342.32966
CPV,2014,3383.842281
CRI,2014,11422.67358
CUB,2014,7392.483246
CYM,2014,76104.62157
CYP,2014,22581.82813
CZE,2014,17118.04256
DEU,2014,41588.07639
DJI,2014,2248.591143
DMA,2014,7899.649941
DNK,2014,52368.36259
DOM,2014,6451.882897
DZA,2014,4634.101492
ECU,2014,6055.041728
EGY,2014,3235.662462
ERI,2014,
ESP,2014,24937.03661
EST,2014,17413.686
ETH,2014,578.6329229
FIN,2014,42502.48813
FJI,2014,4883.243071
FRA,2014,36444.39491
FSM,2014,2790.770107
GAB,2014,6998.605454
GBR,2014,44336.53786
GEO,2014,3960.350801
GHA,2014,1725.293876
GIN,2014,738.2722745
GMB,2014,611.879473
GNB,2014,623.6101591
GNQ,2014,10363.48725
GRC,2014,17903.52526
GRD,2014,8206.628621
GTM,2014,3809.615764
GUM,2014,34755.26911
GUY,2014,5635.717041
HKG,2014,41796.86912
HND,2014,2229.247722
HRV,2014,11863.8584
HTI,2014,1411.768348
HUN,2014,12233.29937
IDN,2014,3170.72103
IND,2014,1484.316407
IRL,2014,52098.10496
IRN,2014,5093.203197
IRQ,2014,4446.973432
ISL,2014,51233.24405
ISR,2014,36013.66865
ITA,2014,30091.34815
JAM,2014,5032.442631
JOR,2014,4282.118728
JPN,2014,34386.90586
KAZ,2014,10226.71005
KEN,2014,1450.593382
KGZ,2014,1088.582234
KHM,2014,1464.531159
KIR,2014,1492.850586
KNA,2014,20187.8062
KOR,2014,28100.01028
KWT,2014,31073.15348
LAO,2014,2006.311954
LBN,2014,7830.415111
LBR,2014,707.1576949
LBY,2014,7644.248439
LCA,2014,10369.97704
LIE,2014,
LKA,2014,3932.260106
LSO,2014,1100.049937
LTU,2014,13776.1053
LUX,2014,105583.937
LVA,2014,12731.67742
MAC,2014,92322.22732
MAF,2014,
MAR,2014,3051.458984
MDA,2014,2737.801851
MDG,2014,443.3438699
MDV,2014,9602.502722
MEX,2014,9862.481254
MHL,2014,3620.772753
MKD,2014,5053.750012
MLI,2014,684.9499131
MLT,2014,23806.83194
MMR,2014,1099.243878
MNE,2014,6307.018561
MNG,2014,3830.35892
MNP,2014,16869.52704
MOZ,2014,585.2667161
MRT,2014,1520.646216
MUS,2014,9181.615754
MWI,2014,539.5626019
MYS,2014,9341.73056
NAM,2014,4701.956942
NCL,2014,
NER,2014,482.7452474
NGA,2014,2583.61557
NIC,2014,2006.662845
NLD,2014,45042.06696
NOR,2014,74180.32387
NPL,2014,846.6655418
NZL,2014,38014.64355
OMN,2014,18726.20269
PAK,2014,1343.307781
PAN,2014,13611.54908
PER,2014,6103.918647
PHL,2014,2776.920059
PLW,2014,14546.64876
PNG,2014,2391.357803
POL,2014,12093.16228
PRI,2014,29554.57854
PRK,2014,
PRT,2014,18836.89675
PRY,2014,5794.476444
PSE,2014,3227.849345
PYF,2014,18953.92273
QAT,2014,71756.06493
ROU,2014,8661.473973
RUS,2014,9493.8125
RWA,2014,690.6103527
SAU,2014,22628.60185
SDN,2014,1307.389648
SEN,2014,1180.798711
SGP,2014,54681.93365
SLB,2014,2085.155001
SLE,2014,1216.61117
SLV,2014,3713.94992
SOM,2014,417.5167945
SRB,2014,5716.540478
SSD,2014,1197.09492
STP,2014,1301.321464
SUR,2014,9224.243784
SVK,2014,15647.64911
SVN,2014,20228.7077
SWE,2014,49556.7005
SWZ,2014,3367.36337
SXM,2014,38623.19994
SYC,2014,14395.61581
SYR,2014,847.6598772
TCA,2014,24145.82831
TCD,2014,750.9849081
TGO,2014,730.2915254
THA,2014,5541.465994
TJK,2014,925.9709615
TKM,2014,5533.035288
TLS,2014,1312.964941
TON,2014,4058.815614
TTO,2014,20246.52385
TUN,2014,4021.604769
TUR,2014,10556.11704
TUV,2014,3035.243256
TZA,2014,913.8112183
UGA,2014,845.9786648
UKR,2014,2308.643555
URY,2014,17122.03646
USA,2014,55817.56325
UZB,2014,2659.990751
VCT,2014,7116.354803
VEN,2014,
VGB,2014,
VIR,2014,34098.711
VNM,2014,2439.286557
VUT,2014,2798.19314
WSM,2014,3967.237305
YEM,2014,1950.16252
ZAF,2014,6155.005895
ZMB,2014,1299.012418
ZWE,2014,1377.25456
AFG,2015,565.5697304
AGO,2015,3213.902611
ALB,2015,3952.803574
ARE,2015,43534.99727
ARG,2015,13679.6265
ARM,2015,3512.393503
ASM,2015,12727.41027
ATG,2015,16080.65805
AUS,2015,56739.02653
AUT,2015,43915.22802
AZE,2015,5500.503646
BDI,2015,280.9668313
BEL,2015,40893.80454
BEN,2015,1002.418869
BFA,2015,630.1247508
BGD,2015,1224.386477
BGR,2015,7078.860323
BHR,2015,23734.05511
BHS,2015,30289.40225
BIH,2015,4662.258837
BLR,2015,5967.06856
BLZ,2015,6154.495935
BMU,2015,104855.3668
BOL,2015,2996.012898
BRA,2015,8936.196618
BRB,2015,18954.29137
BRN,2015,30625.12873
BTN,2015,2954.04082
BWA,2015,6141.203947
CAF,2015,366.3228539
CAN,2015,43594.1941
CHE,2015,83806.4476
CHL,2015,13433.9203
CHN,2015,8016.445595
CIV,2015,1814.718551
CMR,2015,1415.000097
COD,2015,467.9145805
COG,2015,2439.351894
COL,2015,6248.514905
COM,2015,1329.370482
CPV,2015,3415.062667
CRI,2015,11714.7106
CUB,2015,7727.919972
CYM,2015,76379.20951
CYP,2015,23487.22852
CZE,2015,17931.59877
DEU,2015,41911.01099
DJI,2015,2376.125547
DMA,2015,7679.832936
DNK,2015,53094.01336
DOM,2015,6819.932252
DZA,2015,4685.059027
ECU,2015,5976.159681
EGY,2015,3306.981594
ERI,2015,
ESP,2015,25969.83831
EST,2015,17722.15577
ETH,2015,621.8456738
FIN,2015,42560.34568
FJI,2015,5097.531088
FRA,2015,36702.43237
FSM,2015,2911.16211
GAB,2015,7047.126546
GBR,2015,44964.39114
GEO,2015,4086.622347
GHA,2015,1721.699644
GIN,2015,747.3569668
GMB,2015,619.5363643
GNB,2015,645.0668372
GNQ,2015,9068.910032
GRC,2015,17980.72982
GRD,2015,8694.12438
GTM,2015,3893.505218
GUM,2015,35165.70146
GUY,2015,5640.415606
HKG,2015,42432.16197
HND,2015,2271.20266
HRV,2015,12285.30326
HTI,2015,1411.126847
HUN,2015,12717.0386
IDN,2015,3288.222697
IND,2015,1583.998159
IRL,2015,64311.82347
IRN,2015,4952.733555
IRQ,2015,4440.141893
ISL,2015,52951.68151
ISR,2015,36123.99079
ITA,2015,30387.12932
JAM,2015,5062.895565
JOR,2015,4042.756781
JPN,2015,34960.63938
KAZ,2015,10196.12263
KEN,2015,1489.119598
KGZ,2015,1105.65203
KHM,2015,1547.320104
KIR,2015,1639.852743
KNA,2015,20328.80035
KOR,2015,28737.43917
KWT,2015,29882.21269
LAO,2015,2121.013391
LBN,2015,7714.11
LBR,2015,692.5900824
LBY,2015,7458.489178
LCA,2015,10334.92256
LIE,2015,167187.1573
LKA,2015,4060.131397
LSO,2015,1121.198513
LTU,2015,14300.25537
LUX,2015,105462.0126
LVA,2015,13321.97531
MAC,2015,70070.2918
MAF,2015,
MAR,2015,3146.247803
MDA,2015,2749.551371
MDG,2015,445.3200695
MDV,2015,9644.90655
MEX,2015,10021.23861
MHL,2015,3764.344262
MKD,2015,5262.686719
MLI,2015,704.8216464
MLT,2015,25481.89776
MMR,2015,1166.733055
MNE,2015,6517.192675
MNG,2015,3838.92127
MNP,2015,17665.10075
MOZ,2015,610.5637747
MRT,2015,1554.948979
MUS,2015,9507.871337
MWI,2015,539.6053632
MYS,2015,9648.679794
NAM,2015,4774.106509
NCL,2015,30858.72371
NER,2015,485.6625742
NGA,2015,2585.733607
NIC,2015,2074.454465
NLD,2015,45793.81354
NOR,2015,74809.9658
NPL,2015,875.5436355
NZL,2015,38639.35019
OMN,2015,18808.30779
PAK,2015,1380.470208
PAN,2015,14082.65485
PER,2015,6231.711503
PHL,2015,2909.85818
PLW,2015,15690.75865
PNG,2015,2484.59634
POL,2015,12637.52203
PRI,2015,29763.4883
PRK,2015,
PRT,2015,19215.7813
PRY,2015,5879.337923
PSE,2015,3272.154324
PYF,2015,19166.95948
QAT,2015,68985.2947
ROU,2015,8977.017482
RUS,2015,9277.713867
RWA,2015,733.998585
SAU,2015,22453.57155
SDN,2015,1292.379639
SEN,2015,1218.006136
SGP,2015,55645.60686
SLB,2015,2045.478895
SLE,2015,945.1481685
SLV,2015,3790.340891
SOM,2015,445.5830786
SRB,2015,5820.321558
SSD,2015,1080.147186
STP,2015,1298.109466
SUR,2015,8813.617054
SVK,2015,16442.07609
SVN,2015,20697.27485
SWE,2015,51197.95293
SWZ,2015,3393.533678
SXM,2015,37839.62838
SYC,2015,15333.10517
SYR,2015,847.7316319
TCA,2015,25736.10163
TCD,2015,747.5884485
TGO,2015,751.0524051
THA,2015,5688.853354
TJK,2015,956.9163109
TKM,2015,5759.497904
TLS,2015,1319.592974
TON,2015,4123.90324
TTO,2015,20024.75466
TUN,2015,4014.947737
TUR,2015,11049.99511
TUV,2015,3357.834177
TZA,2015,939.1273193
UGA,2015,862.9346104
UKR,2015,2094.473877
URY,2015,17125.90168
USA,2015,57040.20821
UZB,2015,2803.19018
VCT,2015,7353.735561
VEN,2015,
VGB,2015,
VIR,2015,34007.35294
VNM,2015,2577.568853
VUT,2015,2746.591719
WSM,2015,4084.360838
YEM,2015,1362.173794
ZAF,2015,6112.273825
ZMB,2015,1295.877887
ZWE,2015,1386.422847
AFG,2016,563.8723367
AGO,2016,3020.983328
ALB,2016,4090.372728
ARE,2016,43745.28817
ARG,2016,13265.88606
ARM,2016,3533.885036
ASM,2016,12665.28299
ATG,2016,16635.73189
AUS,2016,57401.06623
AUT,2016,44362.67029
AZE,2016,5270.738166
BDI,2016,274.5133634
BEL,2016,41172.88625
BEN,2016,1006.039266
BFA,2016,648.4204802
BGD,2016,1299.830914
BGR,2016,7344.443541
BHR,2016,23715.27913
BHS,2016,29788.6304
BIH,2016,4876.534724
BLR,2016,5811.213873
BLZ,2016,6016.49647
BMU,2016,104190.8767
BOL,2016,3077.570575
BRA,2016,8577.843767
BRB,2016,19251.98342
BRN,2016,29492.41454
BTN,2016,3173.367732
BWA,2016,6490.834636
CAF,2016,376.8582541
CAN,2016,43551.3426
CHE,2016,84611.09985
CHL,2016,13505.09771
CHN,2016,8516.528742
CIV,2016,1889.277779
CMR,2016,1435.618307
COD,2016,462.4721474
COG,2016,2174.193103
COL,2016,6316.070678
COM,2016,1345.626165
CPV,2016,3560.140073
CRI,2016,12084.43513
CUB,2016,7774.069846
CYM,2016,77031.86439
CYP,2016,24916.63281
CZE,2016,18359.09781
DEU,2016,42528.06371
DJI,2016,2502.851814
DMA,2016,7983.235716
DNK,2016,54300.20395
DOM,2016,7193.701249
DZA,2016,4768.731401
ECU,2016,5849.135879
EGY,2016,3381.222463
ERI,2016,
ESP,2016,26704.34358
EST,2016,18264.98673
ETH,2016,662.3272959
FIN,2016,43529.6762
FJI,2016,5218.858265
FRA,2016,36920.53429
FSM,2016,2915.627168
GAB,2016,6991.325145
GBR,2016,45482.46686
GEO,2016,4225.091549
GHA,2016,1739.726598
GIN,2016,807.236421
GMB,2016,615.1933655
GNB,2016,662.4494677
GNQ,2016,7971.834019
GRC,2016,18049.92892
GRD,2016,8983.683973
GTM,2016,3924.778824
GUM,2016,35373.84831
GUY,2016,5818.616822
HKG,2016,43087.54661
HND,2016,2315.729831
HRV,2016,12849.3464
HTI,2016,1416.748819
HUN,2016,13035.35286
IDN,2016,3416.810052
IND,2016,1694.46535
IRL,2016,64367.4069
IRN,2016,5312.61725
IRQ,2016,4932.927291
ISL,2016,55513.6423
ISR,2016,36969.74166
ITA,2016,30815.08691
JAM,2016,5119.039719
JOR,2016,3933.147046
JPN,2016,35242.19938
KAZ,2016,10151.42331
KEN,2016,1517.977961
KGZ,2016,1128.316253
KHM,2016,1645.466716
KIR,2016,1731.436934
KNA,2016,21133.65759
KOR,2016,29467.12434
KWT,2016,29454.44212
LAO,2016,2234.760987
LBN,2016,8019.141691
LBR,2016,668.0315132
LBY,2016,7236.164099
LCA,2016,10644.119
LIE,2016,
LKA,2016,4217.250219
LSO,2016,1147.587488
LTU,2016,14870.10495
LUX,2016,108351.4522
LVA,2016,13787.33672
MAC,2016,68570.51286
MAF,2016,
MAR,2016,3124.425049
MDA,2016,2910.954869
MDG,2016,451.1565943
MDV,2016,9927.423275
MEX,2016,10100.50212
MHL,2016,3946.844411
MKD,2016,5429.946784
MLI,2016,722.8120216
MLT,2016,25920.90766
MMR,2016,1225.37914
MNE,2016,6707.85041
MNG,2016,3817.919627
MNP,2016,23158.5745
MOZ,2016,620.779715
MRT,2016,1528.051523
MUS,2016,9868.327166
MWI,2016,538.2219908
MYS,2016,9901.479602
NAM,2016,4648.627135
NCL,2016,
NER,2016,495.0174372
NGA,2016,2481.814904
NIC,2016,2140.138313
NLD,2016,46655.03635
NOR,2016,75017.49447
NPL,2016,875.1889437
NZL,2016,39197.32753
OMN,2016,18830.60572
PAK,2016,1452.186583
PAN,2016,14474.12436
PER,2016,6392.254749
PHL,2016,3076.337419
PLW,2016,15598.01945
PNG,2016,2557.09463
POL,2016,13026.1859
PRI,2016,29961.54301
PRK,2016,
PRT,2016,19662.82309
PRY,2016,6041.958794
PSE,2016,3483.099035
PYF,2016,19528.93847
QAT,2016,67294.45858
ROU,2016,9286.876782
RUS,2016,9269.319336
RWA,2016,759.6062417
SAU,2016,22035.80429
SDN,2016,1297.154541
SEN,2016,1257.409069
SGP,2016,56899.48512
SLB,2016,2084.245984
SLE,2016,981.7439789
SLV,2016,3875.846914
SOM,2016,458.9214769
SRB,2016,6024.95753
SSD,2016,
STP,2016,1342.533808
SUR,2016,8293.31553
SVK,2016,16740.7415
SVN,2016,21309.71203
SWE,2016,51746.69696
SWZ,2016,3492.83223
SXM,2016,37428.70276
SYC,2016,16962.6754
SYR,2016,802.9694983
TCA,2016,26370.38227
TCD,2016,679.1678344
TGO,2016,763.2765491
THA,2016,5857.780529
TJK,2016,997.3526146
TKM,2016,5977.838281
TLS,2016,1333.658547
TON,2016,4419.814729
TTO,2016,18459.63675
TUN,2016,4015.296641
TUR,2016,11264.61457
TUV,2016,3558.61213
TZA,2016,970.1561279
UGA,2016,874.6483706
UKR,2016,2156.083008
URY,2016,17357.23499
USA,2016,57658.67088
UZB,2016,2918.677259
VCT,2016,7702.616964
VEN,2016,
VGB,2016,
VIR,2016,34614.74826
VNM,2016,2715.578874
VUT,2016,2812.113604
WSM,2016,4373.237924
YEM,2016,1197.958644
ZAF,2016,6095.29506
ZMB,2016,1303.575139
ZWE,2016,1379.628343
AFG,2017,562.7695741
AGO,2017,2911.600842
ALB,2017,4249.820049
ARE,2017,42690.21478
ARG,2017,13520.11298
ARM,2017,3815.374743
ASM,2017,11930.77712
ATG,2017,16951.50635
AUS,2017,57750.64822
AUT,2017,45056.63869
AZE,2017,5229.70989
BDI,2017,269.4768896
BEL,2017,41619.32861
BEN,2017,1032.904712
BFA,2017,669.2763103
BGD,2017,1373.753637
BGR,2017,7601.438454
BHR,2017,23606.88675
BHS,2017,30432.00349
BIH,2017,5099.816138
BLR,2017,5964.909295
BLZ,2017,5772.92692
BMU,2017,107734.6084
BOL,2017,3160.16421
BRA,2017,8628.25309
BRB,2017,19237.28749
BRN,2017,29524.65905
BTN,2017,3211.809033
BWA,2017,6662.575494
CAF,2017,387.3579513
CAN,2017,44339.38867
CHE,2017,84967.58855
CHL,2017,13473.34585
CHN,2017,9053.228725
CIV,2017,1972.814318
CMR,2017,1444.906829
COD,2017,462.4829209
COG,2017,2003.271211
COL,2017,6309.677453
COM,2017,1369.411803
CPV,2017,3719.71306
CRI,2017,12468.56545
CUB,2017,7927.277693
CYM,2017,77717.17521
CYP,2017,26105.58594
CZE,2017,19257.69307
DEU,2017,43520.18642
DJI,2017,2596.451347
DMA,2017,7575.633653
DNK,2017,55601.01456
DOM,2017,7447.943407
DZA,2017,4742.900755
ECU,2017,6104.272535
EGY,2017,3452.909612
ERI,2017,
ESP,2017,27413.32876
EST,2017,19270.81382
ETH,2017,706.1642273
FIN,2017,44862.22049
FJI,2017,5500.678454
FRA,2017,37580.59793
FSM,2017,2928.722779
GAB,2017,6840.059593
GBR,2017,46374.58112
GEO,2017,4442.507441
GHA,2017,1840.29925
GIN,2017,867.9075026
GMB,2017,628.7772993
GNB,2017,677.4661313
GNQ,2017,7259.109365
GRC,2017,18352.08841
GRD,2017,9357.407289
GTM,2017,3972.740462
GUM,2017,35850.90255
GUY,2017,5997.182714
HKG,2017,44380.80809
HND,2017,2383.373984
HRV,2017,13485.88167
HTI,2017,1432.672286
HUN,2017,13628.40449
IDN,2017,3553.519993
IND,2017,1788.697703
IRL,2017,70069.09958
IRN,2017,5381.1871
IRQ,2017,4736.327108
ISL,2017,56501.45768
ISR,2017,37809.44152
ITA,2017,31356.22404
JAM,2017,5159.343374
JOR,2017,3940.701992
JPN,2017,35861.97285
KAZ,2017,10404.27186
KEN,2017,1542.33774
KGZ,2017,1157.182849
KHM,2017,1753.935305
KIR,2017,1769.511909
KNA,2017,21191.60471
KOR,2017,30312.88885
KWT,2017,27048.37054
LAO,2017,2351.574417
LBN,2017,8305.574054
LBR,2017,671.2608998
LBY,2017,9435.6006
LCA,2017,10960.60498
LIE,2017,
LKA,2017,4440.51155
LSO,2017,1097.821668
LTU,2017,15775.00059
LUX,2017,107142.1276
LVA,2017,14382.86134
MAC,2017,75807.99044
MAF,2017,
MAR,2017,3242.644287
MDA,2017,3085.333058
MDG,2017,456.8518596
MDV,2017,10280.39154
MEX,2017,10193.77272
MHL,2017,4190.934686
MKD,2017,5510.818629
MLI,2017,737.2756747
MLT,2017,28492.30728
MMR,2017,1290.56409
MNE,2017,7023.433812
MNG,2017,3956.204944
MNP,2017,28989.34702
MOZ,2017,618.3976944
MRT,2017,1576.068578
MUS,2017,10247.69606
MWI,2017,544.7957292
MYS,2017,10293.76292
NAM,2017,4476.733244
NCL,2017,
NER,2017,501.6153055
NGA,2017,2441.712364
NIC,2017,2209.654813
NLD,2017,47670.1057
NOR,2017,76247.41166
NPL,2017,951.8572986
NZL,2017,39691.21332
OMN,2017,18277.94556
PAK,2017,1495.261875
PAN,2017,15045.54564
PER,2017,6457.419403
PHL,2017,3247.450388
PLW,2017,15076.81669
PNG,2017,2584.888364
POL,2017,13695.64528
PRI,2017,29809.23499
PRK,2017,
PRT,2017,20364.19637
PRY,2017,6243.133631
PSE,2017,3462.979861
PYF,2017,20317.0802
QAT,2017,64497.69872
ROU,2017,10106.22696
RUS,2017,9418.914063
RWA,2017,771.0691904
SAU,2017,22219.93833
SDN,2017,1261.873535
SEN,2017,1312.109328
SGP,2017,59414.65495
SLB,2017,2075.3623
SLE,2017,994.5827426
SLV,2017,3954.840143
SOM,2017,506.501097
SRB,2017,6200.260603
SSD,2017,
STP,2017,1375.594033
SUR,2017,8338.692354
SVK,2017,17195.2888
SVN,2017,22397.76381
SWE,2017,51985.93246
SWZ,2017,3552.085846
SXM,2017,33945.41852
SYC,2017,17921.5732
SYR,2017,795.883217
TCA,2017,24681.72442
TCD,2017,637.4409462
TGO,2017,774.2769091
THA,2017,6076.743077
TJK,2017,1042.263918
TKM,2017,6222.555906
TLS,2017,1267.086601
TON,2017,4568.624687
TTO,2017,17537.95402
TUN,2017,4062.226775
TUR,2017,11953.66642
TUV,2017,3666.201897
TZA,2017,1001.887451
UGA,2017,871.09388
UKR,2017,2217.75293
URY,2017,17611.60367
USA,2017,58703.14408
UZB,2017,2995.767614
VCT,2017,7864.947369
VEN,2017,
VGB,2017,
VIR,2017,34435.49445
VNM,2017,2868.1368
VUT,2017,2920.844921
WSM,2017,4393.373163
YEM,2017,1103.456334
ZAF,2017,6125.692051
ZMB,2017,1308.768292
ZWE,2017,1415.351332
AFG,2018,553.1251517
AGO,2018,2775.746423
ALB,2018,4431.555595
ARE,2018,42679.75191
ARG,2018,13058.32854
ARM,2018,4027.83393
ASM,2018,12412.60241
ATG,2018,18038.85329
AUS,2018,58530.78217
AUT,2018,45951.5819
AZE,2018,5262.368705
BDI,2018,265.6723943
BEL,2018,42208.36259
BEN,2018,1071.504522
BFA,2018,694.4928131
BGD,2018,1462.250503
BGR,2018,7851.725989
BHR,2018,24059.78386
BHS,2018,31054.82326
BIH,2018,5360.174439
BLR,2018,6165.926232
BLZ,2018,5729.210452
BMU,2018,106843.1637
BOL,2018,3246.764342
BRA,2018,8722.336304
BRB,2018,18974.85718
BRN,2018,29200.19512
BTN,2018,3300.550065
BWA,2018,6843.805806
CAF,2018,395.0200155
CAN,2018,44907.34368
CHE,2018,86756.60213
CHL,2018,13763.00688
CHN,2018,9619.209475
CIV,2018,2013.323076
CMR,2018,1461.0197
COD,2018,473.2940774
COG,2018,1909.956038
COL,2018,6353.546429
COM,2018,1391.845704
CPV,2018,3853.6794
CRI,2018,12679.52536
CUB,2018,8120.431236
CYM,2018,79305.76967
CYP,2018,27406.47656
CZE,2018,19736.62953
DEU,2018,43874.01309
DJI,2018,2677.167015
DMA,2018,7881.436319
DNK,2018,56355.0733
DOM,2018,7882.857269
DZA,2018,4717.003589
ECU,2018,6063.095674
EGY,2018,3568.639663
ERI,2018,
ESP,2018,27947.31777
EST,2018,19914.34459
ETH,2018,734.2277266
FIN,2018,45337.24111
FJI,2018,5720.214512
FRA,2018,38062.4436
FSM,2018,2917.31795
GAB,2018,6724.596143
GBR,2018,46742.14812
GEO,2018,4713.653548
GHA,2018,1914.260019
GIN,2018,899.907328
GMB,2018,658.1278333
GNB,2018,686.4568198
GNQ,2018,6578.900398
GRC,2018,18769.03901
GRD,2018,9744.169196
GTM,2018,4040.212015
GUM,2018,35731.22037
GUY,2018,6080.906121
HKG,2018,45280.49554
HND,2018,2430.135037
HRV,2018,14060.71895
HTI,2018,1437.352519
HUN,2018,14377.42416
IDN,2018,3701.321555
IND,2018,1883.357727
IRL,2018,74427.55207
IRN,2018,5215.34607
IRQ,2018,4749.009218
ISL,2018,57697.80442
ISR,2018,38599.1089
ITA,2018,31675.5758
JAM,2018,5248.774022
JOR,2018,3928.770268
JPN,2018,36138.52908
KAZ,2018,10670.21201
KEN,2018,1596.690459
KGZ,2018,1175.071369
KHM,2018,1884.283748
KIR,2018,1803.948645
KNA,2018,21635.49721
KOR,2018,31059.26681
KWT,2018,26706.01903
LAO,2018,2459.978746
LBN,2018,8388.723512
LBR,2018,665.8754396
LBY,2018,10020.91658
LCA,2018,11233.94852
LIE,2018,
LKA,2018,4495.710463
LSO,2018,1068.444629
LTU,2018,16709.55618
LUX,2018,106376.7836
LVA,2018,15120.0696
MAC,2018,79378.33955
MAF,2018,
MAR,2018,3304.711914
MDA,2018,3267.996104
MDG,2018,459.3303678
MDV,2018,10821.7342
MEX,2018,10296.86909
MHL,2018,4542.342939
MKD,2018,5698.393345
MLI,2018,748.5069204
MLT,2018,29492.58639
MMR,2018,1361.568313
MNE,2018,7381.80764
MNG,2018,4183.855664
MNP,2018,23756.60758
MOZ,2018,621.1537342
MRT,2018,1602.902256
MUS,2018,10652.48369
MWI,2018,553.5287909
MYS,2018,10610.19502
NAM,2018,4400.475377
NCL,2018,
NER,2018,519.5469935
NGA,2018,2431.778578
NIC,2018,2107.353465
NLD,2018,48463.02996
NOR,2018,76373.62411
NPL,2018,1021.914922
NZL,2018,40350.9122
OMN,2018,18269.67694
PAK,2018,1561.681698
PAN,2018,15375.64351
PER,2018,6593.144375
PHL,2018,3410.93648
PLW,2018,15091.70664
PNG,2018,2518.458993
POL,2018,14551.08503
PRI,2018,29686.96885
PRK,2018,
PRT,2018,20997.77449
PRY,2018,6354.239201
PSE,2018,3417.794408
PYF,2018,20709.4063
QAT,2018,64410.81713
ROU,2018,10788.01509
RUS,2018,9674.787109
RWA,2018,817.5783873
SAU,2018,23523.94565
SDN,2018,1185.944458
SEN,2018,1355.096109
SGP,2018,61216.12509
SLB,2018,2061.897844
SLE,2018,1005.248218
SLV,2018,4046.162917
SOM,2018,498.9810621
SRB,2018,6524.079685
SSD,2018,
STP,2018,1413.843486
SUR,2018,8666.648707
SVK,2018,17869.01494
SVN,2018,23293.96659
SWE,2018,52363.38292
SWZ,2018,3546.538619
SXM,2018,31047.72411
SYC,2018,18628.18623
SYR,2018,792.4138117
TCA,2018,25034.11631
TCD,2018,631.014596
TGO,2018,791.5935324
THA,2018,6314.199484
TJK,2018,1094.800202
TKM,2018,6460.943568
TLS,2018,1237.200647
TON,2018,4590.842059
TTO,2018,17399.4608
TUN,2018,4128.103938
TUR,2018,12148.29313
TUV,2018,3757.859973
TZA,2018,1024.015259
UGA,2018,895.0751279
UKR,2018,2308.666992
URY,2018,17608.94413
USA,2018,60127.21028
UZB,2018,3108.161879
VCT,2018,8171.705226
VEN,2018,
VGB,2018,
VIR,2018,35174.10199
VNM,2018,3048.283276
VUT,2018,2934.415484
WSM,2018,4321.005183
YEM,2018,1079.32937
ZAF,2018,6117.270141
ZMB,2018,1321.250457
ZWE,2018,1464.315294
AFG,2019,557.8615332
AGO,2019,2664.43851
ALB,2019,4542.268663
ARE,2019,42700.12979
ARG,2019,12706.39781
ARM,2019,4343.458396
ASM,2019,12524.01603
ATG,2019,18508.97837
AUS,2019,58924.73365
AUT,2019,46550.56234
AZE,2019,5348.453189
BDI,2019,261.7501802
BEL,2019,43006.40426
BEN,2019,1114.173045
BFA,2019,717.0215951
BGD,2019,1564.208024
BGR,2019,8206.781294
BHR,2019,24873.66401
BHS,2019,30481.35367
BIH,2019,5583.29732
BLR,2019,6267.748334
BLZ,2019,5886.962235
BMU,2019,106708.9879
BOL,2019,3272.381708
BRA,2019,8771.440513
BRB,2019,19064.99759
BRN,2019,29996.24058
BTN,2019,3467.385989
BWA,2019,6951.719898
CAF,2019,401.8258216
CAN,2019,45100.29149
CHE,2019,87123.66044
CHL,2019,13630.59354
CHN,2019,10155.51088
CIV,2019,2093.099943
CMR,2019,1470.317853
COD,2019,478.6324263
COG,2019,1885.510809
COL,2019,6439.963598
COM,2019,1389.36488
CPV,2019,4115.902835
CRI,2019,12877.6501
CUB,2019,8124.752821
CYM,2019,80714.57182
CYP,2019,28625.7793
CZE,2019,20360.05992
DEU,2019,44207.63205
DJI,2019,2781.946872
DMA,2019,8351.125229
DNK,2019,57114.62273
DOM,2019,8195.983206
DZA,2019,4672.664087
ECU,2019,5971.389384
EGY,2019,3701.244635
ERI,2019,
ESP,2019,28291.63068
EST,2019,20579.87548
ETH,2019,774.5121694
FIN,2019,45898.57099
FJI,2019,5701.104412
FRA,2019,38705.2073
FSM,2019,3026.122351
GAB,2019,6817.568795
GBR,2019,47234.24661
GEO,2019,4975.811482
GHA,2019,1998.30812
GIN,2019,926.4222195
GMB,2019,682.7976429
GNB,2019,707.7936738
GNQ,2019,6018.120663
GRC,2019,19216.676
GRD,2019,9785.560402
GTM,2019,4139.121917
GUM,2019,36830.12644
GUY,2019,6278.630541
HKG,2019,44195.28933
HND,2019,2447.616493
HRV,2019,14641.22988
HTI,2019,1394.421141
HUN,2019,15083.59917
IDN,2019,3850.903218
IND,2019,1936.030677
IRL,2019,77117.18979
IRN,2019,5000.98599
IRQ,2019,4898.148977
ISL,2019,57493.41953
ISR,2019,39302.65182
ITA,2019,32180.4341
JAM,2019,5289.654924
JOR,2019,3919.064269
JPN,2019,36043.7844
KAZ,2019,10989.68407
KEN,2019,1645.709618
KGZ,2019,1201.877014
KHM,2019,2008.32094
KIR,2019,1835.219626
KNA,2019,22274.59141
KOR,2019,31645.94983
KWT,2019,26580.2263
LAO,2019,2554.95638
LBN,2019,8064.048734
LBR,2019,636.6993848
LBY,2019,8768.410487
LCA,2019,11114.77805
LIE,2019,
LKA,2019,4458.434427
LSO,2019,1040.99351
LTU,2019,17537.48196
LUX,2019,107350.6267
LVA,2019,15328.38615
MAC,2019,75835.76365
MAF,2019,
MAR,2019,3364.739502
MDA,2019,3438.677327
MDG,2019,467.2774135
MDV,2019,11263.19281
MEX,2019,10159.44484
MHL,2019,5162.815007
MKD,2019,5961.584754
MLI,2019,760.7951874
MLT,2019,29513.86705
MMR,2019,1440.989882
MNE,2019,7684.183972
MNG,2019,4337.816709
MNP,2019,21451.44016
MOZ,2019,617.13932
MRT,2019,1605.135236
MUS,2019,10956.94502
MWI,2019,569.8662494
MYS,2019,10902.98349
NAM,2019,4243.092745
NCL,2019,
NER,2019,532.1860246
NGA,2019,2431.535285
NIC,2019,2019.925163
NLD,2019,49254.01588
NOR,2019,76712.28713
NPL,2019,1077.117965
NZL,2019,40651.97447
OMN,2019,18089.58667
PAK,2019,1573.833083
PAN,2019,15602.54209
PER,2019,6626.260835
PHL,2019,3575.881709
PLW,2019,15135.48429
PNG,2019,2572.56178
POL,2019,15221.30906
PRI,2019,30181.14985
PRK,2019,
PRT,2019,21569.18745
PRY,2019,6243.536209
PSE,2019,3378.434621
PYF,2019,21328.07614
QAT,2019,63430.46076
ROU,2019,11270.4758
RUS,2019,9882.024414
RWA,2019,874.6396055
SAU,2019,23886.97674
SDN,2019,1126.552979
SEN,2019,1379.608752
SGP,2019,61333.65632
SLB,2019,2043.075789
SLE,2019,1036.227067
SLV,2019,4143.114371
SOM,2019,494.5593758
SRB,2019,6870.757464
SSD,2019,
STP,2019,1420.660083
SUR,2019,8677.30522
SVK,2019,18250.98029
SVN,2019,23943.17964
SWE,2019,53156.86131
SWZ,2019,3687.990514
SXM,2019,33877.97665
SYC,2019,19481.64611
SYR,2019,771.5186953
TCA,2019,25382.18333
TCD,2019,630.86105
TGO,2019,810.5141328
THA,2019,6434.537705
TJK,2019,1148.346767
TKM,2019,6718.166081
TLS,2019,1507.247483
TON,2019,4576.850819
TTO,2019,17400.97102
TUN,2019,4154.958616
TUR,2019,12073.86907
TUV,2019,4345.996065
TZA,2019,1051.766602
UGA,2019,920.9391015
UKR,2019,2398.078369
URY,2019,17758.43843
USA,2019,61400.54815
UZB,2019,3259.369646
VCT,2019,8285.715771
VEN,2019,
VGB,2019,
VIR,2019,36309.74384
VNM,2019,3241.07649
VUT,2019,2959.738977
WSM,2019,4466.080755
YEM,2019,1069.78649
ZAF,2019,6032.829726
ZMB,2019,1301.18133
ZWE,2019,1350.309851
AFG,2020,527.8345545
AGO,2020,2433.376373
ALB,2020,4417.041051
ARE,2020,40776.63087
ARG,2020,11393.0506
ARM,2020,4032.090435
ASM,2020,13194.27474
ATG,2020,14935.61502
AUS,2020,58132.79852
AUT,2020,43428.69831
AZE,2020,5083.560254
BDI,2020,255.0782184
BEL,2020,40769.02184
BEN,2020,1126.654041
BFA,2020,713.8421779
BGD,2020,1604.665923
BGR,2020,7990.69255
BHR,2020,23586.93096
BHS,2020,23879.31368
BIH,2020,5490.753671
BLR,2020,6252.002201
BLZ,2020,5003.877848
BMU,2020,98982.42575
BOL,2020,2949.819546
BRA,2020,8435.011433
BRB,2020,16166.65595
BRN,2020,30015.95873
BTN,2020,3092.124284
BWA,2020,6254.246176
CAF,2020,398.8342741
CAN,2020,42366.12852
CHE,2020,84637.01323
CHL,2020,12679.024
CHN,2020,10358.17
CIV,2020,2055.08484
CMR,2020,1434.519137
COD,2020,471.5044233
COG,2020,1725.5104
COL,2020,5891.955232
COM,2020,1359.707089
CPV,2020,3255.93629
CRI,2020,12242.20989
CUB,2020,7252.316722
CYM,2020,75199.64504
CYP,2020,27391.58984
CZE,2020,19233.14696
DEU,2020,42362.64721
DJI,2020,2776.540909
DMA,2020,6996.136586
DNK,2020,55934.55561
DOM,2020,7565.842764
DZA,2020,4363.685338
ECU,2020,5355.689331
EGY,2020,3770.869479
ERI,2020,
ESP,2020,25073.72098
EST,2020,19946.94499
ETH,2020,799.475595
FIN,2020,44690.98018
FJI,2020,4729.381351
FRA,2020,35709.20459
FSM,2020,2949.828355
GAB,2020,6534.279665
GBR,2020,42215.88375
GEO,2020,4659.609253
GHA,2020,1968.966801
GIN,2020,945.5709034
GMB,2020,670.7586429
GNB,2020,702.1205999
GNQ,2020,5575.262415
GRC,2020,17486.95138
GRD,2020,8413.283355
GTM,2020,4005.83899
GUM,2020,32884.88526
GUY,2020,9010.610005
HKG,2020,41451.32601
HND,2020,2189.431687
HRV,2020,13544.97151
HTI,2020,1331.697785
HUN,2020,14437.80885
IDN,2020,3739.449066
IND,2020,1806.501106
IRL,2020,81791.09346
IRN,2020,5127.959757
IRQ,2020,4213.998438
ISL,2020,52641.72348
ISR,2020,38049.99033
ITA,2020,29469.79893
JAM,2020,4752.333423
JOR,2020,3806.879494
JPN,2020,34650.79678
KAZ,2020,10565.03598
KEN,2020,1609.334141
KGZ,2020,1093.328646
KHM,2020,1908.634275
KIR,2020,1793.385362
KNA,2020,18887.43626
KOR,2020,31378.15793
KWT,2020,25541.5075
LAO,2020,2529.746227
LBN,2020,6440.828431
LBR,2020,605.0254754
LBY,2020,6102.79864
LCA,2020,8379.309757
LIE,2020,
LKA,2020,4229.749629
LSO,2020,944.8341187
LTU,2020,17540.29486
LUX,2020,104616.0347
LVA,2020,14900.72947
MAC,2020,33952.49691
MAF,2020,
MAR,2020,3090.894287
MDA,2020,3188.916916
MDG,2020,422.9242554
MDV,2020,7340.091297
MEX,2020,9234.643625
MHL,2020,5172.575282
MKD,2020,5743.726494
MLI,2020,729.0611376
MLT,2020,27865.32932
MMR,2020,1301.313864
MNE,2020,6515.536806
MNG,2020,4066.034109
MNP,2020,15410.11869
MOZ,2020,591.80406
MRT,2020,1553.306156
MUS,2020,9362.874359
MWI,2020,559.4470861
MYS,2020,10171.46578
NAM,2020,3787.49944
NCL,2020,
NER,2020,533.1943289
NGA,2020,2337.575874
NIC,2020,1959.78831
NLD,2020,47086.58038
NOR,2020,75287.20595
NPL,2020,1031.536188
NZL,2020,39596.52662
OMN,2020,17743.88588
PAK,2020,1526.005975
PAN,2020,12647.08266
PER,2020,5831.830248
PHL,2020,3198.6669
PLW,2020,14232.24005
PNG,2020,2438.611379
POL,2020,14937.59603
PRI,2020,28145.00535
PRK,2020,
PRT,2020,19778.71383
PRY,2020,6109.196081
PSE,2020,2922.468011
PYF,2020,19811.81023
QAT,2020,57769.6041
ROU,2020,10916.31261
RUS,2020,9632.325195
RWA,2020,826.3912572
SAU,2020,21944.78582
SDN,2020,1056.864746
SEN,2020,1361.791437
SGP,2020,59144.35392
SLB,2020,1930.642586
SLE,2020,999.8888851
SLV,2020,3808.531954
SOM,2020,463.0325221
SRB,2020,6850.966778
SSD,2020,
STP,2020,1430.841193
SUR,2020,7213.107667
SVK,2020,17763.8564
SVN,2020,22811.80529
SWE,2020,51715.78104
SWZ,2020,3542.915028
SXM,2020,28920.3773
SYC,2020,17048.36173
SYR,2020,740.811397
TCA,2020,18073.28522
TCD,2020,601.325556
TGO,2020,806.9564904
THA,2020,6035.186277
TJK,2020,1171.901275
TKM,2020,6965.112269
TLS,2020,1947.839971
TON,2020,4656.931662
TTO,2020,15789.6138
TUN,2020,3749.267224
TUR,2020,12179.66265
TUV,2020,4233.018321
TZA,2020,1041.259644
UGA,2020,917.0350318
UKR,2020,2324.107422
URY,2020,16439.31404
USA,2020,59493.14598
UZB,2020,3249.051911
VCT,2020,8025.284998
VEN,2020,
VGB,2020,
VIR,2020,35850.74331
VNM,2020,3303.169498
VUT,2020,2747.30576
WSM,2020,4283.072803
YEM,2020,951.1303411
ZAF,2020,5569.584833
ZMB,2020,1228.735001
ZWE,2020,1224.272314
AFG,2021,408.6258552
AGO,2021,2385.448818
ALB,2021,4858.052015
ARE,2021,41778.58387
ARG,2021,12549.28117
ARM,2021,4264.799615
ASM,2021,13233.57848
ATG,2021,16071.08432
AUS,2021,59276.50311
AUT,2021,45313.399
AZE,2021,5345.439864
BDI,2021,255.9179507
BEL,2021,43119.89433
BEN,2021,1176.377276
BFA,2021,745.4725634
BGD,2021,1702.080284
BGR,2021,8682.882238
BHR,2021,24086.78478
BHS,2021,27522.02264
BIH,2021,5995.448176
BLR,2021,6457.744184
BLZ,2021,5824.303943
BMU,2021,103917.0347
BOL,2021,3098.350621
BRA,2021,8799.229459
BRB,2021,16099.77497
BRN,2021,29256.18329
BTN,2021,3206.203671
BWA,2021,6896.178669
CAF,2021,396.0206229
CAN,2021,44359.61673
CHE,2021,88520.322
CHL,2021,14053.87438
CHN,2021,11223.25535
CIV,2021,2146.476353
CMR,2021,1443.576002
COD,2021,484.78465
COG,2021,1701.790605
COL,2021,6457.169218
COM,2021,1359.762861
CPV,2021,3471.655342
CRI,2021,13146.69279
CUB,2021,7379.014004
CYM,2021,77285.79668
CYP,2021,30227.91797
CZE,2021,20373.8783
DEU,2021,43898.77132
DJI,2021,2860.537939
DMA,2021,7519.493551
DNK,2021,59803.92021
DOM,2021,8406.369342
DZA,2021,4456.746876
ECU,2021,5836.167609
EGY,2021,3837.319923
ERI,2021,
ESP,2021,26721.14818
EST,2021,21351.39487
ETH,2021,822.305881
FIN,2021,45818.07629
FJI,2021,4489.960653
FRA,2021,38030.85717
FSM,2021,3013.18973
GAB,2021,6479.049007
GBR,2021,45873.8696
GEO,2021,5175.198652
GHA,2021,2028.784066
GIN,2021,973.6468901
GMB,2021,689.4932396
GNB,2021,729.0232219
GNQ,2021,5487.924792
GRC,2021,19232.96838
GRD,2021,8781.462485
GTM,2021,4268.29515
GUM,2021,33239.48463
GUY,2021,10712.00006
HKG,2021,44530.94119
HND,2021,2423.766349
HRV,2021,15394.47073
HTI,2021,1292.71955
HUN,2021,15521.38159
IDN,2021,3850.688773
IND,2021,1965.309434
IRL,2021,94184.03782
IRN,2021,5325.546805
IRQ,2021,4182.50064
ISL,2021,54506.72805
ISR,2021,40911.43553
ITA,2021,32267.7091
JAM,2021,4958.845815
JOR,2021,3874.327078
JPN,2021,35701.45427
KAZ,2021,10873.39153
KEN,2021,1698.895783
KGZ,2021,1132.554678
KHM,2021,1938.764367
KIR,2021,1911.694434
KNA,2021,19021.45948
KOR,2021,32771.07242
KWT,2021,26354.94567
LAO,2021,2556.589126
LBN,2021,5973.419339
LBR,2021,621.9279831
LBY,2021,7733.390076
LCA,2021,9337.01779
LIE,2021,
LKA,2021,4360.566563
LSO,2021,955.2212363
LTU,2021,18619.70268
LUX,2021,110425.8884
LVA,2021,16070.87287
MAC,2021,42121.7745
MAF,2021,
MAR,2021,3309.130859
MDA,2021,3688.167294
MDG,2021,436.0900647
MDV,2021,9818.734348
MEX,2021,9728.0568
MHL,2021,5405.274736
MKD,2021,6064.923151
MLI,2021,728.6718526
MLT,2021,31420.73395
MMR,2021,1136.995661
MNE,2021,7390.308117
MNG,2021,4063.536698
MNP,2021,16365.01674
MOZ,2021,588.2158547
MRT,2021,1520.311179
MUS,2021,9679.121239
MWI,2021,569.9689673
MYS,2021,10388.26671
NAM,2021,3809.807534
NCL,2021,
NER,2021,523.2631795
NGA,2021,2372.573145
NIC,2021,2136.103854
NLD,2021,49780.84404
NOR,2021,77812.71157
NPL,2021,1062.788843
NZL,2021,41225.79278
OMN,2021,18291.3388
PAK,2021,1595.027922
PAN,2021,14552.94016
PER,2021,6547.420069
PHL,2021,3350.975876
PLW,2021,12275.27019
PNG,2021,2378.371681
POL,2021,16368.62397
PRI,2021,28416.7799
PRK,2021,
PRT,2021,20747.6991
PRY,2021,6278.110067
PSE,2021,3051.48607
PYF,2021,20184.6794
QAT,2021,65488.51179
ROU,2021,11607.97712
RUS,2021,10206.94531
RWA,2021,896.2672254
SAU,2021,23633.86012
SDN,2021,1009.548889
SEN,2021,1414.539511
SGP,2021,67638.64599
SLB,2021,1933.170559
SLE,2021,1035.037775
SLV,2021,4247.547504
SOM,2021,461.842092
SRB,2021,7465.675309
SSD,2021,
STP,2021,1428.286761
SUR,2021,6973.899419
SVK,2021,18821.11631
SVN,2021,24659.2499
SWE,2021,54458.35356
SWZ,2021,3621.258058
SXM,2021,29834.63501
SYC,2021,17005.04221
SYR,2021,734.3342363
TCA,2021,19331.2436
TCD,2021,574.1744867
TGO,2021,835.1990513
THA,2021,6122.492385
TJK,2021,1254.069996
TKM,2021,7248.707632
TLS,2021,2015.692702
TON,2021,4683.299227
TTO,2021,15616.2903
TUN,2021,3902.542583
TUR,2021,13449.92913
TUV,2021,4396.048945
TZA,2021,1054.317261
UGA,2021,919.4016752
UKR,2021,2426.612305
URY,2021,17365.26378
USA,2021,62996.28938
UZB,2021,3442.724845
VCT,2021,8139.636859
VEN,2021,
VGB,2021,
VIR,2021,37313.04849
VNM,2021,3358.217348
VUT,2021,2642.673052
WSM,2021,3945.719489
YEM,2021,916.1298925
ZAF,2021,5756.195494
ZMB,2021,1269.108218
ZWE,2021,1305.220113
AFG,2022,377.6656271
AGO,2022,2382.02264
ALB,2022,5154.827498
ARE,2022,42687.72072
ARG,2022,13182.7934
ARM,2022,4791.004817
ASM,2022,13709.09749
ATG,2022,17507.38922
AUS,2022,61009.80771
AUT,2022,47250.96959
AZE,2022,5595.255787
BDI,2022,253.6916416
BEL,2022,44583.57677
BEN,2022,1218.500105
BFA,2022,739.3630212
BGD,2022,1804.349346
BGR,2022,9352.326528
BHR,2022,25187.14257
BHS,2022,30400.10028
BIH,2022,6327.062939
BLR,2022,6206.632213
BLZ,2022,6269.379974
BMU,2022,110427.5568
BOL,2022,3172.910463
BRA,2022,9032.084816
BRB,2022,18959.33516
BRN,2022,28549.17553
BTN,2022,3349.733096
BWA,2022,7159.863837
CAF,2022,399.1068386
CAN,2022,45227.14474
CHE,2022,90043.41004
CHL,2022,14272.27099
CHN,2022,11555.93024
CIV,2022,2223.288253
CMR,2022,1458.661804
COD,2022,511.2992663
COG,2022,1686.002344
COL,2022,6854.209236
COM,2022,1368.374632
CPV,2022,3997.767633
CRI,2022,13686.16141
CUB,2022,7552.317067
CYM,2022,79587.38879
CYP,2022,32015.35156
CZE,2022,20627.34865
DEU,2022,44180.42984
DJI,2022,2925.840718
DMA,2022,7984.01911
DNK,2022,60248.67123
DOM,2022,8730.59335
DZA,2022,4544.466881
ECU,2022,6148.022655
EGY,2022,4029.782955
ERI,2022,
ESP,2022,28168.36704
EST,2022,21080.65197
ETH,2022,843.6433304
FIN,2022,46356.22564
FJI,2022,5362.786863
FRA,2022,38881.22307
FSM,2022,2976.673966
GAB,2022,6527.482079
GBR,2022,47551.22966
GEO,2022,5736.304496
GHA,2022,2066.173067
GIN,2022,987.5025015
GMB,2022,710.6869792
GNB,2022,745.6908951
GNQ,2022,5524.243124
GRC,2022,20595.49535
GRD,2022,9406.193376
GTM,2022,4385.464518
GUM,2022,34627.98628
GUY,2022,17365.33304
HKG,2022,43281.79551
HND,2022,2482.223849
HRV,2022,16616.39154
HTI,2022,1256.721436
HUN,2022,16343.05869
IDN,2022,4024.920743
IND,2022,2086.076886
IRL,2022,99677.4731
IRN,2022,5460.694571
IRQ,2022,4399.948027
ISL,2022,57933.47483
ISR,2022,42710.40176
ITA,2022,33840.34322
JAM,2022,5215.086073
JOR,2022,3909.802264
JPN,2022,36202.63927
KAZ,2022,11058.34824
KEN,2022,1747.531988
KGZ,2022,1212.178214
KHM,2022,2010.766737
KIR,2022,1954.502751
KNA,2022,21047.36363
KOR,2022,33690.37888
KWT,2022,26508.46047
LAO,2022,2589.050152
LBN,2022,5909.036516
LBR,2022,638.0051839
LBY,2022,7008.206484
LCA,2022,11224.24975
LIE,2022,
LKA,2022,4035.651163
LSO,2022,967.519286
LTU,2022,18884.51486
LUX,2022,109714.9243
LVA,2022,16406.64906
MAC,2022,34121.95082
MAF,2022,
MAR,2022,3325.560547
MDA,2022,3596.224205
MDG,2022,442.4151621
MDV,2022,11006.70918
MEX,2022,10011.25454
MHL,2022,5516.880006
MKD,2022,6250.62721
MLI,2022,731.6400242
MLT,2022,31925.18535
MMR,2022,1174.766979
MNE,2022,7889.237633
MNG,2022,4205.885545
MNP,2022,19461.86111
MOZ,2022,596.0588895
MRT,2022,1576.756241
MUS,2022,10570.42753
MWI,2022,560.6357597
MYS,2022,11174.21008
NAM,2022,3903.733408
NCL,2022,
NER,2022,566.797963
NGA,2022,2398.986228
NIC,2022,2187.967289
NLD,2022,51777.54317
NOR,2022,79434.62565
NPL,2022,1113.554623
NZL,2022,42320.89244
OMN,2022,19069.39268
PAK,2022,1642.28067
PAN,2022,15917.42754
PER,2022,6661.664969
PHL,2022,3577.701366
PLW,2022,12129.79743
PNG,2022,2467.234889
POL,2022,17303.64494
PRI,2022,29819.88844
PRK,2022,
PRT,2022,22042.86817
PRY,2022,6218.197907
PSE,2022,3099.960901
PYF,2022,21042.07145
QAT,2022,64315.62637
ROU,2022,12114.87151
RUS,2022,10030.03906
RWA,2022,948.3791944
SAU,2022,24304.98588
SDN,2022,973.2252808
SEN,2022,1432.86013
SGP,2022,67948.89283
SLB,2022,1932.789668
SLE,2022,1066.039123
SLV,2022,4349.400197
SOM,2022,460.2996431
SRB,2022,7857.403271
SSD,2022,
STP,2022,1403.233567
SUR,2022,7081.333573
SVK,2022,18959.68184
SVN,2022,25276.93558
SWE,2022,54878.29195
SWZ,2022,3582.221003
SXM,2022,32316.87215
SYC,2022,16188.78133
SYR,2022,712.2722782
TCA,2022,20259.31607
TCD,2022,570.2209026
TGO,2022,862.7637127
THA,2022,6272.57591
TJK,2022,1325.755453
TKM,2022,7551.036501
TLS,2022,1578.383229
TON,2022,4594.634284
TTO,2022,15868.10087
TUN,2022,3983.491305
TUR,2022,14055.10315
TUV,2022,4515.297015
TZA,2022,1070.585327
UGA,2022,933.0940564
UKR,2022,1874.662964
URY,2022,18213.69561
USA,2022,64342.11794
UZB,2022,3576.715527
VCT,2022,8790.374186
VEN,2022,
VGB,2022,
VIR,2022,36983.43106
VNM,2022,3603.864548
VUT,2022,2631.551863
WSM,2022,3710.624627
YEM,2022,903.533634
ZAF,2022,5783.860904
ZMB,2022,1298.84805
ZWE,2022,1361.91453
AFG,2023,379.7074973
AGO,2023,2332.886913
ALB,2023,5419.637791
ARE,2023,42507.78734
ARG,2023,12933.24973
ARM,2023,5151.012731
ASM,2023,
ATG,2023,18090.77352
AUS,2023,61583.91889
AUT,2023,46338.95712
AZE,2023,5651.345639
BDI,2023,253.5307234
BEL,2023,44731.0421
BEN,2023,1263.625651
BFA,2023,744.1657606
BGD,2023,1885.377336
BGR,2023,9819.573529
BHR,2023,25076.6545
BHS,2023,31053.80064
BIH,2023,6507.019876
BLR,2023,6482.802951
BLZ,2023,6212.260518
BMU,2023,110409.8105
BOL,2023,3226.087557
BRA,2023,9258.053291
BRB,2023,19734.23803
BRN,2023,28725.11566
BTN,2023,
BWA,2023,7235.929107
CAF,2023,398.33098
CAN,2023,44468.7475
CHE,2023,89555.55998
CHL,2023,14226.51807
CHN,2023,12175.19611
CIV,2023,2302.746981
CMR,2023,1466.768858
COD,2023,537.269317
COG,2023,1677.085492
COL,2023,6819.179831
COM,2023,1382.519694
CPV,2023,4195.754339
CRI,2023,14318.83897
CUB,2023,7433.443362
CYM,2023,81411.64578
CYP,2023,32341.30273
CZE,2023,20245.6558
DEU,2023,44336.77752
DJI,2023,3078.285987
DMA,2023,8399.966014
DNK,2023,61295.98186
DOM,2023,8857.402787
DZA,2023,4660.405457
ECU,2023,6238.158684
EGY,2023,4111.249244
ERI,2023,
ESP,2023,28569.84365
EST,2023,20123.42219
ETH,2023,875.3736755
FIN,2023,45588.51306
FJI,2023,5736.828897
FRA,2023,39117.4845
FSM,2023,2986.276217
GAB,2023,6541.697108
GBR,2023,47322.66822
GEO,2023,6180.620599
GHA,2023,2086.806081
GIN,2023,1028.4737
GMB,2023,727.8387233
GNB,2023,767.0441831
GNQ,2023,5118.219861
GRC,2023,21139.19168
GRD,2023,9727.652026
GTM,2023,4470.754163
GUM,2023,
GUY,2023,23102.66629
HKG,2023,43572.96105
HND,2023,2527.438512
HRV,2023,17147.16602
HTI,2023,1219.118716
HUN,2023,16282.83035
IDN,2023,4192.623902
IND,2023,2236.312793
IRL,2023,91647.76885
IRN,2023,5667.526478
IRQ,2023,4175.703157
ISL,2023,59096.44447
ISR,2023,42852.58103
ITA,2023,34088.08813
JAM,2023,5328.616241
JOR,2023,3950.312273
JPN,2023,36990.33011
KAZ,2023,11453.39527
KEN,2023,1808.404791
KGZ,2023,1264.174395
KHM,2023,2083.593018
KIR,2023,2003.469468
KNA,2023,21505.72442
KOR,2023,34121.02118
KWT,2023,24155.18723
LAO,2023,2648.887266
LBN,2023,
LBR,2023,653.3291883
LBY,2023,7633.451428
LCA,2023,11440.06324
LIE,2023,
LKA,2023,3968.676289
LSO,2023,974.3824828
LTU,2023,18685.55195
LUX,2023,106342.7575
LVA,2023,16703.90185
MAC,2023,59602.35704
MAF,2023,
MAR,2023,3403.319824
MDA,2023,3728.901914
MDG,2023,448.0587462
MDV,2023,11485.5547
MEX,2023,10241.89451
MHL,2023,5470.420069
MKD,2023,6393.786476
MLI,2023,743.2738714
MLT,2023,33000.59307
MMR,2023,1177.766496
MNE,2023,8403.338765
MNG,2023,4456.536276
MNP,2023,
MOZ,2023,610.1749728
MRT,2023,1630.271718
MUS,2023,11319.23522
MWI,2023,556.7440348
MYS,2023,11429.58941
NAM,2023,3965.359206
NCL,2023,
NER,2023,562.1375714
NGA,2023,2416.361982
NIC,2023,2256.771477
NLD,2023,51305.62823
NOR,2023,78912.33276
NPL,2023,1136.09335
NZL,2023,41766.87078
OMN,2023,18098.57769
PAK,2023,1616.399069
PAN,2023,16872.88347
PER,2023,6552.554036
PHL,2023,3745.652329
PLW,2023,12379.78938
PNG,2023,2496.50841
POL,2023,17391.14415
PRI,2023,30122.84123
PRK,2023,
PRT,2023,22292.42184
PRY,2023,6431.718728
PSE,2023,2862.881175
PYF,2023,
QAT,2023,65111.03332
ROU,2023,12399.00083
RUS,2023,10420.57129
RWA,2023,1004.215711
SAU,2023,23331.76947
SDN,2023,767.2487793
SEN,2023,1463.191019
SGP,2023,65422.46032
SLB,2023,1945.149865
SLE,2023,1102.441336
SLV,2023,4481.196641
SOM,2023,465.1606937
SRB,2023,8210.554014
SSD,2023,
STP,2023,1380.601694
SUR,2023,7195.10209
SVK,2023,19238.76224
SVN,2023,25708.86914
SWE,2023,54449.7982
SWZ,2023,3726.43643
SXM,2023,33066.24953
SYC,2023,16715.26509
SYR,2023,
TCA,2023,20346.65527
TCD,2023,567.1819122
TGO,2023,896.8746869
THA,2023,6393.88745
TJK,2023,1407.107544
TKM,2023,7880.445286
TLS,2023,1278.418613
TON,2023,
TTO,2023,16061.90048
TUN,2023,3958.562229
TUR,2023,14713.56707
TUV,2023,4773.340855
TZA,2023,1092.864136
UGA,2023,955.7457973
UKR,2023,2159.946533
URY,2023,18295.90668
USA,2023,65875.17788
UZB,2023,3725.674146
VCT,2023,9385.710828
VEN,2023,
VGB,2023,
VIR,2023,
VNM,2023,3760.397714
VUT,2023,2627.975268
WSM,2023,4003.075902
YEM,2023,859.2093031
ZAF,2023,5747.41965
ZMB,2023,1330.859982
ZWE,2023,1410.737311
