Country Code,Year,life_expectancy
AFG,1960,32.535
AGO,1960,38.211
ALB,1960,54.439
ARE,1960,48.811
ARG,1960,63.978
ARM,1960,61.431
ASM,1960,
ATG,1960,61.55
AUS,1960,70.8170731707317
AUT,1960,68.5856097560976
AZE,1960,55.837
BDI,1960,43.024
BEL,1960,69.7019512195122
BEN,1960,38.181
BFA,1960,35.872
BGD,1960,44.74
BGR,1960,69.2475609756098
BHR,1960,50.33
BHS,1960,62.896
BIH,1960,61.037
BLR,1960,69.2546097560976
BLZ,1960,58.163
BMU,1960,67.162
BOL,1960,43.1
BRA,1960,52.66
BRB,1960,64.564
BRN,1960,56.793
BTN,1960,33.465
BWA,1960,50.372
CAF,1960,39.236
CAN,1960,71.1331707317073
CHE,1960,71.3134146341463
CHL,1960,57.015
CHN,1960,33.275
CIV,1960,38.108
CMR,1960,34.819
COD,1960,40.857
COG,1960,47.979
COL,1960,57.13
COM,1960,39.694
CPV,1960,49.411
CRI,1960,60.415
CUB,1960,64.173
CYM,1960,
CYP,1960,64.187
CZE,1960,70.3487804878049
DEU,1960,69.0640731707317
DJI,1960,43.429
DMA,1960,59.026
DNK,1960,72.1765853658537
DOM,1960,50.264
DZA,1960,40.532
ECU,1960,53.364
EGY,1960,45.373
ERI,1960,37.5
ESP,1960,69.1092682926829
EST,1960,68.933512195122
ETH,1960,40.33
FIN,1960,68.819756097561
FJI,1960,57.588
FRA,1960,69.8682926829268
FSM,1960,56.409
GAB,1960,46.575
GBR,1960,71.1268292682927
GEO,1960,61.222
GHA,1960,47.096
GIN,1960,36.547
GMB,1960,35.098
GNB,1960,37.464
GNQ,1960,41.729
GRC,1960,69.3
GRD,1960,60.76
GTM,1960,45.808
GUM,1960,60.897
GUY,1960,58.034
HKG,1960,65.8662926829268
HND,1960,48.317
HRV,1960,65.4823658536585
HTI,1960,43.499
HUN,1960,68.0031707317073
IDN,1960,46.452
IND,1960,45.218
IRL,1960,70.1942682926829
IRN,1960,43.957
IRQ,1960,52.618
ISL,1960,73.7620487804878
ISR,1960,
ITA,1960,69.1239024390244
JAM,1960,64.042
JOR,1960,52.617
JPN,1960,67.6956097560976
KAZ,1960,58.370512195122
KEN,1960,48.68
KGZ,1960,55.0830243902439
KHM,1960,42.361
KIR,1960,47.873
KNA,1960,55.909
KOR,1960,54.320243902439
KWT,1960,56.919
LAO,1960,40.79
LBN,1960,64.841
LBR,1960,38.33
LBY,1960,40.268
LCA,1960,55.724
LIE,1960,
LKA,1960,60.699
LSO,1960,50.364
LTU,1960,69.8473170731707
LUX,1960,68.5925365853659
LVA,1960,69.7868292682927
MAC,1960,64.965
MAF,1960,67.865
MAR,1960,42.017
MDA,1960,61.074
MDG,1960,43.241
MDV,1960,38.529
MEX,1960,55.017
MHL,1960,53.821
MKD,1960,56.2230487804878
MLI,1960,29.754
MLT,1960,68.2142926829268
MMR,1960,43.906
MNE,1960,64.8736097560976
MNG,1960,44.984
MNP,1960,
MOZ,1960,41.221
MRT,1960,44.767
MUS,1960,55.4665365853659
MWI,1960,35.199
MYS,1960,56.502
NAM,1960,47.679
NCL,1960,58.6390243902439
NER,1960,36.404
NGA,1960,37.371
NIC,1960,46.125
NLD,1960,73.3926829268293
NOR,1960,73.549756097561
NPL,1960,38.559
NZL,1960,71.2365853658537
OMN,1960,35.45
PAK,1960,44.932
PAN,1960,60.702
PER,1960,50.495
PHL,1960,59.227
PLW,1960,
PNG,1960,45.679
POL,1960,67.6804878048781
PRI,1960,68.934
PRK,1960,54.05
PRT,1960,64.0074634146342
PRY,1960,60.423
PSE,1960,
PYF,1960,59.675
QAT,1960,58.933
ROU,1960,65.8605365853659
RUS,1960,67.4652195121951
RWA,1960,47.178
SAU,1960,45.94
SDN,1960,46.603
SEN,1960,39.878
SGP,1960,64.6946829268293
SLB,1960,47.741
SLE,1960,33.961
SLV,1960,48.084
SOM,1960,43.452
SRB,1960,63.934
SSD,1960,28.662
STP,1960,43.04
SUR,1960,57.102
SVK,1960,70.2697804878049
SVN,1960,68.9780487804878
SWE,1960,73.0056097560976
SWZ,1960,45.813
SXM,1960,66.246
SYC,1960,
SYR,1960,53.547
TCA,1960,55.032
TCD,1960,38.374
TGO,1960,42.692
THA,1960,51.035
TJK,1960,53.628
TKM,1960,53.469
TLS,1960,32.2
TON,1960,58.231
TTO,1960,63.026
TUN,1960,43.94
TUR,1960,50.74
TUV,1960,46.355
TZA,1960,42.937
UGA,1960,45.506
UKR,1960,69.4850487804878
URY,1960,67.772
USA,1960,69.7707317073171
UZB,1960,57.473
VCT,1960,56.443
VEN,1960,58.647
VGB,1960,59.564
VIR,1960,63.7459756097561
VNM,1960,59.657
VUT,1960,49.63
WSM,1960,54.688
YEM,1960,33.678
ZAF,1960,52.669
ZMB,1960,49.042
ZWE,1960,53.235
AFG,1961,33.068
AGO,1961,37.267
ALB,1961,55.634
ARE,1961,49.695
ARG,1961,64.36
ARM,1961,61.803
ASM,1961,
ATG,1961,62.363
AUS,1961,70.9731707317073
AUT,1961,69.5773170731707
AZE,1961,56.192
BDI,1961,43.252
BEL,1961,70.5209756097561
BEN,1961,38.542
BFA,1961,36.24
BGD,1961,45.662
BGR,1961,70.1956097560976
BHR,1961,52.112
BHS,1961,63.185
BIH,1961,61.856
BLR,1961,69.7383902439024
BLZ,1961,53.356
BMU,1961,64.111
BOL,1961,43.4
BRA,1961,53.183
BRB,1961,65.318
BRN,1961,57.817
BTN,1961,33.946
BWA,1961,50.891
CAF,1961,39.737
CAN,1961,71.3460975609756
CHE,1961,71.6448780487805
CHL,1961,57.537
CHN,1961,40.468
CIV,1961,38.744
CMR,1961,35.406
COD,1961,40.239
COG,1961,48.697
COL,1961,57.73
COM,1961,40.147
CPV,1961,49.953
CRI,1961,60.901
CUB,1961,64.512
CYM,1961,
CYP,1961,64.804
CZE,1961,70.5126829268293
DEU,1961,69.6448780487805
DJI,1961,43.721
DMA,1961,59.949
DNK,1961,72.4382926829268
DOM,1961,50.84
DZA,1961,40.516
ECU,1961,53.895
EGY,1961,46.024
ERI,1961,37.974
ESP,1961,69.4804878048781
EST,1961,68.9621219512195
ETH,1961,40.995
FIN,1961,68.8441463414634
FJI,1961,58.199
FRA,1961,70.1170731707317
FSM,1961,57.11
GAB,1961,47.228
GBR,1961,70.8780487804878
GEO,1961,61.416
GHA,1961,47.325
GIN,1961,36.75
GMB,1961,35.568
GNB,1961,37.695
GNQ,1961,41.994
GRC,1961,70.3158536585366
GRD,1961,61.792
GTM,1961,46.47
GUM,1961,61.395
GUY,1961,58.46
HKG,1961,66.5588780487805
HND,1961,48.73
HRV,1961,66.1803414634146
HTI,1961,43.914
HUN,1961,68.9360975609756
IDN,1961,47.117
IND,1961,45.398
IRL,1961,69.6782926829268
IRN,1961,44.55
IRQ,1961,53.411
ISL,1961,73.5034146341464
ISR,1961,72.0065853658537
ITA,1961,69.760243902439
JAM,1961,64.394
JOR,1961,53.671
JPN,1961,68.3519512195122
KAZ,1961,58.5030731707317
KEN,1961,49.533
KGZ,1961,55.3209512195122
KHM,1961,42.792
KIR,1961,48.381
KNA,1961,55.818
KOR,1961,54.924
KWT,1961,58.015
LAO,1961,41.066
LBN,1961,65.29
LBR,1961,38.333
LBY,1961,42.063
LCA,1961,56.993
LIE,1961,
LKA,1961,61.328
LSO,1961,50.429
LTU,1961,70.1026829268293
LUX,1961,69.2668292682927
LVA,1961,70.0324390243903
MAC,1961,65.485
MAF,1961,67.704
MAR,1961,43.795
MDA,1961,61.446
MDG,1961,43.636
MDV,1961,38.982
MEX,1961,55.831
MHL,1961,54.316
MKD,1961,57.7998292682927
MLI,1961,29.83
MLT,1961,68.0136097560976
MMR,1961,44.385
MNE,1961,65.4191219512195
MNG,1961,46.068
MNP,1961,
MOZ,1961,41.59
MRT,1961,45.44
MUS,1961,56.5219756097561
MWI,1961,35.326
MYS,1961,57.434
NAM,1961,48.374
NCL,1961,59.0390243902439
NER,1961,36.556
NGA,1961,37.673
NIC,1961,46.948
NLD,1961,73.6526829268293
NOR,1961,73.5504878048781
NPL,1961,38.855
NZL,1961,70.9853658536585
OMN,1961,36.823
PAK,1961,45.783
PAN,1961,61.471
PER,1961,51.091
PHL,1961,59.619
PLW,1961,
PNG,1961,46.292
POL,1961,67.7780487804878
PRI,1961,69.262
PRK,1961,54.496
PRT,1961,62.666512195122
PRY,1961,60.755
PSE,1961,
PYF,1961,59.996
QAT,1961,59.626
ROU,1961,65.8771463414634
RUS,1961,67.6309512195122
RWA,1961,47.664
SAU,1961,46.484
SDN,1961,47.023
SEN,1961,39.917
SGP,1961,65.5179512195122
SLB,1961,48.434
SLE,1961,34.412
SLV,1961,48.849
SOM,1961,43.563
SRB,1961,64.0574146341464
SSD,1961,28.84
STP,1961,44.359
SUR,1961,57.767
SVK,1961,70.7239024390244
SVN,1961,68.9780487804878
SWE,1961,73.4743902439024
SWZ,1961,46.191
SXM,1961,65.73
SYC,1961,
SYR,1961,54.437
TCA,1961,55.313
TCD,1961,38.631
TGO,1961,42.882
THA,1961,52.364
TJK,1961,53.998
TKM,1961,53.939
TLS,1961,32.574
TON,1961,58.589
TTO,1961,62.865
TUN,1961,44.146
TUR,1961,51.55
TUV,1961,47.271
TZA,1961,43.1
UGA,1961,46.257
UKR,1961,69.5723658536586
URY,1961,67.895
USA,1961,70.2707317073171
UZB,1961,57.795
VCT,1961,57.932
VEN,1961,59.407
VGB,1961,60.219
VIR,1961,63.7845365853659
VNM,1961,60.261
VUT,1961,50.15
WSM,1961,55.315
YEM,1961,34.098
ZAF,1961,53.085
ZMB,1961,49.452
ZWE,1961,53.619
AFG,1962,33.547
AGO,1962,37.539
ALB,1962,56.671
ARE,1962,50.686
ARG,1962,64.244
ARM,1962,62.125
ASM,1962,
ATG,1962,63.192
AUS,1962,70.9424390243903
AUT,1962,69.309512195122
AZE,1962,56.516
BDI,1962,43.441
BEL,1962,70.219512195122
BEN,1962,38.928
BFA,1962,36.665
BGD,1962,46.701
BGR,1962,69.4919512195122
BHR,1962,53.697
BHS,1962,63.433
BIH,1962,62.511
BLR,1962,69.4623170731708
BLZ,1962,59.0
BMU,1962,63.837
BOL,1962,43.791
BRA,1962,53.71
BRB,1962,65.897
BRN,1962,57.667
BTN,1962,34.469
BWA,1962,51.389
CAF,1962,40.256
CAN,1962,71.3670731707317
CHE,1962,71.1960975609756
CHL,1962,57.771
CHN,1962,50.818
CIV,1962,39.402
CMR,1962,42.516
COD,1962,40.342
COG,1962,49.499
COL,1962,58.301
COM,1962,40.58
CPV,1962,50.392
CRI,1962,61.111
CUB,1962,65.038
CYM,1962,
CYP,1962,65.424
CZE,1962,69.7868292682927
DEU,1962,69.7992195121951
DJI,1962,44.088
DMA,1962,61.741
DNK,1962,72.319756097561
DOM,1962,51.411
DZA,1962,39.323
ECU,1962,54.401
EGY,1962,46.843
ERI,1962,38.393
ESP,1962,69.5190243902439
EST,1962,68.7918048780488
ETH,1962,41.403
FIN,1962,68.5778048780488
FJI,1962,58.934
FRA,1962,70.3146341463415
FSM,1962,57.803
GAB,1962,47.838
GBR,1962,70.9268292682927
GEO,1962,61.858
GHA,1962,47.405
GIN,1962,36.913
GMB,1962,35.989
GNB,1962,37.932
GNQ,1962,42.258
GRC,1962,70.2549756097561
GRD,1962,62.877
GTM,1962,46.995
GUM,1962,61.708
GUY,1962,58.864
HKG,1962,66.9771707317073
HND,1962,49.668
HRV,1962,66.4691463414634
HTI,1962,44.291
HUN,1962,67.8658536585366
IDN,1962,47.871
IND,1962,45.659
IRL,1962,69.9910487804878
IRN,1962,44.269
IRQ,1962,54.326
ISL,1962,73.7219512195122
ISR,1962,72.1121951219512
ITA,1962,69.149756097561
JAM,1962,64.491
JOR,1962,54.658
JPN,1962,68.6348780487805
KAZ,1962,58.621756097561
KEN,1962,50.224
KGZ,1962,55.6489268292683
KHM,1962,43.316
KIR,1962,48.96
KNA,1962,57.183
KOR,1962,55.519512195122
KWT,1962,59.079
LAO,1962,42.009
LBN,1962,65.397
LBR,1962,38.402
LBY,1962,43.843
LCA,1962,58.041
LIE,1962,
LKA,1962,61.733
LSO,1962,50.409
LTU,1962,69.0953658536585
LUX,1962,68.1051707317073
LVA,1962,69.430487804878
MAC,1962,65.946
MAF,1962,68.387
MAR,1962,44.297
MDA,1962,61.922
MDG,1962,44.056
MDV,1962,39.458
MEX,1962,56.599
MHL,1962,54.928
MKD,1962,57.5233414634146
MLI,1962,29.939
MLT,1962,68.3859268292683
MMR,1962,45.023
MNE,1962,65.8979756097561
MNG,1962,47.109
MNP,1962,
MOZ,1962,41.832
MRT,1962,46.049
MUS,1962,57.4912926829268
MWI,1962,35.654
MYS,1962,58.404
NAM,1962,49.087
NCL,1962,59.4390243902439
NER,1962,36.639
NGA,1962,37.809
NIC,1962,47.575
NLD,1962,73.3239024390244
NOR,1962,73.4480487804878
NPL,1962,39.153
NZL,1962,71.2317073170732
OMN,1962,38.192
PAK,1962,46.608
PAN,1962,62.154
PER,1962,51.31
PHL,1962,59.959
PLW,1962,
PNG,1962,46.659
POL,1962,67.4268292682927
PRI,1962,69.284
PRK,1962,54.999
PRT,1962,64.1810243902439
PRY,1962,61.058
PSE,1962,
PYF,1962,60.271
QAT,1962,60.443
ROU,1962,65.2556585365854
RUS,1962,67.300512195122
RWA,1962,47.991
SAU,1962,47.1
SDN,1962,47.354
SEN,1962,39.856
SGP,1962,66.285756097561
SLB,1962,49.254
SLE,1962,34.875
SLV,1962,49.6
SOM,1962,43.877
SRB,1962,64.4788292682927
SSD,1962,29.119
STP,1962,45.861
SUR,1962,58.474
SVK,1962,70.2702926829268
SVN,1962,68.9780487804878
SWE,1962,73.3504878048781
SWZ,1962,46.614
SXM,1962,66.807
SYC,1962,
SYR,1962,55.086
TCA,1962,56.266
TCD,1962,38.835
TGO,1962,43.154
THA,1962,52.79
TJK,1962,54.257
TKM,1962,54.325
TLS,1962,32.953
TON,1962,59.085
TTO,1962,63.427
TUN,1962,45.513
TUR,1962,52.382
TUV,1962,48.193
TZA,1962,43.285
UGA,1962,46.965
UKR,1962,69.3345853658537
URY,1962,67.994
USA,1962,70.119512195122
UZB,1962,58.066
VCT,1962,59.482
VEN,1962,59.529
VGB,1962,61.601
VIR,1962,63.6580975609756
VNM,1962,60.131
VUT,1962,50.676
WSM,1962,55.89
YEM,1962,33.615
ZAF,1962,53.376
ZMB,1962,49.794
ZWE,1962,54.071
AFG,1963,34.016
AGO,1963,37.824
ALB,1963,57.844
ARE,1963,51.584
ARG,1963,64.449
ARM,1963,62.223
ASM,1963,
ATG,1963,64.101
AUS,1963,70.9117073170732
AUT,1963,69.4436585365854
AZE,1963,56.898
BDI,1963,43.718
BEL,1963,70.0514634146342
BEN,1963,39.334
BFA,1963,36.974
BGD,1963,46.655
BGR,1963,70.3092682926829
BHR,1963,55.285
BHS,1963,63.732
BIH,1963,63.274
BLR,1963,69.7097804878049
BLZ,1963,59.569
BMU,1963,63.778
BOL,1963,44.077
BRA,1963,54.209
BRB,1963,66.487
BRN,1963,59.779
BTN,1963,35.029
BWA,1963,51.881
CAF,1963,40.781
CAN,1963,71.3807317073171
CHE,1963,71.1875609756098
CHL,1963,57.15
CHN,1963,51.408
CIV,1963,39.955
CMR,1963,42.918
COD,1963,40.604
COG,1963,50.118
COL,1963,58.892
COM,1963,40.926
CPV,1963,50.894
CRI,1963,61.624
CUB,1963,64.94
CYM,1963,
CYP,1963,62.282
CZE,1963,70.3043902439025
DEU,1963,69.9140731707317
DJI,1963,44.414
DMA,1963,58.688
DNK,1963,72.4004878048781
DOM,1963,51.799
DZA,1963,42.908
ECU,1963,54.88
EGY,1963,47.672
ERI,1963,38.774
ESP,1963,69.6812195121951
EST,1963,69.2101219512195
ETH,1963,41.956
FIN,1963,69.0126829268293
FJI,1963,59.552
FRA,1963,70.5146341463415
FSM,1963,58.176
GAB,1963,48.479
GBR,1963,70.8268292682927
GEO,1963,62.228
GHA,1963,47.578
GIN,1963,37.164
GMB,1963,36.496
GNB,1963,35.661
GNQ,1963,42.546
GRC,1963,70.6105365853659
GRD,1963,64.077
GTM,1963,47.407
GUM,1963,62.359
GUY,1963,59.202
HKG,1963,67.6857317073171
HND,1963,50.25
HRV,1963,66.8558048780488
HTI,1963,42.769
HUN,1963,68.8741463414634
IDN,1963,48.429
IND,1963,45.936
IRL,1963,70.2300975609756
IRN,1963,45.619
IRQ,1963,54.948
ISL,1963,73.0429268292683
ISR,1963,
ITA,1963,69.2480487804878
JAM,1963,65.27
JOR,1963,55.575
JPN,1963,69.7124390243902
KAZ,1963,58.944512195122
KEN,1963,50.808
KGZ,1963,55.9769512195122
KHM,1963,43.898
KIR,1963,49.624
KNA,1963,58.608
KOR,1963,55.9748780487805
KWT,1963,60.162
LAO,1963,41.332
LBN,1963,65.668
LBR,1963,38.473
LBY,1963,45.305
LCA,1963,58.889
LIE,1963,
LKA,1963,61.976
LSO,1963,50.263
LTU,1963,70.2043902439024
LUX,1963,68.7219268292683
LVA,1963,69.8290243902439
MAC,1963,66.386
MAF,1963,69.384
MAR,1963,44.82
MDA,1963,62.355
MDG,1963,44.448
MDV,1963,40.071
MEX,1963,57.31
MHL,1963,55.515
MKD,1963,56.6993414634146
MLI,1963,30.154
MLT,1963,67.8719512195122
MMR,1963,45.636
MNE,1963,66.8162195121951
MNG,1963,48.065
MNP,1963,
MOZ,1963,41.934
MRT,1963,46.689
MUS,1963,58.3532195121951
MWI,1963,35.618
MYS,1963,59.26
NAM,1963,49.714
NCL,1963,59.8878048780488
NER,1963,36.736
NGA,1963,38.192
NIC,1963,48.304
NLD,1963,73.3370731707317
NOR,1963,73.0775609756098
NPL,1963,39.453
NZL,1963,71.280487804878
OMN,1963,39.417
PAK,1963,47.632
PAN,1963,62.735
PER,1963,52.2
PHL,1963,60.388
PLW,1963,
PNG,1963,47.599
POL,1963,68.3756097560976
PRI,1963,69.477
PRK,1963,55.56
PRT,1963,64.7883902439024
PRY,1963,61.334
PSE,1963,
PYF,1963,60.527
QAT,1963,61.167
ROU,1963,67.0717073170732
RUS,1963,67.7571707317073
RWA,1963,44.072
SAU,1963,47.609
SDN,1963,46.189
SEN,1963,39.882
SGP,1963,66.7147073170732
SLB,1963,50.049
SLE,1963,35.344
SLV,1963,50.253
SOM,1963,44.1
SRB,1963,64.8923658536585
SSD,1963,28.826
STP,1963,46.094
SUR,1963,59.039
SVK,1963,70.6334146341463
SVN,1963,68.6219512195122
SWE,1963,73.5553658536585
SWZ,1963,46.854
SXM,1963,68.566
SYC,1963,
SYR,1963,55.778
TCA,1963,58.107
TCD,1963,39.072
TGO,1963,43.372
THA,1963,53.244
TJK,1963,54.542
TKM,1963,54.785
TLS,1963,33.258
TON,1963,59.551
TTO,1963,63.822
TUN,1963,46.5
TUR,1963,53.173
TUV,1963,49.075
TZA,1963,43.494
UGA,1963,47.431
UKR,1963,69.7874878048781
URY,1963,68.084
USA,1963,69.9170731707317
UZB,1963,58.44
VCT,1963,61.063
VEN,1963,60.152
VGB,1963,63.533
VIR,1963,63.4234878048781
VNM,1963,58.701
VUT,1963,51.228
WSM,1963,56.46
YEM,1963,33.247
ZAF,1963,53.633
ZMB,1963,50.133
ZWE,1963,54.549
AFG,1964,34.494
AGO,1964,38.131
ALB,1964,58.983
ARE,1964,52.848
ARG,1964,64.363
ARM,1964,62.418
ASM,1964,
ATG,1964,65.058
AUS,1964,70.8809756097561
AUT,1964,69.9219512195122
AZE,1964,57.196
BDI,1964,43.974
BEL,1964,70.7551219512195
BEN,1964,39.758
BFA,1964,37.251
BGD,1964,47.741
BGR,1964,71.1212195121951
BHR,1964,56.778
BHS,1964,64.05
BIH,1964,63.948
BLR,1964,70.619243902439
BLZ,1964,60.057
BMU,1964,67.641
BOL,1964,44.366
BRA,1964,54.648
BRB,1964,67.02
BRN,1964,60.582
BTN,1964,35.618
BWA,1964,52.349
CAF,1964,41.345
CAN,1964,71.7763414634146
CHE,1964,72.0778048780488
CHL,1964,58.738
CHN,1964,52.156
CIV,1964,40.606
CMR,1964,43.31
COD,1964,40.052
COG,1964,50.696
COL,1964,59.375
COM,1964,41.25
CPV,1964,51.345
CRI,1964,62.083
CUB,1964,65.905
CYM,1964,
CYP,1964,62.79
CZE,1964,70.459512195122
DEU,1964,70.4355609756098
DJI,1964,44.667
DMA,1964,64.493
DNK,1964,72.4851219512195
DOM,1964,52.542
DZA,1964,42.788
ECU,1964,55.305
EGY,1964,48.47
ERI,1964,39.24
ESP,1964,70.399756097561
EST,1964,70.0573170731707
ETH,1964,42.275
FIN,1964,69.2209756097561
FJI,1964,60.219
FRA,1964,70.6634146341463
FSM,1964,58.532
GAB,1964,49.048
GBR,1964,71.6243902439024
GEO,1964,62.333
GHA,1964,47.719
GIN,1964,37.341
GMB,1964,36.948
GNB,1964,35.984
GNQ,1964,42.749
GRC,1964,70.5693902439025
GRD,1964,64.841
GTM,1964,47.712
GUM,1964,62.878
GUY,1964,59.494
HKG,1964,68.4460975609756
HND,1964,50.812
HRV,1964,67.2923170731707
HTI,1964,44.968
HUN,1964,69.3809756097561
IDN,1964,49.232
IND,1964,46.184
IRL,1964,70.4899268292683
IRN,1964,46.196
IRQ,1964,55.633
ISL,1964,73.5417073170732
ISR,1964,
ITA,1964,70.3117073170732
JAM,1964,65.622
JOR,1964,56.559
JPN,1964,70.2065853658537
KAZ,1964,59.1574878048781
KEN,1964,51.328
KGZ,1964,56.1803414634146
KHM,1964,44.398
KIR,1964,50.323
KNA,1964,59.037
KOR,1964,57.1747804878049
KWT,1964,61.158
LAO,1964,41.649
LBN,1964,65.953
LBR,1964,38.607
LBY,1964,47.142
LCA,1964,59.966
LIE,1964,
LKA,1964,62.174
LSO,1964,50.189
LTU,1964,71.5090243902439
LUX,1964,69.3916829268293
LVA,1964,71.0280487804878
MAC,1964,66.8
MAF,1964,69.495
MAR,1964,45.392
MDA,1964,62.81
MDG,1964,44.87
MDV,1964,40.722
MEX,1964,57.947
MHL,1964,56.049
MKD,1964,58.9859268292683
MLI,1964,30.418
MLT,1964,68.7980487804878
MMR,1964,46.497
MNE,1964,67.1505365853659
MNG,1964,48.921
MNP,1964,
MOZ,1964,41.67
MRT,1964,47.446
MUS,1964,59.14
MWI,1964,35.692
MYS,1964,60.063
NAM,1964,50.434
NCL,1964,60.3365853658537
NER,1964,36.744
NGA,1964,38.415
NIC,1964,49.169
NLD,1964,73.7041463414634
NOR,1964,73.5958536585366
NPL,1964,39.994
NZL,1964,71.3292682926829
OMN,1964,40.679
PAK,1964,48.595
PAN,1964,63.203
PER,1964,52.717
PHL,1964,60.541
PLW,1964,
PNG,1964,48.202
POL,1964,68.6292682926829
PRI,1964,69.693
PRK,1964,56.157
PRT,1964,64.9833902439024
PRY,1964,61.583
PSE,1964,
PYF,1964,60.781
QAT,1964,62.112
ROU,1964,67.8451219512195
RUS,1964,68.3671707317073
RWA,1964,48.238
SAU,1964,48.148
SDN,1964,49.457
SEN,1964,39.885
SGP,1964,67.0743902439024
SLB,1964,50.859
SLE,1964,35.87
SLV,1964,50.734
SOM,1964,44.3
SRB,1964,64.7863902439024
SSD,1964,33.149
STP,1964,47.161
SUR,1964,59.625
SVK,1964,71.0198780487805
SVN,1964,68.6634146341463
SWE,1964,73.7331707317073
SWZ,1964,47.335
SXM,1964,68.604
SYC,1964,
SYR,1964,56.5
TCA,1964,60.159
TCD,1964,39.333
TGO,1964,43.702
THA,1964,53.978
TJK,1964,54.846
TKM,1964,55.177
TLS,1964,33.602
TON,1964,60.054
TTO,1964,63.843
TUN,1964,47.365
TUR,1964,53.714
TUV,1964,49.984
TZA,1964,43.747
UGA,1964,47.889
UKR,1964,70.205512195122
URY,1964,68.179
USA,1964,70.1658536585366
UZB,1964,58.846
VCT,1964,62.667
VEN,1964,60.609
VGB,1964,64.647
VIR,1964,64.6180731707317
VNM,1964,59.323
VUT,1964,51.706
WSM,1964,53.601
YEM,1964,34.738
ZAF,1964,53.906
ZMB,1964,49.849
ZWE,1964,54.994
AFG,1965,34.953
AGO,1965,38.495
ALB,1965,60.019
ARE,1965,53.985
ARG,1965,64.593
ARM,1965,62.754
ASM,1965,
ATG,1965,66.026
AUS,1965,70.850243902439
AUT,1965,69.7221951219512
AZE,1965,57.619
BDI,1965,42.005
BEL,1965,70.6253658536586
BEN,1965,40.184
BFA,1965,37.691
BGD,1965,46.858
BGR,1965,71.2939024390244
BHR,1965,58.228
BHS,1965,64.362
BIH,1965,64.555
BLR,1965,70.5974878048781
BLZ,1965,60.629
BMU,1965,67.848
BOL,1965,44.712
BRA,1965,55.084
BRB,1965,67.376
BRN,1965,61.193
BTN,1965,36.24
BWA,1965,52.809
CAF,1965,41.929
CAN,1965,71.8721951219512
CHE,1965,72.2017073170732
CHL,1965,59.455
CHN,1965,52.912
CIV,1965,41.177
CMR,1965,43.889
COD,1965,40.704
COG,1965,51.2
COL,1965,59.815
COM,1965,41.7
CPV,1965,51.808
CRI,1965,62.663
CUB,1965,66.318
CYM,1965,
CYP,1965,67.052
CZE,1965,70.1631707317073
DEU,1965,70.4103658536585
DJI,1965,45.088
DMA,1965,64.587
DNK,1965,72.3707317073171
DOM,1965,50.864
DZA,1965,42.714
ECU,1965,55.664
EGY,1965,49.128
ERI,1965,39.554
ESP,1965,70.8092682926829
EST,1965,69.6807317073171
ETH,1965,42.444
FIN,1965,68.9778048780488
FJI,1965,60.805
FRA,1965,70.8121951219512
FSM,1965,59.11
GAB,1965,49.752
GBR,1965,71.6243902439024
GEO,1965,62.852
GHA,1965,47.778
GIN,1965,37.599
GMB,1965,37.445
GNB,1965,36.383
GNQ,1965,43.054
GRC,1965,71.4283170731707
GRD,1965,64.728
GTM,1965,47.814
GUM,1965,62.893
GUY,1965,59.742
HKG,1965,69.2512195121951
HND,1965,51.465
HRV,1965,67.8325609756098
HTI,1965,45.351
HUN,1965,69.0712195121951
IDN,1965,42.599
IND,1965,44.98
IRL,1965,70.695
IRN,1965,46.744
IRQ,1965,56.616
ISL,1965,73.8687804878049
ISR,1965,
ITA,1965,70.1717073170732
JAM,1965,65.972
JOR,1965,57.415
JPN,1965,70.2668292682927
KAZ,1965,59.4616829268293
KEN,1965,51.7
KGZ,1965,56.4094878048781
KHM,1965,44.789
KIR,1965,51.038
KNA,1965,59.593
KOR,1965,58.2404878048781
KWT,1965,62.219
LAO,1965,42.056
LBN,1965,66.065
LBR,1965,38.812
LBY,1965,48.657
LCA,1965,60.883
LIE,1965,
LKA,1965,62.637
LSO,1965,50.057
LTU,1965,71.3251219512195
LUX,1965,69.0254146341464
LVA,1965,70.7265853658537
MAC,1965,67.199
MAF,1965,68.489
MAR,1965,45.973
MDA,1965,63.152
MDG,1965,45.222
MDV,1965,41.383
MEX,1965,58.499
MHL,1965,56.564
MKD,1965,60.0019268292683
MLI,1965,30.623
MLT,1965,68.4015609756098
MMR,1965,47.46
MNE,1965,67.9873658536585
MNG,1965,49.619
MNP,1965,
MOZ,1965,41.699
MRT,1965,48.059
MUS,1965,59.5678536585366
MWI,1965,35.724
MYS,1965,60.95
NAM,1965,51.039
NCL,1965,60.7853658536585
NER,1965,36.753
NGA,1965,38.68
NIC,1965,50.193
NLD,1965,73.5687804878049
NOR,1965,73.7231707317073
NPL,1965,40.446
NZL,1965,71.2268292682927
OMN,1965,41.885
PAK,1965,49.444
PAN,1965,63.558
PER,1965,53.183
PHL,1965,60.898
PLW,1965,
PNG,1965,48.816
POL,1965,69.4292682926829
PRI,1965,69.991
PRK,1965,56.827
PRT,1965,65.9604634146341
PRY,1965,61.819
PSE,1965,
PYF,1965,61.045
QAT,1965,62.85
ROU,1965,67.7072682926829
RUS,1965,67.887756097561
RWA,1965,48.282
SAU,1965,48.782
SDN,1965,46.935
SEN,1965,39.838
SGP,1965,67.512512195122
SLB,1965,51.659
SLE,1965,36.363
SLV,1965,50.897
SOM,1965,44.544
SRB,1965,65.0941707317073
SSD,1965,29.288
STP,1965,49.022
SUR,1965,59.485
SVK,1965,70.2352682926829
SVN,1965,68.3658536585366
SWE,1965,73.8617073170732
SWZ,1965,47.907
SXM,1965,66.403
SYC,1965,
SYR,1965,57.113
TCA,1965,61.102
TCD,1965,39.12
TGO,1965,43.97
THA,1965,54.712
TJK,1965,55.094
TKM,1965,55.522
TLS,1965,34.357
TON,1965,60.58
TTO,1965,64.147
TUN,1965,48.428
TUR,1965,54.258
TUV,1965,50.893
TZA,1965,44.026
UGA,1965,48.24
UKR,1965,69.8683902439025
URY,1965,68.294
USA,1965,70.2146341463415
UZB,1965,59.203
VCT,1965,64.264
VEN,1965,61.248
VGB,1965,65.238
VIR,1965,65.273
VNM,1965,58.692
VUT,1965,52.294
WSM,1965,57.54
YEM,1965,35.373
ZAF,1965,54.192
ZMB,1965,50.563
ZWE,1965,55.459
AFG,1966,35.453
AGO,1966,38.757
ALB,1966,60.998
ARE,1966,55.185
ARG,1966,64.891
ARM,1966,62.945
ASM,1966,
ATG,1966,66.956
AUS,1966,70.819512195122
AUT,1966,70.0458536585366
AZE,1966,57.672
BDI,1966,43.531
BEL,1966,70.7063414634146
BEN,1966,40.648
BFA,1966,37.916
BGD,1966,48.577
BGR,1966,71.2234146341464
BHR,1966,59.656
BHS,1966,64.659
BIH,1966,65.171
BLR,1966,70.7689268292683
BLZ,1966,60.963
BMU,1966,63.426
BOL,1966,45.118
BRA,1966,55.473
BRB,1966,67.805
BRN,1966,61.963
BTN,1966,36.901
BWA,1966,53.264
CAF,1966,42.531
CAN,1966,72.0043902439024
CHE,1966,72.3356097560976
CHL,1966,59.689
CHN,1966,53.637
CIV,1966,41.819
CMR,1966,44.436
COD,1966,42.053
COG,1966,51.774
COL,1966,60.204
COM,1966,42.147
CPV,1966,52.356
CRI,1966,63.367
CUB,1966,66.715
CYM,1966,
CYP,1966,67.495
CZE,1966,70.3848780487805
DEU,1966,70.5215853658537
DJI,1966,45.474
DMA,1966,63.49
DNK,1966,72.4441463414634
DOM,1966,53.666
DZA,1966,42.543
ECU,1966,55.942
EGY,1966,49.504
ERI,1966,39.882
ESP,1966,71.0551219512195
EST,1966,69.627756097561
ETH,1966,40.15
FIN,1966,69.4770731707317
FJI,1966,61.154
FRA,1966,70.9609756097561
FSM,1966,59.337
GAB,1966,50.349
GBR,1966,71.5731707317073
GEO,1966,63.075
GHA,1966,47.727
GIN,1966,37.84
GMB,1966,37.898
GNB,1966,36.698
GNQ,1966,43.264
GRC,1966,71.7527073170732
GRD,1966,64.655
GTM,1966,47.764
GUM,1966,62.778
GUY,1966,59.937
HKG,1966,69.5388780487805
HND,1966,52.091
HRV,1966,68.1214390243903
HTI,1966,45.594
HUN,1966,69.8224390243902
IDN,1966,48.2
IND,1966,45.333
IRL,1966,70.2169512195122
IRN,1966,47.421
IRQ,1966,57.348
ISL,1966,73.3004878048781
ISR,1966,72.2856097560976
ITA,1966,70.9260975609756
JAM,1966,66.355
JOR,1966,57.869
JPN,1966,70.9158536585366
KAZ,1966,59.6992195121951
KEN,1966,52.097
KGZ,1966,56.8101463414634
KHM,1966,45.363
KIR,1966,51.779
KNA,1966,60.022
KOR,1966,59.5047073170732
KWT,1966,63.075
LAO,1966,42.096
LBN,1966,66.159
LBR,1966,39.081
LBY,1966,50.132
LCA,1966,61.796
LIE,1966,
LKA,1966,63.055
LSO,1966,50.148
LTU,1966,71.520243902439
LUX,1966,69.1756341463415
LVA,1966,70.7073170731707
MAC,1966,67.647
MAF,1966,69.541
MAR,1966,46.562
MDA,1966,63.392
MDG,1966,45.573
MDV,1966,42.055
MEX,1966,58.981
MHL,1966,57.052
MKD,1966,61.9598536585366
MLI,1966,30.871
MLT,1966,68.634512195122
MMR,1966,48.369
MNE,1966,68.8546829268293
MNG,1966,50.186
MNP,1966,
MOZ,1966,41.639
MRT,1966,48.728
MUS,1966,59.1501951219512
MWI,1966,35.866
MYS,1966,61.375
NAM,1966,51.439
NCL,1966,61.2341463414634
NER,1966,36.807
NGA,1966,38.797
NIC,1966,51.316
NLD,1966,73.5129268292683
NOR,1966,73.9953658536585
NPL,1966,40.866
NZL,1966,71.1243902439025
OMN,1966,43.066
PAK,1966,50.842
PAN,1966,63.789
PER,1966,53.699
PHL,1966,61.198
PLW,1966,
PNG,1966,49.508
POL,1966,69.8268292682927
PRI,1966,70.248
PRK,1966,57.598
PRT,1966,65.4876585365854
PRY,1966,61.988
PSE,1966,
PYF,1966,61.334
QAT,1966,63.624
ROU,1966,68.8976585365854
RUS,1966,67.9011951219512
RWA,1966,48.166
SAU,1966,49.343
SDN,1966,44.626
SEN,1966,39.961
SGP,1966,67.797
SLB,1966,52.461
SLE,1966,36.868
SLV,1966,50.964
SOM,1966,44.76
SRB,1966,65.7846829268293
SSD,1966,26.084
STP,1966,51.56
SUR,1966,59.691
SVK,1966,70.3774390243903
SVN,1966,69.0121951219512
SWE,1966,74.0785365853659
SWZ,1966,48.56
SXM,1966,68.325
SYC,1966,
SYR,1966,57.598
TCA,1966,60.757
TCD,1966,39.15
TGO,1966,44.373
THA,1966,55.254
TJK,1966,55.347
TKM,1966,55.92
TLS,1966,34.998
TON,1966,61.132
TTO,1966,64.376
TUN,1966,49.327
TUR,1966,54.71
TUV,1966,51.767
TZA,1966,44.381
UGA,1966,48.338
UKR,1966,69.7309512195122
URY,1966,68.427
USA,1966,70.2121951219512
UZB,1966,59.464
VCT,1966,65.651
VEN,1966,61.801
VGB,1966,65.333
VIR,1966,64.9280243902439
VNM,1966,58.467
VUT,1966,52.862
WSM,1966,57.922
YEM,1966,36.097
ZAF,1966,54.391
ZMB,1966,50.679
ZWE,1966,55.889
AFG,1967,35.924
AGO,1967,39.092
ALB,1967,61.972
ARE,1967,56.339
ARG,1967,64.992
ARM,1967,63.213
ASM,1967,
ATG,1967,67.859
AUS,1967,70.8692682926829
AUT,1967,69.9178048780488
AZE,1967,57.973
BDI,1967,43.341
BEL,1967,71.0129268292683
BEN,1967,41.055
BFA,1967,38.294
BGD,1967,48.865
BGR,1967,70.4139024390244
BHR,1967,61.002
BHS,1967,64.948
BIH,1967,65.553
BLR,1967,70.9297804878049
BLZ,1967,61.5
BMU,1967,68.358
BOL,1967,45.419
BRA,1967,55.868
BRB,1967,67.944
BRN,1967,62.511
BTN,1967,37.584
BWA,1967,53.721
CAF,1967,43.158
CAN,1967,72.2078048780488
CHE,1967,72.6365853658537
CHL,1967,60.72
CHN,1967,54.351
CIV,1967,42.419
CMR,1967,45.176
COD,1967,42.31
COG,1967,52.101
COL,1967,60.531
COM,1967,42.754
CPV,1967,52.722
CRI,1967,63.921
CUB,1967,67.11
CYM,1967,
CYP,1967,67.917
CZE,1967,70.2641463414634
DEU,1967,70.7317317073171
DJI,1967,45.907
DMA,1967,65.005
DNK,1967,72.9221951219512
DOM,1967,54.289
DZA,1967,42.568
ECU,1967,56.213
EGY,1967,49.538
ERI,1967,40.09
ESP,1967,71.2529268292683
EST,1967,69.9401463414634
ETH,1967,42.692
FIN,1967,69.6665853658537
FJI,1967,61.576
FRA,1967,71.1609756097561
FSM,1967,59.873
GAB,1967,50.892
GBR,1967,72.1243902439024
GEO,1967,63.292
GHA,1967,47.683
GIN,1967,38.123
GMB,1967,38.43
GNB,1967,37.024
GNQ,1967,43.532
GRC,1967,71.2987804878049
GRD,1967,64.654
GTM,1967,47.984
GUM,1967,63.566
GUY,1967,60.113
HKG,1967,69.9254390243902
HND,1967,52.632
HRV,1967,68.2989512195122
HTI,1967,46.125
HUN,1967,69.4070731707317
IDN,1967,51.066
IND,1967,45.674
IRL,1967,71.2453658536585
IRN,1967,48.034
IRQ,1967,58.37
ISL,1967,73.7831707317073
ISR,1967,71.509756097561
ITA,1967,70.9565853658537
JAM,1967,66.442
JOR,1967,59.01
JPN,1967,71.4660975609756
KAZ,1967,59.8734146341464
KEN,1967,52.455
KGZ,1967,57.0343170731707
KHM,1967,45.514
KIR,1967,52.524
KNA,1967,60.504
KOR,1967,61.2881219512195
KWT,1967,63.986
LAO,1967,42.617
LBN,1967,66.519
LBR,1967,39.427
LBY,1967,51.39
LCA,1967,62.687
LIE,1967,
LKA,1967,63.51
LSO,1967,50.247
LTU,1967,71.6039024390244
LUX,1967,69.2340243902439
LVA,1967,70.3939024390244
MAC,1967,68.028
MAF,1967,70.031
MAR,1967,47.19
MDA,1967,63.606
MDG,1967,46.026
MDV,1967,42.771
MEX,1967,59.42
MHL,1967,57.515
MKD,1967,62.1278536585366
MLI,1967,31.212
MLT,1967,69.0097804878049
MMR,1967,49.297
MNE,1967,68.8679756097561
MNG,1967,50.887
MNP,1967,
MOZ,1967,41.663
MRT,1967,49.366
MUS,1967,58.3205365853659
MWI,1967,35.897
MYS,1967,61.797
NAM,1967,52.035
NCL,1967,61.6829268292683
NER,1967,36.83
NGA,1967,37.573
NIC,1967,52.394
NLD,1967,73.8041463414634
NOR,1967,74.0665853658537
NPL,1967,41.404
NZL,1967,71.4731707317073
OMN,1967,44.285
PAK,1967,51.901
PAN,1967,64.056
PER,1967,54.223
PHL,1967,61.447
PLW,1967,
PNG,1967,50.135
POL,1967,69.4243902439024
PRI,1967,70.539
PRK,1967,58.409
PRT,1967,66.3340731707317
PRY,1967,62.153
PSE,1967,
PYF,1967,61.63
QAT,1967,64.531
ROU,1967,67.5159512195122
RUS,1967,67.5938048780488
RWA,1967,48.094
SAU,1967,50.053
SDN,1967,45.056
SEN,1967,40.083
SGP,1967,68.1193170731707
SLB,1967,53.208
SLE,1967,37.434
SLV,1967,50.852
SOM,1967,44.97
SRB,1967,65.418
SSD,1967,26.406
STP,1967,54.066
SUR,1967,59.905
SVK,1967,70.9255853658537
SVN,1967,69.3658536585366
SWE,1967,74.1224390243903
SWZ,1967,49.128
SXM,1967,69.091
SYC,1967,
SYR,1967,58.095
TCA,1967,59.757
TCD,1967,39.479
TGO,1967,44.823
THA,1967,55.754
TJK,1967,55.675
TKM,1967,56.39
TLS,1967,35.73
TON,1967,61.66
TTO,1967,64.798
TUN,1967,50.466
TUR,1967,55.361
TUV,1967,52.556
TZA,1967,44.756
UGA,1967,48.962
UKR,1967,69.5615365853659
URY,1967,68.558
USA,1967,70.5609756097561
UZB,1967,59.803
VCT,1967,66.666
VEN,1967,62.348
VGB,1967,65.078
VIR,1967,65.2239512195122
VNM,1967,58.161
VUT,1967,53.444
WSM,1967,58.553
YEM,1967,36.866
ZAF,1967,54.626
ZMB,1967,50.802
ZWE,1967,56.188
AFG,1968,36.418
AGO,1968,39.484
ALB,1968,62.946
ARE,1968,57.54
ARG,1968,64.89
ARM,1968,63.334
ASM,1968,
ATG,1968,68.671
AUS,1968,70.9190243902439
AUT,1968,70.0575609756098
AZE,1968,58.367
BDI,1968,43.378
BEL,1968,70.6931707317073
BEN,1968,41.522
BFA,1968,38.531
BGD,1968,49.09
BGR,1968,71.2251219512195
BHR,1968,62.31
BHS,1968,65.328
BIH,1968,65.883
BLR,1968,70.8127804878049
BLZ,1968,62.192
BMU,1968,68.535
BOL,1968,45.796
BRA,1968,56.31
BRB,1968,68.114
BRN,1968,63.005
BTN,1968,38.266
BWA,1968,54.188
CAF,1968,43.797
CAN,1968,72.3534146341463
CHE,1968,72.590243902439
CHL,1968,61.63
CHN,1968,55.057
CIV,1968,43.021
CMR,1968,45.978
COD,1968,42.705
COG,1968,52.715
COL,1968,60.871
COM,1968,43.462
CPV,1968,53.176
CRI,1968,64.428
CUB,1968,67.511
CYM,1968,
CYP,1968,68.273
CZE,1968,69.8407317073171
DEU,1968,70.3784634146342
DJI,1968,46.438
DMA,1968,64.416
DNK,1968,73.1214634146341
DOM,1968,54.894
DZA,1968,42.642
ECU,1968,56.487
EGY,1968,49.897
ERI,1968,40.38
ESP,1968,71.5378048780488
EST,1968,69.7512195121951
ETH,1968,42.844
FIN,1968,69.6163414634146
FJI,1968,61.772
FRA,1968,71.309756097561
FSM,1968,60.193
GAB,1968,51.439
GBR,1968,71.7243902439025
GEO,1968,63.775
GHA,1968,47.57
GIN,1968,38.559
GMB,1968,38.869
GNB,1968,37.361
GNQ,1968,43.731
GRC,1968,71.4301951219512
GRD,1968,65.498
GTM,1968,48.298
GUM,1968,64.152
GUY,1968,60.256
HKG,1968,70.3558292682927
HND,1968,53.355
HRV,1968,68.3864146341464
HTI,1968,46.512
HUN,1968,69.230243902439
IDN,1968,51.63
IND,1968,47.471
IRL,1968,70.941
IRN,1968,48.136
IRQ,1968,58.781
ISL,1968,74.0058536585366
ISR,1968,71.0565853658537
ITA,1968,70.78
JAM,1968,66.265
JOR,1968,59.752
JPN,1968,71.6109756097561
KAZ,1968,59.9983658536585
KEN,1968,52.781
KGZ,1968,57.3574634146341
KHM,1968,45.793
KIR,1968,53.22
KNA,1968,60.795
KOR,1968,61.559
KWT,1968,64.735
LAO,1968,42.984
LBN,1968,66.607
LBR,1968,39.764
LBY,1968,52.712
LCA,1968,63.512
LIE,1968,
LKA,1968,63.777
LSO,1968,50.431
LTU,1968,71.3136585365854
LUX,1968,69.6624390243903
LVA,1968,70.0429268292683
MAC,1968,68.44
MAF,1968,70.002
MAR,1968,47.778
MDA,1968,63.745
MDG,1968,46.521
MDV,1968,43.554
MEX,1968,59.835
MHL,1968,57.919
MKD,1968,62.8637804878049
MLI,1968,31.631
MLT,1968,69.6604390243902
MMR,1968,50.101
MNE,1968,69.2376829268293
MNG,1968,51.457
MNP,1968,
MOZ,1968,41.667
MRT,1968,50.038
MUS,1968,58.6668048780488
MWI,1968,36.036
MYS,1968,62.194
NAM,1968,52.601
NCL,1968,62.1317073170732
NER,1968,36.611
NGA,1968,38.482
NIC,1968,53.465
NLD,1968,73.6126829268293
NOR,1968,73.9419512195122
NPL,1968,41.802
NZL,1968,71.1243902439025
OMN,1968,45.525
PAK,1968,52.898
PAN,1968,64.313
PER,1968,54.747
PHL,1968,61.65
PLW,1968,
PNG,1968,50.839
POL,1968,70.219512195122
PRI,1968,70.679
PRK,1968,59.175
PRT,1968,66.6781951219512
PRY,1968,62.319
PSE,1968,
PYF,1968,61.909
QAT,1968,65.242
ROU,1968,67.5603658536585
RUS,1968,67.4893658536586
RWA,1968,47.745
SAU,1968,50.915
SDN,1968,45.456
SEN,1968,40.268
SGP,1968,68.2882682926829
SLB,1968,54.239
SLE,1968,37.846
SLV,1968,50.775
SOM,1968,45.173
SRB,1968,65.6322926829268
SSD,1968,26.708
STP,1968,54.916
SUR,1968,60.062
SVK,1968,70.436756097561
SVN,1968,68.9170731707317
SWE,1968,73.9729268292683
SWZ,1968,49.748
SXM,1968,68.795
SYC,1968,
SYR,1968,59.065
TCA,1968,58.474
TCD,1968,39.903
TGO,1968,45.284
THA,1968,56.207
TJK,1968,56.063
TKM,1968,56.694
TLS,1968,36.225
TON,1968,62.185
TTO,1968,64.668
TUN,1968,51.573
TUR,1968,55.835
TUV,1968,53.386
TZA,1968,45.366
UGA,1968,49.213
UKR,1968,69.5547804878049
URY,1968,68.698
USA,1968,69.9512195121951
UZB,1968,60.217
VCT,1968,67.527
VEN,1968,62.928
VGB,1968,65.018
VIR,1968,65.6371707317073
VNM,1968,54.07
VUT,1968,54.038
WSM,1968,59.076
YEM,1968,37.796
ZAF,1968,54.876
ZMB,1968,50.856
ZWE,1968,56.455
AFG,1969,36.91
AGO,1969,39.829
ALB,1969,63.923
ARE,1969,58.76
ARG,1969,64.859
ARM,1969,63.656
ASM,1969,
ATG,1969,69.535
AUS,1969,70.9687804878049
AUT,1969,69.8331707317073
AZE,1969,58.599
BDI,1969,42.874
BEL,1969,70.7648780487805
BEN,1969,41.849
BFA,1969,38.857
BGD,1969,49.172
BGR,1969,70.43
BHR,1969,63.475
BHS,1969,65.646
BIH,1969,66.2
BLR,1969,70.9780243902439
BLZ,1969,62.77
BMU,1969,68.211
BOL,1969,46.215
BRA,1969,56.748
BRB,1969,68.44
BRN,1969,63.553
BTN,1969,39.127
BWA,1969,54.684
CAF,1969,44.442
CAN,1969,72.5014634146341
CHE,1969,72.6126829268293
CHL,1969,61.905
CHN,1969,55.738
CIV,1969,43.643
CMR,1969,46.821
COD,1969,42.976
COG,1969,53.195
COL,1969,61.216
COM,1969,44.158
CPV,1969,53.736
CRI,1969,65.016
CUB,1969,67.936
CYM,1969,
CYP,1969,68.49
CZE,1969,69.3670731707317
DEU,1969,70.2288048780488
DJI,1969,46.982
DMA,1969,63.698
DNK,1969,73.2209756097561
DOM,1969,55.513
DZA,1969,42.781
ECU,1969,56.654
EGY,1969,49.797
ERI,1969,40.722
ESP,1969,71.0575609756098
EST,1969,69.2659024390244
ETH,1969,42.83
FIN,1969,69.5034146341464
FJI,1969,61.538
FRA,1969,71.4585365853659
FSM,1969,60.662
GAB,1969,51.957
GBR,1969,71.7219512195122
GEO,1969,64.205
GHA,1969,47.565
GIN,1969,38.723
GMB,1969,39.349
GNB,1969,37.746
GNQ,1969,30.076
GRC,1969,72.0043414634146
GRD,1969,65.857
GTM,1969,48.548
GUM,1969,64.545
GUY,1969,60.38
HKG,1969,70.5685609756098
HND,1969,53.896
HRV,1969,68.6602926829268
HTI,1969,46.915
HUN,1969,69.3146341463415
IDN,1969,52.354
IND,1969,47.857
IRL,1969,70.8528292682927
IRN,1969,49.438
IRQ,1969,59.32
ISL,1969,73.7763414634147
ISR,1969,70.9704878048781
ITA,1969,70.8119512195122
JAM,1969,66.381
JOR,1969,60.444
JPN,1969,71.8580487804878
KAZ,1969,60.1911707317073
KEN,1969,53.169
KGZ,1969,57.6715365853659
KHM,1969,46.241
KIR,1969,53.88
KNA,1969,60.824
KOR,1969,62.0510243902439
KWT,1969,65.677
LAO,1969,43.21
LBN,1969,66.697
LBR,1969,40.193
LBY,1969,53.996
LCA,1969,63.85
LIE,1969,
LKA,1969,63.993
LSO,1969,50.702
LTU,1969,70.9285365853659
LUX,1969,69.4807073170732
LVA,1969,69.7968292682927
MAC,1969,68.845
MAF,1969,70.733
MAR,1969,48.315
MDA,1969,63.873
MDG,1969,47.016
MDV,1969,44.275
MEX,1969,60.25
MHL,1969,58.227
MKD,1969,63.0265609756098
MLI,1969,32.045
MLT,1969,68.8092195121951
MMR,1969,50.342
MNE,1969,69.0066097560976
MNG,1969,52.004
MNP,1969,
MOZ,1969,41.71
MRT,1969,50.633
MUS,1969,59.855
MWI,1969,36.321
MYS,1969,62.644
NAM,1969,53.117
NCL,1969,62.5804878048781
NER,1969,36.354
NGA,1969,38.718
NIC,1969,54.324
NLD,1969,73.539512195122
NOR,1969,73.6634146341463
NPL,1969,42.334
NZL,1969,71.4731707317073
OMN,1969,46.684
PAK,1969,53.749
PAN,1969,64.662
PER,1969,55.255
PHL,1969,61.798
PLW,1969,
PNG,1969,51.414
POL,1969,69.719512195122
PRI,1969,70.999
PRK,1969,59.926
PRT,1969,66.2781707317073
PRY,1969,62.499
PSE,1969,
PYF,1969,62.173
QAT,1969,65.895
ROU,1969,66.6920731707317
RUS,1969,66.8762926829268
RWA,1969,47.398
SAU,1969,51.816
SDN,1969,45.147
SEN,1969,40.459
SGP,1969,68.6862682926829
SLB,1969,55.163
SLE,1969,38.249
SLV,1969,50.9
SOM,1969,45.37
SRB,1969,65.6410975609756
SSD,1969,26.086
STP,1969,55.08
SUR,1969,60.224
SVK,1969,69.7953902439024
SVN,1969,68.3609756097561
SWE,1969,74.0848780487805
SWZ,1969,50.318
SXM,1969,70.158
SYC,1969,
SYR,1969,59.878
TCA,1969,57.195
TCD,1969,40.265
TGO,1969,45.666
THA,1969,56.932
TJK,1969,56.484
TKM,1969,57.173
TLS,1969,36.712
TON,1969,62.737
TTO,1969,64.685
TUN,1969,52.523
TUR,1969,56.378
TUV,1969,54.198
TZA,1969,45.973
UGA,1969,49.511
UKR,1969,68.9756097560976
URY,1969,68.815
USA,1969,70.5073170731708
UZB,1969,60.716
VCT,1969,68.178
VEN,1969,63.224
VGB,1969,65.469
VIR,1969,65.7591951219512
VNM,1969,56.151
VUT,1969,54.591
WSM,1969,59.64
YEM,1969,39.474
ZAF,1969,55.194
ZMB,1969,51.147
ZWE,1969,56.714
AFG,1970,37.418
AGO,1970,40.19
ALB,1970,64.824
ARE,1970,60.021
ARG,1970,65.589
ARM,1970,63.873
ASM,1970,
ATG,1970,70.058
AUS,1970,71.0185365853659
AUT,1970,69.9146341463415
AZE,1970,59.018
BDI,1970,43.041
BEL,1970,70.9719512195122
BEN,1970,42.189
BFA,1970,39.239
BGD,1970,42.587
BGR,1970,71.2563414634146
BHR,1970,64.45
BHS,1970,65.926
BIH,1970,66.688
BLR,1970,70.7444878048781
BLZ,1970,63.468
BMU,1970,69.478
BOL,1970,46.597
BRA,1970,57.171
BRB,1970,68.272
BRN,1970,64.11
BTN,1970,39.953
BWA,1970,55.197
CAF,1970,45.072
CAN,1970,72.7004878048781
CHE,1970,73.020243902439
CHL,1970,62.491
CHN,1970,56.607
CIV,1970,44.325
CMR,1970,47.583
COD,1970,43.284
COG,1970,53.634
COL,1970,61.569
COM,1970,44.863
CPV,1970,54.333
CRI,1970,65.361
CUB,1970,68.398
CYM,1970,
CYP,1970,68.927
CZE,1970,69.440243902439
DEU,1970,70.4471951219512
DJI,1970,47.511
DMA,1970,65.468
DNK,1970,73.3434146341463
DOM,1970,56.145
DZA,1970,43.16
ECU,1970,57.152
EGY,1970,50.013
ERI,1970,41.09
ESP,1970,72.0273170731707
EST,1970,69.4100975609756
ETH,1970,42.815
FIN,1970,70.179512195122
FJI,1970,61.713
FRA,1970,71.6585365853659
FSM,1970,61.035
GAB,1970,52.555
GBR,1970,71.9731707317073
GEO,1970,64.431
GHA,1970,47.805
GIN,1970,39.008
GMB,1970,39.871
GNB,1970,38.025
GNQ,1970,30.248
GRC,1970,72.7708048780488
GRD,1970,66.216
GTM,1970,49.439
GUM,1970,64.825
GUY,1970,60.469
HKG,1970,71.0499512195122
HND,1970,54.44
HRV,1970,68.8126341463415
HTI,1970,47.337
HUN,1970,69.1646341463415
IDN,1970,52.992
IND,1970,48.241
IRL,1970,70.9015609756098
IRN,1970,50.204
IRQ,1970,60.186
ISL,1970,73.9339024390244
ISR,1970,71.2134146341463
ITA,1970,71.5587804878049
JAM,1970,66.702
JOR,1970,59.87
JPN,1970,71.919756097561
KAZ,1970,60.4229756097561
KEN,1970,53.575
KGZ,1970,58.0053170731707
KHM,1970,39.129
KIR,1970,54.527
KNA,1970,61.291
KOR,1970,62.1634146341463
KWT,1970,66.53
LAO,1970,43.563
LBN,1970,66.759
LBR,1970,40.599
LBY,1970,55.189
LCA,1970,64.267
LIE,1970,
LKA,1970,65.267
LSO,1970,51.012
LTU,1970,70.8043902439024
LUX,1970,69.5932195121951
LVA,1970,69.8353658536586
MAC,1970,69.198
MAF,1970,71.569
MAR,1970,48.807
MDA,1970,63.885
MDG,1970,47.507
MDV,1970,45.068
MEX,1970,60.69
MHL,1970,58.538
MKD,1970,63.7193902439024
MLI,1970,32.532
MLT,1970,69.0655609756098
MMR,1970,50.713
MNE,1970,69.0921951219512
MNG,1970,52.678
MNP,1970,
MOZ,1970,41.755
MRT,1970,51.038
MUS,1970,61.0003658536585
MWI,1970,36.731
MYS,1970,63.111
NAM,1970,53.63
NCL,1970,63.0292682926829
NER,1970,36.062
NGA,1970,39.713
NIC,1970,54.95
NLD,1970,73.5856097560976
NOR,1970,74.0880487804878
NPL,1970,42.827
NZL,1970,71.2731707317073
OMN,1970,47.678
PAK,1970,54.76
PAN,1970,65.083
PER,1970,47.16
PHL,1970,61.692
PLW,1970,
PNG,1970,52.127
POL,1970,69.8682926829268
PRI,1970,71.048
PRK,1970,60.571
PRT,1970,67.0731707317073
PRY,1970,62.684
PSE,1970,
PYF,1970,62.429
QAT,1970,66.532
ROU,1970,67.4824146341464
RUS,1970,68.1336585365854
RWA,1970,47.153
SAU,1970,52.715
SDN,1970,45.534
SEN,1970,40.825
SGP,1970,68.9131219512195
SLB,1970,56.072
SLE,1970,38.793
SLV,1970,51.41
SOM,1970,45.557
SRB,1970,66.0954634146342
SSD,1970,26.399
STP,1970,56.516
SUR,1970,60.402
SVK,1970,69.7125853658537
SVN,1970,68.609756097561
SWE,1970,74.6492682926829
SWZ,1970,50.804
SXM,1970,71.907
SYC,1970,
SYR,1970,60.527
TCA,1970,56.31
TCD,1970,40.603
TGO,1970,46.12
THA,1970,57.711
TJK,1970,56.809
TKM,1970,57.663
TLS,1970,37.166
TON,1970,63.232
TTO,1970,65.057
TUN,1970,53.87
TUR,1970,56.895
TUV,1970,54.94
TZA,1970,46.45
UGA,1970,49.616
UKR,1970,68.8089756097561
URY,1970,68.904
USA,1970,70.8073170731707
UZB,1970,60.934
VCT,1970,68.57
VEN,1970,64.299
VGB,1970,66.609
VIR,1970,65.8386829268293
VNM,1970,56.222
VUT,1970,55.186
WSM,1970,60.18
YEM,1970,40.501
ZAF,1970,55.579
ZMB,1970,51.493
ZWE,1970,57.032
AFG,1971,37.923
AGO,1971,40.554
ALB,1971,65.618
ARE,1971,61.211
ARG,1971,65.541
ARM,1971,64.208
ASM,1971,
ATG,1971,70.683
AUS,1971,71.0682926829268
AUT,1971,70.1146341463415
AZE,1971,59.353
BDI,1971,42.965
BEL,1971,71.0604878048781
BEN,1971,42.581
BFA,1971,39.559
BGD,1971,25.996
BGR,1971,70.8736585365854
BHR,1971,65.607
BHS,1971,66.151
BIH,1971,67.163
BLR,1971,71.0117073170732
BLZ,1971,64.204
BMU,1971,68.502
BOL,1971,47.061
BRA,1971,57.586
BRB,1971,68.598
BRN,1971,64.699
BTN,1971,40.753
BWA,1971,55.745
CAF,1971,45.688
CAN,1971,73.0292682926829
CHE,1971,73.1307317073171
CHL,1971,62.732
CHN,1971,57.565
CIV,1971,44.992
CMR,1971,48.251
COD,1971,43.656
COG,1971,54.043
COL,1971,62.051
COM,1971,45.581
CPV,1971,54.813
CRI,1971,66.301
CUB,1971,68.918
CYM,1971,
CYP,1971,69.33
CZE,1971,69.6770731707317
DEU,1971,70.676756097561
DJI,1971,47.358
DMA,1971,64.335
DNK,1971,73.4146341463415
DOM,1971,56.782
DZA,1971,43.67
ECU,1971,57.633
EGY,1971,50.386
ERI,1971,41.483
ESP,1971,71.630243902439
EST,1971,69.8151707317073
ETH,1971,42.892
FIN,1971,70.0175609756098
FJI,1971,61.796
FRA,1971,71.9073170731707
FSM,1971,61.518
GAB,1971,53.073
GBR,1971,72.2731707317073
GEO,1971,64.753
GHA,1971,47.798
GIN,1971,39.308
GMB,1971,40.347
GNB,1971,38.368
GNQ,1971,36.263
GRC,1971,73.0095609756098
GRD,1971,66.479
GTM,1971,50.484
GUM,1971,65.193
GUY,1971,60.555
HKG,1971,71.4680487804878
HND,1971,54.966
HRV,1971,69.1401707317073
HTI,1971,47.719
HUN,1971,69.0524390243903
IDN,1971,53.576
IND,1971,48.632
IRL,1971,71.6758536585366
IRN,1971,51.124
IRQ,1971,60.909
ISL,1971,73.5704878048781
ISR,1971,71.7190243902439
ITA,1971,71.8068292682927
JAM,1971,66.795
JOR,1971,61.612
JPN,1971,72.8090243902439
KAZ,1971,60.6475609756098
KEN,1971,54.258
KGZ,1971,58.3039268292683
KHM,1971,39.507
KIR,1971,55.097
KNA,1971,60.747
KOR,1971,62.6121951219512
KWT,1971,67.058
LAO,1971,43.983
LBN,1971,66.823
LBR,1971,40.94
LBY,1971,56.337
LCA,1971,64.548
LIE,1971,
LKA,1971,65.922
LSO,1971,51.293
LTU,1971,71.7353658536585
LUX,1971,69.195243902439
LVA,1971,70.1646341463415
MAC,1971,69.582
MAF,1971,71.453
MAR,1971,49.243
MDA,1971,63.799
MDG,1971,47.889
MDV,1971,46.125
MEX,1971,61.155
MHL,1971,58.934
MKD,1971,64.6176097560976
MLI,1971,32.937
MLT,1971,69.2225365853659
MMR,1971,51.215
MNE,1971,69.5301707317073
MNG,1971,53.345
MNP,1971,
MOZ,1971,41.739
MRT,1971,51.387
MUS,1971,60.9889756097561
MWI,1971,37.239
MYS,1971,63.584
NAM,1971,54.237
NCL,1971,63.4780487804878
NER,1971,35.293
NGA,1971,40.48
NIC,1971,55.322
NLD,1971,73.809512195122
NOR,1971,74.1792682926829
NPL,1971,43.312
NZL,1971,71.7731707317073
OMN,1971,48.934
PAK,1971,50.35
PAN,1971,65.787
PER,1971,56.163
PHL,1971,61.988
PLW,1971,
PNG,1971,52.579
POL,1971,69.6121951219512
PRI,1971,71.198
PRK,1971,61.176
PRT,1971,66.7707317073171
PRY,1971,62.803
PSE,1971,
PYF,1971,62.681
QAT,1971,67.133
ROU,1971,68.5041463414634
RUS,1971,68.3765853658537
RWA,1971,46.829
SAU,1971,53.773
SDN,1971,49.646
SEN,1971,41.219
SGP,1971,69.1883414634146
SLB,1971,56.978
SLE,1971,39.269
SLV,1971,52.241
SOM,1971,45.747
SRB,1971,66.5294390243903
SSD,1971,31.582
STP,1971,56.841
SUR,1971,60.392
SVK,1971,69.8625609756098
SVN,1971,68.8341463414634
SWE,1971,74.6239024390244
SWZ,1971,51.31
SXM,1971,71.437
SYC,1971,
SYR,1971,61.37
TCA,1971,56.28
TCD,1971,40.19
TGO,1971,46.587
THA,1971,58.524
TJK,1971,57.23
TKM,1971,58.038
TLS,1971,37.722
TON,1971,63.661
TTO,1971,65.283
TUN,1971,54.835
TUR,1971,57.409
TUV,1971,55.708
TZA,1971,46.917
UGA,1971,46.93
UKR,1971,69.037756097561
URY,1971,68.969
USA,1971,71.1073170731707
UZB,1971,61.325
VCT,1971,68.733
VEN,1971,64.933
VGB,1971,67.09
VIR,1971,66.1832195121951
VNM,1971,56.749
VUT,1971,55.766
WSM,1971,60.704
YEM,1971,41.542
ZAF,1971,55.955
ZMB,1971,52.023
ZWE,1971,57.196
AFG,1972,38.444
AGO,1972,40.905
ALB,1972,66.422
ARE,1972,62.304
ARG,1972,65.923
ARM,1972,64.535
ASM,1972,
ATG,1972,71.016
AUS,1972,71.4575609756098
AUT,1972,70.4634146341463
AZE,1972,59.803
BDI,1972,25.613
BEL,1972,71.4051219512195
BEN,1972,43.158
BFA,1972,40.053
BGD,1972,49.591
BGR,1972,70.899512195122
BHR,1972,66.373
BHS,1972,66.413
BIH,1972,67.672
BLR,1972,70.8493170731708
BLZ,1972,64.453
BMU,1972,69.961
BOL,1972,47.497
BRA,1972,58.032
BRB,1972,68.929
BRN,1972,65.35
BTN,1972,41.586
BWA,1972,56.3
CAF,1972,46.294
CAN,1972,72.9339024390244
CHE,1972,73.6443902439024
CHL,1972,62.281
CHN,1972,58.418
CIV,1972,45.724
CMR,1972,48.9
COD,1972,43.933
COG,1972,54.36
COL,1972,62.569
COM,1972,46.305
CPV,1972,55.309
CRI,1972,66.716
CUB,1972,69.462
CYM,1972,
CYP,1972,69.811
CZE,1972,70.1765853658537
DEU,1972,70.9067073170732
DJI,1972,48.528
DMA,1972,67.11
DNK,1972,73.4390243902439
DOM,1972,57.417
DZA,1972,44.346
ECU,1972,58.205
EGY,1972,50.765
ERI,1972,41.848
ESP,1972,72.8180487804878
EST,1972,69.5921463414634
ETH,1972,41.55
FIN,1972,70.7073170731707
FJI,1972,61.784
FRA,1972,72.1073170731707
FSM,1972,61.781
GAB,1972,53.605
GBR,1972,72.1243902439024
GEO,1972,65.072
GHA,1972,48.026
GIN,1972,39.673
GMB,1972,40.915
GNB,1972,38.698
GNQ,1972,43.284
GRC,1972,72.7826829268293
GRD,1972,66.822
GTM,1972,51.638
GUM,1972,65.351
GUY,1972,60.636
HKG,1972,71.4509756097561
HND,1972,55.607
HRV,1972,69.4417804878049
HTI,1972,47.945
HUN,1972,69.6646341463415
IDN,1972,54.242
IND,1972,49.025
IRL,1972,71.021756097561
IRN,1972,51.659
IRQ,1972,61.388
ISL,1972,74.4558536585366
ISR,1972,71.0780487804878
ITA,1972,72.0753658536586
JAM,1972,67.102
JOR,1972,62.349
JPN,1972,73.1536585365854
KAZ,1972,60.9949512195122
KEN,1972,55.012
KGZ,1972,58.614756097561
KHM,1972,40.224
KIR,1972,55.476
KNA,1972,60.187
KOR,1972,63.009756097561
KWT,1972,67.421
LAO,1972,44.249
LBN,1972,66.907
LBR,1972,41.482
LBY,1972,57.49
LCA,1972,64.648
LIE,1972,
LKA,1972,65.828
LSO,1972,51.722
LTU,1972,71.0246341463415
LUX,1972,70.3215853658537
LVA,1972,69.8787804878049
MAC,1972,70.044
MAF,1972,71.631
MAR,1972,49.719
MDA,1972,63.949
MDG,1972,48.337
MDV,1972,47.112
MEX,1972,61.614
MHL,1972,59.352
MKD,1972,65.5491463414634
MLI,1972,33.86
MLT,1972,70.7243902439024
MMR,1972,51.498
MNE,1972,70.3741951219512
MNG,1972,54.016
MNP,1972,
MOZ,1972,41.59
MRT,1972,51.656
MUS,1972,60.7334634146342
MWI,1972,37.904
MYS,1972,64.083
NAM,1972,54.781
NCL,1972,63.9268292682927
NER,1972,35.632
NGA,1972,41.273
NIC,1972,48.626
NLD,1972,73.7270731707317
NOR,1972,74.3446341463415
NPL,1972,43.689
NZL,1972,71.8292682926829
OMN,1972,49.571
PAK,1972,55.239
PAN,1972,66.457
PER,1972,56.737
PHL,1972,61.831
PLW,1972,
PNG,1972,53.215
POL,1972,70.6658536585366
PRI,1972,71.302
PRK,1972,61.807
PRT,1972,68.3243902439024
PRY,1972,62.935
PSE,1972,
PYF,1972,62.936
QAT,1972,67.612
ROU,1972,68.470243902439
RUS,1972,68.3085365853659
RWA,1972,46.498
SAU,1972,54.792
SDN,1972,49.925
SEN,1972,41.753
SGP,1972,69.3467804878049
SLB,1972,57.797
SLE,1972,39.767
SLV,1972,53.019
SOM,1972,45.94
SRB,1972,67.1144390243903
SSD,1972,31.907
STP,1972,57.349
SUR,1972,60.507
SVK,1972,70.2982195121951
SVN,1972,69.0585365853659
SWE,1972,74.7180487804878
SWZ,1972,51.821
SXM,1972,71.736
SYC,1972,
SYR,1972,61.9
TCA,1972,57.391
TCD,1972,41.399
TGO,1972,47.089
THA,1972,59.051
TJK,1972,57.637
TKM,1972,58.425
TLS,1972,38.318
TON,1972,63.983
TTO,1972,64.947
TUN,1972,56.107
TUR,1972,58.069
TUV,1972,54.364
TZA,1972,47.324
UGA,1972,46.967
UKR,1972,68.9172926829269
URY,1972,68.933
USA,1972,71.1560975609756
UZB,1972,61.627
VCT,1972,68.499
VEN,1972,65.42
VGB,1972,67.143
VIR,1972,66.3898780487805
VNM,1972,53.103
VUT,1972,56.271
WSM,1972,61.23
YEM,1972,42.46
ZAF,1972,56.272
ZMB,1972,52.629
ZWE,1972,57.401
AFG,1973,39.003
AGO,1973,41.27
ALB,1973,67.14
ARE,1973,63.351
ARG,1973,66.323
ARM,1973,64.611
ASM,1973,
ATG,1973,71.349
AUS,1973,71.8468292682927
AUT,1973,71.0146341463415
AZE,1973,60.045
BDI,1973,37.275
BEL,1973,71.6353658536586
BEN,1973,43.596
BFA,1973,40.548
BGD,1973,49.828
BGR,1973,71.3421951219512
BHR,1973,67.183
BHS,1973,66.488
BIH,1973,68.216
BLR,1973,71.0006585365854
BLZ,1973,64.622
BMU,1973,71.888
BOL,1973,47.975
BRA,1973,58.472
BRB,1973,69.167
BRN,1973,65.963
BTN,1973,42.451
BWA,1973,56.861
CAF,1973,46.854
CAN,1973,73.1626829268293
CHE,1973,73.9409756097561
CHL,1973,63.905
CHN,1973,59.389
CIV,1973,46.556
CMR,1973,49.324
COD,1973,44.096
COG,1973,54.7
COL,1973,63.06
COM,1973,46.881
CPV,1973,56.008
CRI,1973,67.953
CUB,1973,70.02
CYM,1973,
CYP,1973,70.163
CZE,1973,70.0226829268293
DEU,1973,71.1128048780488
DJI,1973,49.119
DMA,1973,68.049
DNK,1973,73.6821951219512
DOM,1973,58.042
DZA,1973,45.079
ECU,1973,58.837
EGY,1973,50.852
ERI,1973,42.252
ESP,1973,72.6107317073171
EST,1973,69.7994634146342
ETH,1973,41.635
FIN,1973,71.2236585365854
FJI,1973,61.022
FRA,1973,72.3560975609756
FSM,1973,62.139
GAB,1973,54.057
GBR,1973,72.3243902439024
GEO,1973,65.421
GHA,1973,48.398
GIN,1973,39.891
GMB,1973,41.394
GNB,1973,39.034
GNQ,1973,43.477
GRC,1973,72.9819756097561
GRD,1973,67.217
GTM,1973,53.003
GUM,1973,65.752
GUY,1973,60.683
HKG,1973,72.090243902439
HND,1973,54.415
HRV,1973,69.848487804878
HTI,1973,48.208
HUN,1973,69.5180487804878
IDN,1973,54.85
IND,1973,49.539
IRL,1973,71.2399756097561
IRN,1973,52.946
IRQ,1973,62.03
ISL,1973,74.4509756097561
ISR,1973,71.6934146341464
ITA,1973,72.0263414634146
JAM,1973,67.551
JOR,1973,62.908
JPN,1973,73.2951219512195
KAZ,1973,61.2773902439024
KEN,1973,55.677
KGZ,1973,58.9906829268293
KHM,1973,40.024
KIR,1973,55.971
KNA,1973,60.275
KOR,1973,63.4073170731707
KWT,1973,67.578
LAO,1973,44.477
LBN,1973,67.229
LBR,1973,41.91
LBY,1973,58.287
LCA,1973,64.831
LIE,1973,
LKA,1973,65.939
LSO,1973,52.12
LTU,1973,71.3321951219512
LUX,1973,70.2403658536585
LVA,1973,69.8134146341464
MAC,1973,70.568
MAF,1973,71.82
MAR,1973,50.171
MDA,1973,64.163
MDG,1973,48.825
MDV,1973,48.214
MEX,1973,62.055
MHL,1973,59.747
MKD,1973,65.9361219512195
MLI,1973,34.565
MLT,1973,70.4687073170732
MMR,1973,51.87
MNE,1973,70.5930731707317
MNG,1973,54.631
MNP,1973,
MOZ,1973,41.707
MRT,1973,51.898
MUS,1973,61.0567073170732
MWI,1973,38.544
MYS,1973,64.62
NAM,1973,55.374
NCL,1973,64.3756097560976
NER,1973,35.704
NGA,1973,42.011
NIC,1973,55.725
NLD,1973,74.1439024390244
NOR,1973,74.4421951219512
NPL,1973,44.044
NZL,1973,71.6682926829268
OMN,1973,50.859
PAK,1973,55.486
PAN,1973,67.087
PER,1973,57.085
PHL,1973,61.641
PLW,1973,
PNG,1973,53.869
POL,1973,70.6634146341463
PRI,1973,71.581
PRK,1973,62.386
PRT,1973,67.5243902439024
PRY,1973,63.066
PSE,1973,
PYF,1973,63.206
QAT,1973,68.049
ROU,1973,69.0056097560976
RUS,1973,68.2946341463415
RWA,1973,45.905
SAU,1973,55.932
SDN,1973,53.069
SEN,1973,42.557
SGP,1973,69.7398048780488
SLB,1973,58.594
SLE,1973,40.217
SLV,1973,54.048
SOM,1973,46.131
SRB,1973,67.5273902439024
SSD,1973,36.479
STP,1973,57.941
SUR,1973,60.697
SVK,1973,70.0213902439024
SVN,1973,69.4048780487805
SWE,1973,74.8673170731707
SWZ,1973,52.468
SXM,1973,72.096
SYC,1973,
SYR,1973,60.691
TCA,1973,60.172
TCD,1973,41.78
TGO,1973,47.597
THA,1973,59.836
TJK,1973,57.94
TKM,1973,58.832
TLS,1973,38.994
TON,1973,64.242
TTO,1973,65.561
TUN,1973,57.2
TUR,1973,58.521
TUV,1973,57.197
TZA,1973,47.978
UGA,1973,46.84
UKR,1973,69.0430975609756
URY,1973,69.096
USA,1973,71.3560975609756
UZB,1973,61.676
VCT,1973,68.583
VEN,1973,65.936
VGB,1973,67.809
VIR,1973,67.0704878048781
VNM,1973,56.786
VUT,1973,56.95
WSM,1973,61.747
YEM,1973,43.348
ZAF,1973,56.722
ZMB,1973,53.3
ZWE,1973,57.367
AFG,1974,39.55
AGO,1974,41.652
ALB,1974,67.769
ARE,1974,64.338
ARG,1974,66.563
ARM,1974,64.825
ASM,1974,
ATG,1974,71.747
AUS,1974,72.2360975609756
AUT,1974,71.0121951219512
AZE,1974,60.228
BDI,1974,43.012
BEL,1974,71.9858536585366
BEN,1974,44.085
BFA,1974,41.354
BGD,1974,49.16
BGR,1974,71.2080487804878
BHR,1974,67.864
BHS,1974,67.001
BIH,1974,68.862
BLR,1974,70.8546829268293
BLZ,1974,65.03
BMU,1974,72.394
BOL,1974,48.446
BRA,1974,58.881
BRB,1974,69.519
BRN,1974,66.528
BTN,1974,43.265
BWA,1974,57.424
CAF,1974,47.402
CAN,1974,73.2375609756098
CHE,1974,74.2870731707317
CHL,1974,64.901
CHN,1974,60.168
CIV,1974,47.506
CMR,1974,49.571
COD,1974,44.41
COG,1974,55.059
COL,1974,63.64
COM,1974,47.474
CPV,1974,56.837
CRI,1974,68.454
CUB,1974,70.57
CYM,1974,
CYP,1974,55.23
CZE,1974,70.0865853658537
DEU,1974,71.4189268292683
DJI,1974,49.524
DMA,1974,68.785
DNK,1974,73.8082926829268
DOM,1974,58.65
DZA,1974,46.034
ECU,1974,59.526
EGY,1974,51.838
ERI,1974,42.243
ESP,1974,72.969756097561
EST,1974,70.0786097560976
ETH,1974,39.453
FIN,1974,71.1348780487805
FJI,1974,61.686
FRA,1974,72.6048780487805
FSM,1974,62.499
GAB,1974,54.567
GBR,1974,72.5243902439024
GEO,1974,65.591
GHA,1974,48.777
GIN,1974,40.137
GMB,1974,41.954
GNB,1974,41.757
GNQ,1974,40.186
GRC,1974,73.4155853658537
GRD,1974,67.583
GTM,1974,54.039
GUM,1974,66.01
GUY,1974,60.76
HKG,1974,72.5978048780488
HND,1974,52.313
HRV,1974,70.1436585365854
HTI,1974,48.419
HUN,1974,69.2480487804878
IDN,1974,55.429
IND,1974,50.244
IRL,1974,71.1755609756098
IRN,1974,53.854
IRQ,1974,60.898
ISL,1974,74.5117073170732
ISR,1974,71.6617073170732
ITA,1974,72.7343902439025
JAM,1974,67.838
JOR,1974,63.434
JPN,1974,73.6721951219512
KAZ,1974,61.5249756097561
KEN,1974,55.634
KGZ,1974,59.3270487804878
KHM,1974,39.803
KIR,1974,56.266
KNA,1974,61.722
KOR,1974,63.8048780487805
KWT,1974,67.93
LAO,1974,45.532
LBN,1974,67.294
LBR,1974,42.383
LBY,1974,59.588
LCA,1974,65.564
LIE,1974,
LKA,1974,65.999
LSO,1974,52.372
LTU,1974,71.2441463414634
LUX,1974,70.1571707317073
LVA,1974,69.7409756097561
MAC,1974,70.995
MAF,1974,71.961
MAR,1974,50.673
MDA,1974,64.211
MDG,1974,49.218
MDV,1974,49.359
MEX,1974,62.459
MHL,1974,60.081
MKD,1974,66.592
MLI,1974,35.426
MLT,1974,71.5136341463415
MMR,1974,52.246
MNE,1974,71.220756097561
MNG,1974,55.215
MNP,1974,
MOZ,1974,42.065
MRT,1974,52.184
MUS,1974,61.643756097561
MWI,1974,39.271
MYS,1974,65.209
NAM,1974,55.893
NCL,1974,64.8243902439024
NER,1974,36.003
NGA,1974,42.791
NIC,1974,55.85
NLD,1974,74.5368292682927
NOR,1974,74.7536585365854
NPL,1974,44.464
NZL,1974,71.9243902439024
OMN,1974,52.098
PAK,1974,55.472
PAN,1974,67.653
PER,1974,57.483
PHL,1974,61.68
PLW,1974,
PNG,1974,54.48
POL,1974,71.1170731707317
PRI,1974,71.634
PRK,1974,62.962
PRT,1974,68.019512195122
PRY,1974,63.233
PSE,1974,
PYF,1974,63.501
QAT,1974,68.552
ROU,1974,69.499756097561
RUS,1974,68.320243902439
RWA,1974,45.304
SAU,1974,57.017
SDN,1974,53.23
SEN,1974,43.211
SGP,1974,70.2013414634146
SLB,1974,59.356
SLE,1974,40.691
SLV,1974,54.668
SOM,1974,43.818
SRB,1974,68.0056829268293
SSD,1974,36.514
STP,1974,58.042
SUR,1974,60.841
SVK,1974,70.1781707317073
SVN,1974,70.1609756097561
SWE,1974,74.9804878048781
SWZ,1974,53.086
SXM,1974,72.309
SYC,1974,
SYR,1974,63.119
TCA,1974,64.501
TCD,1974,41.785
TGO,1974,48.099
THA,1974,60.552
TJK,1974,58.449
TKM,1974,59.256
TLS,1974,36.877
TON,1974,64.595
TTO,1974,66.848
TUN,1974,58.282
TUR,1974,59.051
TUV,1974,57.946
TZA,1974,48.306
UGA,1974,46.612
UKR,1974,68.9340243902439
URY,1974,69.193
USA,1974,71.9560975609756
UZB,1974,62.006
VCT,1974,69.079
VEN,1974,66.526
VGB,1974,68.025
VIR,1974,67.2836829268293
VNM,1974,55.83
VUT,1974,57.515
WSM,1974,62.25
YEM,1974,44.325
ZAF,1974,57.117
ZMB,1974,53.87
ZWE,1974,57.494
AFG,1975,40.1
AGO,1975,41.191
ALB,1975,68.328
ARE,1975,65.08
ARG,1975,67.081
ARM,1975,64.962
ASM,1975,
ATG,1975,71.977
AUS,1975,72.6253658536586
AUT,1975,71.1146341463415
AZE,1975,60.337
BDI,1975,42.982
BEL,1975,71.9712195121951
BEN,1975,44.681
BFA,1975,42.307
BGD,1975,50.292
BGR,1975,71.049756097561
BHR,1975,68.466
BHS,1975,67.221
BIH,1975,69.405
BLR,1975,70.4570975609756
BLZ,1975,65.942
BMU,1975,72.573
BOL,1975,48.826
BRA,1975,59.353
BRB,1975,69.921
BRN,1975,67.107
BTN,1975,44.09
BWA,1975,57.998
CAF,1975,47.913
CAN,1975,73.5217073170732
CHE,1975,74.6656097560976
CHL,1975,66.279
CHN,1975,60.917
CIV,1975,48.346
CMR,1975,49.718
COD,1975,44.471
COG,1975,55.323
COL,1975,64.27
COM,1975,46.628
CPV,1975,57.89
CRI,1975,69.4
CUB,1975,71.079
CYM,1975,
CYP,1975,70.518
CZE,1975,70.4146341463415
DEU,1975,71.259243902439
DJI,1975,49.87
DMA,1975,69.171
DNK,1975,74.0751219512195
DOM,1975,59.236
DZA,1975,46.972
ECU,1975,60.232
EGY,1975,52.591
ERI,1975,42.24
ESP,1975,73.3187804878049
EST,1975,69.3543658536585
ETH,1975,39.356
FIN,1975,71.6736585365854
FJI,1975,61.852
FRA,1975,72.8536585365854
FSM,1975,62.802
GAB,1975,55.035
GBR,1975,72.7243902439024
GEO,1975,65.874
GHA,1975,49.246
GIN,1975,40.591
GMB,1975,42.444
GNB,1975,42.053
GNQ,1975,35.812
GRC,1975,73.3763658536586
GRD,1975,67.971
GTM,1975,54.824
GUM,1975,66.577
GUY,1975,60.819
HKG,1975,73.3621951219512
HND,1975,57.548
HRV,1975,70.0019512195122
HTI,1975,48.681
HUN,1975,69.29
IDN,1975,55.968
IND,1975,50.812
IRL,1975,71.7530487804878
IRN,1975,54.761
IRQ,1975,61.464
ISL,1975,75.5787804878049
ISR,1975,72.0451219512195
ITA,1975,72.6473170731708
JAM,1975,68.048
JOR,1975,63.961
JPN,1975,74.2470731707317
KAZ,1975,61.7906097560976
KEN,1975,55.826
KGZ,1975,59.461756097561
KHM,1975,11.995
KIR,1975,56.471
KNA,1975,63.098
KOR,1975,64.1536585365854
KWT,1975,67.892
LAO,1975,45.892
LBN,1975,58.128
LBR,1975,42.774
LBY,1975,60.81
LCA,1975,65.921
LIE,1975,
LKA,1975,66.237
LSO,1975,52.987
LTU,1975,70.8673170731707
LUX,1975,70.2986097560976
LVA,1975,68.9253658536585
MAC,1975,71.419
MAF,1975,72.118
MAR,1975,51.244
MDA,1975,64.348
MDG,1975,49.527
MDV,1975,50.519
MEX,1975,62.81
MHL,1975,60.297
MKD,1975,66.9877804878049
MLI,1975,36.225
MLT,1975,71.5316341463415
MMR,1975,52.516
MNE,1975,71.174243902439
MNG,1975,55.65
MNP,1975,
MOZ,1975,42.582
MRT,1975,52.65
MUS,1975,62.3558048780488
MWI,1975,40.222
MYS,1975,65.712
NAM,1975,56.547
NCL,1975,65.2731707317073
NER,1975,36.588
NGA,1975,43.662
NIC,1975,56.036
NLD,1975,74.4987804878049
NOR,1975,74.8175609756098
NPL,1975,45.04
NZL,1975,72.219512195122
OMN,1975,53.297
PAK,1975,55.905
PAN,1975,68.079
PER,1975,57.905
PHL,1975,61.704
PLW,1975,
PNG,1975,55.039
POL,1975,70.5609756097561
PRI,1975,71.92
PRK,1975,63.526
PRT,1975,68.309756097561
PRY,1975,63.445
PSE,1975,
PYF,1975,63.889
QAT,1975,69.008
ROU,1975,69.6139024390244
RUS,1975,67.7239024390244
RWA,1975,44.698
SAU,1975,58.068
SDN,1975,53.377
SEN,1975,44.099
SGP,1975,70.7834390243902
SLB,1975,58.078
SLE,1975,41.173
SLV,1975,54.875
SOM,1975,44.182
SRB,1975,68.182243902439
SSD,1975,36.746
STP,1975,58.263
SUR,1975,61.049
SVK,1975,70.3050487804878
SVN,1975,70.3585365853659
SWE,1975,74.9846341463415
SWZ,1975,53.824
SXM,1975,72.579
SYC,1975,
SYR,1975,63.538
TCA,1975,67.985
TCD,1975,41.872
TGO,1975,48.729
THA,1975,61.272
TJK,1975,58.876
TKM,1975,59.525
TLS,1975,24.834
TON,1975,64.844
TTO,1975,66.786
TUN,1975,59.468
TUR,1975,59.497
TUV,1975,58.535
TZA,1975,48.722
UGA,1975,46.267
UKR,1975,69.0463170731707
URY,1975,69.335
USA,1975,72.6048780487805
UZB,1975,62.181
VCT,1975,69.367
VEN,1975,67.075
VGB,1975,67.834
VIR,1975,67.4678048780488
VNM,1975,62.882
VUT,1975,58.087
WSM,1975,62.764
YEM,1975,45.245
ZAF,1975,57.512
ZMB,1975,54.239
ZWE,1975,57.552
AFG,1976,40.645
AGO,1976,41.163
ALB,1976,68.704
ARE,1976,65.82
ARG,1976,67.228
ARM,1976,65.161
ASM,1976,
ATG,1976,72.359
AUS,1976,73.0146341463415
AUT,1976,71.5658536585366
AZE,1976,60.521
BDI,1976,43.144
BEL,1976,72.119756097561
BEN,1976,45.488
BFA,1976,43.245
BGD,1976,50.647
BGR,1976,71.3948780487805
BHR,1976,69.118
BHS,1976,67.84
BIH,1976,69.648
BLR,1976,70.3968292682927
BLZ,1976,66.268
BMU,1976,71.862
BOL,1976,49.264
BRA,1976,59.792
BRB,1976,70.208
BRN,1976,67.608
BTN,1976,44.947
BWA,1976,58.583
CAF,1976,48.395
CAN,1976,73.8560975609756
CHE,1976,74.7853658536585
CHL,1976,65.855
CHN,1976,61.796
CIV,1976,49.291
CMR,1976,49.88
COD,1976,44.656
COG,1976,55.602
COL,1976,64.845
COM,1976,48.523
CPV,1976,58.65
CRI,1976,70.294
CUB,1976,71.524
CYM,1976,
CYP,1976,71.04
CZE,1976,70.5326829268293
DEU,1976,71.7122195121951
DJI,1976,50.058
DMA,1976,68.985
DNK,1976,73.739756097561
DOM,1976,59.791
DZA,1976,47.985
ECU,1976,60.89
EGY,1976,53.365
ERI,1976,42.656
ESP,1976,73.6426829268293
EST,1976,68.9256829268293
ETH,1976,41.895
FIN,1976,71.8129268292683
FJI,1976,61.975
FRA,1976,73.1024390243903
FSM,1976,63.092
GAB,1976,55.569
GBR,1976,72.7756097560976
GEO,1976,66.029
GHA,1976,49.764
GIN,1976,41.024
GMB,1976,43.039
GNB,1976,42.419
GNQ,1976,28.921
GRC,1976,73.634
GRD,1976,68.151
GTM,1976,49.169
GUM,1976,67.032
GUY,1976,60.892
HKG,1976,72.7890243902439
HND,1976,58.158
HRV,1976,70.4553658536585
HTI,1976,48.956
HUN,1976,69.5731707317073
IDN,1976,56.514
IND,1976,51.388
IRL,1976,71.8566097560976
IRN,1976,55.7
IRQ,1976,63.715
ISL,1976,76.9721951219512
ISR,1976,72.9560975609756
ITA,1976,72.9919512195122
JAM,1976,68.425
JOR,1976,64.49
JPN,1976,74.6865853658537
KAZ,1976,61.6403414634146
KEN,1976,55.895
KGZ,1976,59.6655853658537
KHM,1976,12.013
KIR,1976,56.628
KNA,1976,63.682
KOR,1976,64.5024390243902
KWT,1976,68.206
LAO,1976,45.603
LBN,1976,33.737
LBR,1976,43.183
LBY,1976,62.06
LCA,1976,66.256
LIE,1976,
LKA,1976,66.513
LSO,1976,53.487
LTU,1976,70.9580487804878
LUX,1976,69.9751463414634
LVA,1976,69.0478048780488
MAC,1976,71.85
MAF,1976,72.226
MAR,1976,51.936
MDA,1976,64.496
MDG,1976,49.666
MDV,1976,51.592
MEX,1976,63.123
MHL,1976,60.486
MKD,1976,67.7455609756098
MLI,1976,37.195
MLT,1976,71.4693414634147
MMR,1976,52.982
MNE,1976,71.5699512195122
MNG,1976,55.432
MNP,1976,
MOZ,1976,42.635
MRT,1976,52.917
MUS,1976,62.8667804878049
MWI,1976,41.227
MYS,1976,66.277
NAM,1976,57.015
NCL,1976,65.7219512195122
NER,1976,36.976
NGA,1976,44.721
NIC,1976,56.299
NLD,1976,74.6470731707317
NOR,1976,75.039512195122
NPL,1976,45.544
NZL,1976,72.4219512195122
OMN,1976,55.221
PAK,1976,56.113
PAN,1976,68.381
PER,1976,58.266
PHL,1976,61.614
PLW,1976,
PNG,1976,55.569
POL,1976,70.6560975609756
PRI,1976,72.262
PRK,1976,64.143
PRT,1976,68.8609756097561
PRY,1976,63.705
PSE,1976,
PYF,1976,64.378
QAT,1976,69.385
ROU,1976,69.6987804878049
RUS,1976,67.4875609756098
RWA,1976,44.647
SAU,1976,58.966
SDN,1976,53.462
SEN,1976,45.098
SGP,1976,71.1650731707317
SLB,1976,60.749
SLE,1976,41.631
SLV,1976,54.627
SOM,1976,44.568
SRB,1976,68.4552926829268
SSD,1976,36.84
STP,1976,58.576
SUR,1976,61.25
SVK,1976,70.4631951219512
SVN,1976,70.3073170731707
SWE,1976,74.9692682926829
SWZ,1976,54.658
SXM,1976,72.709
SYC,1976,
SYR,1976,63.922
TCA,1976,69.865
TCD,1976,42.036
TGO,1976,49.328
THA,1976,61.978
TJK,1976,59.167
TKM,1976,59.668
TLS,1976,25.957
TON,1976,65.127
TTO,1976,66.273
TUN,1976,60.426
TUR,1976,59.965
TUV,1976,59.159
TZA,1976,49.236
UGA,1976,45.869
UKR,1976,69.0428536585366
URY,1976,69.523
USA,1976,72.8560975609756
UZB,1976,62.506
VCT,1976,69.391
VEN,1976,67.554
VGB,1976,68.074
VIR,1976,67.6617804878049
VNM,1976,64.775
VUT,1976,58.659
WSM,1976,63.214
YEM,1976,46.238
ZAF,1976,58.006
ZMB,1976,54.604
ZWE,1976,56.936
AFG,1977,41.228
AGO,1977,41.437
ALB,1977,69.121
ARE,1977,66.514
ARG,1977,67.861
ARM,1977,65.364
ASM,1977,
ATG,1977,72.546
AUS,1977,73.3443902439024
AUT,1977,71.9146341463415
AZE,1977,60.627
BDI,1977,43.513
BEL,1977,72.7739024390244
BEN,1977,46.176
BFA,1977,44.147
BGD,1977,51.197
BGR,1977,70.8160975609756
BHR,1977,69.604
BHS,1977,67.88
BIH,1977,70.041
BLR,1977,70.2890243902439
BLZ,1977,66.518
BMU,1977,72.083
BOL,1977,49.734
BRA,1977,60.24
BRB,1977,70.719
BRN,1977,68.075
BTN,1977,45.789
BWA,1977,59.169
CAF,1977,48.838
CAN,1977,74.2156097560976
CHE,1977,75.2380487804878
CHL,1977,67.402
CHN,1977,62.538
CIV,1977,50.184
CMR,1977,49.995
COD,1977,44.763
COG,1977,55.806
COL,1977,65.424
COM,1977,49.047
CPV,1977,59.568
CRI,1977,71.288
CUB,1977,71.895
CYM,1977,
CYP,1977,71.302
CZE,1977,70.5734146341463
DEU,1977,72.3073170731707
DJI,1977,50.568
DMA,1977,68.759
DNK,1977,74.6324390243903
DOM,1977,60.319
DZA,1977,49.191
ECU,1977,61.559
EGY,1977,54.134
ERI,1977,43.175
ESP,1977,74.1319512195122
EST,1977,69.3248292682927
ETH,1977,41.893
FIN,1977,72.350243902439
FJI,1977,62.273
FRA,1977,73.3512195121951
FSM,1977,63.363
GAB,1977,56.089
GBR,1977,73.2243902439024
GEO,1977,66.471
GHA,1977,50.085
GIN,1977,41.411
GMB,1977,43.44
GNB,1977,42.718
GNQ,1977,40.501
GRC,1977,73.6708048780488
GRD,1977,67.475
GTM,1977,55.816
GUM,1977,67.922
GUY,1977,60.955
HKG,1977,73.3492682926829
HND,1977,58.746
HRV,1977,70.7443902439024
HTI,1977,49.209
HUN,1977,69.8480487804878
IDN,1977,57.081
IND,1977,51.909
IRL,1977,71.9973902439024
IRN,1977,56.577
IRQ,1977,64.228
ISL,1977,76.3736585365854
ISR,1977,72.9585365853659
ITA,1977,73.3646341463415
JAM,1977,68.534
JOR,1977,64.981
JPN,1977,75.2558536585366
KAZ,1977,61.853
KEN,1977,56.486
KGZ,1977,60.039756097561
KHM,1977,28.91
KIR,1977,56.032
KNA,1977,63.781
KOR,1977,64.9
KWT,1977,68.585
LAO,1977,45.973
LBN,1977,59.284
LBR,1977,43.619
LBY,1977,62.786
LCA,1977,66.887
LIE,1977,
LKA,1977,66.551
LSO,1977,54.045
LTU,1977,70.809512195122
LUX,1977,71.4586585365854
LVA,1977,69.1046341463415
MAC,1977,72.263
MAF,1977,72.235
MAR,1977,52.704
MDA,1977,64.506
MDG,1977,49.757
MDV,1977,52.632
MEX,1977,63.434
MHL,1977,60.633
MKD,1977,68.4434390243903
MLI,1977,38.106
MLT,1977,71.6942195121951
MMR,1977,53.305
MNE,1977,71.3515365853658
MNG,1977,55.501
MNP,1977,
MOZ,1977,42.7
MRT,1977,53.37
MUS,1977,63.7620975609756
MWI,1977,42.233
MYS,1977,66.811
NAM,1977,57.553
NCL,1977,66.1707317073171
NER,1977,37.644
NGA,1977,45.558
NIC,1977,56.243
NLD,1977,75.2214634146342
NOR,1977,75.3868292682927
NPL,1977,46.005
NZL,1977,72.1682926829268
OMN,1977,56.257
PAK,1977,56.252
PAN,1977,68.603
PER,1977,58.617
PHL,1977,62.149
PLW,1977,
PNG,1977,56.037
POL,1977,70.4024390243902
PRI,1977,72.616
PRK,1977,64.655
PRT,1977,70.0121951219512
PRY,1977,63.941
PSE,1977,
PYF,1977,64.936
QAT,1977,69.837
ROU,1977,69.7419512195122
RUS,1977,67.3763414634146
RWA,1977,44.797
SAU,1977,59.947
SDN,1977,53.648
SEN,1977,46.152
SGP,1977,71.3711219512195
SLB,1977,60.864
SLE,1977,42.06
SLV,1977,54.024
SOM,1977,46.918
SRB,1977,68.7467317073171
SSD,1977,37.325
STP,1977,58.83
SUR,1977,61.453
SVK,1977,70.4231219512195
SVN,1977,70.5560975609756
SWE,1977,75.379756097561
SWZ,1977,55.598
SXM,1977,72.269
SYC,1977,
SYR,1977,63.764
TCA,1977,70.584
TCD,1977,42.255
TGO,1977,49.76
THA,1977,62.354
TJK,1977,59.377
TKM,1977,59.877
TLS,1977,24.427
TON,1977,65.302
TTO,1977,66.641
TUN,1977,61.543
TUR,1977,60.743
TUV,1977,59.672
TZA,1977,49.842
UGA,1977,45.511
UKR,1977,68.8185609756098
URY,1977,69.746
USA,1977,73.2560975609756
UZB,1977,62.329
VCT,1977,69.676
VEN,1977,67.957
VGB,1977,68.163
VIR,1977,67.8813414634146
VNM,1977,65.049
VUT,1977,59.223
WSM,1977,63.642
YEM,1977,47.286
ZAF,1977,58.492
ZMB,1977,54.709
ZWE,1977,56.285
AFG,1978,40.271
AGO,1978,41.83
ALB,1978,69.309
ARE,1978,67.209
ARG,1978,68.197
ARM,1978,65.701
ASM,1978,
ATG,1978,72.871
AUS,1978,73.6741463414634
AUT,1978,72.0121951219512
AZE,1978,60.713
BDI,1978,43.764
BEL,1978,72.6980487804878
BEN,1978,46.961
BFA,1978,45.073
BGD,1978,51.254
BGR,1978,71.1846341463415
BHR,1978,69.978
BHS,1978,67.562
BIH,1978,70.132
BLR,1978,70.0817317073171
BLZ,1978,66.885
BMU,1978,72.854
BOL,1978,50.181
BRA,1978,60.72
BRB,1978,71.122
BRN,1978,68.487
BTN,1978,46.599
BWA,1978,59.691
CAF,1978,49.239
CAN,1978,74.529756097561
CHE,1978,75.1873170731707
CHL,1978,68.074
CHN,1978,63.218
CIV,1978,50.927
CMR,1978,50.28
COD,1978,44.537
COG,1978,56.065
COL,1978,65.954
COM,1978,49.67
CPV,1978,60.306
CRI,1978,72.239
CUB,1978,72.201
CYM,1978,
CYP,1978,71.767
CZE,1978,70.6439024390244
DEU,1978,72.2904146341464
DJI,1978,51.049
DMA,1978,70.441
DNK,1978,74.3929268292683
DOM,1978,60.822
DZA,1978,50.353
ECU,1978,62.153
EGY,1978,54.99
ERI,1978,43.561
ESP,1978,74.2956097560976
EST,1978,68.9206097560976
ETH,1978,41.9
FIN,1978,72.8970731707317
FJI,1978,62.527
FRA,1978,73.6024390243903
FSM,1978,63.72
GAB,1978,56.659
GBR,1978,73.1756097560976
GEO,1978,66.695
GHA,1978,50.571
GIN,1978,41.901
GMB,1978,43.583
GNB,1978,43.033
GNQ,1978,40.793
GRC,1978,74.358756097561
GRD,1978,67.668
GTM,1978,55.963
GUM,1978,68.686
GUY,1978,61.052
HKG,1978,73.5407317073171
HND,1978,59.334
HRV,1978,70.5387804878049
HTI,1978,49.428
HUN,1978,69.3939024390244
IDN,1978,57.565
IND,1978,52.492
IRL,1978,71.9963170731707
IRN,1978,55.926
IRQ,1978,64.401
ISL,1978,76.6492682926829
ISR,1978,73.2073170731707
ITA,1978,73.6931707317073
JAM,1978,68.755
JOR,1978,65.436
JPN,1978,75.5846341463415
KAZ,1978,62.0656097560976
KEN,1978,56.944
KGZ,1978,60.3756097560976
KHM,1978,36.982
KIR,1978,56.91
KNA,1978,63.352
KOR,1978,65.1975609756098
KWT,1978,69.012
LAO,1978,46.207
LBN,1978,59.382
LBR,1978,44.046
LBY,1978,63.567
LCA,1978,67.332
LIE,1978,
LKA,1978,67.566
LSO,1978,54.669
LTU,1978,70.6046341463415
LUX,1978,71.4958048780488
LVA,1978,68.9878048780488
MAC,1978,72.69
MAF,1978,72.302
MAR,1978,53.499
MDA,1978,64.523
MDG,1978,49.813
MDV,1978,51.105
MEX,1978,63.778
MHL,1978,60.742
MKD,1978,69.3591463414634
MLI,1978,39.062
MLT,1978,71.7854146341463
MMR,1978,53.474
MNE,1978,71.1449268292683
MNG,1978,55.547
MNP,1978,
MOZ,1978,42.795
MRT,1978,53.855
MUS,1978,64.5939268292683
MWI,1978,43.29
MYS,1978,67.285
NAM,1978,58.085
NCL,1978,66.3036585365854
NER,1978,38.45
NGA,1978,46.019
NIC,1978,53.571
NLD,1978,75.1451219512195
NOR,1978,75.4185365853659
NPL,1978,46.682
NZL,1978,73.019512195122
OMN,1978,57.709
PAK,1978,56.737
PAN,1978,68.761
PER,1978,58.973
PHL,1978,62.185
PLW,1978,
PNG,1978,56.554
POL,1978,70.3512195121951
PRI,1978,72.816
PRK,1978,65.187
PRT,1978,70.3170731707317
PRY,1978,64.132
PSE,1978,
PYF,1978,65.549
QAT,1978,70.19
ROU,1978,69.4804878048781
RUS,1978,67.3909756097561
RWA,1978,45.48
SAU,1978,60.872
SDN,1978,53.44
SEN,1978,47.197
SGP,1978,71.546756097561
SLB,1978,61.911
SLE,1978,42.46
SLV,1978,53.245
SOM,1978,46.95
SRB,1978,68.673756097561
SSD,1978,37.649
STP,1978,59.325
SUR,1978,61.684
SVK,1978,70.4264390243902
SVN,1978,70.7024390243902
SWE,1978,75.4690243902439
SWZ,1978,56.477
SXM,1978,71.961
SYC,1978,
SYR,1978,65.806
TCA,1978,70.227
TCD,1978,42.504
TGO,1978,50.232
THA,1978,62.74
TJK,1978,59.531
TKM,1978,60.265
TLS,1978,21.837
TON,1978,65.578
TTO,1978,67.438
TUN,1978,62.338
TUR,1978,61.37
TUV,1978,60.133
TZA,1978,50.321
UGA,1978,45.207
UKR,1978,68.7599756097561
URY,1978,69.999
USA,1978,73.3560975609756
UZB,1978,62.563
VCT,1978,69.586
VEN,1978,68.313
VGB,1978,67.644
VIR,1978,68.0486341463415
VNM,1978,65.529
VUT,1978,59.847
WSM,1978,63.999
YEM,1978,48.392
ZAF,1978,58.979
ZMB,1978,54.61
ZWE,1978,54.593
AFG,1979,39.086
AGO,1979,42.175
ALB,1979,69.584
ARE,1979,67.846
ARG,1979,68.491
ARM,1979,66.041
ASM,1979,
ATG,1979,73.035
AUS,1979,74.0039024390244
AUT,1979,72.3121951219512
AZE,1979,60.867
BDI,1979,44.59
BEL,1979,73.1936585365854
BEN,1979,47.362
BFA,1979,45.903
BGD,1979,51.464
BGR,1979,71.3082926829268
BHR,1979,70.456
BHS,1979,67.366
BIH,1979,70.34
BLR,1979,69.9336341463415
BLZ,1979,67.399
BMU,1979,73.299
BOL,1979,50.665
BRA,1979,61.253
BRB,1979,71.526
BRN,1979,68.862
BTN,1979,47.411
BWA,1979,60.176
CAF,1979,49.597
CAN,1979,74.8663414634146
CHE,1979,75.4660975609756
CHL,1979,68.186
CHN,1979,63.865
CIV,1979,51.682
CMR,1979,50.575
COD,1979,45.207
COG,1979,56.314
COL,1979,66.38
COM,1979,50.251
CPV,1979,60.917
CRI,1979,72.423
CUB,1979,72.447
CYM,1979,
CYP,1979,71.895
CZE,1979,70.749512195122
DEU,1979,72.6301707317073
DJI,1979,51.518
DMA,1979,70.97
DNK,1979,74.2192682926829
DOM,1979,60.753
DZA,1979,51.755
ECU,1979,62.696
EGY,1979,55.802
ERI,1979,43.972
ESP,1979,74.8187804878049
EST,1979,68.7858536585366
ETH,1979,42.807
FIN,1979,73.1553658536586
FJI,1979,62.941
FRA,1979,73.8512195121951
FSM,1979,63.78
GAB,1979,57.053
GBR,1979,73.2756097560976
GEO,1979,67.074
GHA,1979,50.932
GIN,1979,42.393
GMB,1979,44.558
GNB,1979,43.39
GNQ,1979,41.653
GRC,1979,74.6210731707317
GRD,1979,67.9
GTM,1979,56.185
GUM,1979,69.579
GUY,1979,61.133
HKG,1979,73.6631707317073
HND,1979,59.908
HRV,1979,70.4273170731707
HTI,1979,49.675
HUN,1979,69.6153658536585
IDN,1979,58.153
IND,1979,53.06
IRL,1979,72.2680243902439
IRN,1979,58.55
IRQ,1979,64.791
ISL,1979,76.7731707317073
ISR,1979,73.5073170731707
ITA,1979,74.0026829268293
JAM,1979,69.048
JOR,1979,65.851
JPN,1979,76.1087804878049
KAZ,1979,62.2545853658537
KEN,1979,57.722
KGZ,1979,60.7950243902439
KHM,1979,42.279
KIR,1979,57.083
KNA,1979,63.233
KOR,1979,65.5463414634146
KWT,1979,69.677
LAO,1979,46.966
LBN,1979,59.467
LBR,1979,44.349
LBY,1979,64.26
LCA,1979,67.359
LIE,1979,
LKA,1979,68.13
LSO,1979,55.338
LTU,1979,70.4821951219512
LUX,1979,72.3307804878049
LVA,1979,68.4956097560976
MAC,1979,73.07
MAF,1979,72.387
MAR,1979,54.351
MDA,1979,64.807
MDG,1979,49.851
MDV,1979,54.676
MEX,1979,64.189
MHL,1979,60.874
MKD,1979,69.6502195121951
MLI,1979,39.953
MLT,1979,71.8942682926829
MMR,1979,53.944
MNE,1979,70.4828292682927
MNG,1979,55.573
MNP,1979,
MOZ,1979,42.744
MRT,1979,54.474
MUS,1979,65.3064390243902
MWI,1979,44.268
MYS,1979,67.762
NAM,1979,58.439
NCL,1979,66.4365853658537
NER,1979,39.202
NGA,1979,46.215
NIC,1979,50.813
NLD,1979,75.6060975609756
NOR,1979,75.4139024390244
NPL,1979,47.266
NZL,1979,73.0682926829269
OMN,1979,59.151
PAK,1979,57.146
PAN,1979,68.989
PER,1979,59.303
PHL,1979,62.349
PLW,1979,
PNG,1979,57.003
POL,1979,70.7512195121951
PRI,1979,73.04
PRK,1979,65.672
PRT,1979,71.1682926829268
PRY,1979,64.448
PSE,1979,
PYF,1979,66.235
QAT,1979,70.581
ROU,1979,69.1531707317073
RUS,1979,67.1143902439024
RWA,1979,46.659
SAU,1979,61.697
SDN,1979,53.559
SEN,1979,48.196
SGP,1979,71.6392195121951
SLB,1979,62.388
SLE,1979,42.873
SLV,1979,52.2
SOM,1979,47.305
SRB,1979,68.5989024390244
SSD,1979,37.919
STP,1979,59.714
SUR,1979,61.878
SVK,1979,70.7447317073171
SVN,1979,70.8536585365854
SWE,1979,75.5241463414634
SWZ,1979,57.268
SXM,1979,71.551
SYC,1979,
SYR,1979,66.138
TCA,1979,69.37
TCD,1979,42.81
TGO,1979,50.765
THA,1979,63.209
TJK,1979,59.597
TKM,1979,60.601
TLS,1979,22.529
TON,1979,65.782
TTO,1979,67.768
TUN,1979,63.211
TUR,1979,61.912
TUV,1979,60.506
TZA,1979,50.907
UGA,1979,44.981
UKR,1979,68.4696829268293
URY,1979,70.279
USA,1979,73.8048780487805
UZB,1979,62.688
VCT,1979,69.752
VEN,1979,68.587
VGB,1979,67.463
VIR,1979,68.2202195121951
VNM,1979,66.001
VUT,1979,60.446
WSM,1979,64.39
YEM,1979,49.394
ZAF,1979,59.395
ZMB,1979,54.439
ZWE,1979,55.038
AFG,1980,39.618
AGO,1980,42.449
ALB,1980,70.478
ARE,1980,68.53
ARG,1980,68.564
ARM,1980,66.177
ASM,1980,
ATG,1980,73.183
AUS,1980,74.3336585365854
AUT,1980,72.4634146341463
AZE,1980,61.081
BDI,1980,45.406
BEL,1980,73.2070731707317
BEN,1980,47.877
BFA,1980,46.539
BGD,1980,51.85
BGR,1980,71.1575609756098
BHR,1980,70.826
BHS,1980,67.521
BIH,1980,70.543
BLR,1980,69.9277073170732
BLZ,1980,67.756
BMU,1980,73.454
BOL,1980,51.181
BRA,1980,61.781
BRB,1980,71.921
BRN,1980,69.246
BTN,1980,48.218
BWA,1980,60.646
CAF,1980,49.889
CAN,1980,75.1021951219512
CHE,1980,75.4592682926829
CHL,1980,68.84
CHN,1980,64.42
CIV,1980,52.27
CMR,1980,51.041
COD,1980,45.473
COG,1980,56.593
COL,1980,66.868
COM,1980,50.8
CPV,1980,61.368
CRI,1980,72.899
CUB,1980,72.752
CYM,1980,
CYP,1980,71.95
CZE,1980,70.2780487804878
DEU,1980,72.8003170731707
DJI,1980,51.947
DMA,1980,71.782
DNK,1980,74.1017073170732
DOM,1980,61.754
DZA,1980,53.261
ECU,1980,63.191
EGY,1980,56.628
ERI,1980,44.585
ESP,1980,75.3492682926829
EST,1980,68.7956341463415
ETH,1980,43.217
FIN,1980,73.44
FJI,1980,62.734
FRA,1980,74.0512195121951
FSM,1980,64.212
GAB,1980,57.454
GBR,1980,73.6756097560976
GEO,1980,67.173
GHA,1980,51.117
GIN,1980,42.884
GMB,1980,45.153
GNB,1980,43.754
GNQ,1980,47.563
GRC,1980,74.5462682926829
GRD,1980,68.144
GTM,1980,56.024
GUM,1980,69.861
GUY,1980,61.229
HKG,1980,74.6534146341464
HND,1980,60.485
HRV,1980,70.1753658536586
HTI,1980,49.902
HUN,1980,69.0617073170732
IDN,1980,58.754
IND,1980,53.611
IRL,1980,72.5954146341464
IRN,1980,58.537
IRQ,1980,61.5
ISL,1980,76.8465853658537
ISR,1980,73.8756097560976
ITA,1980,73.9431707317073
JAM,1980,69.435
JOR,1980,66.259
JPN,1980,75.9890243902439
KAZ,1980,66.6243902439025
KEN,1980,58.501
KGZ,1980,61.0814634146342
KHM,1980,47.57
KIR,1980,57.286
KNA,1980,63.358
KOR,1980,66.0463414634146
KWT,1980,70.341
LAO,1980,48.082
LBN,1980,59.665
LBR,1980,44.631
LBY,1980,64.891
LCA,1980,67.7
LIE,1980,
LKA,1980,68.661
LSO,1980,56.058
LTU,1980,70.4821951219512
LUX,1980,72.2068048780488
LVA,1980,68.8085365853659
MAC,1980,73.504
MAF,1980,72.487
MAR,1980,55.219
MDA,1980,65.173
MDG,1980,49.821
MDV,1980,55.621
MEX,1980,64.703
MHL,1980,61.015
MKD,1980,69.2471219512195
MLI,1980,40.751
MLT,1980,72.039
MMR,1980,54.362
MNE,1980,71.6091219512195
MNG,1980,55.64
MNP,1980,
MOZ,1980,42.801
MRT,1980,55.061
MUS,1980,65.8164878048781
MWI,1980,45.094
MYS,1980,68.245
NAM,1980,56.775
NCL,1980,66.569512195122
NER,1980,39.678
NGA,1980,46.349
NIC,1980,57.914
NLD,1980,75.7431707317073
NOR,1980,75.6717073170732
NPL,1980,47.889
NZL,1980,72.8292682926829
OMN,1980,60.447
PAK,1980,57.606
PAN,1980,69.254
PER,1980,59.589
PHL,1980,62.499
PLW,1980,
PNG,1980,57.435
POL,1980,70.0975609756098
PRI,1980,73.226
PRK,1980,66.158
PRT,1980,71.2146341463415
PRY,1980,64.749
PSE,1980,
PYF,1980,67.14
QAT,1980,70.801
ROU,1980,69.0909756097561
RUS,1980,67.0339024390244
RWA,1980,47.963
SAU,1980,62.698
SDN,1980,53.934
SEN,1980,49.142
SGP,1980,72.190243902439
SLB,1980,62.8
SLE,1980,43.13
SLV,1980,47.975
SOM,1980,47.489
SRB,1980,68.7906341463415
SSD,1980,38.417
STP,1980,59.739
SUR,1980,62.034
SVK,1980,70.4085365853659
SVN,1980,71.1048780487805
SWE,1980,75.7409756097561
SWZ,1980,57.846
SXM,1980,70.918
SYC,1980,69.5975609756098
SYR,1980,66.351
TCA,1980,68.699
TCD,1980,43.06
TGO,1980,51.227
THA,1980,64.012
TJK,1980,59.506
TKM,1980,61.022
TLS,1980,28.446
TON,1980,65.961
TTO,1980,67.572
TUN,1980,63.975
TUR,1980,62.504
TUV,1980,60.833
TZA,1980,51.201
UGA,1980,42.949
UKR,1980,68.3301707317073
URY,1980,70.582
USA,1980,73.609756097561
UZB,1980,63.036
VCT,1980,70.184
VEN,1980,68.762
VGB,1980,67.715
VIR,1980,68.5291463414634
VNM,1980,66.195
VUT,1980,61.083
WSM,1980,64.748
YEM,1980,50.654
ZAF,1980,59.813
ZMB,1980,54.143
ZWE,1980,58.674
AFG,1981,40.164
AGO,1981,42.772
ALB,1981,70.73
ARE,1981,69.085
ARG,1981,68.976
ARM,1981,66.579
ASM,1981,
ATG,1981,73.338
AUS,1981,74.6634146341463
AUT,1981,72.8121951219512
AZE,1981,61.291
BDI,1981,46.393
BEL,1981,73.6217073170732
BEN,1981,48.31
BFA,1981,46.872
BGD,1981,52.169
BGR,1981,71.5719512195122
BHR,1981,71.183
BHS,1981,67.746
BIH,1981,70.7
BLR,1981,69.907512195122
BLZ,1981,68.068
BMU,1981,73.684
BOL,1981,51.619
BRA,1981,62.333
BRB,1981,72.12
BRN,1981,69.54
BTN,1981,49.034
BWA,1981,61.125
CAF,1981,50.159
CAN,1981,75.4978048780488
CHE,1981,75.6931707317073
CHL,1981,69.909
CHN,1981,64.975
CIV,1981,52.734
CMR,1981,51.517
COD,1981,45.72
COG,1981,56.827
COL,1981,67.197
COM,1981,51.312
CPV,1981,61.593
CRI,1981,73.799
CUB,1981,72.939
CYM,1981,
CYP,1981,71.941
CZE,1981,70.7221951219512
DEU,1981,73.0402195121951
DJI,1981,52.262
DMA,1981,73.232
DNK,1981,74.2304878048781
DOM,1981,62.194
DZA,1981,55.276
ECU,1981,63.662
EGY,1981,57.138
ERI,1981,44.905
ESP,1981,75.5285365853659
EST,1981,68.9780487804878
ETH,1981,43.608
FIN,1981,73.7465853658537
FJI,1981,62.729
FRA,1981,74.3
FSM,1981,64.478
GAB,1981,57.816
GBR,1981,74.0268292682927
GEO,1981,67.634
GHA,1981,51.269
GIN,1981,43.324
GMB,1981,44.476
GNB,1981,44.07
GNQ,1981,48.109
GRC,1981,74.9574390243902
GRD,1981,68.45
GTM,1981,55.972
GUM,1981,70.077
GUY,1981,61.311
HKG,1981,75.3490243902439
HND,1981,61.016
HRV,1981,70.3443902439025
HTI,1981,50.268
HUN,1981,69.1392682926829
IDN,1981,59.138
IND,1981,54.175
IRL,1981,72.9517804878049
IRN,1981,56.715
IRQ,1981,59.331
ISL,1981,76.5214634146341
ISR,1981,74.2609756097561
ITA,1981,74.3539024390244
JAM,1981,69.859
JOR,1981,66.714
JPN,1981,76.3948780487805
KAZ,1981,66.7060975609756
KEN,1981,61.165
KGZ,1981,61.3491951219512
KHM,1981,48.18
KIR,1981,57.495
KNA,1981,63.879
KOR,1981,66.5463414634146
KWT,1981,71.081
LAO,1981,48.73
LBN,1981,59.915
LBR,1981,44.983
LBY,1981,65.364
LCA,1981,68.467
LIE,1981,
LKA,1981,69.212
LSO,1981,56.902
LTU,1981,70.4607317073171
LUX,1981,72.369756097561
LVA,1981,68.7863414634146
MAC,1981,73.932
MAF,1981,72.665
MAR,1981,56.036
MDA,1981,65.613
MDG,1981,49.727
MDV,1981,56.421
MEX,1981,65.313
MHL,1981,61.18
MKD,1981,69.8104878048781
MLI,1981,41.215
MLT,1981,72.5352195121951
MMR,1981,54.646
MNE,1981,71.2397804878049
MNG,1981,55.693
MNP,1981,
MOZ,1981,40.536
MRT,1981,55.662
MUS,1981,66.5479512195122
MWI,1981,45.701
MYS,1981,68.852
NAM,1981,57.123
NCL,1981,66.7024390243903
NER,1981,40.165
NGA,1981,46.493
NIC,1981,58.198
NLD,1981,75.9343902439025
NOR,1981,75.8690243902439
NPL,1981,48.387
NZL,1981,73.6219512195122
OMN,1981,61.646
PAK,1981,58.052
PAN,1981,69.586
PER,1981,59.847
PHL,1981,62.555
PLW,1981,
PNG,1981,57.831
POL,1981,71.0512195121951
PRI,1981,73.36
PRK,1981,66.658
PRT,1981,71.6146341463415
PRY,1981,65.023
PSE,1981,
PYF,1981,68.012
QAT,1981,71.304
ROU,1981,69.3682926829268
RUS,1981,67.2639024390244
RWA,1981,49.422
SAU,1981,63.472
SDN,1981,54.078
SEN,1981,49.85
SGP,1981,72.5878048780488
SLB,1981,63.161
SLE,1981,43.364
SLV,1981,48.161
SOM,1981,47.666
SRB,1981,68.7252195121951
SSD,1981,38.783
STP,1981,59.487
SUR,1981,62.251
SVK,1981,70.6292682926829
SVN,1981,71.2048780487805
SWE,1981,76.0260975609756
SWZ,1981,58.392
SXM,1981,71.228
SYC,1981,70.1878048780488
SYR,1981,64.372
TCA,1981,68.429
TCD,1981,43.312
TGO,1981,51.764
THA,1981,64.595
TJK,1981,59.456
TKM,1981,61.452
TLS,1981,29.567
TON,1981,66.132
TTO,1981,67.65
TUN,1981,64.691
TUR,1981,63.01
TUV,1981,61.123
TZA,1981,51.472
UGA,1981,43.09
UKR,1981,68.5981951219512
URY,1981,70.901
USA,1981,74.009756097561
UZB,1981,63.304
VCT,1981,70.376
VEN,1981,69.442
VGB,1981,68.371
VIR,1981,68.695512195122
VNM,1981,66.645
VUT,1981,61.824
WSM,1981,65.095
YEM,1981,51.709
ZAF,1981,60.364
ZMB,1981,54.047
ZWE,1981,59.327
AFG,1982,37.766
AGO,1982,43.051
ALB,1982,71.023
ARE,1982,69.66
ARG,1982,68.937
ARM,1982,66.89
ASM,1982,
ATG,1982,73.458
AUS,1982,74.9048780487805
AUT,1982,72.9609756097561
AZE,1982,61.447
BDI,1982,47.29
BEL,1982,73.8880487804878
BEN,1982,48.813
BFA,1982,47.602
BGD,1982,52.54
BGR,1982,71.1860975609756
BHR,1982,71.47
BHS,1982,68.436
BIH,1982,70.875
BLR,1982,70.0769024390244
BLZ,1982,67.955
BMU,1982,73.746
BOL,1982,52.053
BRA,1982,62.856
BRB,1982,72.297
BRN,1982,69.841
BTN,1982,49.853
BWA,1982,61.57
CAF,1982,50.303
CAN,1982,75.7251219512195
CHE,1982,76.0339024390244
CHL,1982,70.299
CHN,1982,65.463
CIV,1982,52.919
CMR,1982,52.085
COD,1982,45.92
COG,1982,57.019
COL,1982,67.531
COM,1982,51.895
CPV,1982,61.67
CRI,1982,74.654
CUB,1982,73.13
CYM,1982,
CYP,1982,71.981
CZE,1982,70.8078048780488
DEU,1982,73.3331463414634
DJI,1982,52.765
DMA,1982,72.993
DNK,1982,74.5512195121951
DOM,1982,62.648
DZA,1982,57.428
ECU,1982,64.11
EGY,1982,57.948
ERI,1982,44.86
ESP,1982,76.1341463414634
EST,1982,69.1268292682927
ETH,1982,43.767
FIN,1982,74.2980487804878
FJI,1982,62.793
FRA,1982,74.5
FSM,1982,64.821
GAB,1982,58.106
GBR,1982,74.1780487804878
GEO,1982,67.903
GHA,1982,51.383
GIN,1982,43.925
GMB,1982,46.377
GNB,1982,44.374
GNQ,1982,48.596
GRC,1982,75.2505365853659
GRD,1982,68.712
GTM,1982,50.134
GUM,1982,70.32
GUY,1982,61.406
HKG,1982,75.4385365853659
HND,1982,61.527
HRV,1982,70.4826829268293
HTI,1982,50.551
HUN,1982,69.3578048780488
IDN,1982,59.757
IND,1982,54.732
IRL,1982,73.2090487804878
IRN,1982,57.734
IRQ,1982,59.733
ISL,1982,77.0378048780488
ISR,1982,74.109756097561
ITA,1982,74.8146341463415
JAM,1982,70.244
JOR,1982,67.154
JPN,1982,76.8736585365854
KAZ,1982,66.7878048780488
KEN,1982,60.953
KGZ,1982,61.6744390243903
KHM,1982,48.736
KIR,1982,57.718
KNA,1982,64.279
KOR,1982,67.0951219512195
KWT,1982,71.498
LAO,1982,49.404
LBN,1982,45.128
LBR,1982,45.204
LBY,1982,65.807
LCA,1982,69.052
LIE,1982,
LKA,1982,69.674
LSO,1982,57.565
LTU,1982,70.8368292682927
LUX,1982,72.6503414634146
LVA,1982,69.3282926829268
MAC,1982,74.342
MAF,1982,73.018
MAR,1982,56.897
MDA,1982,66.179
MDG,1982,49.633
MDV,1982,57.296
MEX,1982,65.975
MHL,1982,61.403
MKD,1982,69.9555609756098
MLI,1982,41.824
MLT,1982,70.8298048780488
MMR,1982,54.955
MNE,1982,71.1811463414634
MNG,1982,55.777
MNP,1982,
MOZ,1982,40.703
MRT,1982,56.275
MUS,1982,67.034756097561
MWI,1982,45.991
MYS,1982,69.24
NAM,1982,57.644
NCL,1982,66.919512195122
NER,1982,40.301
NGA,1982,46.513
NIC,1982,58.605
NLD,1982,75.9885365853659
NOR,1982,76.0109756097561
NPL,1982,48.936
NZL,1982,73.7243902439024
OMN,1982,62.96
PAK,1982,58.416
PAN,1982,69.939
PER,1982,60.015
PHL,1982,62.784
PLW,1982,
PNG,1982,58.109
POL,1982,71.1024390243903
PRI,1982,73.524
PRK,1982,67.167
PRT,1982,72.4146341463415
PRY,1982,65.385
PSE,1982,
PYF,1982,68.884
QAT,1982,71.504
ROU,1982,69.5317073170732
RUS,1982,67.8060975609756
RWA,1982,50.692
SAU,1982,64.304
SDN,1982,54.321
SEN,1982,50.564
SGP,1982,72.6878048780488
SLB,1982,63.509
SLE,1982,43.571
SLV,1982,51.105
SOM,1982,47.83
SRB,1982,68.6682926829268
SSD,1982,39.113
STP,1982,59.558
SUR,1982,62.455
SVK,1982,70.6890243902439
SVN,1982,71.0536585365854
SWE,1982,76.3273170731707
SWZ,1982,59.02
SXM,1982,72.432
SYC,1982,69.3243902439024
SYR,1982,61.119
TCA,1982,68.389
TCD,1982,43.73
TGO,1982,52.256
THA,1982,65.163
TJK,1982,59.684
TKM,1982,61.603
TLS,1982,30.824
TON,1982,66.072
TTO,1982,67.646
TUN,1982,65.417
TUR,1982,63.604
TUV,1982,61.331
TZA,1982,51.528
UGA,1982,43.185
UKR,1982,68.8756829268293
URY,1982,71.223
USA,1982,74.3609756097561
UZB,1982,63.563
VCT,1982,70.433
VEN,1982,69.723
VGB,1982,69.869
VIR,1982,69.1064146341463
VNM,1982,67.106
VUT,1982,62.536
WSM,1982,65.419
YEM,1982,52.405
ZAF,1982,60.933
ZMB,1982,53.859
ZWE,1982,59.875
AFG,1983,38.187
AGO,1983,42.092
ALB,1983,71.296
ARE,1983,69.949
ARG,1983,69.267
ARM,1983,67.195
ASM,1983,
ATG,1983,73.471
AUS,1983,75.1463414634146
AUT,1983,73.0121951219512
AZE,1983,61.96
BDI,1983,48.051
BEL,1983,73.8690243902439
BEN,1983,49.333
BFA,1983,48.091
BGD,1983,53.011
BGR,1983,71.3863414634146
BHR,1983,71.668
BHS,1983,69.161
BIH,1983,71.081
BLR,1983,69.7948536585366
BLZ,1983,68.14
BMU,1983,74.116
BOL,1983,52.405
BRA,1983,63.331
BRB,1983,72.537
BRN,1983,70.09
BTN,1983,50.637
BWA,1983,62.004
CAF,1983,50.423
CAN,1983,76.0604878048781
CHE,1983,76.0312195121951
CHL,1983,70.011
CHN,1983,65.904
CIV,1983,53.171
CMR,1983,52.762
COD,1983,46.181
COG,1983,57.232
COL,1983,67.745
COM,1983,52.273
CPV,1983,61.693
CRI,1983,75.079
CUB,1983,73.309
CYM,1983,
CYP,1983,72.311
CZE,1983,70.5914634146341
DEU,1983,73.6221463414634
DJI,1983,53.18
DMA,1983,73.521
DNK,1983,74.4204878048781
DOM,1983,63.109
DZA,1983,59.51
ECU,1983,64.528
EGY,1983,58.888
ERI,1983,45.323
ESP,1983,75.9090243902439
EST,1983,69.3756097560976
ETH,1983,36.036
FIN,1983,74.2009756097561
FJI,1983,63.29
FRA,1983,74.8
FSM,1983,65.282
GAB,1983,58.601
GBR,1983,74.3780487804878
GEO,1983,67.942
GHA,1983,51.622
GIN,1983,44.382
GMB,1983,46.923
GNB,1983,44.635
GNQ,1983,49.007
GRC,1983,75.5177317073171
GRD,1983,64.219
GTM,1983,58.718
GUM,1983,70.59
GUY,1983,61.491
HKG,1983,75.2863414634146
HND,1983,62.137
HRV,1983,70.2748780487805
HTI,1983,50.871
HUN,1983,68.9736585365854
IDN,1983,60.273
IND,1983,55.281
IRL,1983,73.2400975609756
IRN,1983,58.748
IRQ,1983,60.061
ISL,1983,76.8456097560976
ISR,1983,74.4585365853658
ITA,1983,74.640243902439
JAM,1983,70.16
JOR,1983,67.555
JPN,1983,76.9219512195122
KAZ,1983,67.6621951219512
KEN,1983,61.012
KGZ,1983,62.1770731707317
KHM,1983,49.485
KIR,1983,57.985
KNA,1983,64.634
KOR,1983,67.5463414634146
KWT,1983,72.02
LAO,1983,49.957
LBN,1983,59.955
LBR,1983,45.383
LBY,1983,66.41
LCA,1983,69.91
LIE,1983,
LKA,1983,70.068
LSO,1983,58.094
LTU,1983,70.7778048780488
LUX,1983,72.7811219512195
LVA,1983,69.1190243902439
MAC,1983,74.703
MAF,1983,72.624
MAR,1983,57.724
MDA,1983,65.684
MDG,1983,49.566
MDV,1983,58.09
MEX,1983,66.644
MHL,1983,61.673
MKD,1983,69.4826829268293
MLI,1983,42.142
MLT,1983,72.5209268292683
MMR,1983,55.202
MNE,1983,71.1316829268293
MNG,1983,56.232
MNP,1983,
MOZ,1983,40.83
MRT,1983,56.682
MUS,1983,67.2856341463415
MWI,1983,46.038
MYS,1983,69.567
NAM,1983,57.969
NCL,1983,68.5878048780488
NER,1983,40.359
NGA,1983,46.638
NIC,1983,56.794
NLD,1983,76.1641463414634
NOR,1983,76.0668292682927
NPL,1983,49.431
NZL,1983,73.7756097560976
OMN,1983,64.217
PAK,1983,58.947
PAN,1983,70.27
PER,1983,60.161
PHL,1983,62.992
PLW,1983,
PNG,1983,58.368
POL,1983,71.0
PRI,1983,73.484
PRK,1983,67.677
PRT,1983,72.2658536585366
PRY,1983,65.614
PSE,1983,
PYF,1983,69.804
QAT,1983,71.709
ROU,1983,69.7263414634147
RUS,1983,67.6526829268293
RWA,1983,51.319
SAU,1983,65.053
SDN,1983,47.45
SEN,1983,51.153
SGP,1983,73.0365853658537
SLB,1983,63.762
SLE,1983,43.8
SLV,1983,52.203
SOM,1983,48.166
SRB,1983,68.2849024390244
SSD,1983,35.491
STP,1983,59.432
SUR,1983,62.593
SVK,1983,70.4790243902439
SVN,1983,70.5414634146342
SWE,1983,76.5517073170732
SWZ,1983,58.172
SXM,1983,72.585
SYC,1983,70.3829268292683
SYR,1983,67.829
TCA,1983,68.634
TCD,1983,44.179
TGO,1983,52.635
THA,1983,65.789
TJK,1983,59.808
TKM,1983,61.846
TLS,1983,31.635
TON,1983,66.369
TTO,1983,67.935
TUN,1983,66.137
TUR,1983,64.146
TUV,1983,61.456
TZA,1983,51.543
UGA,1983,43.519
UKR,1983,68.8463902439025
URY,1983,71.539
USA,1983,74.4634146341463
UZB,1983,63.805
VCT,1983,70.959
VEN,1983,70.197
VGB,1983,70.939
VIR,1983,69.3245609756098
VNM,1983,67.148
VUT,1983,63.239
WSM,1983,65.736
YEM,1983,53.923
ZAF,1983,61.465
ZMB,1983,53.389
ZWE,1983,60.248
AFG,1984,33.329
AGO,1984,42.353
ALB,1984,71.502
ARE,1984,70.485
ARG,1984,69.195
ARM,1984,67.507
ASM,1984,
ATG,1984,73.524
AUS,1984,75.3878048780488
AUT,1984,73.6121951219512
AZE,1984,61.956
BDI,1984,48.491
BEL,1984,74.4048780487805
BEN,1984,49.747
BFA,1984,48.638
BGD,1984,53.54
BGR,1984,71.499756097561
BHR,1984,72.012
BHS,1984,69.351
BIH,1984,71.036
BLR,1984,69.5631951219512
BLZ,1984,68.64
BMU,1984,74.526
BOL,1984,52.971
BRA,1984,63.773
BRB,1984,72.596
BRN,1984,70.358
BTN,1984,51.4
BWA,1984,62.364
CAF,1984,50.484
CAN,1984,76.3319512195122
CHE,1984,76.6085365853659
CHL,1984,70.46
CHN,1984,66.3
CIV,1984,53.037
CMR,1984,53.22
COD,1984,46.445
COG,1984,57.453
COL,1984,67.979
COM,1984,52.941
CPV,1984,61.661
CRI,1984,75.091
CUB,1984,73.468
CYM,1984,
CYP,1984,72.255
CZE,1984,70.8375609756098
DEU,1984,74.0722926829268
DJI,1984,53.703
DMA,1984,72.022
DNK,1984,74.5621951219512
DOM,1984,63.602
DZA,1984,61.658
ECU,1984,65.171
EGY,1984,59.73
ERI,1984,45.777
ESP,1984,76.2953658536586
EST,1984,69.2780487804878
ETH,1984,36.429
FIN,1984,74.5190243902439
FJI,1984,63.892
FRA,1984,75.0
FSM,1984,65.749
GAB,1984,58.894
GBR,1984,74.7780487804878
GEO,1984,67.994
GHA,1984,52.051
GIN,1984,44.946
GMB,1984,47.493
GNB,1984,44.829
GNQ,1984,49.208
GRC,1984,75.7743902439024
GRD,1984,69.32
GTM,1984,59.558
GUM,1984,70.819
GUY,1984,61.589
HKG,1984,76.009512195122
HND,1984,62.642
HRV,1984,70.2185365853659
HTI,1984,51.123
HUN,1984,69.0258536585366
IDN,1984,60.728
IND,1984,55.816
IRL,1984,73.6637317073171
IRN,1984,61.22
IRQ,1984,60.219
ISL,1984,77.5765853658537
ISR,1984,74.8073170731707
ITA,1984,75.389512195122
JAM,1984,70.272
JOR,1984,67.925
JPN,1984,77.2912195121951
KAZ,1984,68.5365853658537
KEN,1984,60.804
KGZ,1984,62.4211951219512
KHM,1984,50.235
KIR,1984,58.266
KNA,1984,65.278
KOR,1984,68.1951219512195
KWT,1984,72.61
LAO,1984,50.535
LBN,1984,60.304
LBR,1984,45.436
LBY,1984,66.872
LCA,1984,70.376
LIE,1984,
LKA,1984,70.649
LSO,1984,58.635
LTU,1984,70.32
LUX,1984,73.0532195121951
LVA,1984,69.1629268292683
MAC,1984,75.08
MAF,1984,72.795
MAR,1984,58.49
MDA,1984,65.68
MDG,1984,49.545
MDV,1984,58.916
MEX,1984,67.29
MHL,1984,61.93
MKD,1984,70.021756097561
MLI,1984,42.699
MLT,1984,72.8789756097561
MMR,1984,55.472
MNE,1984,72.7682682926829
MNG,1984,56.687
MNP,1984,
MOZ,1984,38.38
MRT,1984,57.16
MUS,1984,67.3439024390244
MWI,1984,45.579
MYS,1984,69.937
NAM,1984,58.512
NCL,1984,68.0634146341464
NER,1984,40.059
NGA,1984,46.55
NIC,1984,56.131
NLD,1984,76.2331707317073
NOR,1984,76.2243902439024
NPL,1984,50.225
NZL,1984,74.3707317073171
OMN,1984,65.254
PAK,1984,59.332
PAN,1984,70.543
PER,1984,60.467
PHL,1984,63.112
PLW,1984,
PNG,1984,58.593
POL,1984,70.8
PRI,1984,73.531
PRK,1984,68.19
PRT,1984,72.5146341463415
PRY,1984,65.966
PSE,1984,
PYF,1984,70.772
QAT,1984,72.186
ROU,1984,69.6587804878049
RUS,1984,67.2026829268293
RWA,1984,51.64
SAU,1984,65.689
SDN,1984,46.22
SEN,1984,52.015
SGP,1984,73.290243902439
SLB,1984,63.998
SLE,1984,43.916
SLV,1984,54.85
SOM,1984,48.459
SRB,1984,68.3783414634146
SSD,1984,32.673
STP,1984,59.487
SUR,1984,62.872
SVK,1984,70.7509756097561
SVN,1984,70.9024390243903
SWE,1984,76.8158536585366
SWZ,1984,59.999
SXM,1984,72.418
SYC,1984,69.5536585365854
SYR,1984,68.924
TCA,1984,68.872
TCD,1984,44.515
TGO,1984,53.089
THA,1984,66.733
TJK,1984,60.093
TKM,1984,62.256
TLS,1984,33.751
TON,1984,66.482
TTO,1984,67.592
TUN,1984,66.82
TUR,1984,64.706
TUV,1984,61.541
TZA,1984,51.546
UGA,1984,43.752
UKR,1984,68.5058048780488
URY,1984,71.841
USA,1984,74.5634146341464
UZB,1984,64.002
VCT,1984,71.188
VEN,1984,70.441
VGB,1984,72.101
VIR,1984,69.5295365853659
VNM,1984,67.305
VUT,1984,63.912
WSM,1984,66.048
YEM,1984,54.934
ZAF,1984,61.907
ZMB,1984,52.755
ZWE,1984,61.051
AFG,1985,33.55
AGO,1985,42.648
ALB,1985,71.656
ARE,1985,70.747
ARG,1985,69.651
ARM,1985,67.93
ASM,1985,
ATG,1985,73.566
AUS,1985,75.6292682926829
AUT,1985,73.8146341463415
AZE,1985,62.093
BDI,1985,48.541
BEL,1985,74.520243902439
BEN,1985,50.374
BFA,1985,48.949
BGD,1985,53.897
BGR,1985,71.2280487804878
BHR,1985,72.106
BHS,1985,69.257
BIH,1985,70.799
BLR,1985,70.9926829268293
BLZ,1985,69.462
BMU,1985,73.337
BOL,1985,53.446
BRA,1985,64.198
BRB,1985,72.495
BRN,1985,70.582
BTN,1985,52.118
BWA,1985,62.626
CAF,1985,50.518
CAN,1985,76.3273170731707
CHE,1985,76.7336585365854
CHL,1985,71.176
CHN,1985,66.643
CIV,1985,53.174
CMR,1985,53.899
COD,1985,46.624
COG,1985,57.517
COL,1985,66.276
COM,1985,53.482
CPV,1985,62.182
CRI,1985,75.111
CUB,1985,73.605
CYM,1985,
CYP,1985,72.647
CZE,1985,71.0463414634146
DEU,1985,74.1890975609756
DJI,1985,54.067
DMA,1985,71.255
DNK,1985,74.4275609756098
DOM,1985,64.139
DZA,1985,63.588
ECU,1985,65.811
EGY,1985,60.542
ERI,1985,46.145
ESP,1985,76.259512195122
EST,1985,69.3804878048781
ETH,1985,37.364
FIN,1985,74.2229268292683
FJI,1985,64.526
FRA,1985,75.3
FSM,1985,65.97
GAB,1985,59.311
GBR,1985,74.6292682926829
GEO,1985,68.368
GHA,1985,52.416
GIN,1985,45.522
GMB,1985,48.189
GNB,1985,45.104
GNQ,1985,49.683
GRC,1985,76.0829024390244
GRD,1985,69.58
GTM,1985,60.203
GUM,1985,71.069
GUY,1985,61.66
HKG,1985,76.4292682926829
HND,1985,62.996
HRV,1985,70.8860975609756
HTI,1985,51.523
HUN,1985,68.9721951219512
IDN,1985,61.307
IND,1985,56.334
IRL,1985,73.6219024390244
IRN,1985,61.893
IRQ,1985,60.68
ISL,1985,77.6024390243903
ISR,1985,75.2073170731707
ITA,1985,75.4707317073171
JAM,1985,70.52
JOR,1985,68.26
JPN,1985,77.5604878048781
KAZ,1985,68.5365853658537
KEN,1985,60.58
KGZ,1985,63.019512195122
KHM,1985,51.041
KIR,1985,58.591
KNA,1985,65.795
KOR,1985,68.7951219512195
KWT,1985,73.074
LAO,1985,51.108
LBN,1985,60.486
LBR,1985,44.664
LBY,1985,67.29
LCA,1985,70.117
LIE,1985,
LKA,1985,70.969
LSO,1985,59.104
LTU,1985,70.5012195121951
LUX,1985,73.5341951219512
LVA,1985,69.2914634146342
MAC,1985,75.478
MAF,1985,72.617
MAR,1985,59.286
MDA,1985,65.688
MDG,1985,49.638
MDV,1985,59.749
MEX,1985,67.874
MHL,1985,62.108
MKD,1985,70.0820731707317
MLI,1985,43.207
MLT,1985,73.0636829268293
MMR,1985,55.642
MNE,1985,73.8543658536585
MNG,1985,56.841
MNP,1985,
MOZ,1985,38.657
MRT,1985,57.575
MUS,1985,67.4906341463415
MWI,1985,44.947
MYS,1985,70.318
NAM,1985,59.041
NCL,1985,68.7658536585366
NER,1985,40.031
NGA,1985,46.317
NIC,1985,56.501
NLD,1985,76.2846341463415
NOR,1985,75.9168292682927
NPL,1985,50.882
NZL,1985,73.8292682926829
OMN,1985,66.272
PAK,1985,59.363
PAN,1985,70.732
PER,1985,61.292
PHL,1985,63.505
PLW,1985,
PNG,1985,58.866
POL,1985,70.5487804878049
PRI,1985,73.083
PRK,1985,68.681
PRT,1985,72.8146341463415
PRY,1985,66.315
PSE,1985,
PYF,1985,71.644
QAT,1985,72.381
ROU,1985,69.7068292682927
RUS,1985,67.8568292682927
RWA,1985,51.734
SAU,1985,66.33
SDN,1985,46.458
SEN,1985,52.758
SGP,1985,73.890243902439
SLB,1985,64.29
SLE,1985,43.888
SLV,1985,57.025
SOM,1985,48.281
SRB,1985,68.7808048780488
SSD,1985,33.154
STP,1985,59.811
SUR,1985,63.058
SVK,1985,70.7346341463415
SVN,1985,71.3512195121951
SWE,1985,76.6678048780488
SWZ,1985,60.785
SXM,1985,72.282
SYC,1985,69.6975609756098
SYR,1985,68.756
TCA,1985,69.197
TCD,1985,45.05
TGO,1985,53.432
THA,1985,67.587
TJK,1985,60.418
TKM,1985,62.475
TLS,1985,33.795
TON,1985,66.626
TTO,1985,67.543
TUN,1985,67.589
TUR,1985,65.24
TUV,1985,61.589
TZA,1985,51.556
UGA,1985,45.381
UKR,1985,68.6131219512195
URY,1985,72.123
USA,1985,74.5634146341464
UZB,1985,64.287
VCT,1985,71.521
VEN,1985,70.596
VGB,1985,73.403
VIR,1985,69.7428048780488
VNM,1985,67.601
VUT,1985,64.231
WSM,1985,66.347
YEM,1985,55.693
ZAF,1985,62.38
ZMB,1985,51.902
ZWE,1985,61.624
AFG,1986,39.396
AGO,1986,42.843
ALB,1986,71.95
ARE,1986,70.964
ARG,1986,70.119
ARM,1986,68.18
ASM,1986,
ATG,1986,73.556
AUS,1986,75.8707317073171
AUT,1986,74.3170731707317
AZE,1986,62.194
BDI,1986,48.164
BEL,1986,74.7317073170732
BEN,1986,51.075
BFA,1986,49.013
BGD,1986,54.415
BGR,1986,71.7307317073171
BHR,1986,72.269
BHS,1986,69.285
BIH,1986,71.239
BLR,1986,71.549512195122
BLZ,1986,69.704
BMU,1986,73.428
BOL,1986,53.929
BRA,1986,64.64
BRB,1986,72.568
BRN,1986,70.847
BTN,1986,52.919
BWA,1986,62.678
CAF,1986,50.492
CAN,1986,76.4639024390244
CHE,1986,76.8990243902439
CHL,1986,71.81
CHN,1986,66.97
CIV,1986,53.202
CMR,1986,54.037
COD,1986,46.914
COG,1986,57.552
COL,1986,68.26
COM,1986,54.029
CPV,1986,62.747
CRI,1986,75.505
CUB,1986,73.725
CYM,1986,
CYP,1986,72.651
CZE,1986,70.9973170731707
DEU,1986,74.3968292682927
DJI,1986,54.481
DMA,1986,71.322
DNK,1986,74.579756097561
DOM,1986,64.727
DZA,1986,65.159
ECU,1986,66.535
EGY,1986,61.261
ERI,1986,47.075
ESP,1986,76.5104878048781
EST,1986,70.0853658536585
ETH,1986,37.811
FIN,1986,74.56
FJI,1986,64.715
FRA,1986,75.6
FSM,1986,66.172
GAB,1986,59.641
GBR,1986,74.9292682926829
GEO,1986,68.445
GHA,1986,53.125
GIN,1986,45.918
GMB,1986,48.71
GNB,1986,45.446
GNQ,1986,50.039
GRC,1986,76.4826585365854
GRD,1986,69.77
GTM,1986,60.772
GUM,1986,71.325
GUY,1986,61.797
HKG,1986,76.6843902439024
HND,1986,63.591
HRV,1986,71.4190243902439
HTI,1986,51.875
HUN,1986,69.1734146341463
IDN,1986,61.722
IND,1986,56.835
IRL,1986,73.6655365853659
IRN,1986,62.487
IRQ,1986,60.874
ISL,1986,77.9907317073171
ISR,1986,74.9560975609756
ITA,1986,75.7707317073171
JAM,1986,70.732
JOR,1986,68.567
JPN,1986,78.0104878048781
KAZ,1986,68.9134146341463
KEN,1986,60.216
KGZ,1986,63.3304146341463
KHM,1986,51.506
KIR,1986,58.97
KNA,1986,65.511
KOR,1986,69.4463414634146
KWT,1986,73.558
LAO,1986,51.699
LBN,1986,60.965
LBR,1986,45.005
LBY,1986,67.774
LCA,1986,70.281
LIE,1986,
LKA,1986,71.421
LSO,1986,59.455
LTU,1986,72.0807317073171
LUX,1986,73.995512195122
LVA,1986,70.6224390243903
MAC,1986,75.862
MAF,1986,73.449
MAR,1986,60.041
MDA,1986,67.635
MDG,1986,49.806
MDV,1986,60.517
MEX,1986,68.388
MHL,1986,62.161
MKD,1986,70.383
MLI,1986,43.977
MLT,1986,73.6232195121951
MMR,1986,55.877
MNE,1986,74.2454634146342
MNG,1986,56.911
MNP,1986,
MOZ,1986,40.681
MRT,1986,57.992
MUS,1986,67.7710487804878
MWI,1986,44.343
MYS,1986,70.458
NAM,1986,59.555
NCL,1986,69.0634146341463
NER,1986,40.129
NGA,1986,45.975
NIC,1986,57.775
NLD,1986,76.2704878048781
NOR,1986,76.2412195121951
NPL,1986,51.535
NZL,1986,74.1219512195122
OMN,1986,67.014
PAK,1986,59.464
PAN,1986,70.833
PER,1986,62.024
PHL,1986,63.745
PLW,1986,
PNG,1986,58.959
POL,1986,70.8487804878049
PRI,1986,73.718
PRK,1986,69.147
PRT,1986,73.2658536585366
PRY,1986,66.656
PSE,1986,
PYF,1986,72.471
QAT,1986,72.587
ROU,1986,69.4963414634146
RUS,1986,69.389756097561
RWA,1986,51.638
SAU,1986,66.921
SDN,1986,51.481
SEN,1986,53.928
SGP,1986,74.2463414634146
SLB,1986,63.76
SLE,1986,43.792
SLV,1986,57.741
SOM,1986,48.37
SRB,1986,68.904
SSD,1986,33.632
STP,1986,57.527
SUR,1986,62.96
SVK,1986,71.0212195121951
SVN,1986,71.8024390243903
SWE,1986,76.9312195121951
SWZ,1986,61.438
SXM,1986,72.202
SYC,1986,68.6560975609756
SYR,1986,69.206
TCA,1986,69.592
TCD,1986,45.21
TGO,1986,53.713
THA,1986,68.419
TJK,1986,60.846
TKM,1986,62.976
TLS,1986,34.344
TON,1986,66.752
TTO,1986,68.279
TUN,1986,68.228
TUR,1986,65.772
TUV,1986,61.553
TZA,1986,51.672
UGA,1986,45.322
UKR,1986,70.0662926829268
URY,1986,72.381
USA,1986,74.6146341463415
UZB,1986,64.723
VCT,1986,71.639
VEN,1986,71.037
VGB,1986,73.715
VIR,1986,70.0175609756098
VNM,1986,68.013
VUT,1986,65.053
WSM,1986,66.623
YEM,1986,53.819
ZAF,1986,62.912
ZMB,1986,51.061
ZWE,1986,62.023
AFG,1987,39.844
AGO,1987,40.917
ALB,1987,72.352
ARE,1987,71.491
ARG,1987,70.564
ARM,1987,68.095
ASM,1987,
ATG,1987,73.554
AUS,1987,76.1517073170732
AUT,1987,74.7682926829268
AZE,1987,62.569
BDI,1987,47.516
BEL,1987,75.3658536585366
BEN,1987,51.659
BFA,1987,49.058
BGD,1987,54.926
BGR,1987,71.5268292682927
BHR,1987,72.369
BHS,1987,68.924
BIH,1987,71.676
BLR,1987,70.990243902439
BLZ,1987,70.198
BMU,1987,73.996
BOL,1987,54.492
BRA,1987,65.08
BRB,1987,72.675
BRN,1987,71.019
BTN,1987,53.72
BWA,1987,62.522
CAF,1987,50.409
CAN,1987,76.7787804878049
CHE,1987,77.1975609756098
CHL,1987,72.54
CHN,1987,67.288
CIV,1987,53.187
CMR,1987,54.724
COD,1987,47.336
COG,1987,57.431
COL,1987,68.268
COM,1987,54.368
CPV,1987,63.404
CRI,1987,75.741
CUB,1987,73.825
CYM,1987,
CYP,1987,73.089
CZE,1987,71.4456097560976
DEU,1987,74.8070243902439
DJI,1987,54.775
DMA,1987,70.858
DNK,1987,74.6912195121951
DOM,1987,65.339
DZA,1987,65.83
ECU,1987,67.3
EGY,1987,62.137
ERI,1987,47.333
ESP,1987,76.7280487804878
EST,1987,70.6439024390244
ETH,1987,45.44
FIN,1987,74.5919512195122
FJI,1987,64.936
FRA,1987,75.8
FSM,1987,66.292
GAB,1987,59.894
GBR,1987,75.280487804878
GEO,1987,68.251
GHA,1987,53.824
GIN,1987,46.417
GMB,1987,49.409
GNB,1987,45.785
GNQ,1987,50.279
GRC,1987,76.2798536585366
GRD,1987,69.939
GTM,1987,61.432
GUM,1987,71.564
GUY,1987,61.947
HKG,1987,76.8978048780488
HND,1987,64.032
HRV,1987,71.470243902439
HTI,1987,52.239
HUN,1987,69.6512195121951
IDN,1987,61.973
IND,1987,57.315
IRL,1987,74.4323902439024
IRN,1987,62.823
IRQ,1987,61.176
ISL,1987,77.3390243902439
ISR,1987,75.2585365853659
ITA,1987,76.219512195122
JAM,1987,71.273
JOR,1987,68.884
JPN,1987,78.429512195122
KAZ,1987,69.290243902439
KEN,1987,60.044
KGZ,1987,63.6604390243902
KHM,1987,53.454
KIR,1987,59.412
KNA,1987,65.476
KOR,1987,69.9975609756098
KWT,1987,74.11
LAO,1987,52.152
LBN,1987,61.428
LBR,1987,44.528
LBY,1987,68.196
LCA,1987,70.005
LIE,1987,
LKA,1987,71.457
LSO,1987,59.495
LTU,1987,71.9346341463415
LUX,1987,74.0760975609756
LVA,1987,70.6929268292683
MAC,1987,76.272
MAF,1987,73.581
MAR,1987,60.711
MDA,1987,68.121
MDG,1987,50.209
MDV,1987,61.31
MEX,1987,68.844
MHL,1987,62.137
MKD,1987,70.3766097560976
MLI,1987,44.693
MLT,1987,74.506243902439
MMR,1987,56.076
MNE,1987,75.0944146341464
MNG,1987,57.388
MNP,1987,
MOZ,1987,40.843
MRT,1987,58.581
MUS,1987,68.0969756097561
MWI,1987,43.811
MYS,1987,70.666
NAM,1987,60.207
NCL,1987,69.4268292682927
NER,1987,40.433
NGA,1987,46.018
NIC,1987,57.66
NLD,1987,76.7051219512195
NOR,1987,76.0817073170732
NPL,1987,52.475
NZL,1987,74.1780487804878
OMN,1987,67.887
PAK,1987,59.066
PAN,1987,70.888
PER,1987,62.804
PHL,1987,64.335
PLW,1987,
PNG,1987,59.213
POL,1987,70.8975609756098
PRI,1987,73.839
PRK,1987,69.442
PRT,1987,73.6658536585366
PRY,1987,67.012
PSE,1987,
PYF,1987,72.897
QAT,1987,73.019
ROU,1987,69.2268292682927
RUS,1987,69.44
RWA,1987,51.477
SAU,1987,67.4
SDN,1987,43.441
SEN,1987,54.819
SGP,1987,74.5487804878049
SLB,1987,64.764
SLE,1987,44.047
SLV,1987,59.669
SOM,1987,48.903
SRB,1987,69.0934878048781
SSD,1987,21.912
STP,1987,61.017
SUR,1987,63.186
SVK,1987,71.0887804878049
SVN,1987,72.0024390243902
SWE,1987,77.0921951219512
SWZ,1987,62.042
SXM,1987,72.201
SYC,1987,68.2365853658537
SYR,1987,69.295
TCA,1987,70.168
TCD,1987,42.798
TGO,1987,54.051
THA,1987,69.448
TJK,1987,61.254
TKM,1987,63.352
TLS,1987,35.644
TON,1987,66.884
TTO,1987,68.281
TUN,1987,68.899
TUR,1987,66.278
TUV,1987,61.444
TZA,1987,51.726
UGA,1987,46.619
UKR,1987,70.4951219512195
URY,1987,72.613
USA,1987,74.7658536585366
UZB,1987,64.984
VCT,1987,72.046
VEN,1987,71.047
VGB,1987,73.532
VIR,1987,70.3379024390244
VNM,1987,68.392
VUT,1987,64.578
WSM,1987,66.883
YEM,1987,57.096
ZAF,1987,63.041
ZMB,1987,50.328
ZWE,1987,61.767
AFG,1988,43.958
AGO,1988,41.545
ALB,1988,72.641
ARE,1988,71.606
ARG,1988,71.052
ARM,1988,53.9
ASM,1988,
ATG,1988,73.53
AUS,1988,76.4326829268293
AUT,1988,75.2170731707317
AZE,1988,62.729
BDI,1988,43.04
BEL,1988,75.5658536585366
BEN,1988,52.294
BFA,1988,49.132
BGD,1988,55.027
BGR,1988,71.6043902439024
BHR,1988,72.444
BHS,1988,69.215
BIH,1988,71.755
BLR,1988,71.3414634146341
BLZ,1988,70.781
BMU,1988,74.91
BOL,1988,55.156
BRA,1988,65.454
BRB,1988,72.652
BRN,1988,71.236
BTN,1988,54.513
BWA,1988,61.755
CAF,1988,50.241
CAN,1988,76.8587804878049
CHE,1988,77.2265853658537
CHL,1988,72.456
CHN,1988,67.581
CIV,1988,53.017
CMR,1988,54.934
COD,1988,47.768
COG,1988,57.009
COL,1988,68.391
COM,1988,54.95
CPV,1988,64.058
CRI,1988,76.106
CUB,1988,73.913
CYM,1988,
CYP,1988,73.129
CZE,1988,71.6414634146342
DEU,1988,74.9987317073171
DJI,1988,55.161
DMA,1988,71.364
DNK,1988,74.7717073170732
DOM,1988,65.951
DZA,1988,66.971
ECU,1988,68.056
EGY,1988,62.98
ERI,1988,48.015
ESP,1988,76.7470731707317
EST,1988,70.6975609756098
ETH,1988,45.061
FIN,1988,74.5770731707317
FJI,1988,65.149
FRA,1988,76.1
FSM,1988,66.859
GAB,1988,60.006
GBR,1988,75.3804878048781
GEO,1988,68.528
GHA,1988,54.507
GIN,1988,46.589
GMB,1988,50.051
GNB,1988,46.321
GNQ,1988,50.504
GRC,1988,76.980756097561
GRD,1988,70.165
GTM,1988,62.029
GUM,1988,71.885
GUY,1988,62.085
HKG,1988,77.0834146341464
HND,1988,64.345
HRV,1988,71.4882926829268
HTI,1988,52.632
HUN,1988,70.0234146341463
IDN,1988,62.211
IND,1988,57.777
IRL,1988,74.4394146341463
IRN,1988,63.446
IRQ,1988,57.466
ISL,1988,77.0829268292683
ISR,1988,74.4365853658537
ITA,1988,76.3707317073171
JAM,1988,71.541
JOR,1988,69.252
JPN,1988,78.349756097561
KAZ,1988,68.8487804878049
KEN,1988,59.539
KGZ,1988,63.9173902439024
KHM,1988,54.276
KIR,1988,59.904
KNA,1988,65.45
KOR,1988,70.5487804878049
KWT,1988,74.52
LAO,1988,52.731
LBN,1988,61.718
LBR,1988,43.993
LBY,1988,68.622
LCA,1988,70.053
LIE,1988,
LKA,1988,71.549
LSO,1988,59.62
LTU,1988,71.7621951219512
LUX,1988,74.7882195121951
LVA,1988,70.6153658536585
MAC,1988,76.603
MAF,1988,74.226
MAR,1988,61.32
MDA,1988,68.159
MDG,1988,50.594
MDV,1988,62.132
MEX,1988,69.253
MHL,1988,62.161
MKD,1988,70.8194390243902
MLI,1988,45.393
MLT,1988,74.7100731707317
MMR,1988,56.085
MNE,1988,76.2375365853659
MNG,1988,57.87
MNP,1988,
MOZ,1988,43.844
MRT,1988,59.141
MUS,1988,68.3612195121951
MWI,1988,43.383
MYS,1988,70.896
NAM,1988,60.248
NCL,1988,69.4536585365854
NER,1988,40.79
NGA,1988,46.072
NIC,1988,60.3
NLD,1988,76.890243902439
NOR,1988,76.2204878048781
NPL,1988,53.071
NZL,1988,74.4243902439024
OMN,1988,68.58
PAK,1988,59.356
PAN,1988,70.888
PER,1988,63.601
PHL,1988,64.898
PLW,1988,
PNG,1988,59.336
POL,1988,71.3317073170732
PRI,1988,73.852
PRK,1988,69.803
PRT,1988,73.7146341463415
PRY,1988,67.319
PSE,1988,
PYF,1988,73.468
QAT,1988,73.164
ROU,1988,69.3880487804878
RUS,1988,69.4643902439024
RWA,1988,50.976
SAU,1988,67.972
SDN,1988,35.923
SEN,1988,55.774
SGP,1988,74.6975609756098
SLB,1988,64.973
SLE,1988,44.047
SLV,1988,61.476
SOM,1988,43.835
SRB,1988,69.5157073170732
SSD,1988,12.407
STP,1988,61.334
SUR,1988,63.437
SVK,1988,71.2078048780488
SVN,1988,72.4463414634146
SWE,1988,76.9792682926829
SWZ,1988,62.673
SXM,1988,72.871
SYC,1988,68.7024390243902
SYR,1988,69.674
TCA,1988,70.411
TCD,1988,45.785
TGO,1988,54.348
THA,1988,69.689
TJK,1988,61.792
TKM,1988,63.682
TLS,1988,35.753
TON,1988,67.026
TTO,1988,68.419
TUN,1988,69.569
TUR,1988,66.794
TUV,1988,61.431
TZA,1988,51.843
UGA,1988,46.701
UKR,1988,70.4975609756098
URY,1988,72.82
USA,1988,74.7658536585366
UZB,1988,65.147
VCT,1988,72.35
VEN,1988,71.252
VGB,1988,73.73
VIR,1988,70.7632682926829
VNM,1988,68.469
VUT,1988,66.04
WSM,1988,67.188
YEM,1988,57.759
ZAF,1988,63.345
ZMB,1988,49.527
ZWE,1988,61.323
AFG,1989,45.158
AGO,1989,41.765
ALB,1989,72.88
ARE,1989,71.757
ARG,1989,71.425
ARM,1989,68.703
ASM,1989,
ATG,1989,73.416
AUS,1989,76.7136585365854
AUT,1989,75.2658536585366
AZE,1989,62.582
BDI,1989,45.62
BEL,1989,75.6326829268293
BEN,1989,52.684
BFA,1989,49.174
BGD,1989,55.089
BGR,1989,71.7224390243903
BHR,1989,72.619
BHS,1989,69.598
BIH,1989,71.781
BLR,1989,71.4829268292683
BLZ,1989,70.724
BMU,1989,74.269
BOL,1989,55.772
BRA,1989,65.868
BRB,1989,72.74
BRN,1989,71.445
BTN,1989,55.261
BWA,1989,61.427
CAF,1989,49.986
CAN,1989,77.1248780487805
CHE,1989,77.4212195121951
CHL,1989,72.467
CHN,1989,67.838
CIV,1989,52.876
CMR,1989,54.947
COD,1989,48.17
COG,1989,56.513
COL,1989,68.533
COM,1989,55.224
CPV,1989,64.446
CRI,1989,76.263
CUB,1989,73.981
CYM,1989,
CYP,1989,73.48
CZE,1989,71.6756097560976
DEU,1989,75.1915365853659
DJI,1989,55.273
DMA,1989,69.553
DNK,1989,74.799756097561
DOM,1989,66.546
DZA,1989,67.085
ECU,1989,68.749
EGY,1989,63.628
ERI,1989,47.828
ESP,1989,76.8136585365854
EST,1989,70.0390243902439
ETH,1989,45.036
FIN,1989,74.7921951219512
FJI,1989,65.277
FRA,1989,76.3487804878049
FSM,1989,67.096
GAB,1989,60.265
GBR,1989,75.5829268292683
GEO,1989,68.353
GHA,1989,55.191
GIN,1989,46.847
GMB,1989,50.635
GNB,1989,46.7
GNQ,1989,50.668
GRC,1989,76.6878048780488
GRD,1989,70.419
GTM,1989,62.374
GUM,1989,72.164
GUY,1989,62.238
HKG,1989,77.0287804878049
HND,1989,64.856
HRV,1989,71.8446341463415
HTI,1989,52.755
HUN,1989,69.4617073170732
IDN,1989,62.696
IND,1989,58.233
IRL,1989,74.4552195121951
IRN,1989,65.718
IRQ,1989,58.235
ISL,1989,78.1409756097561
ISR,1989,76.3073170731707
ITA,1989,76.819512195122
JAM,1989,72.157
JOR,1989,69.57
JPN,1989,78.7685365853659
KAZ,1989,68.290243902439
KEN,1989,59.04
KGZ,1989,67.9073170731707
KHM,1989,54.798
KIR,1989,60.408
KNA,1989,64.992
KOR,1989,71.0487804878049
KWT,1989,74.826
LAO,1989,53.252
LBN,1989,64.163
LBR,1989,43.451
LBY,1989,68.99
LCA,1989,70.215
LIE,1989,
LKA,1989,69.761
LSO,1989,59.531
LTU,1989,71.4253658536585
LUX,1989,74.5662682926829
LVA,1989,70.1553658536586
MAC,1989,77.035
MAF,1989,74.233
MAR,1989,61.899
MDA,1989,68.673
MDG,1989,51.107
MDV,1989,62.847
MEX,1989,69.623
MHL,1989,62.19
MKD,1989,71.1368292682927
MLI,1989,45.877
MLT,1989,75.3041219512195
MMR,1989,56.565
MNE,1989,75.5379024390244
MNG,1989,58.344
MNP,1989,
MOZ,1989,44.143
MRT,1989,59.322
MUS,1989,68.95
MWI,1989,43.34
MYS,1989,71.117
NAM,1989,62.642
NCL,1989,69.0853658536585
NER,1989,41.221
NGA,1989,46.182
NIC,1989,62.475
NLD,1989,76.7341463414634
NOR,1989,76.500487804878
NPL,1989,54.127
NZL,1989,74.8243902439024
OMN,1989,69.156
PAK,1989,59.62
PAN,1989,69.936
PER,1989,64.352
PHL,1989,65.464
PLW,1989,
PNG,1989,59.58
POL,1989,71.0439024390244
PRI,1989,73.853
PRK,1989,70.039
PRT,1989,74.2658536585366
PRY,1989,67.469
PSE,1989,
PYF,1989,73.787
QAT,1989,73.594
ROU,1989,69.5307317073171
RUS,1989,69.1717073170732
RWA,1989,50.22
SAU,1989,68.491
SDN,1989,49.337
SEN,1989,56.438
SGP,1989,74.9463414634146
SLB,1989,65.186
SLE,1989,44.021
SLV,1989,59.685
SOM,1989,46.717
SRB,1989,69.7707804878049
SSD,1989,29.68
STP,1989,60.158
SUR,1989,64.01
SVK,1989,71.0263414634146
SVN,1989,72.7048780487805
SWE,1989,77.7268292682927
SWZ,1989,62.927
SXM,1989,72.481
SYC,1989,67.9707317073171
SYR,1989,69.76
TCA,1989,69.941
TCD,1989,45.875
TGO,1989,54.39
THA,1989,70.122
TJK,1989,61.953
TKM,1989,63.787
TLS,1989,44.55
TON,1989,67.162
TTO,1989,68.438
TUN,1989,69.671
TUR,1989,67.245
TUV,1989,61.531
TZA,1989,51.739
UGA,1989,46.472
UKR,1989,70.519512195122
URY,1989,73.002
USA,1989,75.0170731707317
UZB,1989,65.281
VCT,1989,72.732
VEN,1989,71.348
VGB,1989,74.032
VIR,1989,71.0024634146341
VNM,1989,69.076
VUT,1989,66.134
WSM,1989,67.471
YEM,1989,58.218
ZAF,1989,63.31
ZMB,1989,48.696
ZWE,1989,60.401
AFG,1990,45.967
AGO,1990,41.893
ALB,1990,73.144
ARE,1990,71.9
ARG,1990,71.784
ARM,1990,68.821
ASM,1990,
ATG,1990,73.492
AUS,1990,76.9946341463415
AUT,1990,75.5682926829269
AZE,1990,62.352
BDI,1990,44.86
BEL,1990,76.0519512195122
BEN,1990,53.292
BFA,1990,49.44
BGD,1990,55.989
BGR,1990,71.6414634146342
BHR,1990,72.668
BHS,1990,70.133
BIH,1990,72.349
BLR,1990,70.8365853658537
BLZ,1990,70.744
BMU,1990,74.5
BOL,1990,56.422
BRA,1990,65.985
BRB,1990,72.752
BRN,1990,71.656
BTN,1990,55.968
BWA,1990,60.533
CAF,1990,49.635
CAN,1990,77.4365853658537
CHE,1990,77.2424390243902
CHL,1990,72.574
CHN,1990,68.005
CIV,1990,52.603
CMR,1990,54.868
COD,1990,48.601
COG,1990,55.926
COL,1990,68.644
COM,1990,55.84
CPV,1990,65.023
CRI,1990,76.63
CUB,1990,74.039
CYM,1990,
CYP,1990,73.539
CZE,1990,71.3839024390244
DEU,1990,75.0856341463415
DJI,1990,55.498
DMA,1990,69.852
DNK,1990,74.8053658536585
DOM,1990,67.11
DZA,1990,67.416
ECU,1990,69.348
EGY,1990,64.146
ERI,1990,49.769
ESP,1990,76.8375609756098
EST,1990,69.4756097560976
ETH,1990,44.557
FIN,1990,74.8131707317073
FJI,1990,65.508
FRA,1990,76.6
FSM,1990,67.425
GAB,1990,60.311
GBR,1990,75.8804878048781
GEO,1990,68.389
GHA,1990,55.62
GIN,1990,47.004
GMB,1990,51.319
GNB,1990,47.084
GNQ,1990,50.86
GRC,1990,76.9390243902439
GRD,1990,70.683
GTM,1990,62.473
GUM,1990,72.473
GUY,1990,62.415
HKG,1990,77.3707317073171
HND,1990,65.243
HRV,1990,72.1704878048781
HTI,1990,52.975
HUN,1990,69.3156097560976
IDN,1990,63.181
IND,1990,58.652
IRL,1990,74.8460731707317
IRN,1990,64.367
IRQ,1990,58.435
ISL,1990,78.0363414634146
ISR,1990,76.6073170731707
ITA,1990,76.9707317073171
JAM,1990,72.304
JOR,1990,69.854
JPN,1990,78.8370731707317
KAZ,1990,68.3365853658537
KEN,1990,58.614
KGZ,1990,68.2975609756098
KHM,1990,55.434
KIR,1990,60.917
KNA,1990,65.188
KOR,1990,71.5975609756098
KWT,1990,73.281
LAO,1990,53.713
LBN,1990,64.475
LBR,1990,36.688
LBY,1990,69.423
LCA,1990,70.326
LIE,1990,
LKA,1990,71.927
LSO,1990,59.398
LTU,1990,71.1607317073171
LUX,1990,75.4383170731707
LVA,1990,69.2731707317073
MAC,1990,77.424
MAF,1990,74.463
MAR,1990,62.448
MDA,1990,68.067
MDG,1990,51.701
MDV,1990,63.578
MEX,1990,69.971
MHL,1990,62.176
MKD,1990,71.2338048780488
MLI,1990,46.62
MLT,1990,75.8799756097561
MMR,1990,56.661
MNE,1990,75.5668780487805
MNG,1990,58.765
MNP,1990,
MOZ,1990,44.469
MRT,1990,59.77
MUS,1990,69.4048780487805
MWI,1990,43.323
MYS,1990,71.307
NAM,1990,62.496
NCL,1990,70.4853658536585
NER,1990,41.852
NGA,1990,46.037
NIC,1990,63.096
NLD,1990,76.8780487804878
NOR,1990,76.5373170731707
NPL,1990,54.833
NZL,1990,75.3780487804878
OMN,1990,69.782
PAK,1990,60.066
PAN,1990,71.097
PER,1990,65.106
PHL,1990,65.909
PLW,1990,69.0692682926829
PNG,1990,59.721
POL,1990,70.890243902439
PRI,1990,73.89
PRK,1990,70.21
PRT,1990,73.9658536585366
PRY,1990,67.944
PSE,1990,67.934
PYF,1990,73.983
QAT,1990,73.982
ROU,1990,69.7412195121951
RUS,1990,68.8860975609756
RWA,1990,48.431
SAU,1990,68.948
SDN,1990,49.732
SEN,1990,56.948
SGP,1990,75.2951219512195
SLB,1990,65.392
SLE,1990,44.057
SLV,1990,62.55
SOM,1990,47.105
SRB,1990,70.2292195121951
SSD,1990,29.935
STP,1990,61.471
SUR,1990,64.23
SVK,1990,70.9326829268293
SVN,1990,73.2048780487805
SWE,1990,77.5368292682927
SWZ,1990,63.072
SXM,1990,72.324
SYC,1990,68.1073170731707
SYR,1990,69.817
TCA,1990,69.001
TCD,1990,44.686
TGO,1990,54.37
THA,1990,70.445
TJK,1990,61.879
TKM,1990,63.939
TLS,1990,44.953
TON,1990,67.294
TTO,1990,68.272
TUN,1990,70.11
TUR,1990,67.709
TUV,1990,61.661
TZA,1990,51.485
UGA,1990,46.443
UKR,1990,70.0975609756098
URY,1990,73.162
USA,1990,75.2146341463415
UZB,1990,65.346
VCT,1990,72.38
VEN,1990,71.532
VGB,1990,73.927
VIR,1990,71.2504634146341
VNM,1990,69.213
VUT,1990,66.675
WSM,1990,67.658
YEM,1990,58.699
ZAF,1990,63.375
ZMB,1990,47.926
ZWE,1990,59.426
AFG,1991,46.663
AGO,1991,43.813
ALB,1991,73.378
ARE,1991,72.241
ARG,1991,72.319
ARM,1991,68.643
ASM,1991,
ATG,1991,73.435
AUS,1991,77.2756097560976
AUT,1991,75.6170731707317
AZE,1991,62.052
BDI,1991,44.227
BEL,1991,76.1921951219512
BEN,1991,53.624
BFA,1991,49.45
BGD,1991,54.154
BGR,1991,71.5609756097561
BHR,1991,72.764
BHS,1991,69.616
BIH,1991,72.089
BLR,1991,70.3780487804878
BLZ,1991,70.248
BMU,1991,74.886
BOL,1991,57.097
BRA,1991,66.31
BRB,1991,72.843
BRN,1991,71.871
BTN,1991,56.642
BWA,1991,59.473
CAF,1991,49.252
CAN,1991,77.5934146341464
CHE,1991,77.5146341463415
CHL,1991,73.574
CHN,1991,68.169
CIV,1991,52.323
CMR,1991,54.658
COD,1991,48.948
COG,1991,55.243
COL,1991,68.813
COM,1991,56.194
CPV,1991,65.176
CRI,1991,76.591
CUB,1991,74.093
CYM,1991,
CYP,1991,73.716
CZE,1991,71.8982926829268
DEU,1991,75.319512195122
DJI,1991,55.156
DMA,1991,69.646
DNK,1991,75.1578048780488
DOM,1991,67.625
DZA,1991,67.688
ECU,1991,69.625
EGY,1991,64.755
ERI,1991,50.607
ESP,1991,76.9712195121951
EST,1991,69.3731707317073
ETH,1991,46.13
FIN,1991,75.2275609756098
FJI,1991,65.643
FRA,1991,76.8487804878049
FSM,1991,67.619
GAB,1991,60.397
GBR,1991,76.0829268292683
GEO,1991,68.245
GHA,1991,56.012
GIN,1991,47.546
GMB,1991,52.127
GNB,1991,47.465
GNQ,1991,50.969
GRC,1991,77.1365853658537
GRD,1991,70.974
GTM,1991,62.725
GUM,1991,72.497
GUY,1991,62.622
HKG,1991,77.8729268292683
HND,1991,65.752
HRV,1991,72.1853658536586
HTI,1991,53.391
HUN,1991,69.3770731707317
IDN,1991,63.537
IND,1991,59.055
IRL,1991,75.025
IRN,1991,66.459
IRQ,1991,62.519
ISL,1991,77.9919512195122
ISR,1991,76.7585365853659
ITA,1991,77.0195121951219
JAM,1991,72.186
JOR,1991,70.093
JPN,1991,79.0368292682927
KAZ,1991,67.6
KEN,1991,58.005
KGZ,1991,68.5512195121951
KHM,1991,55.793
KIR,1991,61.422
KNA,1991,66.15
KOR,1991,72.0463414634146
KWT,1991,74.216
LAO,1991,54.46
LBN,1991,71.176
LBR,1991,42.795
LBY,1991,69.82
LCA,1991,70.602
LIE,1991,
LKA,1991,71.751
LSO,1991,59.193
LTU,1991,70.3641463414634
LUX,1991,75.4634146341463
LVA,1991,69.0324390243903
MAC,1991,77.904
MAF,1991,75.917
MAR,1991,62.946
MDA,1991,66.977
MDG,1991,52.357
MDV,1991,64.304
MEX,1991,70.298
MHL,1991,62.282
MKD,1991,71.8444390243903
MLI,1991,47.216
MLT,1991,75.3554634146342
MMR,1991,57.014
MNE,1991,75.6826097560976
MNG,1991,59.237
MNP,1991,
MOZ,1991,44.66
MRT,1991,59.936
MUS,1991,69.9560975609756
MWI,1991,43.312
MYS,1991,71.442
NAM,1991,62.098
NCL,1991,70.3585365853659
NER,1991,42.218
NGA,1991,45.691
NIC,1991,63.931
NLD,1991,77.0
NOR,1991,76.9807317073171
NPL,1991,55.712
NZL,1991,76.0317073170732
OMN,1991,70.189
PAK,1991,60.259
PAN,1991,71.207
PER,1991,65.434
PHL,1991,66.304
PLW,1991,
PNG,1991,59.908
POL,1991,70.5878048780488
PRI,1991,73.913
PRK,1991,70.313
PRT,1991,74.0146341463415
PRY,1991,68.173
PSE,1991,68.306
PYF,1991,74.149
QAT,1991,73.966
ROU,1991,69.7843902439024
RUS,1991,68.4743902439024
RWA,1991,46.519
SAU,1991,69.366
SDN,1991,50.213
SEN,1991,57.139
SGP,1991,75.6463414634146
SLB,1991,65.579
SLE,1991,43.506
SLV,1991,63.856
SOM,1991,26.565
SRB,1991,70.6177073170732
SSD,1991,30.148
STP,1991,61.429
SUR,1991,64.453
SVK,1991,70.8829268292683
SVN,1991,73.3536585365854
SWE,1991,77.6668292682927
SWZ,1991,62.685
SXM,1991,71.954
SYC,1991,70.7121951219512
SYR,1991,70.036
TCA,1991,68.888
TCD,1991,45.941
TGO,1991,54.268
THA,1991,70.717
TJK,1991,61.379
TKM,1991,64.035
TLS,1991,44.985
TON,1991,67.518
TTO,1991,68.859
TUN,1991,70.521
TUR,1991,68.169
TUV,1991,61.909
TZA,1991,51.306
UGA,1991,46.316
UKR,1991,69.2980487804878
URY,1991,73.305
USA,1991,75.3658536585366
UZB,1991,65.131
VCT,1991,72.937
VEN,1991,71.832
VGB,1991,72.872
VIR,1991,71.4517804878049
VNM,1991,69.849
VUT,1991,67.203
WSM,1991,67.881
YEM,1991,59.049
ZAF,1991,63.265
ZMB,1991,47.097
ZWE,1991,58.091
AFG,1992,47.596
AGO,1992,42.209
ALB,1992,73.715
ARE,1992,72.306
ARG,1992,72.43
ARM,1992,68.627
ASM,1992,
ATG,1992,73.417
AUS,1992,77.3780487804878
AUT,1992,75.8170731707317
AZE,1992,61.296
BDI,1992,43.895
BEL,1992,76.3512195121951
BEN,1992,54.089
BFA,1992,49.437
BGD,1992,57.635
BGR,1992,71.4943902439024
BHR,1992,72.953
BHS,1992,70.668
BIH,1992,51.785
BLR,1992,70.0219512195122
BLZ,1992,69.979
BMU,1992,73.8
BOL,1992,57.629
BRA,1992,66.708
BRB,1992,72.915
BRN,1992,72.081
BTN,1992,57.423
BWA,1992,58.348
CAF,1992,48.793
CAN,1992,77.8380487804878
CHE,1992,77.8060975609756
CHL,1992,74.135
CHN,1992,68.734
CIV,1992,52.138
CMR,1992,54.481
COD,1992,49.244
COG,1992,54.663
COL,1992,69.038
COM,1992,56.733
CPV,1992,65.318
CRI,1992,76.627
CUB,1992,74.162
CYM,1992,
CYP,1992,74.177
CZE,1992,72.2717073170732
DEU,1992,75.819512195122
DJI,1992,54.452
DMA,1992,70.282
DNK,1992,75.1941463414634
DOM,1992,68.084
DZA,1992,67.757
ECU,1992,70.117
EGY,1992,65.031
ERI,1992,52.465
ESP,1992,77.41
EST,1992,68.8634146341464
ETH,1992,46.901
FIN,1992,75.4553658536585
FJI,1992,65.827
FRA,1992,77.1
FSM,1992,67.832
GAB,1992,60.545
GBR,1992,76.4341463414634
GEO,1992,67.783
GHA,1992,56.231
GIN,1992,48.363
GMB,1992,52.941
GNB,1992,47.92
GNQ,1992,51.113
GRC,1992,77.3829268292683
GRD,1992,71.291
GTM,1992,62.913
GUM,1992,72.718
GUY,1992,62.787
HKG,1992,77.6734146341464
HND,1992,65.991
HRV,1992,71.2414634146342
HTI,1992,53.842
HUN,1992,69.1170731707317
IDN,1992,64.126
IND,1992,59.452
IRL,1992,75.4150975609756
IRN,1992,66.776
IRQ,1992,66.708
ISL,1992,78.760243902439
ISR,1992,76.5048780487805
ITA,1992,77.419512195122
JAM,1992,72.189
JOR,1992,70.316
JPN,1992,79.080243902439
KAZ,1992,67.4
KEN,1992,57.259
KGZ,1992,68.1024390243903
KHM,1992,56.021
KIR,1992,61.893
KNA,1992,66.972
KOR,1992,72.4975609756098
KWT,1992,75.691
LAO,1992,54.952
LBN,1992,71.192
LBR,1992,42.738
LBY,1992,70.232
LCA,1992,70.799
LIE,1992,
LKA,1992,72.53
LSO,1992,58.555
LTU,1992,70.2343902439025
LUX,1992,75.7707317073171
LVA,1992,68.3960975609756
MAC,1992,78.28
MAF,1992,75.327
MAR,1992,63.401
MDA,1992,66.96
MDG,1992,53.039
MDV,1992,65.007
MEX,1992,70.616
MHL,1992,62.383
MKD,1992,71.2440731707317
MLI,1992,47.496
MLT,1992,75.2771219512195
MMR,1992,57.251
MNE,1992,74.3653658536585
MNG,1992,59.641
MNP,1992,
MOZ,1992,44.949
MRT,1992,60.261
MUS,1992,70.0585365853659
MWI,1992,43.413
MYS,1992,71.526
NAM,1992,61.545
NCL,1992,71.6146341463415
NER,1992,42.947
NGA,1992,45.668
NIC,1992,64.266
NLD,1992,77.2170731707317
NOR,1992,77.1843902439025
NPL,1992,56.71
NZL,1992,76.1243902439025
OMN,1992,70.656
PAK,1992,60.116
PAN,1992,71.462
PER,1992,66.149
PHL,1992,67.088
PLW,1992,
PNG,1992,60.218
POL,1992,71.090243902439
PRI,1992,73.939
PRK,1992,70.824
PRT,1992,74.3121951219512
PRY,1992,68.395
PSE,1992,68.592
PYF,1992,74.419
QAT,1992,74.122
ROU,1992,69.7843902439024
RUS,1992,66.8731707317073
RWA,1992,44.319
SAU,1992,69.925
SDN,1992,45.891
SEN,1992,57.112
SGP,1992,75.9463414634146
SLB,1992,65.767
SLE,1992,43.621
SLV,1992,64.657
SOM,1992,27.312
SRB,1992,70.8009268292683
SSD,1992,22.724
STP,1992,61.284
SUR,1992,64.65
SVK,1992,71.7951219512195
SVN,1992,73.3048780487805
SWE,1992,77.9987804878049
SWZ,1992,61.735
SXM,1992,72.509
SYC,1992,71.2146341463415
SYR,1992,70.263
TCA,1992,69.64
TCD,1992,46.102
TGO,1992,54.299
THA,1992,70.885
TJK,1992,55.074
TKM,1992,63.875
TLS,1992,46.276
TON,1992,67.686
TTO,1992,68.391
TUN,1992,70.701
TUR,1992,68.486
TUV,1992,60.491
TZA,1992,50.989
UGA,1992,46.368
UKR,1992,68.7709756097561
URY,1992,73.441
USA,1992,75.6170731707317
UZB,1992,65.109
VCT,1992,72.624
VEN,1992,71.806
VGB,1992,73.324
VIR,1992,71.652243902439
VNM,1992,69.958
VUT,1992,67.353
WSM,1992,68.385
YEM,1992,59.428
ZAF,1992,63.341
ZMB,1992,46.512
ZWE,1992,56.435
AFG,1993,51.466
AGO,1993,42.101
ALB,1993,73.939
ARE,1993,72.521
ARG,1993,72.565
ARM,1993,68.841
ASM,1993,
ATG,1993,73.482
AUS,1993,77.8780487804878
AUT,1993,76.0682926829268
AZE,1993,61.286
BDI,1993,37.105
BEL,1993,76.3453658536585
BEN,1993,54.537
BFA,1993,49.209
BGD,1993,57.927
BGR,1993,71.3468292682927
BHR,1993,73.375
BHS,1993,70.656
BIH,1993,51.519
BLR,1993,68.9707317073171
BLZ,1993,69.988
BMU,1993,74.487
BOL,1993,58.418
BRA,1993,67.109
BRB,1993,73.19
BRN,1993,72.312
BTN,1993,58.117
BWA,1993,57.719
CAF,1993,48.353
CAN,1993,77.7048780487805
CHE,1993,78.0853658536586
CHL,1993,74.195
CHN,1993,69.216
CIV,1993,51.925
CMR,1993,54.062
COD,1993,49.551
COG,1993,54.146
COL,1993,69.342
COM,1993,57.276
CPV,1993,65.312
CRI,1993,76.703
CUB,1993,74.261
CYM,1993,
CYP,1993,74.65
CZE,1993,72.7678048780488
DEU,1993,75.8707317073171
DJI,1993,55.774
DMA,1993,70.937
DNK,1993,75.1168292682927
DOM,1993,68.472
DZA,1993,67.719
ECU,1993,70.345
EGY,1993,65.468
ERI,1993,53.234
ESP,1993,77.5465853658537
EST,1993,67.909756097561
ETH,1993,47.394
FIN,1993,75.7051219512195
FJI,1993,65.928
FRA,1993,77.3
FSM,1993,68.059
GAB,1993,60.718
GBR,1993,76.3853658536585
GEO,1993,67.656
GHA,1993,56.416
GIN,1993,48.962
GMB,1993,53.748
GNB,1993,48.228
GNQ,1993,51.308
GRC,1993,77.390243902439
GRD,1993,71.576
GTM,1993,63.349
GUM,1993,72.952
GUY,1993,63.152
HKG,1993,78.0160975609756
HND,1993,66.251
HRV,1993,71.5224390243903
HTI,1993,54.35
HUN,1993,69.1012195121951
IDN,1993,64.598
IND,1993,59.815
IRL,1993,75.2921951219512
IRN,1993,67.139
IRQ,1993,66.897
ISL,1993,78.9346341463415
ISR,1993,77.1536585365854
ITA,1993,77.7219512195122
JAM,1993,71.921
JOR,1993,70.518
JPN,1993,79.3036585365854
KAZ,1993,65.4
KEN,1993,56.617
KGZ,1993,67.1926829268293
KHM,1993,56.08
KIR,1993,62.321
KNA,1993,67.58
KOR,1993,72.9975609756098
KWT,1993,75.794
LAO,1993,55.435
LBN,1993,71.382
LBR,1993,42.166
LBY,1993,70.42
LCA,1993,71.114
LIE,1993,
LKA,1993,73.052
LSO,1993,57.991
LTU,1993,68.9104878048781
LUX,1993,75.7121951219512
LVA,1993,66.7226829268293
MAC,1993,78.63
MAF,1993,75.483
MAR,1993,63.872
MDA,1993,66.543
MDG,1993,53.906
MDV,1993,65.739
MEX,1993,70.942
MHL,1993,62.476
MKD,1993,71.9252926829268
MLI,1993,47.733
MLT,1993,76.5993414634146
MMR,1993,57.631
MNE,1993,74.6332926829268
MNG,1993,60.038
MNP,1993,
MOZ,1993,45.354
MRT,1993,60.379
MUS,1993,70.1073170731707
MWI,1993,43.388
MYS,1993,71.826
NAM,1993,60.86
NCL,1993,71.6560975609756
NER,1993,43.817
NGA,1993,45.788
NIC,1993,64.685
NLD,1993,76.9165853658537
NOR,1993,77.1517073170732
NPL,1993,57.619
NZL,1993,76.4341463414634
OMN,1993,71.165
PAK,1993,59.934
PAN,1993,71.8
PER,1993,66.681
PHL,1993,67.542
PLW,1993,
PNG,1993,60.506
POL,1993,71.5951219512195
PRI,1993,74.029
PRK,1993,71.871
PRT,1993,74.5121951219512
PRY,1993,68.633
PSE,1993,68.853
PYF,1993,74.804
QAT,1993,74.243
ROU,1993,69.5634146341464
RUS,1993,64.9358536585366
RWA,1993,42.166
SAU,1993,70.303
SDN,1993,46.575
SEN,1993,56.996
SGP,1993,76.0463414634146
SLB,1993,65.958
SLE,1993,43.594
SLV,1993,65.235
SOM,1993,50.648
SRB,1993,70.9655609756098
SSD,1993,22.704
STP,1993,61.138
SUR,1993,64.98
SVK,1993,72.4487804878049
SVN,1993,73.2536585365854
SWE,1993,78.0604878048781
SWZ,1993,60.233
SXM,1993,72.293
SYC,1993,69.4682926829268
SYR,1993,70.193
TCA,1993,69.625
TCD,1993,46.318
TGO,1993,54.195
THA,1993,71.068
TJK,1993,52.867
TKM,1993,63.804
TLS,1993,47.254
TON,1993,67.855
TTO,1993,68.811
TUN,1993,71.235
TUR,1993,68.911
TUV,1993,62.654
TZA,1993,50.87
UGA,1993,46.237
UKR,1993,68.1307317073171
URY,1993,73.579
USA,1993,75.419512195122
UZB,1993,64.829
VCT,1993,72.458
VEN,1993,71.925
VGB,1993,73.996
VIR,1993,71.8177073170732
VNM,1993,70.621
VUT,1993,67.528
WSM,1993,68.701
YEM,1993,59.859
ZAF,1993,63.045
ZMB,1993,46.209
ZWE,1993,54.426
AFG,1994,51.495
AGO,1994,43.422
ALB,1994,74.131
ARE,1994,72.598
ARG,1994,73.172
ARM,1994,69.073
ASM,1994,
ATG,1994,73.591
AUS,1994,77.8780487804878
AUT,1994,76.419512195122
AZE,1994,61.594
BDI,1994,44.08
BEL,1994,76.6917073170732
BEN,1994,54.91
BFA,1994,49.307
BGD,1994,58.617
BGR,1994,71.2087804878049
BHR,1994,73.517
BHS,1994,70.851
BIH,1994,67.209
BLR,1994,68.7682926829268
BLZ,1994,70.316
BMU,1994,73.608
BOL,1994,58.989
BRA,1994,67.568
BRB,1994,73.211
BRN,1994,72.553
BTN,1994,58.635
BWA,1994,56.154
CAF,1994,47.853
CAN,1994,77.8717073170732
CHE,1994,78.35
CHL,1994,74.614
CHN,1994,69.52
CIV,1994,51.737
CMR,1994,53.528
COD,1994,49.884
COG,1994,53.738
COL,1994,69.613
COM,1994,57.694
CPV,1994,65.25
CRI,1994,76.67
CUB,1994,74.411
CYM,1994,
CYP,1994,74.72
CZE,1994,72.9726829268293
DEU,1994,76.2707317073171
DJI,1994,55.505
DMA,1994,71.076
DNK,1994,75.3751219512195
DOM,1994,68.792
DZA,1994,67.361
ECU,1994,70.757
EGY,1994,65.816
ERI,1994,54.1
ESP,1994,77.9014634146342
EST,1994,66.5
ETH,1994,47.861
FIN,1994,76.3956097560976
FJI,1994,66.125
FRA,1994,77.6487804878049
FSM,1994,68.095
GAB,1994,60.701
GBR,1994,76.8853658536585
GEO,1994,68.554
GHA,1994,56.112
GIN,1994,49.171
GMB,1994,54.721
GNB,1994,48.156
GNQ,1994,51.415
GRC,1994,77.6390243902439
GRD,1994,71.786
GTM,1994,63.726
GUM,1994,73.058
GUY,1994,63.372
HKG,1994,78.5436585365854
HND,1994,66.574
HRV,1994,71.8034146341463
HTI,1994,54.653
HUN,1994,69.469756097561
IDN,1994,64.856
IND,1994,60.216
IRL,1994,75.7871219512195
IRN,1994,67.468
IRQ,1994,66.744
ISL,1994,79.2470731707317
ISR,1994,77.4024390243903
ITA,1994,77.9219512195122
JAM,1994,71.739
JOR,1994,70.699
JPN,1994,79.6968292682927
KAZ,1994,64.9
KEN,1994,56.273
KGZ,1994,66.0390243902439
KHM,1994,56.035
KIR,1994,62.697
KNA,1994,67.294
KOR,1994,73.3975609756098
KWT,1994,75.763
LAO,1994,55.749
LBN,1994,71.681
LBR,1994,41.796
LBY,1994,70.706
LCA,1994,70.992
LIE,1994,78.4219512195122
LKA,1994,72.882
LSO,1994,58.018
LTU,1994,68.530243902439
LUX,1994,76.3707317073171
LVA,1994,65.6643902439025
MAC,1994,78.993
MAF,1994,75.654
MAR,1994,64.346
MDA,1994,65.07
MDG,1994,54.436
MDV,1994,66.511
MEX,1994,71.279
MHL,1994,62.558
MKD,1994,71.6926829268293
MLI,1994,47.742
MLT,1994,76.4998536585366
MMR,1994,57.956
MNE,1994,73.2455365853659
MNG,1994,60.405
MNP,1994,
MOZ,1994,45.606
MRT,1994,60.336
MUS,1994,70.1585365853659
MWI,1994,43.561
MYS,1994,72.163
NAM,1994,59.846
NCL,1994,70.6731707317073
NER,1994,44.714
NGA,1994,45.513
NIC,1994,65.181
NLD,1994,77.3751219512195
NOR,1994,77.689756097561
NPL,1994,58.553
NZL,1994,76.8829268292683
OMN,1994,71.385
PAK,1994,60.116
PAN,1994,72.096
PER,1994,67.227
PHL,1994,67.942
PLW,1994,
PNG,1994,60.756
POL,1994,71.6951219512195
PRI,1994,74.083
PRK,1994,70.718
PRT,1994,74.9146341463415
PRY,1994,68.824
PSE,1994,69.413
PYF,1994,75.311
QAT,1994,74.348
ROU,1994,69.509756097561
RUS,1994,64.4670731707317
RWA,1994,14.098
SAU,1994,70.705
SDN,1994,56.644
SEN,1994,56.955
SGP,1994,76.1975609756098
SLB,1994,66.188
SLE,1994,42.925
SLV,1994,65.838
SOM,1994,50.327
SRB,1994,71.2506585365854
SSD,1994,44.384
STP,1994,61.069
SUR,1994,65.272
SVK,1994,72.3
SVN,1994,73.4048780487805
SWE,1994,78.650243902439
SWZ,1994,58.268
SXM,1994,72.338
SYC,1994,70.7292682926829
SYR,1994,70.141
TCA,1994,68.447
TCD,1994,46.449
TGO,1994,54.037
THA,1994,71.227
TJK,1994,57.48
TKM,1994,63.756
TLS,1994,48.252
TON,1994,68.014
TTO,1994,68.511
TUN,1994,71.615
TUR,1994,69.295
TUV,1994,62.924
TZA,1994,50.797
UGA,1994,46.353
UKR,1994,67.5412195121951
URY,1994,73.728
USA,1994,75.619512195122
UZB,1994,64.685
VCT,1994,71.922
VEN,1994,71.853
VGB,1994,73.63
VIR,1994,71.9951219512195
VNM,1994,70.759
VUT,1994,67.739
WSM,1994,68.98
YEM,1994,59.714
ZAF,1994,62.612
ZMB,1994,45.854
ZWE,1994,52.588
AFG,1995,52.544
AGO,1995,45.849
ALB,1995,74.362
ARE,1995,72.695
ARG,1995,73.133
ARM,1995,69.311
ASM,1995,
ATG,1995,73.636
AUS,1995,77.8292682926829
AUT,1995,76.6682926829268
AZE,1995,62.305
BDI,1995,44.059
BEL,1995,76.8407317073171
BEN,1995,55.295
BFA,1995,49.446
BGD,1995,59.467
BGR,1995,71.0534146341463
BHR,1995,73.799
BHS,1995,70.763
BIH,1995,70.284
BLR,1995,68.4609756097561
BLZ,1995,69.887
BMU,1995,76.137
BOL,1995,59.534
BRA,1995,67.919
BRB,1995,73.298
BRN,1995,72.816
BTN,1995,59.516
BWA,1995,55.059
CAF,1995,47.35
CAN,1995,77.9773170731707
CHE,1995,78.4170731707317
CHL,1995,74.609
CHN,1995,70.008
CIV,1995,51.61
CMR,1995,53.222
COD,1995,50.411
COG,1995,53.644
COL,1995,69.933
COM,1995,58.015
CPV,1995,64.093
CRI,1995,76.552
CUB,1995,74.623
CYM,1995,
CYP,1995,75.133
CZE,1995,73.0748780487805
DEU,1995,76.4219512195122
DJI,1995,56.302
DMA,1995,71.52
DNK,1995,75.2126829268293
DOM,1995,68.988
DZA,1995,67.454
ECU,1995,71.041
EGY,1995,66.312
ERI,1995,54.914
ESP,1995,77.9807317073171
EST,1995,67.5439024390244
ETH,1995,48.302
FIN,1995,76.409512195122
FJI,1995,66.286
FRA,1995,77.7512195121951
FSM,1995,68.553
GAB,1995,60.704
GBR,1995,76.8365853658537
GEO,1995,68.851
GHA,1995,56.565
GIN,1995,49.866
GMB,1995,55.464
GNB,1995,48.952
GNQ,1995,51.592
GRC,1995,77.5853658536585
GRD,1995,72.109
GTM,1995,64.195
GUM,1995,73.29
GUY,1995,63.136
HKG,1995,78.6787804878049
HND,1995,67.139
HRV,1995,72.0843902439024
HTI,1995,55.547
HUN,1995,69.7917073170732
IDN,1995,65.237
IND,1995,60.596
IRL,1995,75.4698048780488
IRN,1995,67.785
IRQ,1995,66.464
ISL,1995,77.9843902439024
ISR,1995,77.4512195121951
ITA,1995,78.1707317073171
JAM,1995,71.549
JOR,1995,70.87
JPN,1995,79.5360975609756
KAZ,1995,63.5
KEN,1995,55.617
KGZ,1995,65.790243902439
KHM,1995,56.308
KIR,1995,63.014
KNA,1995,67.152
KOR,1995,73.7
KWT,1995,75.537
LAO,1995,56.385
LBN,1995,72.043
LBR,1995,43.917
LBY,1995,71.09
LCA,1995,71.002
LIE,1995,77.390243902439
LKA,1995,72.26
LSO,1995,56.723
LTU,1995,69.0063414634147
LUX,1995,76.5121951219512
LVA,1995,66.3912195121951
MAC,1995,79.349
MAF,1995,75.821
MAR,1995,64.736
MDA,1995,65.099
MDG,1995,54.961
MDV,1995,67.476
MEX,1995,71.646
MHL,1995,62.774
MKD,1995,71.8487804878049
MLI,1995,47.816
MLT,1995,77.290243902439
MMR,1995,58.259
MNE,1995,74.109
MNG,1995,60.612
MNP,1995,
MOZ,1995,46.04
MRT,1995,60.259
MUS,1995,70.3258536585366
MWI,1995,43.641
MYS,1995,72.384
NAM,1995,58.634
NCL,1995,72.009756097561
NER,1995,45.774
NGA,1995,45.487
NIC,1995,65.608
NLD,1995,77.4046341463415
NOR,1995,77.7365853658537
NPL,1995,59.318
NZL,1995,76.7341463414634
OMN,1995,71.99
PAK,1995,59.878
PAN,1995,72.385
PER,1995,67.644
PHL,1995,68.223
PLW,1995,71.8446341463415
PNG,1995,61.049
POL,1995,71.8926829268293
PRI,1995,74.364
PRK,1995,60.894
PRT,1995,75.3121951219512
PRY,1995,69.009
PSE,1995,69.662
PYF,1995,76.008
QAT,1995,74.25
ROU,1995,69.4560975609756
RUS,1995,64.6907317073171
RWA,1995,39.969
SAU,1995,71.011
SDN,1995,51.991
SEN,1995,56.839
SGP,1995,76.2951219512195
SLB,1995,66.381
SLE,1995,42.716
SLV,1995,66.33
SOM,1995,50.6
SRB,1995,71.6894878048781
SSD,1995,30.948
STP,1995,61.056
SUR,1995,65.337
SVK,1995,72.2536585365854
SVN,1995,73.9585365853659
SWE,1995,78.7404878048781
SWZ,1995,56.148
SXM,1995,72.406
SYC,1995,72.4829268292683
SYR,1995,70.416
TCA,1995,68.308
TCD,1995,46.711
TGO,1995,54.037
THA,1995,70.948
TJK,1995,59.338
TKM,1995,63.684
TLS,1995,48.024
TON,1995,68.17
TTO,1995,69.17
TUN,1995,71.988
TUR,1995,69.609
TUV,1995,63.098
TZA,1995,50.786
UGA,1995,46.567
UKR,1995,66.7419512195122
URY,1995,73.896
USA,1995,75.6219512195122
UZB,1995,64.646
VCT,1995,72.097
VEN,1995,72.143
VGB,1995,74.24
VIR,1995,72.0099756097561
VNM,1995,71.384
VUT,1995,67.885
WSM,1995,69.298
YEM,1995,60.453
ZAF,1995,62.262
ZMB,1995,45.553
ZWE,1995,50.531
AFG,1996,53.243
AGO,1996,46.033
ALB,1996,74.592
ARE,1996,72.767
ARG,1996,73.307
ARM,1996,69.783
ASM,1996,
ATG,1996,73.829
AUS,1996,78.0780487804878
AUT,1996,76.8707317073171
AZE,1996,62.622
BDI,1996,44.373
BEL,1996,77.1873170731707
BEN,1996,55.558
BFA,1996,49.614
BGD,1996,59.492
BGR,1996,70.8973170731707
BHR,1996,74.355
BHS,1996,70.71
BIH,1996,73.43
BLR,1996,68.5121951219512
BLZ,1996,69.806
BMU,1996,78.225
BOL,1996,60.084
BRA,1996,68.409
BRB,1996,73.546
BRN,1996,73.1
BTN,1996,60.212
BWA,1996,54.357
CAF,1996,46.831
CAN,1996,78.220243902439
CHE,1996,78.8960975609756
CHL,1996,74.899
CHN,1996,70.266
CIV,1996,51.52
CMR,1996,52.82
COD,1996,49.307
COG,1996,53.491
COL,1996,70.189
COM,1996,58.344
CPV,1996,65.763
CRI,1996,76.804
CUB,1996,74.903
CYM,1996,
CYP,1996,75.522
CZE,1996,73.7146341463415
DEU,1996,76.6731707317073
DJI,1996,56.186
DMA,1996,71.194
DNK,1996,75.5914634146342
DOM,1996,69.097
DZA,1996,68.749
ECU,1996,71.362
EGY,1996,66.742
ERI,1996,55.756
ESP,1996,78.1204878048781
EST,1996,69.6121951219512
ETH,1996,48.924
FIN,1996,76.6934146341464
FJI,1996,66.408
FRA,1996,77.9536585365854
FSM,1996,68.776
GAB,1996,60.612
GBR,1996,77.0878048780488
GEO,1996,68.974
GHA,1996,56.82
GIN,1996,50.544
GMB,1996,56.009
GNB,1996,49.065
GNQ,1996,51.727
GRC,1996,77.6853658536585
GRD,1996,72.331
GTM,1996,64.863
GUM,1996,73.092
GUY,1996,63.205
HKG,1996,79.6275609756098
HND,1996,67.439
HRV,1996,72.3653658536585
HTI,1996,56.154
HUN,1996,70.3287804878049
IDN,1996,65.355
IND,1996,60.984
IRL,1996,75.8317073170732
IRN,1996,68.07
IRQ,1996,66.391
ISL,1996,78.7778048780488
ISR,1996,78.1048780487805
ITA,1996,78.5219512195122
JAM,1996,71.488
JOR,1996,71.064
JPN,1996,80.219756097561
KAZ,1996,63.6
KEN,1996,55.161
KGZ,1996,66.5439024390244
KHM,1996,56.346
KIR,1996,63.291
KNA,1996,67.313
KOR,1996,74.1512195121951
KWT,1996,75.618
LAO,1996,56.891
LBN,1996,72.293
LBR,1996,44.419
LBY,1996,71.284
LCA,1996,70.904
LIE,1996,76.8365853658537
LKA,1996,72.261
LSO,1996,55.232
LTU,1996,70.1080487804878
LUX,1996,76.519512195122
LVA,1996,68.7765853658537
MAC,1996,79.971
MAF,1996,75.98
MAR,1996,65.238
MDA,1996,64.241
MDG,1996,55.522
MDV,1996,68.702
MEX,1996,72.037
MHL,1996,63.034
MKD,1996,72.4951219512195
MLI,1996,47.792
MLT,1996,77.3414634146342
MMR,1996,58.941
MNE,1996,73.4630243902439
MNG,1996,60.305
MNP,1996,
MOZ,1996,46.636
MRT,1996,60.063
MUS,1996,70.3229268292683
MWI,1996,43.441
MYS,1996,72.327
NAM,1996,56.918
NCL,1996,71.9975609756098
NER,1996,46.676
NGA,1996,45.567
NIC,1996,66.052
NLD,1996,77.4356097560976
NOR,1996,78.1504878048781
NPL,1996,59.981
NZL,1996,76.7878048780488
OMN,1996,72.191
PAK,1996,60.398
PAN,1996,72.675
PER,1996,68.147
PHL,1996,68.614
PLW,1996,
PNG,1996,61.105
POL,1996,72.2463414634146
PRI,1996,74.585
PRK,1996,60.956
PRT,1996,75.2609756097561
PRY,1996,69.202
PSE,1996,70.055
PYF,1996,76.833
QAT,1996,74.685
ROU,1996,69.1048780487805
RUS,1996,65.8541463414634
RWA,1996,40.698
SAU,1996,71.273
SDN,1996,52.276
SEN,1996,56.672
SGP,1996,76.5951219512195
SLB,1996,66.59
SLE,1996,43.68
SLV,1996,67.076
SOM,1996,50.447
SRB,1996,71.485243902439
SSD,1996,31.297
STP,1996,61.097
SUR,1996,65.668
SVK,1996,72.6536585365854
SVN,1996,74.4585365853658
SWE,1996,78.9590243902439
SWZ,1996,53.873
SXM,1996,72.858
SYC,1996,71.5609756097561
SYR,1996,70.347
TCA,1996,71.287
TCD,1996,47.013
TGO,1996,54.098
THA,1996,71.653
TJK,1996,59.129
TKM,1996,63.596
TLS,1996,48.816
TON,1996,68.323
TTO,1996,69.009
TUN,1996,72.38
TUR,1996,70.141
TUV,1996,63.21
TZA,1996,50.744
UGA,1996,46.67
UKR,1996,67.0224390243903
URY,1996,74.088
USA,1996,76.0268292682927
UZB,1996,64.712
VCT,1996,71.266
VEN,1996,72.111
VGB,1996,74.622
VIR,1996,72.3873170731707
VNM,1996,71.51
VUT,1996,68.63
WSM,1996,69.588
YEM,1996,60.568
ZAF,1996,61.459
ZMB,1996,45.233
ZWE,1996,48.955
AFG,1997,53.634
AGO,1997,46.306
ALB,1997,73.904
ARE,1997,72.937
ARG,1997,73.09
ARM,1997,69.91
ASM,1997,
ATG,1997,73.96
AUS,1997,78.4804878048781
AUT,1997,77.319512195122
AZE,1997,62.973
BDI,1997,45.387
BEL,1997,77.3707317073171
BEN,1997,55.978
BFA,1997,49.4
BGD,1997,61.427
BGR,1997,70.3512195121951
BHR,1997,74.535
BHS,1997,71.054
BIH,1997,73.686
BLR,1997,68.4609756097561
BLZ,1997,69.212
BMU,1997,77.995
BOL,1997,60.752
BRA,1997,68.813
BRB,1997,73.547
BRN,1997,73.364
BTN,1997,60.852
BWA,1997,53.448
CAF,1997,46.319
CAN,1997,78.4124390243903
CHE,1997,79.079512195122
CHL,1997,75.596
CHN,1997,70.672
CIV,1997,51.449
CMR,1997,52.737
COD,1997,50.402
COG,1997,47.19
COL,1997,70.492
COM,1997,58.39
CPV,1997,66.378
CRI,1997,77.07
CUB,1997,75.222
CYM,1997,
CYP,1997,75.841
CZE,1997,73.8248780487805
DEU,1997,77.0731707317073
DJI,1997,55.967
DMA,1997,71.634
DNK,1997,75.9451219512195
DOM,1997,69.166
DZA,1997,69.171
ECU,1997,71.681
EGY,1997,67.197
ERI,1997,56.312
ESP,1997,78.6041463414634
EST,1997,69.809756097561
ETH,1997,49.514
FIN,1997,76.8785365853659
FJI,1997,66.448
FRA,1997,78.3048780487805
FSM,1997,69.229
GAB,1997,60.662
GBR,1997,77.2109756097561
GEO,1997,69.059
GHA,1997,57.199
GIN,1997,51.356
GMB,1997,56.06
GNB,1997,47.997
GNQ,1997,52.061
GRC,1997,78.1365853658537
GRD,1997,72.568
GTM,1997,65.536
GUM,1997,73.349
GUY,1997,63.356
HKG,1997,80.1121951219512
HND,1997,67.777
HRV,1997,72.4951219512195
HTI,1997,56.516
HUN,1997,70.7024390243902
IDN,1997,65.733
IND,1997,61.388
IRL,1997,75.9853658536585
IRN,1997,68.359
IRQ,1997,65.837
ISL,1997,78.8853658536585
ISR,1997,78.0
ITA,1997,78.8243902439024
JAM,1997,71.207
JOR,1997,71.272
JPN,1997,80.4241463414634
KAZ,1997,64.0
KEN,1997,54.816
KGZ,1997,66.8926829268293
KHM,1997,56.743
KIR,1997,63.575
KNA,1997,67.853
KOR,1997,74.6024390243903
KWT,1997,75.879
LAO,1997,57.292
LBN,1997,72.778
LBR,1997,47.847
LBY,1997,71.129
LCA,1997,70.775
LIE,1997,76.0463414634146
LKA,1997,72.136
LSO,1997,53.594
LTU,1997,70.9090243902439
LUX,1997,76.880487804878
LVA,1997,69.3492682926829
MAC,1997,80.162
MAF,1997,76.154
MAR,1997,65.629
MDA,1997,65.172
MDG,1997,56.223
MDV,1997,69.225
MEX,1997,72.445
MHL,1997,63.225
MKD,1997,72.4463414634146
MLI,1997,48.531
MLT,1997,77.7390243902439
MMR,1997,59.243
MNE,1997,73.4790731707317
MNG,1997,60.815
MNP,1997,
MOZ,1997,47.408
MRT,1997,60.452
MUS,1997,70.4048780487805
MWI,1997,43.131
MYS,1997,72.284
NAM,1997,55.558
NCL,1997,71.7390243902439
NER,1997,47.505
NGA,1997,45.792
NIC,1997,66.515
NLD,1997,77.7943902439024
NOR,1997,78.1426829268293
NPL,1997,60.771
NZL,1997,77.3341463414634
OMN,1997,72.415
PAK,1997,60.603
PAN,1997,72.97
PER,1997,68.605
PHL,1997,68.884
PLW,1997,
PNG,1997,61.377
POL,1997,72.6463414634146
PRI,1997,74.92
PRK,1997,60.974
PRT,1997,75.4121951219512
PRY,1997,69.325
PSE,1997,70.396
PYF,1997,77.7
QAT,1997,74.787
ROU,1997,69.0048780487805
RUS,1997,66.6987804878049
RWA,1997,40.64
SAU,1997,71.483
SDN,1997,52.833
SEN,1997,56.591
SGP,1997,76.8975609756097
SLB,1997,66.742
SLE,1997,43.715
SLV,1997,67.895
SOM,1997,50.195
SRB,1997,71.5843658536585
SSD,1997,32.242
STP,1997,61.181
SUR,1997,65.697
SVK,1997,72.7048780487805
SVN,1997,74.7073170731707
SWE,1997,79.1975609756098
SWZ,1997,52.044
SXM,1997,73.76
SYC,1997,71.2121951219512
SYR,1997,70.283
TCA,1997,72.365
TCD,1997,47.217
TGO,1997,54.192
THA,1997,72.501
TJK,1997,60.348
TKM,1997,63.646
TLS,1997,49.517
TON,1997,68.49
TTO,1997,68.719
TUN,1997,72.863
TUR,1997,70.57
TUV,1997,63.356
TZA,1997,50.624
UGA,1997,46.977
UKR,1997,67.5763414634146
URY,1997,74.298
USA,1997,76.4292682926829
UZB,1997,64.764
VCT,1997,70.922
VEN,1997,72.703
VGB,1997,74.403
VIR,1997,72.2032926829268
VNM,1997,71.802
VUT,1997,68.708
WSM,1997,69.875
YEM,1997,61.119
ZAF,1997,60.805
ZMB,1997,44.945
ZWE,1997,47.993
AFG,1998,52.943
AGO,1998,45.057
ALB,1998,74.99
ARE,1998,73.066
ARG,1998,73.474
ARM,1998,70.514
ASM,1998,
ATG,1998,74.041
AUS,1998,78.6317073170732
AUT,1998,77.6707317073171
AZE,1998,63.561
BDI,1998,46.552
BEL,1998,77.4731707317073
BEN,1998,56.218
BFA,1998,49.991
BGD,1998,63.917
BGR,1998,71.0609756097561
BHR,1998,74.641
BHS,1998,71.456
BIH,1998,73.901
BLR,1998,68.4073170731707
BLZ,1998,68.599
BMU,1998,79.949
BOL,1998,61.332
BRA,1998,69.189
BRB,1998,73.728
BRN,1998,73.619
BTN,1998,61.549
BWA,1998,52.523
CAF,1998,46.025
CAN,1998,78.6236585365854
CHE,1998,79.3243902439025
CHL,1998,75.669
CHN,1998,71.172
CIV,1998,51.108
CMR,1998,52.582
COD,1998,49.696
COG,1998,50.894
COL,1998,70.738
COM,1998,58.407
CPV,1998,66.993
CRI,1998,76.896
CUB,1998,75.564
CYM,1998,
CYP,1998,76.182
CZE,1998,74.5146341463415
DEU,1998,77.4756097560976
DJI,1998,56.176
DMA,1998,71.472
DNK,1998,76.1390243902439
DOM,1998,69.096
DZA,1998,69.451
ECU,1998,72.045
EGY,1998,67.471
ERI,1998,49.158
ESP,1998,78.6658536585366
EST,1998,69.3585365853659
ETH,1998,49.927
FIN,1998,77.0907317073171
FJI,1998,66.68
FRA,1998,78.6048780487805
FSM,1998,69.465
GAB,1998,60.79
GBR,1998,77.190243902439
GEO,1998,69.102
GHA,1998,57.6
GIN,1998,52.049
GMB,1998,56.554
GNB,1998,47.716
GNQ,1998,52.382
GRC,1998,77.8390243902439
GRD,1998,72.805
GTM,1998,66.114
GUM,1998,73.632
GUY,1998,63.9
HKG,1998,80.1068292682927
HND,1998,62.721
HRV,1998,72.3170731707317
HTI,1998,57.135
HUN,1998,70.5578048780488
IDN,1998,65.962
IND,1998,61.792
IRL,1998,76.1804878048781
IRN,1998,68.73
IRQ,1998,65.486
ISL,1998,79.6024390243903
ISR,1998,78.1487804878049
ITA,1998,78.9756097560976
JAM,1998,70.99
JOR,1998,71.474
JPN,1998,80.5014634146342
KAZ,1998,64.5
KEN,1998,54.526
KGZ,1998,67.0512195121951
KHM,1998,57.028
KIR,1998,63.854
KNA,1998,67.69
KOR,1998,75.0048780487805
KWT,1998,76.157
LAO,1998,57.665
LBN,1998,72.944
LBR,1998,48.901
LBY,1998,71.079
LCA,1998,70.69
LIE,1998,77.7463414634146
LKA,1998,72.081
LSO,1998,51.783
LTU,1998,71.219512195122
LUX,1998,77.0170731707317
LVA,1998,69.0121951219512
MAC,1998,80.352
MAF,1998,76.326
MAR,1998,66.018
MDA,1998,65.505
MDG,1998,56.917
MDV,1998,69.572
MEX,1998,72.845
MHL,1998,63.364
MKD,1998,72.2975609756098
MLI,1998,49.164
MLT,1998,77.5878048780488
MMR,1998,59.794
MNE,1998,73.3142195121951
MNG,1998,61.765
MNP,1998,
MOZ,1998,48.024
MRT,1998,60.609
MUS,1998,70.6073170731707
MWI,1998,42.848
MYS,1998,72.168
NAM,1998,54.101
NCL,1998,74.3756097560976
NER,1998,48.191
NGA,1998,46.036
NIC,1998,65.209
NLD,1998,77.8829268292683
NOR,1998,78.3292682926829
NPL,1998,61.549
NZL,1998,78.0853658536585
OMN,1998,72.97
PAK,1998,61.09
PAN,1998,73.279
PER,1998,69.082
PHL,1998,69.1
PLW,1998,
PNG,1998,60.629
POL,1998,72.9975609756098
PRI,1998,75.194
PRK,1998,60.906
PRT,1998,75.7121951219512
PRY,1998,69.478
PSE,1998,70.632
PYF,1998,78.386
QAT,1998,74.809
ROU,1998,69.8073170731708
RUS,1998,67.029756097561
RWA,1998,41.681
SAU,1998,71.879
SDN,1998,48.81
SEN,1998,56.418
SGP,1998,77.3
SLB,1998,66.92
SLE,1998,42.789
SLV,1998,68.478
SOM,1998,50.66
SRB,1998,71.1872926829268
SSD,1998,18.385
STP,1998,61.187
SUR,1998,65.594
SVK,1998,72.5512195121951
SVN,1998,74.8073170731708
SWE,1998,79.3390243902439
SWZ,1998,50.333
SXM,1998,73.48
SYC,1998,71.7463414634146
SYR,1998,70.196
TCA,1998,73.964
TCD,1998,47.224
TGO,1998,54.199
THA,1998,72.862
TJK,1998,61.519
TKM,1998,64.106
TLS,1998,49.123
TON,1998,68.642
TTO,1998,69.16
TUN,1998,73.169
TUR,1998,71.039
TUV,1998,63.418
TZA,1998,50.914
UGA,1998,47.175
UKR,1998,68.3748780487805
URY,1998,74.527
USA,1998,76.5804878048781
UZB,1998,65.035
VCT,1998,71.097
VEN,1998,72.668
VGB,1998,74.906
VIR,1998,72.3258292682927
VNM,1998,72.107
VUT,1998,68.763
WSM,1998,70.171
YEM,1998,61.375
ZAF,1998,60.001
ZMB,1998,44.701
ZWE,1998,46.819
AFG,1999,54.846
AGO,1999,45.386
ALB,1999,75.183
ARE,1999,73.67
ARG,1999,73.722
ARM,1999,70.257
ASM,1999,
ATG,1999,74.347
AUS,1999,78.9317073170732
AUT,1999,77.8756097560976
AZE,1999,64.189
BDI,1999,47.528
BEL,1999,77.619512195122
BEN,1999,56.526
BFA,1999,50.325
BGD,1999,66.228
BGR,1999,71.4121951219512
BHR,1999,74.98
BHS,1999,71.771
BIH,1999,75.076
BLR,1999,67.9073170731707
BLZ,1999,68.773
BMU,1999,79.053
BOL,1999,61.871
BRA,1999,69.524
BRB,1999,74.039
BRN,1999,73.863
BTN,1999,62.23
BWA,1999,51.694
CAF,1999,45.75
CAN,1999,78.8390243902439
CHE,1999,79.580487804878
CHL,1999,76.018
CHN,1999,71.419
CIV,1999,50.957
CMR,1999,52.695
COD,1999,49.945
COG,1999,52.757
COL,1999,70.926
COM,1999,58.781
CPV,1999,67.569
CRI,1999,77.138
CUB,1999,75.893
CYM,1999,
CYP,1999,76.295
CZE,1999,74.6682926829268
DEU,1999,77.7268292682927
DJI,1999,56.427
DMA,1999,70.631
DNK,1999,76.3414634146341
DOM,1999,69.279
DZA,1999,70.032
ECU,1999,72.463
EGY,1999,67.737
ERI,1999,43.397
ESP,1999,78.7170731707317
EST,1999,70.0634146341463
ETH,1999,49.425
FIN,1999,77.2912195121951
FJI,1999,66.763
FRA,1999,78.7560975609756
FSM,1999,69.706
GAB,1999,60.849
GBR,1999,77.390243902439
GEO,1999,69.319
GHA,1999,58.03
GIN,1999,52.356
GMB,1999,56.816
GNB,1999,48.006
GNQ,1999,52.752
GRC,1999,77.9878048780488
GRD,1999,72.903
GTM,1999,66.869
GUM,1999,74.066
GUY,1999,64.17
HKG,1999,80.3726829268293
HND,1999,68.422
HRV,1999,72.6419512195122
HTI,1999,57.961
HUN,1999,70.6770731707317
IDN,1999,66.221
IND,1999,62.207
IRL,1999,76.0829268292683
IRN,1999,69.297
IRQ,1999,66.182
ISL,1999,79.3512195121951
ISR,1999,78.6585365853659
ITA,1999,79.4243902439024
JAM,1999,70.968
JOR,1999,71.694
JPN,1999,80.4609756097561
KAZ,1999,65.63
KEN,1999,54.495
KGZ,1999,68.6560975609756
KHM,1999,57.69
KIR,1999,64.136
KNA,1999,68.709
KOR,1999,75.409756097561
KWT,1999,76.416
LAO,1999,57.873
LBN,1999,73.49
LBR,1999,49.953
LBY,1999,71.058
LCA,1999,70.709
LIE,1999,79.109756097561
LKA,1999,72.618
LSO,1999,50.081
LTU,1999,71.5707317073171
LUX,1999,77.7707317073171
LVA,1999,69.7429268292683
MAC,1999,80.652
MAF,1999,76.502
MAR,1999,66.406
MDA,1999,65.561
MDG,1999,57.372
MDV,1999,70.088
MEX,1999,73.225
MHL,1999,63.48
MKD,1999,72.790243902439
MLI,1999,49.797
MLT,1999,77.5
MMR,1999,59.881
MNE,1999,72.640756097561
MNG,1999,62.529
MNP,1999,
MOZ,1999,48.812
MRT,1999,60.819
MUS,1999,70.9609756097561
MWI,1999,43.568
MYS,1999,72.283
NAM,1999,53.036
NCL,1999,73.8756097560976
NER,1999,48.738
NGA,1999,46.614
NIC,1999,67.12
NLD,1999,77.8365853658537
NOR,1999,78.2829268292683
NPL,1999,62.113
NZL,1999,77.890243902439
OMN,1999,73.184
PAK,1999,61.679
PAN,1999,73.622
PER,1999,69.743
PHL,1999,69.298
PLW,1999,
PNG,1999,61.672
POL,1999,73.0439024390244
PRI,1999,75.536
PRK,1999,60.798
PRT,1999,75.9634146341463
PRY,1999,69.634
PSE,1999,70.855
PYF,1999,79.18
QAT,1999,74.8
ROU,1999,70.5121951219512
RUS,1999,65.9821951219512
RWA,1999,44.616
SAU,1999,72.136
SDN,1999,57.015
SEN,1999,56.609
SGP,1999,77.5512195121951
SLB,1999,67.069
SLE,1999,42.071
SLV,1999,69.379
SOM,1999,50.525
SRB,1999,69.7154390243902
SSD,1999,43.223
STP,1999,61.393
SUR,1999,65.443
SVK,1999,72.9024390243902
SVN,1999,75.009756097561
SWE,1999,79.4414634146342
SWZ,1999,48.733
SXM,1999,75.034
SYC,1999,72.6682926829268
SYR,1999,70.425
TCA,1999,74.01
TCD,1999,47.372
TGO,1999,54.538
THA,1999,72.542
TJK,1999,62.621
TKM,1999,64.518
TLS,1999,45.701
TON,1999,68.809
TTO,1999,68.377
TUN,1999,73.508
TUR,1999,70.695
TUV,1999,63.427
TZA,1999,51.748
UGA,1999,47.786
UKR,1999,67.9809756097561
URY,1999,74.769
USA,1999,76.5829268292683
UZB,1999,65.383
VCT,1999,71.3
VEN,1999,72.254
VGB,1999,74.412
VIR,1999,72.1968536585366
VNM,1999,72.317
VUT,1999,68.237
WSM,1999,70.456
YEM,1999,61.975
ZAF,1999,59.241
ZMB,1999,44.659
ZWE,1999,45.206
AFG,2000,55.298
AGO,2000,46.024
ALB,2000,75.404
ARE,2000,74.38
ARG,2000,73.926
ARM,2000,70.624
ASM,2000,
ATG,2000,74.606
AUS,2000,79.2341463414634
AUT,2000,78.1268292682927
AZE,2000,64.891
BDI,2000,47.514
BEL,2000,77.7219512195122
BEN,2000,56.578
BFA,2000,50.847
BGD,2000,65.779
BGR,2000,71.6634146341463
BHR,2000,75.496
BHS,2000,72.041
BIH,2000,74.496
BLR,2000,68.9121951219512
BLZ,2000,68.564
BMU,2000,78.858
BOL,2000,62.346
BRA,2000,69.737
BRB,2000,74.089
BRN,2000,74.08
BTN,2000,62.01
BWA,2000,51.011
CAF,2000,45.406
CAN,2000,79.1668292682927
CHE,2000,79.6804878048781
CHL,2000,76.87
CHN,2000,71.881
CIV,2000,50.842
CMR,2000,52.932
COD,2000,51.781
COG,2000,53.682
COL,2000,71.32
COM,2000,58.757
CPV,2000,68.618
CRI,2000,77.586
CUB,2000,76.183
CYM,2000,
CYP,2000,76.568
CZE,2000,74.9682926829268
DEU,2000,77.9268292682927
DJI,2000,56.573
DMA,2000,72.693
DNK,2000,76.5926829268293
DOM,2000,69.423
DZA,2000,70.478
ECU,2000,72.839
EGY,2000,68.007
ERI,2000,56.111
ESP,2000,78.9658536585366
EST,2000,70.4170731707317
ETH,2000,50.538
FIN,2000,77.4658536585366
FJI,2000,66.31
FRA,2000,79.0560975609756
FSM,2000,69.769
GAB,2000,61.069
GBR,2000,77.7414634146342
GEO,2000,69.575
GHA,2000,58.195
GIN,2000,52.479
GMB,2000,56.942
GNB,2000,50.121
GNQ,2000,53.226
GRC,2000,77.8878048780488
GRD,2000,72.783
GTM,2000,67.446
GUM,2000,74.417
GUY,2000,64.483
HKG,2000,80.8731707317073
HND,2000,68.662
HRV,2000,72.8078048780488
HTI,2000,58.365
HUN,2000,71.2463414634146
IDN,2000,66.433
IND,2000,62.669
IRL,2000,76.5365853658537
IRN,2000,69.691
IRQ,2000,66.817
ISL,2000,79.6536585365854
ISR,2000,78.9536585365854
ITA,2000,79.7780487804878
JAM,2000,70.944
JOR,2000,71.918
JPN,2000,81.0760975609756
KAZ,2000,65.45
KEN,2000,54.411
KGZ,2000,68.5585365853659
KHM,2000,58.625
KIR,2000,64.409
KNA,2000,69.781
KOR,2000,75.909756097561
KWT,2000,76.722
LAO,2000,58.378
LBN,2000,73.931
LBR,2000,51.356
LBY,2000,70.68
LCA,2000,70.768
LIE,2000,76.8268292682927
LKA,2000,70.355
LSO,2000,48.427
LTU,2000,72.0195121951219
LUX,2000,77.8731707317073
LVA,2000,70.3146341463415
MAC,2000,80.959
MAF,2000,76.663
MAR,2000,66.787
MDA,2000,66.417
MDG,2000,57.938
MDV,2000,70.876
MEX,2000,73.569
MHL,2000,63.275
MKD,2000,72.9463414634147
MLI,2000,50.539
MLT,2000,78.3487804878049
MMR,2000,60.155
MNE,2000,73.8184878048781
MNG,2000,62.882
MNP,2000,
MOZ,2000,49.491
MRT,2000,61.028
MUS,2000,71.6634146341463
MWI,2000,44.518
MYS,2000,72.775
NAM,2000,51.99
NCL,2000,75.1634146341463
NER,2000,49.322
NGA,2000,47.193
NIC,2000,67.234
NLD,2000,77.9878048780488
NOR,2000,78.6341463414634
NPL,2000,62.614
NZL,2000,78.6365853658537
OMN,2000,73.466
PAK,2000,62.102
PAN,2000,74.001
PER,2000,70.424
PHL,2000,69.413
PLW,2000,70.4936585365854
PNG,2000,61.72
POL,2000,73.7487804878049
PRI,2000,75.977
PRK,2000,60.763
PRT,2000,76.3146341463415
PRY,2000,69.75
PSE,2000,70.388
PYF,2000,79.536
QAT,2000,74.828
ROU,2000,71.1634146341463
RUS,2000,65.4836585365854
RWA,2000,47.129
SAU,2000,72.467
SDN,2000,58.319
SEN,2000,56.943
SGP,2000,77.9512195121951
SLB,2000,67.225
SLE,2000,45.05
SLV,2000,69.865
SOM,2000,50.66
SRB,2000,71.5829268292683
SSD,2000,46.028
STP,2000,61.655
SUR,2000,65.508
SVK,2000,73.0512195121951
SVN,2000,75.4121951219512
SWE,2000,79.6439024390244
SWZ,2000,47.256
SXM,2000,74.514
SYC,2000,72.7780487804878
SYR,2000,70.764
TCA,2000,73.575
TCD,2000,47.443
TGO,2000,54.742
THA,2000,72.316
TJK,2000,63.26
TKM,2000,65.026
TLS,2000,58.568
TON,2000,68.978
TTO,2000,69.102
TUN,2000,73.69
TUR,2000,71.861
TUV,2000,63.499
TZA,2000,52.362
UGA,2000,48.342
UKR,2000,67.6756097560976
URY,2000,75.025
USA,2000,76.6365853658537
UZB,2000,65.724
VCT,2000,71.377
VEN,2000,72.478
VGB,2000,73.966
VIR,2000,76.619512195122
VNM,2000,72.462
VUT,2000,68.966
WSM,2000,70.746
YEM,2000,62.588
ZAF,2000,58.47
ZMB,2000,45.231
ZWE,2000,44.686
AFG,2001,55.798
AGO,2001,46.59
ALB,2001,75.639
ARE,2001,74.636
ARG,2001,74.186
ARM,2001,70.932
ASM,2001,
ATG,2001,75.078
AUS,2001,79.6341463414634
AUT,2001,78.5756097560976
AZE,2001,65.51
BDI,2001,48.431
BEL,2001,77.9731707317073
BEN,2001,56.66
BFA,2001,51.071
BGD,2001,66.135
BGR,2001,71.7682926829268
BHR,2001,75.908
BHS,2001,72.11
BIH,2001,75.06
BLR,2001,68.5073170731707
BLZ,2001,68.357
BMU,2001,79.871
BOL,2001,62.843
BRA,2001,70.195
BRB,2001,74.247
BRN,2001,74.276
BTN,2001,63.444
BWA,2001,50.676
CAF,2001,45.393
CAN,2001,79.3980487804878
CHE,2001,80.1804878048781
CHL,2001,76.773
CHN,2001,72.606
CIV,2001,50.81
CMR,2001,53.142
COD,2001,52.116
COG,2001,54.395
COL,2001,71.502
COM,2001,59.163
CPV,2001,69.929
CRI,2001,77.545
CUB,2001,76.421
CYM,2001,
CYP,2001,76.989
CZE,2001,75.1731707317073
DEU,2001,78.3292682926829
DJI,2001,56.903
DMA,2001,71.713
DNK,2001,76.7926829268293
DOM,2001,69.642
DZA,2001,70.823
ECU,2001,73.24
EGY,2001,68.308
ERI,2001,58.298
ESP,2001,79.3682926829268
EST,2001,70.2585365853659
ETH,2001,51.043
FIN,2001,77.9658536585366
FJI,2001,66.34
FRA,2001,79.1585365853659
FSM,2001,70.479
GAB,2001,61.27
GBR,2001,77.9926829268293
GEO,2001,69.606
GHA,2001,58.107
GIN,2001,52.662
GMB,2001,57.043
GNB,2001,50.445
GNQ,2001,53.636
GRC,2001,78.3878048780488
GRD,2001,73.118
GTM,2001,67.946
GUM,2001,75.41
GUY,2001,64.788
HKG,2001,81.4192682926829
HND,2001,69.006
HRV,2001,74.5129268292683
HTI,2001,58.489
HUN,2001,72.2487804878049
IDN,2001,66.758
IND,2001,63.091
IRL,2001,77.1341463414634
IRN,2001,69.955
IRQ,2001,67.034
ISL,2001,80.690243902439
ISR,2001,79.4073170731707
ITA,2001,80.1268292682927
JAM,2001,70.758
JOR,2001,72.147
JPN,2001,81.4163414634146
KAZ,2001,65.76
KEN,2001,54.508
KGZ,2001,68.7073170731707
KHM,2001,59.966
KIR,2001,64.655
KNA,2001,70.2
KOR,2001,76.4121951219512
KWT,2001,76.891
LAO,2001,59.07
LBN,2001,74.365
LBR,2001,52.752
LBY,2001,70.861
LCA,2001,71.135
LIE,2001,79.2756097560976
LKA,2001,70.787
LSO,2001,46.849
LTU,2001,71.6585365853659
LUX,2001,77.8243902439025
LVA,2001,70.7609756097561
MAC,2001,81.179
MAF,2001,76.847
MAR,2001,67.18
MDA,2001,66.787
MDG,2001,58.57
MDV,2001,72.181
MEX,2001,73.867
MHL,2001,63.642
MKD,2001,73.4365853658537
MLI,2001,51.284
MLT,2001,78.8439024390244
MMR,2001,60.416
MNE,2001,74.0694146341464
MNG,2001,63.279
MNP,2001,
MOZ,2001,50.065
MRT,2001,61.185
MUS,2001,71.7658536585366
MWI,2001,45.895
MYS,2001,73.344
NAM,2001,51.26
NCL,2001,74.8317073170732
NER,2001,49.841
NGA,2001,47.619
NIC,2001,67.215
NLD,2001,78.190243902439
NOR,2001,78.7853658536585
NPL,2001,63.336
NZL,2001,78.6926829268293
OMN,2001,73.808
PAK,2001,62.421
PAN,2001,74.414
PER,2001,71.041
PHL,2001,69.614
PLW,2001,
PNG,2001,61.773
POL,2001,74.2
PRI,2001,76.456
PRK,2001,60.745
PRT,2001,76.8146341463415
PRY,2001,69.9
PSE,2001,69.887
PYF,2001,79.685
QAT,2001,75.263
ROU,2001,71.1609756097561
RUS,2001,65.3834146341463
RWA,2001,49.021
SAU,2001,72.974
SDN,2001,58.562
SEN,2001,57.564
SGP,2001,78.2512195121951
SLB,2001,67.364
SLE,2001,45.661
SLV,2001,69.598
SOM,2001,50.74
SRB,2001,72.2341463414634
SSD,2001,46.881
STP,2001,62.032
SUR,2001,65.482
SVK,2001,73.4024390243903
SVN,2001,75.7585365853659
SWE,2001,79.7951219512195
SWZ,2001,45.975
SXM,2001,74.522
SYC,2001,73.2536585365854
SYR,2001,71.644
TCA,2001,74.131
TCD,2001,47.85
TGO,2001,54.86
THA,2001,72.613
TJK,2001,64.057
TKM,2001,65.156
TLS,2001,59.362
TON,2001,69.127
TTO,2001,69.646
TUN,2001,73.816
TUR,2001,72.231
TUV,2001,63.543
TZA,2001,53.161
UGA,2001,49.006
UKR,2001,67.8370731707317
URY,2001,75.285
USA,2001,76.8365853658537
UZB,2001,66.087
VCT,2001,71.938
VEN,2001,71.201
VGB,2001,73.846
VIR,2001,77.6219512195122
VNM,2001,72.647
VUT,2001,69.037
WSM,2001,71.019
YEM,2001,63.222
ZAF,2001,57.261
ZMB,2001,46.019
ZWE,2001,41.957
AFG,2002,56.454
AGO,2002,47.386
ALB,2002,75.89
ARE,2002,74.901
ARG,2002,74.408
ARM,2002,71.018
ASM,2002,
ATG,2002,75.536
AUS,2002,79.9365853658537
AUT,2002,78.6780487804878
AZE,2002,66.239
BDI,2002,49.891
BEL,2002,78.0756097560976
BEN,2002,56.606
BFA,2002,51.272
BGD,2002,66.612
BGR,2002,71.8658536585366
BHR,2002,76.088
BHS,2002,72.232
BIH,2002,74.612
BLR,2002,68.0560975609756
BLZ,2002,68.752
BMU,2002,80.631
BOL,2002,63.306
BRA,2002,70.41
BRB,2002,74.366
BRN,2002,74.426
BTN,2002,64.078
BWA,2002,50.632
CAF,2002,45.409
CAN,2002,79.5307317073171
CHE,2002,80.3853658536585
CHL,2002,77.445
CHN,2002,72.985
CIV,2002,50.886
CMR,2002,53.415
COD,2002,52.333
COG,2002,55.088
COL,2002,71.939
COM,2002,59.056
CPV,2002,70.705
CRI,2002,77.983
CUB,2002,76.612
CYM,2002,
CYP,2002,77.487
CZE,2002,75.2219512195122
DEU,2002,78.2292682926829
DJI,2002,57.215
DMA,2002,72.34
DNK,2002,76.8951219512195
DOM,2002,69.923
DZA,2002,71.23
ECU,2002,73.613
EGY,2002,68.564
ERI,2002,58.811
ESP,2002,79.5682926829268
EST,2002,70.9048780487805
ETH,2002,51.517
FIN,2002,78.119512195122
FJI,2002,65.748
FRA,2002,79.2609756097561
FSM,2002,69.46
GAB,2002,61.292
GBR,2002,78.1439024390244
GEO,2002,70.024
GHA,2002,58.608
GIN,2002,53.278
GMB,2002,57.08
GNB,2002,50.986
GNQ,2002,54.085
GRC,2002,78.6414634146341
GRD,2002,73.167
GTM,2002,68.386
GUM,2002,75.793
GUY,2002,64.728
HKG,2002,81.4521951219512
HND,2002,69.366
HRV,2002,74.7173170731707
HTI,2002,58.855
HUN,2002,72.3487804878049
IDN,2002,67.134
IND,2002,63.616
IRL,2002,77.6341463414634
IRN,2002,70.445
IRQ,2002,67.084
ISL,2002,80.5024390243903
ISR,2002,79.4512195121951
ITA,2002,80.2292682926829
JAM,2002,70.888
JOR,2002,72.359
JPN,2002,81.6907317073171
KAZ,2002,65.95
KEN,2002,54.99
KGZ,2002,68.1560975609756
KHM,2002,61.226
KIR,2002,64.84
KNA,2002,70.452
KOR,2002,76.7658536585366
KWT,2002,76.982
LAO,2002,59.534
LBN,2002,75.064
LBR,2002,53.788
LBY,2002,71.004
LCA,2002,71.472
LIE,2002,79.6365853658537
LKA,2002,71.117
LSO,2002,45.595
LTU,2002,71.7609756097561
LUX,2002,77.9658536585366
LVA,2002,70.9609756097561
MAC,2002,81.293
MAF,2002,77.031
MAR,2002,67.547
MDA,2002,66.938
MDG,2002,58.892
MDV,2002,73.291
MEX,2002,74.106
MHL,2002,63.719
MKD,2002,73.0390243902439
MLI,2002,52.222
MLT,2002,78.7390243902439
MMR,2002,60.725
MNE,2002,73.9064878048781
MNG,2002,63.518
MNP,2002,
MOZ,2002,50.59
MRT,2002,61.268
MUS,2002,71.9658536585366
MWI,2002,47.221
MYS,2002,73.563
NAM,2002,51.254
NCL,2002,75.1024390243903
NER,2002,50.562
NGA,2002,47.928
NIC,2002,67.18
NLD,2002,78.2926829268293
NOR,2002,78.9878048780488
NPL,2002,63.264
NZL,2002,78.8463414634146
OMN,2002,73.869
PAK,2002,62.626
PAN,2002,74.824
PER,2002,71.661
PHL,2002,69.781
PLW,2002,
PNG,2002,61.698
POL,2002,74.4975609756098
PRI,2002,76.728
PRK,2002,60.792
PRT,2002,77.0658536585366
PRY,2002,70.025
PSE,2002,70.969
PYF,2002,79.711
QAT,2002,75.412
ROU,2002,71.009756097561
RUS,2002,65.1287804878049
RWA,2002,51.032
SAU,2002,73.337
SDN,2002,58.976
SEN,2002,58.231
SGP,2002,78.5512195121951
SLB,2002,67.515
SLE,2002,46.359
SLV,2002,70.232
SOM,2002,50.731
SRB,2002,72.2853658536585
SSD,2002,47.492
STP,2002,62.6
SUR,2002,65.531
SVK,2002,73.6048780487805
SVN,2002,76.0073170731707
SWE,2002,79.8463414634146
SWZ,2002,44.486
SXM,2002,74.858
SYC,2002,71.0878048780488
SYR,2002,71.939
TCA,2002,75.54
TCD,2002,47.946
TGO,2002,55.311
THA,2002,72.93
TJK,2002,64.846
TKM,2002,65.385
TLS,2002,60.148
TON,2002,69.335
TTO,2002,70.488
TUN,2002,74.059
TUR,2002,72.579
TUV,2002,63.58
TZA,2002,53.863
UGA,2002,49.648
UKR,2002,68.2756097560976
URY,2002,75.54
USA,2002,76.9365853658537
UZB,2002,66.604
VCT,2002,72.168
VEN,2002,72.662
VGB,2002,73.891
VIR,2002,77.5219512195122
VNM,2002,72.801
VUT,2002,69.196
WSM,2002,71.276
YEM,2002,63.906
ZAF,2002,55.666
ZMB,2002,46.979
ZWE,2002,44.565
AFG,2003,57.344
AGO,2003,49.617
ALB,2003,76.142
ARE,2003,76.222
ARG,2003,74.08
ARM,2003,71.436
ASM,2003,
ATG,2003,75.478
AUS,2003,80.2390243902439
AUT,2003,78.6317073170732
AZE,2003,66.756
BDI,2003,50.857
BEL,2003,78.1292682926829
BEN,2003,56.738
BFA,2003,51.793
BGD,2003,66.824
BGR,2003,72.0658536585366
BHR,2003,76.337
BHS,2003,72.402
BIH,2003,75.782
BLR,2003,68.5536585365854
BLZ,2003,68.909
BMU,2003,79.345
BOL,2003,63.635
BRA,2003,70.72
BRB,2003,74.472
BRN,2003,74.561
BTN,2003,64.696
BWA,2003,50.947
CAF,2003,45.76
CAN,2003,79.7151219512195
CHE,2003,80.5365853658537
CHL,2003,77.387
CHN,2003,73.371
CIV,2003,50.954
CMR,2003,53.883
COD,2003,52.827
COG,2003,55.948
COL,2003,72.361
COM,2003,59.258
CPV,2003,71.429
CRI,2003,78.072
CUB,2003,76.773
CYM,2003,
CYP,2003,77.788
CZE,2003,75.1707317073171
DEU,2003,78.3804878048781
DJI,2003,57.595
DMA,2003,71.438
DNK,2003,77.1439024390244
DOM,2003,70.265
DZA,2003,71.287
ECU,2003,73.975
EGY,2003,68.402
ERI,2003,59.409
ESP,2003,79.619512195122
EST,2003,71.3170731707317
ETH,2003,52.533
FIN,2003,78.3682926829268
FJI,2003,66.177
FRA,2003,79.1146341463415
FSM,2003,70.76
GAB,2003,61.671
GBR,2003,78.4463414634146
GEO,2003,70.333
GHA,2003,59.111
GIN,2003,53.678
GMB,2003,57.586
GNB,2003,51.405
GNQ,2003,54.581
GRC,2003,78.8414634146341
GRD,2003,73.188
GTM,2003,68.797
GUM,2003,76.504
GUY,2003,64.6
HKG,2003,81.3434146341464
HND,2003,69.507
HRV,2003,74.6139024390244
HTI,2003,59.507
HUN,2003,72.3
IDN,2003,67.413
IND,2003,64.094
IRL,2003,78.1390243902439
IRN,2003,69.823
IRQ,2003,65.643
ISL,2003,80.9634146341464
ISR,2003,79.6487804878049
ITA,2003,79.9829268292683
JAM,2003,70.806
JOR,2003,72.573
JPN,2003,81.76
KAZ,2003,65.74
KEN,2003,55.601
KGZ,2003,68.2560975609756
KHM,2003,62.523
KIR,2003,64.954
KNA,2003,70.768
KOR,2003,77.2146341463415
KWT,2003,76.985
LAO,2003,60.031
LBN,2003,75.593
LBR,2003,53.042
LBY,2003,71.132
LCA,2003,71.771
LIE,2003,79.9609756097561
LKA,2003,71.373
LSO,2003,44.53
LTU,2003,72.0609756097561
LUX,2003,77.7268292682927
LVA,2003,71.2658536585366
MAC,2003,81.501
MAF,2003,77.206
MAR,2003,67.915
MDA,2003,67.419
MDG,2003,59.491
MDV,2003,74.06
MEX,2003,74.274
MHL,2003,63.745
MKD,2003,73.2414634146342
MLI,2003,52.893
MLT,2003,78.5463414634146
MMR,2003,60.98
MNE,2003,73.9317317073171
MNG,2003,64.208
MNP,2003,
MOZ,2003,50.87
MRT,2003,61.347
MUS,2003,72.1170731707317
MWI,2003,48.79
MYS,2003,73.796
NAM,2003,51.083
NCL,2003,75.2707317073171
NER,2003,51.434
NGA,2003,48.441
NIC,2003,67.217
NLD,2003,78.4926829268293
NOR,2003,79.390243902439
NPL,2003,64.197
NZL,2003,79.1463414634146
OMN,2003,74.14
PAK,2003,62.843
PAN,2003,75.218
PER,2003,72.217
PHL,2003,69.924
PLW,2003,
PNG,2003,61.797
POL,2003,74.5975609756098
PRI,2003,76.874
PRK,2003,69.546
PRT,2003,77.219512195122
PRY,2003,70.297
PSE,2003,71.053
PYF,2003,79.703
QAT,2003,75.565
ROU,2003,71.309756097561
RUS,2003,65.0275609756098
RWA,2003,53.368
SAU,2003,73.628
SDN,2003,58.2
SEN,2003,59.122
SGP,2003,79.0390243902439
SLB,2003,67.644
SLE,2003,46.963
SLV,2003,70.14
SOM,2003,50.614
SRB,2003,72.4365853658537
SSD,2003,50.253
STP,2003,63.166
SUR,2003,65.596
SVK,2003,73.6048780487805
SVN,2003,76.8585365853659
SWE,2003,80.0951219512195
SWZ,2003,43.349
SXM,2003,74.148
SYC,2003,71.0292682926829
SYR,2003,72.414
TCA,2003,75.411
TCD,2003,48.206
TGO,2003,55.639
THA,2003,73.155
TJK,2003,65.552
TKM,2003,65.746
TLS,2003,60.871
TON,2003,69.495
TTO,2003,69.729
TUN,2003,74.305
TUR,2003,72.89
TUV,2003,63.631
TZA,2003,54.895
UGA,2003,50.368
UKR,2003,68.2107317073171
URY,2003,75.785
USA,2003,77.0365853658537
UZB,2003,67.04
VCT,2003,72.352
VEN,2003,71.94
VGB,2003,73.986
VIR,2003,77.5219512195122
VNM,2003,72.98
VUT,2003,69.276
WSM,2003,71.496
YEM,2003,64.541
ZAF,2003,54.331
ZMB,2003,48.284
ZWE,2003,43.393
AFG,2004,57.944
AGO,2004,50.592
ALB,2004,76.376
ARE,2004,76.453
ARG,2004,74.855
ARM,2004,71.421
ASM,2004,
ATG,2004,75.672
AUS,2004,80.490243902439
AUT,2004,79.1804878048781
AZE,2004,67.346
BDI,2004,52.01
BEL,2004,78.8780487804878
BEN,2004,56.826
BFA,2004,52.416
BGD,2004,67.187
BGR,2004,72.5634146341463
BHR,2004,76.56
BHS,2004,72.478
BIH,2004,76.133
BLR,2004,68.9560975609756
BLZ,2004,69.227
BMU,2004,81.12
BOL,2004,64.004
BRA,2004,71.131
BRB,2004,74.727
BRN,2004,74.65
BTN,2004,65.268
BWA,2004,51.617
CAF,2004,46.038
CAN,2004,79.9921951219512
CHE,2004,81.0878048780488
CHL,2004,77.616
CHN,2004,73.748
CIV,2004,51.363
CMR,2004,54.178
COD,2004,53.426
COG,2004,56.986
COL,2004,72.695
COM,2004,59.48
CPV,2004,71.999
CRI,2004,78.331
CUB,2004,76.912
CYM,2004,
CYP,2004,77.944
CZE,2004,75.7219512195122
DEU,2004,78.6804878048781
DJI,2004,57.759
DMA,2004,72.401
DNK,2004,77.4926829268293
DOM,2004,70.331
DZA,2004,71.762
ECU,2004,74.279
EGY,2004,68.613
ERI,2004,59.899
ESP,2004,79.8707317073171
EST,2004,71.909756097561
ETH,2004,53.235
FIN,2004,78.7146341463415
FJI,2004,66.424
FRA,2004,80.1634146341463
FSM,2004,70.838
GAB,2004,61.838
GBR,2004,78.7463414634146
GEO,2004,70.567
GHA,2004,59.191
GIN,2004,54.117
GMB,2004,58.088
GNB,2004,52.15
GNQ,2004,55.036
GRC,2004,79.0390243902439
GRD,2004,71.788
GTM,2004,69.165
GUM,2004,76.923
GUY,2004,64.93
HKG,2004,81.7992682926829
HND,2004,69.796
HRV,2004,75.520243902439
HTI,2004,58.475
HUN,2004,72.6487804878049
IDN,2004,65.75
IND,2004,64.524
IRL,2004,78.5390243902439
IRN,2004,71.37
IRQ,2004,65.031
ISL,2004,80.9975609756098
ISR,2004,80.1463414634146
ITA,2004,80.7804878048781
JAM,2004,70.86
JOR,2004,72.772
JPN,2004,82.030243902439
KAZ,2004,66.06
KEN,2004,56.361
KGZ,2004,68.1536585365854
KHM,2004,63.552
KIR,2004,64.989
KNA,2004,71.303
KOR,2004,77.6658536585366
KWT,2004,76.792
LAO,2004,60.293
LBN,2004,75.976
LBR,2004,56.013
LBY,2004,71.49
LCA,2004,72.028
LIE,2004,81.7707317073171
LKA,2004,67.091
LSO,2004,43.711
LTU,2004,71.9609756097561
LUX,2004,79.1219512195122
LVA,2004,72.0268292682927
MAC,2004,81.691
MAF,2004,77.384
MAR,2004,68.231
MDA,2004,67.861
MDG,2004,60.149
MDV,2004,73.538
MEX,2004,74.372
MHL,2004,63.695
MKD,2004,73.5975609756098
MLI,2004,53.538
MLT,2004,79.2536585365854
MMR,2004,61.25
MNE,2004,74.5639512195122
MNG,2004,64.796
MNP,2004,
MOZ,2004,51.249
MRT,2004,61.593
MUS,2004,72.2658536585366
MWI,2004,50.453
MYS,2004,73.898
NAM,2004,51.246
NCL,2004,75.4707317073171
NER,2004,52.589
NGA,2004,48.767
NIC,2004,67.423
NLD,2004,79.0951219512195
NOR,2004,79.8414634146342
NPL,2004,64.818
NZL,2004,79.5487804878049
OMN,2004,74.329
PAK,2004,63.052
PAN,2004,75.544
PER,2004,72.668
PHL,2004,70.037
PLW,2004,
PNG,2004,61.761
POL,2004,74.8463414634146
PRI,2004,77.143
PRK,2004,69.437
PRT,2004,77.6707317073171
PRY,2004,70.481
PSE,2004,71.182
PYF,2004,79.696
QAT,2004,75.961
ROU,2004,71.5609756097561
RUS,2004,65.4709756097561
RWA,2004,55.491
SAU,2004,74.153
SDN,2004,56.773
SEN,2004,60.027
SGP,2004,79.490243902439
SLB,2004,67.801
SLE,2004,47.577
SLV,2004,70.34
SOM,2004,50.538
SRB,2004,72.6829268292683
SSD,2004,50.917
STP,2004,63.731
SUR,2004,66.416
SVK,2004,73.9585365853659
SVN,2004,77.2073170731707
SWE,2004,80.4975609756098
SWZ,2004,42.538
SXM,2004,74.24
SYC,2004,72.6609756097561
SYR,2004,72.475
TCA,2004,76.786
TCD,2004,48.232
TGO,2004,55.569
THA,2004,73.08
TJK,2004,66.028
TKM,2004,66.075
TLS,2004,61.628
TON,2004,69.67
TTO,2004,71.076
TUN,2004,74.49
TUR,2004,73.24
TUV,2004,63.693
TZA,2004,55.596
UGA,2004,51.547
UKR,2004,68.1853658536585
URY,2004,76.007
USA,2004,77.4878048780488
UZB,2004,67.401
VCT,2004,73.035
VEN,2004,72.514
VGB,2004,74.251
VIR,2004,77.7731707317073
VNM,2004,73.135
VUT,2004,69.313
WSM,2004,71.696
YEM,2004,65.006
ZAF,2004,54.043
ZMB,2004,49.487
ZWE,2004,44.502
AFG,2005,58.361
AGO,2005,51.57
ALB,2005,76.621
ARE,2005,76.683
ARG,2005,75.139
ARM,2005,71.792
ASM,2005,
ATG,2005,75.825
AUS,2005,80.8414634146341
AUT,2005,79.3317073170732
AZE,2005,67.562
BDI,2005,53.023
BEL,2005,78.9804878048781
BEN,2005,57.125
BFA,2005,53.092
BGD,2005,67.299
BGR,2005,72.5609756097561
BHR,2005,76.931
BHS,2005,72.765
BIH,2005,75.42
BLR,2005,68.8512195121951
BLZ,2005,69.376
BMU,2005,77.927
BOL,2005,64.386
BRA,2005,71.753
BRB,2005,74.89
BRN,2005,74.731
BTN,2005,65.805
BWA,2005,52.61
CAF,2005,46.433
CAN,2005,80.1126829268293
CHE,2005,81.2365853658537
CHL,2005,78.016
CHN,2005,74.111
CIV,2005,51.824
CMR,2005,54.362
COD,2005,53.927
COG,2005,58.126
COL,2005,73.081
COM,2005,59.604
CPV,2005,72.68
CRI,2005,78.505
CUB,2005,77.047
CYM,2005,
CYP,2005,78.101
CZE,2005,75.9243902439025
DEU,2005,78.9317073170732
DJI,2005,58.316
DMA,2005,72.254
DNK,2005,77.8439024390244
DOM,2005,70.875
DZA,2005,72.061
ECU,2005,74.514
EGY,2005,68.779
ERI,2005,60.597
ESP,2005,80.1707317073171
EST,2005,72.5682926829268
ETH,2005,54.008
FIN,2005,78.8170731707317
FJI,2005,66.632
FRA,2005,80.1634146341463
FSM,2005,70.884
GAB,2005,61.959
GBR,2005,79.0487804878049
GEO,2005,71.13
GHA,2005,59.76
GIN,2005,54.632
GMB,2005,58.394
GNB,2005,52.249
GNQ,2005,55.464
GRC,2005,79.2390243902439
GRD,2005,73.521
GTM,2005,69.168
GUM,2005,77.182
GUY,2005,65.132
HKG,2005,81.6090243902439
HND,2005,70.104
HRV,2005,75.2446341463415
HTI,2005,60.415
HUN,2005,72.6487804878049
IDN,2005,67.649
IND,2005,64.996
IRL,2005,78.9439024390244
IRN,2005,71.838
IRQ,2005,64.844
ISL,2005,81.5024390243902
ISR,2005,80.1512195121951
ITA,2005,80.7829268292683
JAM,2005,71.044
JOR,2005,72.932
JPN,2005,81.9551219512195
KAZ,2005,65.86
KEN,2005,57.344
KGZ,2005,67.9560975609756
KHM,2005,64.293
KIR,2005,64.967
KNA,2005,71.362
KOR,2005,78.1682926829268
KWT,2005,76.903
LAO,2005,60.98
LBN,2005,76.273
LBR,2005,56.912
LBY,2005,71.592
LCA,2005,72.245
LIE,2005,80.6682926829268
LKA,2005,72.118
LSO,2005,43.233
LTU,2005,71.2536585365854
LUX,2005,79.4317073170732
LVA,2005,71.3560975609756
MAC,2005,82.033
MAF,2005,77.555
MAR,2005,68.704
MDA,2005,68.169
MDG,2005,60.57
MDV,2005,74.751
MEX,2005,74.376
MHL,2005,63.585
MKD,2005,73.6975609756098
MLI,2005,54.003
MLT,2005,79.3
MMR,2005,61.599
MNE,2005,73.9829268292683
MNG,2005,64.879
MNP,2005,
MOZ,2005,51.561
MRT,2005,61.656
MUS,2005,72.4321951219512
MWI,2005,52.044
MYS,2005,74.096
NAM,2005,51.787
NCL,2005,75.7219512195122
NER,2005,53.59
NGA,2005,49.297
NIC,2005,67.936
NLD,2005,79.3463414634146
NOR,2005,80.0414634146342
NPL,2005,65.457
NZL,2005,79.8512195121951
OMN,2005,74.396
PAK,2005,62.466
PAN,2005,75.829
PER,2005,72.986
PHL,2005,70.24
PLW,2005,69.1292682926829
PNG,2005,61.801
POL,2005,74.9951219512195
PRI,2005,77.237
PRK,2005,69.285
PRT,2005,78.0707317073171
PRY,2005,70.527
PSE,2005,72.067
PYF,2005,79.736
QAT,2005,76.064
ROU,2005,71.9121951219512
RUS,2005,65.529756097561
RWA,2005,57.316
SAU,2005,74.588
SDN,2005,57.279
SEN,2005,60.915
SGP,2005,79.990243902439
SLB,2005,67.936
SLE,2005,48.237
SLV,2005,70.44
SOM,2005,50.661
SRB,2005,72.8341463414634
SSD,2005,51.545
STP,2005,63.709
SUR,2005,67.002
SVK,2005,73.9048780487805
SVN,2005,77.6121951219512
SWE,2005,80.5463414634146
SWZ,2005,42.125
SXM,2005,75.542
SYC,2005,72.1317073170732
SYR,2005,72.769
TCA,2005,77.148
TCD,2005,48.312
TGO,2005,55.962
THA,2005,73.82
TJK,2005,66.514
TKM,2005,66.068
TLS,2005,62.328
TON,2005,69.768
TTO,2005,71.308
TUN,2005,74.764
TUR,2005,73.534
TUV,2005,63.836
TZA,2005,56.299
UGA,2005,52.976
UKR,2005,67.9568292682927
URY,2005,76.194
USA,2005,77.4878048780488
UZB,2005,67.49
VCT,2005,73.516
VEN,2005,72.782
VGB,2005,74.723
VIR,2005,77.4219512195122
VNM,2005,73.271
VUT,2005,69.39
WSM,2005,71.754
YEM,2005,65.543
ZAF,2005,53.98
ZMB,2005,50.659
ZWE,2005,44.768
AFG,2006,58.684
AGO,2006,52.369
ALB,2006,76.816
ARE,2006,76.909
ARG,2006,75.433
ARM,2006,71.987
ASM,2006,
ATG,2006,75.765
AUS,2006,81.0414634146342
AUT,2006,79.8804878048781
AZE,2006,68.165
BDI,2006,53.869
BEL,2006,79.380487804878
BEN,2006,57.456
BFA,2006,53.742
BGD,2006,67.241
BGR,2006,72.6121951219512
BHR,2006,77.156
BHS,2006,72.855
BIH,2006,76.247
BLR,2006,69.4048780487805
BLZ,2006,70.093
BMU,2006,77.585
BOL,2006,64.779
BRA,2006,72.037
BRB,2006,75.068
BRN,2006,74.783
BTN,2006,66.362
BWA,2006,53.918
CAF,2006,46.851
CAN,2006,80.5436585365854
CHE,2006,81.490243902439
CHL,2006,78.261
CHN,2006,74.504
CIV,2006,52.355
CMR,2006,54.856
COD,2006,54.534
COG,2006,58.878
COL,2006,73.468
COM,2006,59.875
CPV,2006,72.239
CRI,2006,78.514
CUB,2006,77.179
CYM,2006,
CYP,2006,78.371
CZE,2006,76.5243902439024
DEU,2006,79.1317073170732
DJI,2006,58.715
DMA,2006,72.848
DNK,2006,78.0951219512195
DOM,2006,71.165
DZA,2006,72.334
ECU,2006,74.689
EGY,2006,68.977
ERI,2006,61.611
ESP,2006,80.8219512195122
EST,2006,72.6914634146341
ETH,2006,55.149
FIN,2006,79.2146341463415
FJI,2006,66.855
FRA,2006,80.8121951219512
FSM,2006,71.093
GAB,2006,62.375
GBR,2006,79.2487804878049
GEO,2006,71.394
GHA,2006,59.988
GIN,2006,55.108
GMB,2006,59.06
GNB,2006,53.371
GNQ,2006,56.046
GRC,2006,79.4390243902439
GRD,2006,73.7
GTM,2006,69.812
GUM,2006,77.136
GUY,2006,65.667
HKG,2006,82.3848780487805
HND,2006,70.261
HRV,2006,75.8368292682927
HTI,2006,60.763
HUN,2006,73.0975609756098
IDN,2006,67.914
IND,2006,65.412
IRL,2006,79.2414634146342
IRN,2006,72.276
IRQ,2006,63.587
ISL,2006,81.1585365853659
ISR,2006,80.5536585365854
ITA,2006,81.2829268292683
JAM,2006,71.199
JOR,2006,73.145
JPN,2006,82.3219512195122
KAZ,2006,66.15
KEN,2006,58.222
KGZ,2006,67.6951219512195
KHM,2006,65.059
KIR,2006,64.906
KNA,2006,71.288
KOR,2006,78.6682926829268
KWT,2006,76.887
LAO,2006,61.493
LBN,2006,76.08
LBR,2006,57.62
LBY,2006,71.724
LCA,2006,72.465
LIE,2006,80.9487804878049
LKA,2006,71.969
LSO,2006,42.914
LTU,2006,71.0560975609756
LUX,2006,79.2878048780488
LVA,2006,70.8658536585366
MAC,2006,82.257
MAF,2006,77.726
MAR,2006,69.128
MDA,2006,68.479
MDG,2006,61.315
MDV,2006,75.13
MEX,2006,74.331
MHL,2006,63.489
MKD,2006,73.8951219512195
MLI,2006,54.615
MLT,2006,79.4390243902439
MMR,2006,61.893
MNE,2006,73.8390243902439
MNG,2006,65.513
MNP,2006,
MOZ,2006,51.961
MRT,2006,61.891
MUS,2006,72.4321951219512
MWI,2006,53.238
MYS,2006,74.164
NAM,2006,52.655
NCL,2006,76.0756097560976
NER,2006,54.596
NGA,2006,49.73
NIC,2006,68.725
NLD,2006,79.6975609756098
NOR,2006,80.3439024390244
NPL,2006,65.868
NZL,2006,80.0487804878049
OMN,2006,74.48
PAK,2006,63.731
PAN,2006,76.012
PER,2006,73.172
PHL,2006,70.282
PLW,2006,
PNG,2006,61.917
POL,2006,75.1439024390244
PRI,2006,77.415
PRK,2006,69.085
PRT,2006,78.419512195122
PRY,2006,70.781
PSE,2006,71.915
PYF,2006,79.842
QAT,2006,76.57
ROU,2006,72.1634146341463
RUS,2006,66.7275609756098
RWA,2006,58.714
SAU,2006,74.81
SDN,2006,60.281
SEN,2006,61.75
SGP,2006,80.1414634146341
SLB,2006,68.09
SLE,2006,49.323
SLV,2006,70.773
SOM,2006,50.597
SRB,2006,73.3853658536585
SSD,2006,52.016
STP,2006,64.398
SUR,2006,67.571
SVK,2006,74.2048780487805
SVN,2006,78.0865853658537
SWE,2006,80.7487804878049
SWZ,2006,43.12
SXM,2006,75.926
SYC,2006,72.2170731707317
SYR,2006,73.35
TCA,2006,76.831
TCD,2006,48.286
TGO,2006,56.222
THA,2006,74.938
TJK,2006,67.013
TKM,2006,66.499
TLS,2006,63.073
TON,2006,69.894
TTO,2006,71.256
TUN,2006,74.921
TUR,2006,73.845
TUV,2006,63.928
TZA,2006,56.911
UGA,2006,54.369
UKR,2006,68.0775609756098
URY,2006,76.362
USA,2006,77.6878048780488
UZB,2006,67.891
VCT,2006,74.017
VEN,2006,72.742
VGB,2006,74.88
VIR,2006,78.3243902439024
VNM,2006,73.319
VUT,2006,69.462
WSM,2006,72.021
YEM,2006,65.988
ZAF,2006,54.278
ZMB,2006,51.795
ZWE,2006,45.364
AFG,2007,59.111
AGO,2007,53.642
ALB,2007,77.549
ARE,2007,77.129
ARG,2007,75.006
ARM,2007,72.327
ASM,2007,
ATG,2007,76.131
AUS,2007,81.2926829268293
AUT,2007,80.1804878048781
AZE,2007,68.603
BDI,2007,54.727
BEL,2007,79.7829268292683
BEN,2007,57.675
BFA,2007,54.375
BGD,2007,66.714
BGR,2007,72.6634146341463
BHR,2007,77.634
BHS,2007,72.678
BIH,2007,76.161
BLR,2007,70.2073170731707
BLZ,2007,70.655
BMU,2007,79.361
BOL,2007,65.027
BRA,2007,72.365
BRB,2007,75.342
BRN,2007,74.818
BTN,2007,66.954
BWA,2007,55.732
CAF,2007,47.426
CAN,2007,80.5436585365854
CHE,2007,81.7414634146342
CHL,2007,77.826
CHN,2007,74.762
CIV,2007,52.97
CMR,2007,55.165
COD,2007,54.923
COG,2007,59.643
COL,2007,73.837
COM,2007,60.102
CPV,2007,72.835
CRI,2007,78.462
CUB,2007,77.307
CYM,2007,
CYP,2007,78.81
CZE,2007,76.7243902439025
DEU,2007,79.5341463414634
DJI,2007,59.024
DMA,2007,71.93
DNK,2007,78.1951219512195
DOM,2007,71.371
DZA,2007,72.602
ECU,2007,74.844
EGY,2007,69.128
ERI,2007,62.116
ESP,2007,80.8731707317073
EST,2007,72.8146341463415
ETH,2007,56.426
FIN,2007,79.2634146341464
FJI,2007,66.826
FRA,2007,81.1121951219512
FSM,2007,71.06
GAB,2007,62.618
GBR,2007,79.4487804878049
GEO,2007,71.568
GHA,2007,60.224
GIN,2007,55.553
GMB,2007,59.394
GNB,2007,54.155
GNQ,2007,56.54
GRC,2007,79.4390243902439
GRD,2007,74.317
GTM,2007,70.1
GUM,2007,77.098
GUY,2007,66.254
HKG,2007,82.3668292682927
HND,2007,70.376
HRV,2007,75.7056097560976
HTI,2007,61.103
HUN,2007,73.1512195121951
IDN,2007,68.189
IND,2007,65.788
IRL,2007,79.6414634146341
IRN,2007,72.772
IRQ,2007,63.553
ISL,2007,81.4536585365854
ISR,2007,80.5048780487805
ITA,2007,81.4341463414634
JAM,2007,71.418
JOR,2007,73.373
JPN,2007,82.5070731707317
KAZ,2007,66.34
KEN,2007,58.865
KGZ,2007,67.8951219512195
KHM,2007,65.731
KIR,2007,64.844
KNA,2007,71.367
KOR,2007,79.119512195122
KWT,2007,77.017
LAO,2007,62.084
LBN,2007,77.08
LBR,2007,58.285
LBY,2007,71.863
LCA,2007,72.599
LIE,2007,81.2951219512195
LKA,2007,72.049
LSO,2007,43.123
LTU,2007,70.9
LUX,2007,79.3829268292683
LVA,2007,71.019512195122
MAC,2007,82.543
MAF,2007,77.892
MAR,2007,69.604
MDA,2007,68.947
MDG,2007,61.757
MDV,2007,75.686
MEX,2007,74.238
MHL,2007,63.36
MKD,2007,73.8
MLI,2007,54.941
MLT,2007,79.7926829268293
MMR,2007,62.371
MNE,2007,74.3390243902439
MNG,2007,65.97
MNP,2007,
MOZ,2007,52.566
MRT,2007,62.228
MUS,2007,72.5707317073171
MWI,2007,53.946
MYS,2007,74.211
NAM,2007,53.68
NCL,2007,76.4780487804878
NER,2007,55.553
NGA,2007,50.033
NIC,2007,69.559
NLD,2007,80.0975609756098
NOR,2007,80.3951219512195
NPL,2007,66.329
NZL,2007,80.1512195121951
OMN,2007,74.461
PAK,2007,63.852
PAN,2007,76.154
PER,2007,73.223
PHL,2007,70.483
PLW,2007,
PNG,2007,62.034
POL,2007,75.2439024390244
PRI,2007,77.621
PRK,2007,68.911
PRT,2007,78.3219512195122
PRY,2007,71.106
PSE,2007,72.153
PYF,2007,80.02
QAT,2007,77.016
ROU,2007,72.5658536585366
RUS,2007,67.5868292682927
RWA,2007,59.965
SAU,2007,75.046
SDN,2007,61.256
SEN,2007,62.543
SGP,2007,80.4414634146342
SLB,2007,67.986
SLE,2007,50.365
SLV,2007,71.108
SOM,2007,50.515
SRB,2007,73.6317073170732
SSD,2007,52.856
STP,2007,64.724
SUR,2007,68.204
SVK,2007,74.2073170731707
SVN,2007,78.5609756097561
SWE,2007,80.9
SWZ,2007,43.641
SXM,2007,75.417
SYC,2007,73.1439024390244
SYR,2007,73.709
TCA,2007,75.914
TCD,2007,48.751
TGO,2007,56.511
THA,2007,75.187
TJK,2007,67.217
TKM,2007,66.895
TLS,2007,63.723
TON,2007,70.048
TTO,2007,71.652
TUN,2007,75.072
TUR,2007,74.193
TUV,2007,63.931
TZA,2007,57.52
UGA,2007,55.236
UKR,2007,68.2221951219512
URY,2007,76.498
USA,2007,77.9878048780488
UZB,2007,68.292
VCT,2007,74.703
VEN,2007,73.058
VGB,2007,75.039
VIR,2007,76.8634146341463
VNM,2007,73.436
VUT,2007,69.544
WSM,2007,72.1
YEM,2007,66.565
ZAF,2007,54.992
ZMB,2007,52.739
ZWE,2007,45.61
AFG,2008,59.852
AGO,2008,54.633
ALB,2008,77.653
ARE,2008,77.488
ARG,2008,75.641
ARM,2008,72.398
ASM,2008,
ATG,2008,76.41
AUS,2008,81.3951219512195
AUT,2008,80.4317073170732
AZE,2008,68.811
BDI,2008,55.71
BEL,2008,79.6804878048781
BEN,2008,57.869
BFA,2008,55.342
BGD,2008,67.051
BGR,2008,72.9634146341463
BHR,2008,78.084
BHS,2008,72.667
BIH,2008,76.838
BLR,2008,70.4560975609756
BLZ,2008,71.151
BMU,2008,78.623
BOL,2008,65.446
BRA,2008,72.715
BRB,2008,75.447
BRN,2008,74.84
BTN,2008,67.499
BWA,2008,57.121
CAF,2008,48.016
CAN,2008,80.7246341463415
CHE,2008,81.9926829268293
CHL,2008,78.484
CHN,2008,74.872
CIV,2008,53.653
CMR,2008,55.655
COD,2008,55.339
COG,2008,60.426
COL,2008,74.295
COM,2008,60.475
CPV,2008,72.508
CRI,2008,78.445
CUB,2008,77.429
CYM,2008,
CYP,2008,78.981
CZE,2008,76.9756097560976
DEU,2008,79.7365853658537
DJI,2008,59.365
DMA,2008,73.305
DNK,2008,78.4463414634146
DOM,2008,71.658
DZA,2008,72.941
ECU,2008,74.983
EGY,2008,69.319
ERI,2008,62.573
ESP,2008,81.1756097560976
EST,2008,73.7707317073171
ETH,2008,57.592
FIN,2008,79.5682926829268
FJI,2008,66.935
FRA,2008,81.2146341463415
FSM,2008,71.137
GAB,2008,63.083
GBR,2008,79.6
GEO,2008,71.332
GHA,2008,60.49
GIN,2008,56.044
GMB,2008,60.082
GNB,2008,54.646
GNQ,2008,57.074
GRC,2008,79.9390243902439
GRD,2008,74.656
GTM,2008,70.356
GUM,2008,77.185
GUY,2008,66.288
HKG,2008,82.3404878048781
HND,2008,70.441
HRV,2008,75.9121951219512
HTI,2008,61.332
HUN,2008,73.7024390243903
IDN,2008,68.226
IND,2008,66.149
IRL,2008,80.0951219512195
IRN,2008,72.624
IRQ,2008,64.942
ISL,2008,81.609756097561
ISR,2008,80.9512195121951
ITA,2008,81.4853658536585
JAM,2008,71.612
JOR,2008,73.591
JPN,2008,82.5875609756098
KAZ,2008,67.11
KEN,2008,59.614
KGZ,2008,68.4512195121951
KHM,2008,66.47
KIR,2008,64.834
KNA,2008,71.374
KOR,2008,79.5170731707317
KWT,2008,77.145
LAO,2008,62.603
LBN,2008,77.584
LBR,2008,58.772
LBY,2008,72.269
LCA,2008,72.698
LIE,2008,82.6829268292683
LKA,2008,71.729
LSO,2008,43.566
LTU,2008,71.8121951219512
LUX,2008,80.5390243902439
LVA,2008,72.419512195122
MAC,2008,82.893
MAF,2008,78.068
MAR,2008,70.048
MDA,2008,69.394
MDG,2008,62.142
MDV,2008,76.543
MEX,2008,74.152
MHL,2008,63.236
MKD,2008,74.4
MLI,2008,55.291
MLT,2008,79.6365853658537
MMR,2008,56.506
MNE,2008,75.1365853658537
MNG,2008,66.382
MNP,2008,
MOZ,2008,53.164
MRT,2008,62.399
MUS,2008,72.5707317073171
MWI,2008,54.604
MYS,2008,74.25
NAM,2008,54.653
NCL,2008,76.6804878048781
NER,2008,56.508
NGA,2008,50.225
NIC,2008,70.586
NLD,2008,80.2512195121951
NOR,2008,80.5926829268293
NPL,2008,66.421
NZL,2008,80.3512195121951
OMN,2008,74.612
PAK,2008,64.036
PAN,2008,76.225
PER,2008,73.377
PHL,2008,70.564
PLW,2008,
PNG,2008,62.571
POL,2008,75.5439024390244
PRI,2008,77.841
PRK,2008,68.958
PRT,2008,78.5243902439025
PRY,2008,71.384
PSE,2008,72.413
PYF,2008,80.301
QAT,2008,77.427
ROU,2008,72.5658536585366
RUS,2008,67.9492682926829
RWA,2008,61.134
SAU,2008,75.274
SDN,2008,61.206
SEN,2008,63.242
SGP,2008,80.790243902439
SLB,2008,68.404
SLE,2008,51.526
SLV,2008,71.424
SOM,2008,51.12
SRB,2008,73.8853658536585
SSD,2008,53.538
STP,2008,65.079
SUR,2008,68.816
SVK,2008,74.7048780487805
SVN,2008,78.7658536585366
SWE,2008,81.1
SWZ,2008,44.175
SXM,2008,75.742
SYC,2008,73.1634146341463
SYR,2008,73.551
TCA,2008,76.632
TCD,2008,49.024
TGO,2008,56.695
THA,2008,75.492
TJK,2008,67.688
TKM,2008,67.407
TLS,2008,64.329
TON,2008,70.164
TTO,2008,71.47
TUN,2008,75.185
TUR,2008,74.45
TUV,2008,63.948
TZA,2008,58.086
UGA,2008,55.823
UKR,2008,68.2514634146342
URY,2008,76.623
USA,2008,78.0390243902439
UZB,2008,68.765
VCT,2008,75.053
VEN,2008,72.436
VGB,2008,75.007
VIR,2008,77.1634146341463
VNM,2008,73.411
VUT,2008,69.602
WSM,2008,72.155
YEM,2008,66.963
ZAF,2008,56.022
ZMB,2008,53.945
ZWE,2008,46.723
AFG,2009,60.364
AGO,2009,55.752
ALB,2009,77.781
ARE,2009,78.003
ARG,2009,75.936
ARM,2009,72.813
ASM,2009,
ATG,2009,76.669
AUS,2009,81.5439024390244
AUT,2009,80.3317073170732
AZE,2009,69.356
BDI,2009,56.388
BEL,2009,80.0341463414634
BEN,2009,57.956
BFA,2009,55.959
BGD,2009,67.403
BGR,2009,73.4121951219512
BHR,2009,78.461
BHS,2009,72.579
BIH,2009,76.976
BLR,2009,70.4073170731707
BLZ,2009,71.819
BMU,2009,79.996
BOL,2009,65.88
BRA,2009,72.948
BRB,2009,75.678
BRN,2009,74.846
BTN,2009,67.897
BWA,2009,58.279
CAF,2009,48.648
CAN,2009,81.0660975609756
CHE,2009,82.0439024390244
CHL,2009,78.741
CHN,2009,75.343
CIV,2009,54.394
CMR,2009,56.102
COD,2009,55.836
COG,2009,61.088
COL,2009,74.742
COM,2009,60.831
CPV,2009,73.088
CRI,2009,78.672
CUB,2009,77.548
CYM,2009,
CYP,2009,79.401
CZE,2009,77.0780487804878
DEU,2009,79.8365853658537
DJI,2009,59.673
DMA,2009,72.17
DNK,2009,78.5975609756098
DOM,2009,71.871
DZA,2009,73.62
ECU,2009,75.184
EGY,2009,69.48
ERI,2009,63.328
ESP,2009,81.4756097560976
EST,2009,74.8243902439024
ETH,2009,58.804
FIN,2009,79.719512195122
FJI,2009,67.089
FRA,2009,81.4146341463415
FSM,2009,71.112
GAB,2009,63.303
GBR,2009,80.0512195121951
GEO,2009,71.95
GHA,2009,60.946
GIN,2009,56.348
GMB,2009,60.427
GNB,2009,55.541
GNQ,2009,57.431
GRC,2009,80.1878048780488
GRD,2009,75.036
GTM,2009,70.641
GUM,2009,77.094
GUY,2009,66.563
HKG,2009,82.7751219512195
HND,2009,70.911
HRV,2009,76.1682926829268
HTI,2009,61.741
HUN,2009,73.9048780487805
IDN,2009,68.494
IND,2009,66.513
IRL,2009,80.190243902439
IRN,2009,72.698
IRQ,2009,66.446
ISL,2009,81.7512195121951
ISR,2009,81.4048780487805
ITA,2009,81.6365853658537
JAM,2009,72.124
JOR,2009,73.801
JPN,2009,82.9314634146342
KAZ,2009,68.39
KEN,2009,60.365
KGZ,2009,69.1024390243903
KHM,2009,67.444
KIR,2009,64.892
KNA,2009,71.393
KOR,2009,79.9682926829268
KWT,2009,77.442
LAO,2009,63.273
LBN,2009,77.889
LBR,2009,59.194
LBY,2009,72.356
LCA,2009,72.722
LIE,2009,81.5
LKA,2009,69.187
LSO,2009,44.034
LTU,2009,72.9146341463415
LUX,2009,80.6365853658537
LVA,2009,73.0804878048781
MAC,2009,83.276
MAF,2009,78.236
MAR,2009,70.458
MDA,2009,69.573
MDG,2009,62.734
MDV,2009,77.069
MEX,2009,74.119
MHL,2009,63.23
MKD,2009,74.4463414634146
MLI,2009,55.874
MLT,2009,80.2414634146342
MMR,2009,63.155
MNE,2009,75.1439024390244
MNG,2009,66.766
MNP,2009,
MOZ,2009,53.788
MRT,2009,62.8
MUS,2009,72.8824390243903
MWI,2009,55.448
MYS,2009,74.227
NAM,2009,55.496
NCL,2009,76.9804878048781
NER,2009,57.396
NGA,2009,50.712
NIC,2009,71.433
NLD,2009,80.5487804878049
NOR,2009,80.7951219512195
NPL,2009,66.761
NZL,2009,80.7024390243902
OMN,2009,74.681
PAK,2009,64.14
PAN,2009,76.343
PER,2009,73.466
PHL,2009,70.633
PLW,2009,
PNG,2009,62.788
POL,2009,75.6951219512195
PRI,2009,77.877
PRK,2009,69.732
PRT,2009,78.7268292682927
PRY,2009,71.635
PSE,2009,72.608
PYF,2009,80.665
QAT,2009,77.878
ROU,2009,73.309756097561
RUS,2009,68.6846341463415
RWA,2009,61.958
SAU,2009,75.431
SDN,2009,62.644
SEN,2009,63.923
SGP,2009,81.2414634146342
SLB,2009,68.466
SLE,2009,52.626
SLV,2009,71.576
SOM,2009,51.853
SRB,2009,73.9853658536585
SSD,2009,53.891
STP,2009,65.116
SUR,2009,69.505
SVK,2009,74.909756097561
SVN,2009,78.9707317073171
SWE,2009,81.3512195121951
SWZ,2009,44.639
SXM,2009,75.441
SYC,2009,73.0829268292683
SYR,2009,73.853
TCA,2009,77.164
TCD,2009,49.196
TGO,2009,57.011
THA,2009,75.842
TJK,2009,68.039
TKM,2009,67.958
TLS,2009,64.854
TON,2009,70.012
TTO,2009,73.126
TUN,2009,75.267
TUR,2009,74.765
TUV,2009,63.949
TZA,2009,58.894
UGA,2009,56.488
UKR,2009,69.19
URY,2009,76.738
USA,2009,78.390243902439
UZB,2009,68.871
VCT,2009,75.083
VEN,2009,72.579
VGB,2009,75.26
VIR,2009,77.5146341463415
VNM,2009,73.498
VUT,2009,69.653
WSM,2009,70.066
YEM,2009,67.196
ZAF,2009,57.447
ZMB,2009,55.3
ZWE,2009,48.063
AFG,2010,60.851
AGO,2010,56.726
ALB,2010,77.936
ARE,2010,78.334
ARG,2010,75.721
ARM,2010,73.16
ASM,2010,
ATG,2010,76.82
AUS,2010,81.6951219512195
AUT,2010,80.5804878048781
AZE,2010,69.529
BDI,2010,57.081
BEL,2010,80.1829268292683
BEN,2010,58.363
BFA,2010,56.477
BGD,2010,68.638
BGR,2010,73.5121951219512
BHR,2010,78.748
BHS,2010,72.731
BIH,2010,77.073
BLR,2010,70.4048780487805
BLZ,2010,72.272
BMU,2010,80.499
BOL,2010,66.162
BRA,2010,73.182
BRB,2010,75.712
BRN,2010,74.849
BTN,2010,68.43
BWA,2010,60.013
CAF,2010,49.255
CAN,2010,81.3221951219512
CHE,2010,82.2463414634147
CHL,2010,78.501
CHN,2010,75.599
CIV,2010,55.023
CMR,2010,56.582
COD,2010,56.417
COG,2010,61.683
COL,2010,75.033
COM,2010,61.123
CPV,2010,73.499
CRI,2010,78.67
CUB,2010,77.661
CYM,2010,82.190243902439
CYP,2010,79.665
CZE,2010,77.4243902439025
DEU,2010,79.9878048780488
DJI,2010,60.259
DMA,2010,71.55
DNK,2010,79.1
DOM,2010,72.093
DZA,2010,73.808
ECU,2010,75.43
EGY,2010,69.664
ERI,2010,63.787
ESP,2010,81.6268292682927
EST,2010,75.4292682926829
ETH,2010,59.73
FIN,2010,79.8707317073171
FJI,2010,67.328
FRA,2010,81.6634146341463
FSM,2010,71.233
GAB,2010,63.898
GBR,2010,80.4024390243902
GEO,2010,72.128
GHA,2010,61.157
GIN,2010,56.72
GMB,2010,60.717
GNB,2010,56.23
GNQ,2010,57.878
GRC,2010,80.3878048780488
GRD,2010,74.999
GTM,2010,70.878
GUM,2010,76.879
GUY,2010,66.743
HKG,2010,82.9575609756098
HND,2010,71.088
HRV,2010,76.4756097560976
HTI,2010,46.019
HUN,2010,74.2073170731707
IDN,2010,68.679
IND,2010,66.909
IRL,2010,80.7439024390244
IRN,2010,73.069
IRQ,2010,67.062
ISL,2010,81.8975609756097
ISR,2010,81.6024390243903
ITA,2010,82.0365853658537
JAM,2010,72.622
JOR,2010,74.0
JPN,2010,82.8426829268293
KAZ,2010,68.45
KEN,2010,60.649
KGZ,2010,69.3
KHM,2010,67.712
KIR,2010,65.016
KNA,2010,71.27
KOR,2010,80.1170731707317
KWT,2010,77.982
LAO,2010,63.973
LBN,2010,78.156
LBR,2010,59.433
LBY,2010,72.374
LCA,2010,72.72
LIE,2010,81.8414634146342
LKA,2010,73.215
LSO,2010,45.596
LTU,2010,73.2682926829268
LUX,2010,80.6317073170732
LVA,2010,73.4829268292683
MAC,2010,83.109
MAF,2010,78.406
MAR,2010,70.829
MDA,2010,69.357
MDG,2010,62.873
MDV,2010,77.657
MEX,2010,74.19
MHL,2010,63.226
MKD,2010,74.9975609756098
MLI,2010,56.382
MLT,2010,81.3975609756098
MMR,2010,63.329
MNE,2010,75.990243902439
MNG,2010,67.182
MNP,2010,
MOZ,2010,54.198
MRT,2010,63.105
MUS,2010,72.9673170731707
MWI,2010,56.381
MYS,2010,74.442
NAM,2010,56.015
NCL,2010,77.2804878048781
NER,2010,58.367
NGA,2010,50.945
NIC,2010,72.009
NLD,2010,80.7024390243902
NOR,2010,80.9975609756098
NPL,2010,66.814
NZL,2010,80.9048780487805
OMN,2010,76.269
PAK,2010,64.436
PAN,2010,76.448
PER,2010,73.711
PHL,2010,70.754
PLW,2010,
PNG,2010,63.039
POL,2010,76.2463414634146
PRI,2010,78.01
PRK,2010,70.419
PRT,2010,79.0268292682927
PRY,2010,71.887
PSE,2010,73.004
PYF,2010,81.039
QAT,2010,78.425
ROU,2010,73.4585365853659
RUS,2010,68.8412195121951
RWA,2010,62.54
SAU,2010,75.763
SDN,2010,63.016
SEN,2010,64.615
SGP,2010,81.5414634146342
SLB,2010,68.732
SLE,2010,53.693
SLV,2010,71.848
SOM,2010,50.563
SRB,2010,74.3365853658537
SSD,2010,54.812
STP,2010,65.249
SUR,2010,69.894
SVK,2010,75.1121951219512
SVN,2010,79.4219512195122
SWE,2010,81.4512195121951
SWZ,2010,46.619
SXM,2010,75.132
SYC,2010,73.1975609756098
SYR,2010,73.881
TCA,2010,76.243
TCD,2010,49.584
TGO,2010,57.304
THA,2010,76.131
TJK,2010,67.742
TKM,2010,68.293
TLS,2010,65.304
TON,2010,70.323
TTO,2010,72.725
TUN,2010,75.421
TUR,2010,75.069
TUV,2010,63.978
TZA,2010,60.105
UGA,2010,57.055
UKR,2010,70.2653658536586
URY,2010,76.858
USA,2010,78.5414634146342
UZB,2010,69.235
VCT,2010,74.718
VEN,2010,72.89
VGB,2010,75.428
VIR,2010,77.8658536585366
VNM,2010,73.513
VUT,2010,69.617
WSM,2010,72.249
YEM,2010,67.28
ZAF,2010,58.899
ZMB,2010,56.799
ZWE,2010,50.652
AFG,2011,61.419
AGO,2011,57.596
ALB,2011,78.092
ARE,2011,78.517
ARG,2011,76.124
ARM,2011,73.305
ASM,2011,
ATG,2011,77.104
AUS,2011,81.8951219512195
AUT,2011,80.9829268292683
AZE,2011,69.984
BDI,2011,57.769
BEL,2011,80.5853658536585
BEN,2011,58.462
BFA,2011,57.125
BGD,2011,68.809
BGR,2011,74.1634146341463
BHR,2011,78.89
BHS,2011,72.564
BIH,2011,77.007
BLR,2011,70.5536585365854
BLZ,2011,72.651
BMU,2011,81.403
BOL,2011,66.534
BRA,2011,73.343
BRB,2011,75.917
BRN,2011,74.858
BTN,2011,68.881
BWA,2011,60.53
CAF,2011,49.948
CAN,2011,81.4826829268293
CHE,2011,82.6951219512195
CHL,2011,79.11
CHN,2011,75.903
CIV,2011,55.52
CMR,2011,57.133
COD,2011,57.069
COG,2011,61.992
COL,2011,75.32
COM,2011,61.503
CPV,2011,74.257
CRI,2011,79.348
CUB,2011,77.76
CYM,2011,
CYP,2011,79.999
CZE,2011,77.8731707317073
DEU,2011,80.4365853658537
DJI,2011,60.433
DMA,2011,69.695
DNK,2011,79.8
DOM,2011,72.221
DZA,2011,74.123
ECU,2011,75.743
EGY,2011,69.88
ERI,2011,64.402
ESP,2011,82.4756097560976
EST,2011,76.2292682926829
ETH,2011,60.721
FIN,2011,80.4707317073171
FJI,2011,67.523
FRA,2011,82.1146341463415
FSM,2011,71.318
GAB,2011,64.045
GBR,2011,80.9512195121951
GEO,2011,72.39
GHA,2011,61.652
GIN,2011,57.019
GMB,2011,61.526
GNB,2011,56.967
GNQ,2011,58.412
GRC,2011,80.7317073170732
GRD,2011,75.295
GTM,2011,71.177
GUM,2011,76.872
GUY,2011,66.982
HKG,2011,83.4119512195122
HND,2011,71.439
HRV,2011,76.7756097560976
HTI,2011,61.623
HUN,2011,74.8585365853659
IDN,2011,68.823
IND,2011,67.359
IRL,2011,80.7463414634146
IRN,2011,73.679
IRQ,2011,67.659
ISL,2011,82.3585365853659
ISR,2011,81.6560975609756
ITA,2011,82.1878048780488
JAM,2011,73.094
JOR,2011,74.189
JPN,2011,82.5912195121951
KAZ,2011,68.69
KEN,2011,61.046
KGZ,2011,69.6024390243903
KHM,2011,68.416
KIR,2011,65.19
KNA,2011,71.538
KOR,2011,80.5682926829269
KWT,2011,78.464
LAO,2011,64.736
LBN,2011,78.404
LBR,2011,59.62
LBY,2011,70.071
LCA,2011,72.944
LIE,2011,81.7926829268293
LKA,2011,73.38
LSO,2011,46.692
LTU,2011,73.5634146341464
LUX,2011,80.9878048780488
LVA,2011,73.5756097560976
MAC,2011,83.229
MAF,2011,78.827
MAR,2011,71.269
MDA,2011,69.192
MDG,2011,63.494
MDV,2011,78.124
MEX,2011,74.365
MHL,2011,63.256
MKD,2011,75.1
MLI,2011,56.755
MLT,2011,80.7463414634146
MMR,2011,63.901
MNE,2011,75.9829268292683
MNG,2011,67.439
MNP,2011,
MOZ,2011,54.869
MRT,2011,63.346
MUS,2011,73.2668292682927
MWI,2011,57.455
MYS,2011,74.746
NAM,2011,56.553
NCL,2011,76.6317073170732
NER,2011,58.994
NGA,2011,51.357
NIC,2011,72.416
NLD,2011,81.2048780487805
NOR,2011,81.2951219512195
NPL,2011,67.313
NZL,2011,81.1560975609756
OMN,2011,76.608
PAK,2011,64.648
PAN,2011,76.627
PER,2011,74.133
PHL,2011,70.788
PLW,2011,
PNG,2011,63.526
POL,2011,76.6951219512195
PRI,2011,78.316
PRK,2011,70.978
PRT,2011,80.4707317073171
PRY,2011,72.131
PSE,2011,73.243
PYF,2011,81.429
QAT,2011,78.891
ROU,2011,74.409756097561
RUS,2011,69.6839024390244
RWA,2011,63.261
SAU,2011,76.234
SDN,2011,63.246
SEN,2011,65.262
SGP,2011,81.7439024390244
SLB,2011,68.908
SLE,2011,54.62
SLV,2011,71.859
SOM,2011,51.304
SRB,2011,74.5365853658537
SSD,2011,54.94
STP,2011,64.902
SUR,2011,69.914
SVK,2011,75.9585365853659
SVN,2011,79.9707317073171
SWE,2011,81.8024390243903
SWZ,2011,48.195
SXM,2011,74.684
SYC,2011,72.7243902439024
SYR,2011,73.305
TCA,2011,76.195
TCD,2011,50.009
TGO,2011,57.925
THA,2011,76.421
TJK,2011,68.148
TKM,2011,68.567
TLS,2011,65.697
TON,2011,70.381
TTO,2011,73.278
TUN,2011,75.46
TUR,2011,74.941
TUV,2011,63.974
TZA,2011,61.049
UGA,2011,57.965
UKR,2011,70.8092682926829
URY,2011,76.983
USA,2011,78.6414634146341
UZB,2011,69.649
VCT,2011,74.596
VEN,2011,72.913
VGB,2011,75.486
VIR,2011,78.3170731707317
VNM,2011,73.692
VUT,2011,69.551
WSM,2011,72.26
YEM,2011,67.419
ZAF,2011,60.651
ZMB,2011,57.771
ZWE,2011,53.347
AFG,2012,61.923
AGO,2012,58.623
ALB,2012,78.064
ARE,2012,78.716
ARG,2012,76.467
ARM,2012,73.454
ASM,2012,
ATG,2012,77.35
AUS,2012,82.0463414634146
AUT,2012,80.9365853658537
AZE,2012,70.36
BDI,2012,58.493
BEL,2012,80.3853658536585
BEN,2012,58.716
BFA,2012,57.619
BGD,2012,69.554
BGR,2012,74.3146341463415
BHR,2012,79.081
BHS,2012,72.753
BIH,2012,77.191
BLR,2012,71.9658536585366
BLZ,2012,73.245
BMU,2012,81.272
BOL,2012,66.705
BRA,2012,73.552
BRB,2012,76.099
BRN,2012,74.827
BTN,2012,69.326
BWA,2012,60.8
CAF,2012,50.686
CAN,2012,81.6636585365854
CHE,2012,82.6975609756098
CHL,2012,79.023
CHN,2012,76.192
CIV,2012,56.158
CMR,2012,57.792
COD,2012,57.248
COG,2012,62.317
COL,2012,75.597
COM,2012,61.834
CPV,2012,74.484
CRI,2012,79.283
CUB,2012,77.833
CYM,2012,
CYP,2012,80.109
CZE,2012,78.0756097560976
DEU,2012,80.5390243902439
DJI,2012,60.848
DMA,2012,70.538
DNK,2012,80.0512195121951
DOM,2012,72.514
DZA,2012,74.202
ECU,2012,76.062
EGY,2012,70.085
ERI,2012,64.838
ESP,2012,82.4268292682927
EST,2012,76.3268292682927
ETH,2012,61.543
FIN,2012,80.6268292682927
FJI,2012,67.552
FRA,2012,81.9682926829268
FSM,2012,71.398
GAB,2012,64.587
GBR,2012,80.9048780487805
GEO,2012,72.412
GHA,2012,62.081
GIN,2012,57.406
GMB,2012,62.096
GNB,2012,57.69
GNQ,2012,58.865
GRC,2012,80.6341463414634
GRD,2012,75.042
GTM,2012,71.463
GUM,2012,76.707
GUY,2012,67.23
HKG,2012,83.450243902439
HND,2012,71.734
HRV,2012,76.9243902439024
HTI,2012,62.291
HUN,2012,75.0634146341463
IDN,2012,68.973
IND,2012,67.887
IRL,2012,80.8463414634146
IRN,2012,74.186
IRQ,2012,68.023
ISL,2012,82.9170731707317
ISR,2012,81.7048780487805
ITA,2012,82.2390243902439
JAM,2012,73.433
JOR,2012,74.366
JPN,2012,83.0960975609756
KAZ,2012,69.52
KEN,2012,61.115
KGZ,2012,70.0024390243902
KHM,2012,68.915
KIR,2012,65.378
KNA,2012,71.669
KOR,2012,80.819512195122
KWT,2012,78.812
LAO,2012,65.355
LBN,2012,78.628
LBR,2012,59.913
LBY,2012,72.247
LCA,2012,72.882
LIE,2012,82.3829268292683
LKA,2012,73.906
LSO,2012,47.835
LTU,2012,73.8634146341464
LUX,2012,81.3926829268293
LVA,2012,73.7780487804878
MAC,2012,83.326
MAF,2012,79.022
MAR,2012,71.679
MDA,2012,69.143
MDG,2012,63.544
MDV,2012,78.682
MEX,2012,74.574
MHL,2012,63.373
MKD,2012,74.9024390243903
MLI,2012,57.079
MLT,2012,80.7463414634146
MMR,2012,64.141
MNE,2012,76.2
MNG,2012,68.111
MNP,2012,
MOZ,2012,55.639
MRT,2012,63.578
MUS,2012,73.8634146341464
MWI,2012,58.679
MYS,2012,74.944
NAM,2012,57.64
NCL,2012,77.0780487804878
NER,2012,59.65
NGA,2012,51.497
NIC,2012,72.615
NLD,2012,81.1048780487805
NOR,2012,81.4512195121951
NPL,2012,67.47
NZL,2012,81.4073170731707
OMN,2012,77.061
PAK,2012,64.782
PAN,2012,76.819
PER,2012,74.544
PHL,2012,70.881
PLW,2012,
PNG,2012,63.733
POL,2012,76.7463414634146
PRI,2012,78.461
PRK,2012,71.626
PRT,2012,80.3731707317073
PRY,2012,72.454
PSE,2012,73.466
PYF,2012,81.759
QAT,2012,79.227
ROU,2012,74.4121951219512
RUS,2012,70.0721951219512
RWA,2012,64.009
SAU,2012,76.461
SDN,2012,63.792
SEN,2012,65.457
SGP,2012,81.9951219512195
SLB,2012,69.084
SLE,2012,55.451
SLV,2012,71.831
SOM,2012,53.161
SRB,2012,74.8365853658537
SSD,2012,55.865
STP,2012,65.746
SUR,2012,69.764
SVK,2012,76.109756097561
SVN,2012,80.1243902439024
SWE,2012,81.7048780487805
SWZ,2012,49.835
SXM,2012,74.608
SYC,2012,74.2756097560976
SYR,2012,66.769
TCA,2012,77.037
TCD,2012,50.54
TGO,2012,58.073
THA,2012,76.772
TJK,2012,68.484
TKM,2012,68.722
TLS,2012,66.081
TON,2012,70.442
TTO,2012,73.716
TUN,2012,75.55
TUR,2012,75.678
TUV,2012,63.964
TZA,2012,62.03
UGA,2012,58.817
UKR,2012,70.9441463414634
URY,2012,77.111
USA,2012,78.7414634146342
UZB,2012,69.874
VCT,2012,74.146
VEN,2012,73.036
VGB,2012,75.532
VIR,2012,78.5170731707317
VNM,2012,73.704
VUT,2012,69.497
WSM,2012,72.167
YEM,2012,67.343
ZAF,2012,61.846
ZMB,2012,58.867
ZWE,2012,55.626
AFG,2013,62.417
AGO,2013,59.307
ALB,2013,78.123
ARE,2013,78.853
ARG,2013,76.491
ARM,2013,73.676
ASM,2013,
ATG,2013,77.583
AUS,2013,82.1487804878049
AUT,2013,81.1365853658537
AZE,2013,70.881
BDI,2013,59.235
BEL,2013,80.5878048780488
BEN,2013,58.965
BFA,2013,57.823
BGD,2013,69.565
BGR,2013,74.8609756097561
BHR,2013,79.246
BHS,2013,73.024
BIH,2013,76.33
BLR,2013,72.4707317073171
BLZ,2013,73.666
BMU,2013,79.992
BOL,2013,67.021
BRA,2013,73.918
BRB,2013,76.275
BRN,2013,74.799
BTN,2013,69.707
BWA,2013,61.996
CAF,2013,50.902
CAN,2013,81.7448780487805
CHE,2013,82.7975609756098
CHL,2013,79.339
CHN,2013,76.452
CIV,2013,56.748
CMR,2013,58.476
COD,2013,57.762
COG,2013,62.695
COL,2013,75.827
COM,2013,62.224
CPV,2013,75.059
CRI,2013,79.403
CUB,2013,77.87
CYM,2013,
CYP,2013,80.402
CZE,2013,78.1756097560976
DEU,2013,80.490243902439
DJI,2013,61.221
DMA,2013,68.896
DNK,2013,80.3
DOM,2013,72.713
DZA,2013,74.615
ECU,2013,76.369
EGY,2013,70.052
ERI,2013,65.067
ESP,2013,83.0780487804878
EST,2013,77.1414634146341
ETH,2013,62.373
FIN,2013,80.9756097560976
FJI,2013,67.428
FRA,2013,82.219512195122
FSM,2013,71.499
GAB,2013,64.776
GBR,2013,81.0048780487805
GEO,2013,72.628
GHA,2013,62.42
GIN,2013,57.791
GMB,2013,62.114
GNB,2013,58.232
GNQ,2013,59.224
GRC,2013,81.2853658536585
GRD,2013,75.116
GTM,2013,71.728
GUM,2013,76.72
GUY,2013,67.473
HKG,2013,83.8312195121951
HND,2013,71.963
HRV,2013,77.1268292682927
HTI,2013,62.605
HUN,2013,75.5658536585366
IDN,2013,69.264
IND,2013,68.46
IRL,2013,80.9487804878049
IRN,2013,74.449
IRQ,2013,68.253
ISL,2013,82.0609756097561
ISR,2013,82.0560975609756
ITA,2013,82.690243902439
JAM,2013,73.412
JOR,2013,74.562
JPN,2013,83.3319512195122
KAZ,2013,70.62
KEN,2013,61.389
KGZ,2013,70.2024390243902
KHM,2013,69.304
KIR,2013,65.588
KNA,2013,71.457
KOR,2013,81.2707317073171
KWT,2013,79.164
LAO,2013,65.718
LBN,2013,78.765
LBR,2013,59.943
LBY,2013,72.34
LCA,2013,72.735
LIE,2013,82.2609756097561
LKA,2013,74.239
LSO,2013,49.002
LTU,2013,73.9146341463415
LUX,2013,81.8
LVA,2013,73.9829268292683
MAC,2013,83.727
MAF,2013,78.908
MAR,2013,72.122
MDA,2013,69.099
MDG,2013,63.962
MDV,2013,79.057
MEX,2013,74.739
MHL,2013,63.464
MKD,2013,75.4
MLI,2013,57.357
MLT,2013,81.7463414634146
MMR,2013,64.815
MNE,2013,76.490243902439
MNG,2013,68.585
MNP,2013,
MOZ,2013,56.492
MRT,2013,63.911
MUS,2013,74.0170731707317
MWI,2013,59.729
MYS,2013,75.035
NAM,2013,58.694
NCL,2013,77.1780487804878
NER,2013,60.239
NGA,2013,51.707
NIC,2013,72.704
NLD,2013,81.3048780487805
NOR,2013,81.7512195121951
NPL,2013,67.965
NZL,2013,81.4048780487805
OMN,2013,77.246
PAK,2013,65.15
PAN,2013,77.038
PER,2013,74.967
PHL,2013,70.835
PLW,2013,
PNG,2013,63.961
POL,2013,77.0
PRI,2013,78.777
PRK,2013,72.319
PRT,2013,80.7219512195122
PRY,2013,72.757
PSE,2013,74.029
PYF,2013,82.017
QAT,2013,79.536
ROU,2013,75.0634146341463
RUS,2013,70.5787804878049
RWA,2013,64.426
SAU,2013,76.626
SDN,2013,63.678
SEN,2013,66.072
SGP,2013,82.2463414634147
SLB,2013,69.188
SLE,2013,56.313
SLV,2013,71.771
SOM,2013,53.843
SRB,2013,75.1853658536585
SSD,2013,55.751
STP,2013,66.328
SUR,2013,69.682
SVK,2013,76.4121951219512
SVN,2013,80.3219512195122
SWE,2013,81.9560975609756
SWZ,2013,51.486
SXM,2013,74.917
SYC,2013,73.119512195122
SYR,2013,63.827
TCA,2013,77.018
TCD,2013,50.781
TGO,2013,58.684
THA,2013,77.083
TJK,2013,68.885
TKM,2013,68.74
TLS,2013,66.44
TON,2013,70.505
TTO,2013,73.962
TUN,2013,75.65
TUR,2013,76.297
TUV,2013,64.008
TZA,2013,62.96
UGA,2013,59.763
UKR,2013,71.159512195122
URY,2013,77.24
USA,2013,78.7414634146342
UZB,2013,69.99
VCT,2013,73.798
VEN,2013,73.196
VGB,2013,75.574
VIR,2013,78.7170731707317
VNM,2013,73.775
VUT,2013,69.534
WSM,2013,72.391
YEM,2013,67.545
ZAF,2013,62.533
ZMB,2013,59.878
ZWE,2013,57.458
AFG,2014,62.545
AGO,2014,60.04
ALB,2014,78.407
ARE,2014,79.044
ARG,2014,76.755
ARM,2014,74.058
ASM,2014,
ATG,2014,77.858
AUS,2014,82.3
AUT,2014,81.490243902439
AZE,2014,71.116
BDI,2014,59.868
BEL,2014,81.2878048780488
BEN,2014,59.125
BFA,2014,58.359
BGD,2014,69.986
BGR,2014,74.4658536585366
BHR,2014,79.328
BHS,2014,73.366
BIH,2014,75.659
BLR,2014,72.9707317073171
BLZ,2014,73.311
BMU,2014,79.518
BOL,2014,67.163
BRA,2014,74.306
BRB,2014,76.476
BRN,2014,74.779
BTN,2014,70.049
BWA,2014,62.608
CAF,2014,50.566
CAN,2014,81.7843902439025
CHE,2014,83.1975609756098
CHL,2014,79.473
CHN,2014,76.717
CIV,2014,57.208
CMR,2014,58.935
COD,2014,58.296
COG,2014,62.95
COL,2014,76.043
COM,2014,62.516
CPV,2014,75.24
CRI,2014,78.774
CUB,2014,77.853
CYM,2014,
CYP,2014,80.771
CZE,2014,78.8243902439024
DEU,2014,81.090243902439
DJI,2014,61.641
DMA,2014,69.434
DNK,2014,80.7
DOM,2014,72.867
DZA,2014,75.11
ECU,2014,76.622
EGY,2014,70.415
ERI,2014,65.6
ESP,2014,83.2292682926829
EST,2014,77.0341463414634
ETH,2014,62.905
FIN,2014,81.1804878048781
FJI,2014,67.376
FRA,2014,82.719512195122
FSM,2014,71.529
GAB,2014,64.974
GBR,2014,81.3048780487805
GEO,2014,73.099
GHA,2014,63.045
GIN,2014,57.886
GMB,2014,62.269
GNB,2014,58.61
GNQ,2014,59.595
GRC,2014,81.3853658536585
GRD,2014,74.985
GTM,2014,71.964
GUM,2014,76.749
GUY,2014,67.882
HKG,2014,83.9356097560976
HND,2014,72.259
HRV,2014,77.4780487804878
HTI,2014,62.987
HUN,2014,75.7634146341463
IDN,2014,69.533
IND,2014,69.074
IRL,2014,81.3487804878049
IRN,2014,74.782
IRQ,2014,68.914
ISL,2014,82.8609756097561
ISR,2014,82.1536585365854
ITA,2014,83.090243902439
JAM,2014,72.982
JOR,2014,74.789
JPN,2014,83.5878048780488
KAZ,2014,71.44
KEN,2014,61.816
KGZ,2014,70.4024390243902
KHM,2014,69.736
KIR,2014,65.815
KNA,2014,70.966
KOR,2014,81.7219512195122
KWT,2014,79.445
LAO,2014,66.361
LBN,2014,78.973
LBR,2014,59.121
LBY,2014,71.511
LCA,2014,72.864
LIE,2014,82.0731707317073
LKA,2014,74.651
LSO,2014,50.033
LTU,2014,74.5170731707317
LUX,2014,82.2292682926829
LVA,2014,74.1243902439024
MAC,2014,83.883
MAF,2014,79.966
MAR,2014,72.538
MDA,2014,69.031
MDG,2014,64.255
MDV,2014,79.424
MEX,2014,74.797
MHL,2014,63.623
MKD,2014,75.4512195121951
MLI,2014,57.9
MLT,2014,82.0463414634146
MMR,2014,65.056
MNE,2014,76.4414634146341
MNG,2014,69.047
MNP,2014,
MOZ,2014,57.274
MRT,2014,64.155
MUS,2014,74.1943902439024
MWI,2014,60.899
MYS,2014,75.146
NAM,2014,59.822
NCL,2014,77.2365853658537
NER,2014,60.786
NGA,2014,51.791
NIC,2014,72.812
NLD,2014,81.7073170731707
NOR,2014,82.1
NPL,2014,68.085
NZL,2014,81.4568292682927
OMN,2014,77.446
PAK,2014,65.284
PAN,2014,77.248
PER,2014,75.333
PHL,2014,71.151
PLW,2014,
PNG,2014,64.259
POL,2014,77.6024390243903
PRI,2014,78.929
PRK,2014,72.942
PRT,2014,81.1219512195122
PRY,2014,72.878
PSE,2014,72.622
PYF,2014,82.214
QAT,2014,79.768
ROU,2014,74.909756097561
RUS,2014,70.7436585365854
RWA,2014,64.94
SAU,2014,76.757
SDN,2014,64.269
SEN,2014,66.452
SGP,2014,82.4951219512195
SLB,2014,69.234
SLE,2014,56.393
SLV,2014,71.746
SOM,2014,54.277
SRB,2014,75.3365853658537
SSD,2014,54.973
STP,2014,66.845
SUR,2014,69.782
SVK,2014,76.8121951219512
SVN,2014,81.0780487804878
SWE,2014,82.2536585365854
SWZ,2014,53.05
SXM,2014,76.773
SYC,2014,73.2292682926829
SYR,2014,63.153
TCA,2014,77.135
TCD,2014,51.202
TGO,2014,58.853
THA,2014,77.415
TJK,2014,69.069
TKM,2014,68.614
TLS,2014,66.787
TON,2014,70.54
TTO,2014,74.215
TUN,2014,75.65
TUR,2014,76.565
TUV,2014,64.025
TZA,2014,63.873
UGA,2014,60.408
UKR,2014,71.1865853658537
URY,2014,77.366
USA,2014,78.8414634146341
UZB,2014,70.234
VCT,2014,74.473
VEN,2014,72.853
VGB,2014,75.612
VIR,2014,78.8682926829268
VNM,2014,73.855
VUT,2014,69.465
WSM,2014,72.463
YEM,2014,67.384
ZAF,2014,63.38
ZMB,2014,60.699
ZWE,2014,58.846
AFG,2015,62.659
AGO,2015,60.655
ALB,2015,78.644
ARE,2015,79.223
ARG,2015,76.76
ARM,2015,74.436
ASM,2015,
ATG,2015,77.913
AUS,2015,82.4
AUT,2015,81.190243902439
AZE,2015,71.451
BDI,2015,60.217
BEL,2015,80.9926829268293
BEN,2015,59.377
BFA,2015,58.845
BGD,2015,70.491
BGR,2015,74.6146341463415
BHR,2015,79.405
BHS,2015,73.104
BIH,2015,76.182
BLR,2015,73.6243902439025
BLZ,2015,73.187
BMU,2015,80.918
BOL,2015,67.318
BRA,2015,74.332
BRB,2015,76.65
BRN,2015,74.75
BTN,2015,70.343
BWA,2015,63.818
CAF,2015,52.793
CAN,2015,81.8156097560976
CHE,2015,82.8975609756098
CHL,2015,79.746
CHN,2015,76.977
CIV,2015,57.762
CMR,2015,59.658
COD,2015,58.49
COG,2015,63.233
COL,2015,76.257
COM,2015,62.896
CPV,2015,74.62
CRI,2015,79.086
CUB,2015,77.772
CYM,2015,
CYP,2015,80.966
CZE,2015,78.5780487804878
DEU,2015,80.6414634146341
DJI,2015,61.957
DMA,2015,68.727
DNK,2015,80.7024390243902
DOM,2015,72.953
DZA,2015,75.622
ECU,2015,76.789
EGY,2015,70.483
ERI,2015,66.033
ESP,2015,82.8317073170732
EST,2015,77.590243902439
ETH,2015,63.649
FIN,2015,81.4804878048781
FJI,2015,66.844
FRA,2015,82.3219512195122
FSM,2015,71.408
GAB,2015,65.46
GBR,2015,80.9560975609756
GEO,2015,73.297
GHA,2015,63.175
GIN,2015,58.134
GMB,2015,62.494
GNB,2015,59.128
GNQ,2015,60.103
GRC,2015,81.0365853658537
GRD,2015,75.013
GTM,2015,72.103
GUM,2015,76.616
GUY,2015,68.201
HKG,2015,84.2526829268293
HND,2015,72.487
HRV,2015,77.2756097560976
HTI,2015,63.237
HUN,2015,75.5682926829269
IDN,2015,69.699
IND,2015,69.636
IRL,2015,81.4536585365854
IRN,2015,75.124
IRQ,2015,69.44
ISL,2015,82.4682926829268
ISR,2015,82.0512195121951
ITA,2015,82.5439024390244
JAM,2015,72.394
JOR,2015,75.011
JPN,2015,83.7939024390244
KAZ,2015,71.97
KEN,2015,61.892
KGZ,2015,70.6512195121951
KHM,2015,69.873
KIR,2015,66.059
KNA,2015,70.763
KOR,2015,82.0243902439024
KWT,2015,79.562
LAO,2015,66.67
LBN,2015,79.229
LBR,2015,59.148
LBY,2015,71.698
LCA,2015,73.138
LIE,2015,82.6560975609756
LKA,2015,74.927
LSO,2015,51.101
LTU,2015,74.3219512195122
LUX,2015,82.2926829268293
LVA,2015,74.4804878048781
MAC,2015,83.984
MAF,2015,79.309
MAR,2015,72.92
MDA,2015,69.24
MDG,2015,64.339
MDV,2015,79.695
MEX,2015,74.682
MHL,2015,63.827
MKD,2015,75.4024390243902
MLI,2015,58.363
MLT,2015,81.8975609756097
MMR,2015,65.561
MNE,2015,76.4487804878049
MNG,2015,69.498
MNP,2015,
MOZ,2015,58.151
MRT,2015,64.485
MUS,2015,74.3531707317073
MWI,2015,61.378
MYS,2015,75.094
NAM,2015,60.7
NCL,2015,77.2804878048781
NER,2015,61.083
NGA,2015,51.841
NIC,2015,72.983
NLD,2015,81.509756097561
NOR,2015,82.3048780487805
NPL,2015,67.456
NZL,2015,81.6124390243903
OMN,2015,77.687
PAK,2015,65.697
PAN,2015,77.468
PER,2015,75.621
PHL,2015,71.268
PLW,2015,
PNG,2015,64.701
POL,2015,77.4512195121951
PRI,2015,79.695
PRK,2015,72.784
PRT,2015,81.1243902439025
PRY,2015,73.191
PSE,2015,74.406
PYF,2015,82.354
QAT,2015,80.064
ROU,2015,74.9121951219512
RUS,2015,71.1834146341463
RWA,2015,65.298
SAU,2015,76.918
SDN,2015,64.659
SEN,2015,66.879
SGP,2015,82.7439024390244
SLB,2015,69.583
SLE,2015,57.189
SLV,2015,71.814
SOM,2015,54.857
SRB,2015,75.2878048780488
SSD,2015,55.566
STP,2015,67.249
SUR,2015,70.8
SVK,2015,76.5634146341463
SVN,2015,80.7756097560976
SWE,2015,82.2048780487805
SWZ,2015,55.019
SXM,2015,76.954
SYC,2015,74.2951219512195
SYR,2015,65.124
TCA,2015,76.912
TCD,2015,51.589
TGO,2015,59.396
THA,2015,77.717
TJK,2015,69.306
TKM,2015,68.782
TLS,2015,67.137
TON,2015,70.607
TTO,2015,74.503
TUN,2015,75.692
TUR,2015,76.646
TUV,2015,64.06
TZA,2015,64.651
UGA,2015,61.086
UKR,2015,71.189512195122
URY,2015,77.483
USA,2015,78.690243902439
UZB,2015,70.475
VCT,2015,74.407
VEN,2015,73.006
VGB,2015,75.675
VIR,2015,79.0170731707317
VNM,2015,73.876
VUT,2015,69.513
WSM,2015,72.515
YEM,2015,65.873
ZAF,2015,63.95
ZMB,2015,61.208
ZWE,2015,59.591
AFG,2016,63.136
AGO,2016,61.092
ALB,2016,78.86
ARE,2016,79.335
ARG,2016,76.308
ARM,2016,74.664
ASM,2016,
ATG,2016,78.152
AUS,2016,82.4487804878049
AUT,2016,81.6414634146342
AZE,2016,72.004
BDI,2016,60.793
BEL,2016,81.4390243902439
BEN,2016,59.539
BFA,2016,59.326
BGD,2016,71.09
BGR,2016,74.8121951219512
BHR,2016,79.557
BHS,2016,73.537
BIH,2016,76.808
BLR,2016,73.8268292682927
BLZ,2016,73.399
BMU,2016,80.608
BOL,2016,67.628
BRA,2016,74.442
BRB,2016,76.815
BRN,2016,74.733
BTN,2016,70.602
BWA,2016,65.464
CAF,2016,53.46
CAN,2016,81.9248780487805
CHE,2016,83.6024390243903
CHL,2016,80.079
CHN,2016,77.218
CIV,2016,58.06
CMR,2016,60.233
COD,2016,59.066
COG,2016,63.577
COL,2016,76.471
COM,2016,63.237
CPV,2016,75.742
CRI,2016,79.459
CUB,2016,77.643
CYM,2016,
CYP,2016,81.056
CZE,2016,79.0268292682927
DEU,2016,80.990243902439
DJI,2016,62.191
DMA,2016,70.128
DNK,2016,80.8536585365854
DOM,2016,72.987
DZA,2016,75.732
ECU,2016,76.763
EGY,2016,70.844
ERI,2016,66.289
ESP,2016,83.3292682926829
EST,2016,77.6414634146342
ETH,2016,64.392
FIN,2016,81.4292682926829
FJI,2016,67.24
FRA,2016,82.5731707317073
FSM,2016,71.595
GAB,2016,65.802
GBR,2016,81.1560975609756
GEO,2016,73.569
GHA,2016,63.89
GIN,2016,58.763
GMB,2016,63.013
GNB,2016,59.674
GNQ,2016,60.479
GRC,2016,81.3878048780488
GRD,2016,74.762
GTM,2016,72.355
GUM,2016,76.877
GUY,2016,68.384
HKG,2016,84.2114634146342
HND,2016,72.588
HRV,2016,78.0219512195122
HTI,2016,63.392
HUN,2016,76.0634146341464
IDN,2016,69.798
IND,2016,70.117
IRL,2016,81.6536585365854
IRN,2016,75.6
IRQ,2016,68.988
ISL,2016,82.2048780487805
ISR,2016,82.4073170731707
ITA,2016,83.2439024390244
JAM,2016,72.02
JOR,2016,75.215
JPN,2016,83.9848780487805
KAZ,2016,72.41
KEN,2016,62.163
KGZ,2016,70.9512195121951
KHM,2016,70.224
KIR,2016,66.332
KNA,2016,71.74
KOR,2016,82.2756097560976
KWT,2016,79.701
LAO,2016,67.167
LBN,2016,79.505
LBR,2016,60.416
LBY,2016,71.756
LCA,2016,73.112
LIE,2016,82.2585365853659
LKA,2016,75.331
LSO,2016,52.264
LTU,2016,74.6707317073171
LUX,2016,82.6853658536585
LVA,2016,74.580487804878
MAC,2016,84.231
MAF,2016,79.475
MAR,2016,73.284
MDA,2016,69.917
MDG,2016,64.997
MDV,2016,79.872
MEX,2016,74.412
MHL,2016,64.057
MKD,2016,75.4
MLI,2016,58.731
MLT,2016,82.4536585365854
MMR,2016,65.685
MNE,2016,76.4414634146341
MNG,2016,69.865
MNP,2016,
MOZ,2016,59.038
MRT,2016,64.768
MUS,2016,74.3948780487805
MWI,2016,62.209
MYS,2016,75.289
NAM,2016,61.682
NCL,2016,76.9317073170732
NER,2016,61.629
NGA,2016,52.043
NIC,2016,73.256
NLD,2016,81.5609756097561
NOR,2016,82.4073170731707
NPL,2016,68.776
NZL,2016,81.6585365853659
OMN,2016,77.916
PAK,2016,65.88
PAN,2016,77.653
PER,2016,75.789
PHL,2016,71.387
PLW,2016,
PNG,2016,64.84
POL,2016,77.8512195121951
PRI,2016,80.27
PRK,2016,72.805
PRT,2016,81.1243902439025
PRY,2016,73.534
PSE,2016,74.554
PYF,2016,82.488
QAT,2016,80.433
ROU,2016,75.209756097561
RUS,2016,71.6512195121951
RWA,2016,65.737
SAU,2016,77.064
SDN,2016,64.78
SEN,2016,67.497
SGP,2016,82.8463414634146
SLB,2016,69.801
SLE,2016,58.404
SLV,2016,72.025
SOM,2016,55.044
SRB,2016,75.6878048780488
SSD,2016,55.544
STP,2016,67.492
SUR,2016,71.592
SVK,2016,77.1658536585366
SVN,2016,81.1756097560976
SWE,2016,82.3073170731707
SWZ,2016,56.659
SXM,2016,76.598
SYC,2016,74.309756097561
SYR,2016,65.993
TCA,2016,76.864
TCD,2016,52.083
TGO,2016,59.55
THA,2016,78.049
TJK,2016,69.549
TKM,2016,68.777
TLS,2016,67.446
TON,2016,70.661
TTO,2016,74.281
TUN,2016,75.786
TUR,2016,76.66
TUV,2016,64.108
TZA,2016,65.386
UGA,2016,61.648
UKR,2016,71.4763414634146
URY,2016,77.571
USA,2016,78.5390243902439
UZB,2016,70.755
VCT,2016,74.28
VEN,2016,72.058
VGB,2016,75.724
VIR,2016,79.1682926829268
VNM,2016,73.938
VUT,2016,69.65
WSM,2016,72.54
YEM,2016,66.064
ZAF,2016,64.747
ZMB,2016,61.794
ZWE,2016,60.306
AFG,2017,63.016
AGO,2017,61.68
ALB,2017,79.047
ARE,2017,79.504
ARG,2017,76.833
ARM,2017,74.906
ASM,2017,
ATG,2017,78.268
AUS,2017,82.5
AUT,2017,81.6439024390244
AZE,2017,72.248
BDI,2017,61.553
BEL,2017,81.4926829268293
BEN,2017,59.856
BFA,2017,59.536
BGD,2017,71.788
BGR,2017,74.8146341463415
BHR,2017,79.689
BHS,2017,73.632
BIH,2017,76.935
BLR,2017,74.1292682926829
BLZ,2017,73.562
BMU,2017,82.351
BOL,2017,67.701
BRA,2017,74.827
BRB,2017,76.936
BRN,2017,74.722
BTN,2017,70.847
BWA,2017,66.753
CAF,2017,53.721
CAN,2017,81.8329268292683
CHE,2017,83.5512195121951
CHL,2017,80.35
CHN,2017,77.248
CIV,2017,58.48
CMR,2017,60.81
COD,2017,59.411
COG,2017,63.76
COL,2017,76.646
COM,2017,63.625
CPV,2017,76.593
CRI,2017,79.377
CUB,2017,77.529
CYM,2017,
CYP,2017,81.328
CZE,2017,78.9780487804878
DEU,2017,80.9926829268293
DJI,2017,62.797
DMA,2017,67.525
DNK,2017,81.1024390243903
DOM,2017,73.063
DZA,2017,75.743
ECU,2017,76.972
EGY,2017,71.302
ERI,2017,66.577
ESP,2017,83.2829268292683
EST,2017,78.0926829268293
ETH,2017,64.838
FIN,2017,81.6317073170732
FJI,2017,67.79
FRA,2017,82.5756097560976
FSM,2017,71.467
GAB,2017,66.189
GBR,2017,81.2560975609756
GEO,2017,73.57
GHA,2017,64.013
GIN,2017,59.109
GMB,2017,62.995
GNB,2017,60.066
GNQ,2017,60.821
GRC,2017,81.2878048780488
GRD,2017,74.765
GTM,2017,72.551
GUM,2017,77.155
GUY,2017,68.667
HKG,2017,84.6956097560976
HND,2017,72.692
HRV,2017,77.8268292682927
HTI,2017,63.854
HUN,2017,75.8170731707317
IDN,2017,69.936
IND,2017,70.467
IRL,2017,82.1560975609756
IRN,2017,75.971
IRQ,2017,70.413
ISL,2017,82.6609756097561
ISR,2017,82.5512195121951
ITA,2017,82.9463414634147
JAM,2017,71.911
JOR,2017,75.502
JPN,2017,84.099756097561
KAZ,2017,72.95
KEN,2017,62.481
KGZ,2017,71.2
KHM,2017,70.515
KIR,2017,66.597
KNA,2017,71.84
KOR,2017,82.6268292682927
KWT,2017,79.781
LAO,2017,67.434
LBN,2017,79.654
LBR,2017,60.553
LBY,2017,72.482
LCA,2017,73.127
LIE,2017,83.7463414634147
LKA,2017,75.403
LSO,2017,53.064
LTU,2017,75.4804878048781
LUX,2017,82.0951219512195
LVA,2017,74.6292682926829
MAC,2017,84.563
MAF,2017,78.59
MAR,2017,73.66
MDA,2017,70.516
MDG,2017,65.094
MDV,2017,79.943
MEX,2017,74.138
MHL,2017,64.27
MKD,2017,75.9536585365854
MLI,2017,59.132
MLT,2017,82.3463414634146
MMR,2017,65.843
MNE,2017,76.4853658536585
MNG,2017,70.237
MNP,2017,
MOZ,2017,59.771
MRT,2017,65.083
MUS,2017,74.5146341463415
MWI,2017,62.977
MYS,2017,75.476
NAM,2017,62.293
NCL,2017,77.5390243902439
NER,2017,62.16
NGA,2017,52.305
NIC,2017,73.554
NLD,2017,81.7609756097561
NOR,2017,82.609756097561
NPL,2017,68.91
NZL,2017,81.8585365853659
OMN,2017,77.924
PAK,2017,66.297
PAN,2017,77.795
PER,2017,75.879
PHL,2017,71.516
PLW,2017,
PNG,2017,65.103
POL,2017,77.7536585365854
PRI,2017,79.258
PRK,2017,72.978
PRT,2017,81.4243902439025
PRY,2017,73.644
PSE,2017,74.833
PYF,2017,82.618
QAT,2017,80.717
ROU,2017,75.209756097561
RUS,2017,72.4514634146342
RWA,2017,65.941
SAU,2017,77.16
SDN,2017,65.445
SEN,2017,67.75
SGP,2017,83.0951219512195
SLB,2017,69.988
SLE,2017,58.652
SLV,2017,72.311
SOM,2017,55.654
SRB,2017,75.5390243902439
SSD,2017,55.309
STP,2017,68.267
SUR,2017,72.417
SVK,2017,77.1658536585366
SVN,2017,81.0292682926829
SWE,2017,82.409756097561
SWZ,2017,57.895
SXM,2017,75.03
SYC,2017,74.3
SYR,2017,68.481
TCA,2017,76.702
TCD,2017,52.308
TGO,2017,60.154
THA,2017,78.394
TJK,2017,69.905
TKM,2017,68.916
TLS,2017,67.745
TON,2017,70.713
TTO,2017,74.23
TUN,2017,75.845
TUR,2017,77.141
TUV,2017,64.148
TZA,2017,65.999
UGA,2017,62.115
UKR,2017,71.7809756097561
URY,2017,77.625
USA,2017,78.5390243902439
UZB,2017,71.01
VCT,2017,74.305
VEN,2017,71.943
VGB,2017,74.785
VIR,2017,79.3682926829268
VNM,2017,73.963
VUT,2017,69.71
WSM,2017,72.59
YEM,2017,65.957
ZAF,2017,65.402
ZMB,2017,62.12
ZWE,2017,60.709
AFG,2018,63.081
AGO,2018,62.144
ALB,2018,79.184
ARE,2018,79.627
ARG,2018,76.999
ARM,2018,75.064
ASM,2018,
ATG,2018,78.511
AUS,2018,82.7487804878049
AUT,2018,81.6926829268293
AZE,2018,72.76
BDI,2018,61.688
BEL,2018,81.5951219512195
BEN,2018,60.14
BFA,2018,60.047
BGD,2018,72.567
BGR,2018,74.9634146341464
BHR,2018,79.857
BHS,2018,73.806
BIH,2018,77.093
BLR,2018,74.1756097560976
BLZ,2018,73.703
BMU,2018,80.825
BOL,2018,67.748
BRA,2018,75.109
BRB,2018,77.067
BRN,2018,74.712
BTN,2018,71.129
BWA,2018,65.422
CAF,2018,54.369
CAN,2018,81.8439024390244
CHE,2018,83.7536585365854
CHL,2018,80.133
CHN,2018,77.744
CIV,2018,58.849
CMR,2018,61.18
COD,2018,59.942
COG,2018,64.053
COL,2018,76.748
COM,2018,63.912
CPV,2018,75.733
CRI,2018,79.484
CUB,2018,77.496
CYM,2018,
CYP,2018,81.382
CZE,2018,79.0292682926829
DEU,2018,80.8926829268293
DJI,2018,63.038
DMA,2018,73.59
DNK,2018,80.9536585365854
DOM,2018,73.232
DZA,2018,76.066
ECU,2018,77.094
EGY,2018,71.367
ERI,2018,67.067
ESP,2018,83.4317073170732
EST,2018,78.2439024390244
ETH,2018,65.412
FIN,2018,81.7341463414634
FJI,2018,67.81
FRA,2018,82.6756097560976
FSM,2018,71.318
GAB,2018,66.306
GBR,2018,81.2560975609756
GEO,2018,73.341
GHA,2018,64.122
GIN,2018,59.349
GMB,2018,63.04
GNB,2018,60.502
GNQ,2018,61.191
GRC,2018,81.7878048780488
GRD,2018,74.808
GTM,2018,72.726
GUM,2018,77.439
GUY,2018,68.896
HKG,2018,84.869756097561
HND,2018,72.814
HRV,2018,78.0707317073171
HTI,2018,64.019
HUN,2018,76.0658536585366
IDN,2018,70.338
IND,2018,70.71
IRL,2018,82.2048780487805
IRN,2018,76.195
IRQ,2018,71.514
ISL,2018,82.8609756097561
ISR,2018,82.8024390243903
ITA,2018,83.3463414634146
JAM,2018,71.793
JOR,2018,75.774
JPN,2018,84.2109756097561
KAZ,2018,73.15
KEN,2018,62.676
KGZ,2018,71.4
KHM,2018,70.561
KIR,2018,66.855
KNA,2018,71.467
KOR,2018,82.6268292682927
KWT,2018,79.722
LAO,2018,67.634
LBN,2018,79.729
LBR,2018,60.853
LBY,2018,72.794
LCA,2018,73.357
LIE,2018,83.0414634146342
LKA,2018,75.748
LSO,2018,53.733
LTU,2018,75.6804878048781
LUX,2018,82.2951219512195
LVA,2018,74.7829268292683
MAC,2018,84.928
MAF,2018,80.614
MAR,2018,73.986
MDA,2018,70.492
MDG,2018,65.27
MDV,2018,80.013
MEX,2018,74.015
MHL,2018,64.5
MKD,2018,76.6487804878049
MLI,2018,59.393
MLT,2018,82.4487804878049
MMR,2018,66.465
MNE,2018,76.8414634146342
MNG,2018,71.199
MNP,2018,
MOZ,2018,60.526
MRT,2018,65.31
MUS,2018,74.4163414634146
MWI,2018,63.276
MYS,2018,75.644
NAM,2018,62.586
NCL,2018,80.0030975609756
NER,2018,62.454
NGA,2018,52.554
NIC,2018,73.85
NLD,2018,81.8121951219512
NOR,2018,82.7585365853659
NPL,2018,68.979
NZL,2018,81.7073170731707
OMN,2018,77.966
PAK,2018,66.482
PAN,2018,77.863
PER,2018,76.009
PHL,2018,71.689
PLW,2018,
PNG,2018,65.182
POL,2018,77.6024390243903
PRI,2018,79.77
PRK,2018,73.031
PRT,2018,81.3243902439024
PRY,2018,73.568
PSE,2018,74.793
PYF,2018,82.783
QAT,2018,80.898
ROU,2018,75.3585365853659
RUS,2018,72.6621951219512
RWA,2018,66.251
SAU,2018,77.212
SDN,2018,65.681
SEN,2018,68.097
SGP,2018,83.2975609756098
SLB,2018,70.173
SLE,2018,59.796
SLV,2018,72.555
SOM,2018,56.375
SRB,2018,75.890243902439
SSD,2018,55.95
STP,2018,68.355
SUR,2018,72.553
SVK,2018,77.2658536585366
SVN,2018,81.3780487804878
SWE,2018,82.5585365853659
SWZ,2018,59.411
SXM,2018,75.131
SYC,2018,72.8414634146341
SYR,2018,70.145
TCA,2018,76.443
TCD,2018,52.825
TGO,2018,60.244
THA,2018,78.662
TJK,2018,70.353
TKM,2018,68.796
TLS,2018,68.017
TON,2018,70.779
TTO,2018,73.802
TUN,2018,75.95
TUR,2018,77.563
TUV,2018,64.212
TZA,2018,66.535
UGA,2018,62.714
UKR,2018,71.5826829268293
URY,2018,77.611
USA,2018,78.6390243902439
UZB,2018,71.149
VCT,2018,74.128
VEN,2018,71.979
VGB,2018,75.831
VIR,2018,79.5195121951219
VNM,2018,73.976
VUT,2018,69.795
WSM,2018,72.636
YEM,2018,64.575
ZAF,2018,65.674
ZMB,2018,62.342
ZWE,2018,61.414
AFG,2019,63.565
AGO,2019,62.448
ALB,2019,79.282
ARE,2019,79.726
ARG,2019,77.284
ARM,2019,75.439
ASM,2019,
ATG,2019,78.691
AUS,2019,82.9
AUT,2019,81.8951219512195
AZE,2019,73.102
BDI,2019,62.351
BEL,2019,81.9951219512195
BEN,2019,60.454
BFA,2019,60.039
BGD,2019,72.806
BGR,2019,75.1121951219512
BHR,2019,80.019
BHS,2019,71.205
BIH,2019,77.241
BLR,2019,74.2268292682927
BLZ,2019,73.931
BMU,2019,81.033
BOL,2019,67.841
BRA,2019,75.338
BRB,2019,77.257
BRN,2019,74.748
BTN,2019,71.391
BWA,2019,65.464
CAF,2019,55.025
CAN,2019,82.2239024390244
CHE,2019,83.9048780487805
CHL,2019,80.326
CHN,2019,77.968
CIV,2019,59.319
CMR,2019,61.584
COD,2019,60.276
COG,2019,62.747
COL,2019,76.752
COM,2019,64.068
CPV,2019,76.004
CRI,2019,79.427
CUB,2019,77.611
CYM,2019,
CYP,2019,81.397
CZE,2019,79.2292682926829
DEU,2019,81.2926829268293
DJI,2019,63.085
DMA,2019,73.559
DNK,2019,81.4512195121951
DOM,2019,73.577
DZA,2019,76.474
ECU,2019,77.297
EGY,2019,71.358
ERI,2019,67.3
ESP,2019,83.8317073170732
EST,2019,78.6463414634147
ETH,2019,65.838
FIN,2019,81.9829268292683
FJI,2019,67.893
FRA,2019,82.8268292682927
FSM,2019,71.077
GAB,2019,66.603
GBR,2019,81.4048780487805
GEO,2019,73.47
GHA,2019,64.74
GIN,2019,59.72
GMB,2019,63.755
GNB,2019,60.882
GNQ,2019,61.644
GRC,2019,81.6390243902439
GRD,2019,74.863
GTM,2019,73.129
GUM,2019,77.717
GUY,2019,69.124
HKG,2019,85.1558536585366
HND,2019,72.881
HRV,2019,78.4243902439025
HTI,2019,64.255
HUN,2019,76.3195121951219
IDN,2019,70.518
IND,2019,70.91
IRL,2019,82.7024390243903
IRN,2019,76.103
IRQ,2019,71.576
ISL,2019,83.1634146341463
ISR,2019,82.8048780487805
ITA,2019,83.4975609756098
JAM,2019,71.767
JOR,2019,76.044
JPN,2019,84.3563414634146
KAZ,2019,73.18
KEN,2019,62.943
KGZ,2019,71.6
KHM,2019,70.692
KIR,2019,67.15
KNA,2019,71.572
KOR,2019,83.2268292682927
KWT,2019,79.685
LAO,2019,68.138
LBN,2019,79.236
LBR,2019,61.104
LBY,2019,72.463
LCA,2019,73.445
LIE,2019,84.1609756097561
LKA,2019,76.008
LSO,2019,54.173
LTU,2019,76.2829268292683
LUX,2019,82.6390243902439
LVA,2019,75.3878048780488
MAC,2019,84.978
MAF,2019,79.983
MAR,2019,74.27
MDA,2019,70.935
MDG,2019,65.882
MDV,2019,80.116
MEX,2019,74.202
MHL,2019,64.746
MKD,2019,76.6024390243903
MLI,2019,59.664
MLT,2019,82.8585365853659
MMR,2019,66.61
MNE,2019,76.6829268292683
MNG,2019,71.822
MNP,2019,
MOZ,2019,61.166
MRT,2019,65.687
MUS,2019,74.2358536585366
MWI,2019,64.119
MYS,2019,75.76
NAM,2019,63.075
NCL,2019,80.4197073170732
NER,2019,62.897
NGA,2019,52.91
NIC,2019,74.054
NLD,2019,82.1121951219512
NOR,2019,82.9585365853659
NPL,2019,69.558
NZL,2019,82.0560975609756
OMN,2019,78.002
PAK,2019,66.756
PAN,2019,77.81
PER,2019,76.156
PHL,2019,71.865
PLW,2019,
PNG,2019,65.474
POL,2019,77.9048780487805
PRI,2019,79.063
PRK,2019,73.198
PRT,2019,81.6756097560976
PRY,2019,73.621
PSE,2019,75.241
PYF,2019,82.996
QAT,2019,80.99
ROU,2019,75.6073170731707
RUS,2019,73.0839024390244
RWA,2019,66.437
SAU,2019,77.304
SDN,2019,65.876
SEN,2019,68.526
SGP,2019,83.5951219512195
SLB,2019,70.382
SLE,2019,60.255
SLV,2019,72.559
SOM,2019,57.078
SRB,2019,75.9365853658537
SSD,2019,55.912
STP,2019,68.523
SUR,2019,72.242
SVK,2019,77.6658536585366
SVN,2019,81.5292682926829
SWE,2019,83.109756097561
SWZ,2019,60.549
SXM,2019,75.437
SYC,2019,74.0463414634146
SYR,2019,71.822
TCA,2019,75.326
TCD,2019,53.259
TGO,2019,60.901
THA,2019,78.975
TJK,2019,70.867
TKM,2019,69.002
TLS,2019,68.268
TON,2019,70.871
TTO,2019,74.228
TUN,2019,75.993
TUR,2019,77.832
TUV,2019,64.278
TZA,2019,66.989
UGA,2019,62.991
UKR,2019,71.8273170731707
URY,2019,77.508
USA,2019,78.7878048780488
UZB,2019,71.344
VCT,2019,72.835
VEN,2019,72.161
VGB,2019,75.863
VIR,2019,79.6682926829268
VNM,2019,74.093
VUT,2019,69.877
WSM,2019,72.157
YEM,2019,65.092
ZAF,2019,66.175
ZMB,2019,62.793
ZWE,2019,61.292
AFG,2020,62.575
AGO,2020,62.261
ALB,2020,76.989
ARE,2020,78.946
ARG,2020,75.892
ARM,2020,72.173
ASM,2020,
ATG,2020,78.841
AUS,2020,83.2
AUT,2020,81.1926829268293
AZE,2020,66.868
BDI,2020,61.566
BEL,2020,80.6951219512195
BEN,2020,60.088
BFA,2020,59.731
BGD,2020,71.968
BGR,2020,73.6585365853659
BHR,2020,79.174
BHS,2020,72.677
BIH,2020,76.225
BLR,2020,72.4572195121951
BLZ,2020,72.854
BMU,2020,81.136
BOL,2020,64.467
BRA,2020,74.009
BRB,2020,77.393
BRN,2020,74.795
BTN,2020,71.609
BWA,2020,65.647
CAF,2020,54.604
CAN,2020,81.6604878048781
CHE,2020,83.0
CHL,2020,79.377
CHN,2020,78.077
CIV,2020,59.032
CMR,2020,60.833
COD,2020,59.739
COG,2020,63.785
COL,2020,74.769
COM,2020,64.166
CPV,2020,74.808
CRI,2020,79.277
CUB,2020,77.567
CYM,2020,
CYP,2020,81.391
CZE,2020,78.1756097560976
DEU,2020,81.0414634146342
DJI,2020,62.694
DMA,2020,73.649
DNK,2020,81.6024390243903
DOM,2020,72.889
DZA,2020,74.453
ECU,2020,72.153
EGY,2020,70.99
ERI,2020,67.133
ESP,2020,82.3317073170732
EST,2020,78.5951219512195
ETH,2020,65.371
FIN,2020,81.9317073170732
FJI,2020,67.924
FRA,2020,82.1756097560976
FSM,2020,70.674
GAB,2020,66.531
GBR,2020,80.3512195121951
GEO,2020,72.765
GHA,2020,64.114
GIN,2020,59.327
GMB,2020,62.612
GNB,2020,59.999
GNQ,2020,60.708
GRC,2020,81.2878048780488
GRD,2020,74.924
GTM,2020,71.797
GUM,2020,76.612
GUY,2020,68.486
HKG,2020,85.4963414634146
HND,2020,71.462
HRV,2020,77.7243902439024
HTI,2020,64.052
HUN,2020,75.5682926829269
IDN,2020,68.808
IND,2020,70.15
IRL,2020,82.5560975609756
IRN,2020,74.832
IRQ,2020,69.123
ISL,2020,83.0634146341463
ISR,2020,82.6487804878049
ITA,2020,82.1951219512195
JAM,2020,71.869
JOR,2020,75.184
JPN,2020,84.56
KAZ,2020,71.37
KEN,2020,62.675
KGZ,2020,71.8
KHM,2020,70.416
KIR,2020,67.266
KNA,2020,71.627
KOR,2020,83.4268292682927
KWT,2020,76.92
LAO,2020,68.497
LBN,2020,77.804
LBR,2020,60.948
LBY,2020,72.472
LCA,2020,73.416
LIE,2020,81.6585365853659
LKA,2020,76.393
LSO,2020,54.693
LTU,2020,74.9780487804878
LUX,2020,82.1439024390244
LVA,2020,75.1853658536585
MAC,2020,85.184
MAF,2020,80.149
MAR,2020,73.92
MDA,2020,70.166
MDG,2020,65.182
MDV,2020,79.875
MEX,2020,70.133
MHL,2020,64.977
MKD,2020,74.3951219512195
MLI,2020,58.633
MLT,2020,82.3487804878049
MMR,2020,66.797
MNE,2020,75.9317073170732
MNG,2020,72.141
MNP,2020,
MOZ,2020,61.172
MRT,2020,64.532
MUS,2020,74.1770731707317
MWI,2020,63.717
MYS,2020,75.938
NAM,2020,62.829
NCL,2020,80.8349512195122
NER,2020,61.451
NGA,2020,52.887
NIC,2020,71.795
NLD,2020,81.3585365853659
NOR,2020,83.209756097561
NPL,2020,69.246
NZL,2020,82.2560975609756
OMN,2020,74.757
PAK,2020,66.269
PAN,2020,76.657
PER,2020,73.665
PHL,2020,72.119
PLW,2020,
PNG,2020,65.787
POL,2020,76.5
PRI,2020,78.041
PRK,2020,73.274
PRT,2020,80.9756097560976
PRY,2020,73.182
PSE,2020,74.403
PYF,2020,82.217
QAT,2020,79.099
ROU,2020,74.2536585365854
RUS,2020,71.3387804878049
RWA,2020,66.774
SAU,2020,76.239
SDN,2020,65.614
SEN,2020,68.006
SGP,2020,83.5439024390244
SLB,2020,70.199
SLE,2020,59.763
SLV,2020,71.061
SOM,2020,55.967
SRB,2020,74.4780487804878
SSD,2020,55.48
STP,2020,67.785
SUR,2020,72.561
SVK,2020,76.8658536585366
SVN,2020,80.5317073170732
SWE,2020,82.3560975609756
SWZ,2020,59.692
SXM,2020,74.584
SYC,2020,77.2365853658537
SYR,2020,72.14
TCA,2020,75.001
TCD,2020,52.777
TGO,2020,61.035
THA,2020,79.274
TJK,2020,67.994
TKM,2020,68.687
TLS,2020,68.475
TON,2020,70.928
TTO,2020,74.406
TUN,2020,75.292
TUR,2020,75.85
TUV,2020,64.382
TZA,2020,66.408
UGA,2020,62.851
UKR,2020,71.1851219512195
URY,2020,78.43
USA,2020,76.9804878048781
UZB,2020,70.331
VCT,2020,72.126
VEN,2020,71.095
VGB,2020,75.849
VIR,2020,79.819512195122
VNM,2020,75.378
VUT,2020,70.299
WSM,2020,72.768
YEM,2020,64.65
ZAF,2020,65.252
ZMB,2020,62.38
ZWE,2020,61.124
AFG,2021,61.982
AGO,2021,61.643
ALB,2021,76.463
ARE,2021,78.71
ARG,2021,75.39
ARM,2021,72.043
ASM,2021,
ATG,2021,78.497
AUS,2021,83.3
AUT,2021,81.190243902439
AZE,2021,69.366
BDI,2021,61.663
BEL,2021,81.790243902439
BEN,2021,59.821
BFA,2021,59.27
BGD,2021,72.381
BGR,2021,71.4634146341463
BHR,2021,78.76
BHS,2021,71.598
BIH,2021,75.3
BLR,2021,72.3706829268293
BLZ,2021,70.47
BMU,2021,79.28
BOL,2021,63.63
BRA,2021,72.75
BRB,2021,77.571
BRN,2021,74.642
BTN,2021,71.815
BWA,2021,61.141
CAF,2021,53.895
CAN,2021,81.5870731707317
CHE,2021,83.7512195121951
CHL,2021,78.944
CHN,2021,78.211
CIV,2021,58.598
CMR,2021,60.333
COD,2021,59.193
COG,2021,63.519
COL,2021,72.83
COM,2021,63.417
CPV,2021,74.052
CRI,2021,77.023
CUB,2021,73.683
CYM,2021,82.009756097561
CYP,2021,81.203
CZE,2021,77.2219512195122
DEU,2021,80.790243902439
DJI,2021,62.305
DMA,2021,72.814
DNK,2021,81.4048780487805
DOM,2021,72.615
DZA,2021,76.377
ECU,2021,73.67
EGY,2021,70.221
ERI,2021,66.536
ESP,2021,83.2292682926829
EST,2021,76.9439024390244
ETH,2021,64.975
FIN,2021,81.8853658536585
FJI,2021,67.114
FRA,2021,82.3243902439024
FSM,2021,70.71
GAB,2021,65.821
GBR,2021,80.7
GEO,2021,71.694
GHA,2021,63.795
GIN,2021,58.892
GMB,2021,62.083
GNB,2021,59.652
GNQ,2021,60.594
GRC,2021,80.0829268292683
GRD,2021,74.936
GTM,2021,69.237
GUM,2021,76.656
GUY,2021,65.673
HKG,2021,85.5326829268293
HND,2021,70.123
HRV,2021,76.4243902439025
HTI,2021,63.192
HUN,2021,74.1634146341463
IDN,2021,67.57
IND,2021,67.24
IRL,2021,82.3536585365854
IRN,2021,73.875
IRQ,2021,70.378
ISL,2021,83.1658536585366
ISR,2021,82.5
ITA,2021,82.6463414634146
JAM,2021,70.5
JOR,2021,74.256
JPN,2021,84.4456097560976
KAZ,2021,70.23
KEN,2021,61.427
KGZ,2021,71.9
KHM,2021,69.584
KIR,2021,67.417
KNA,2021,71.682
KOR,2021,83.5268292682927
KWT,2021,78.673
LAO,2021,68.061
LBN,2021,75.047
LBR,2021,60.747
LBY,2021,71.911
LCA,2021,71.111
LIE,2021,84.4024390243902
LKA,2021,76.399
LSO,2021,53.062
LTU,2021,74.0365853658537
LUX,2021,82.5975609756098
LVA,2021,72.9804878048781
MAC,2021,85.399
MAF,2021,80.379
MAR,2021,74.042
MDA,2021,68.846
MDG,2021,64.485
MDV,2021,79.918
MEX,2021,70.213
MHL,2021,65.269
MKD,2021,73.2463414634146
MLI,2021,58.941
MLT,2021,82.5073170731707
MMR,2021,65.672
MNE,2021,73.8243902439024
MNG,2021,70.975
MNP,2021,
MOZ,2021,59.325
MRT,2021,64.364
MUS,2021,73.680243902439
MWI,2021,62.904
MYS,2021,74.884
NAM,2021,59.269
NCL,2021,79.1273414634146
NER,2021,61.576
NGA,2021,52.676
NIC,2021,73.837
NLD,2021,81.309756097561
NOR,2021,83.1634146341463
NPL,2021,68.45
NZL,2021,82.2073170731707
OMN,2021,72.541
PAK,2021,66.098
PAN,2021,76.223
PER,2021,72.377
PHL,2021,69.266
PLW,2021,
PNG,2021,65.351
POL,2021,75.5024390243902
PRI,2021,80.162
PRK,2021,73.284
PRT,2021,81.3780487804878
PRY,2021,70.262
PSE,2021,73.473
PYF,2021,79.486
QAT,2021,79.272
ROU,2021,72.809756097561
RUS,2021,69.900243902439
RWA,2021,66.072
SAU,2021,76.936
SDN,2021,65.267
SEN,2021,67.093
SGP,2021,83.0926829268293
SLB,2021,70.348
SLE,2021,60.062
SLV,2021,70.748
SOM,2021,55.28
SRB,2021,72.780487804878
SSD,2021,54.975
STP,2021,67.591
SUR,2021,70.274
SVK,2021,74.6146341463415
SVN,2021,80.6756097560976
SWE,2021,83.0560975609756
SWZ,2021,57.066
SXM,2021,73.972
SYC,2021,73.3975609756097
SYR,2021,72.063
TCA,2021,74.587
TCD,2021,52.525
TGO,2021,61.619
THA,2021,78.715
TJK,2021,71.594
TKM,2021,69.264
TLS,2021,67.737
TON,2021,70.986
TTO,2021,72.971
TUN,2021,73.772
TUR,2021,76.032
TUV,2021,64.547
TZA,2021,66.201
UGA,2021,62.705
UKR,2021,69.6478048780488
URY,2021,75.436
USA,2021,76.3292682926829
UZB,2021,70.862
VCT,2021,69.629
VEN,2021,70.554
VGB,2021,74.494
VIR,2021,80.0682926829268
VNM,2021,73.618
VUT,2021,70.449
WSM,2021,72.767
YEM,2021,63.753
ZAF,2021,62.341
ZMB,2021,61.223
ZWE,2021,59.253
AFG,2022,62.879
AGO,2022,61.929
ALB,2022,76.833
ARE,2022,79.196
ARG,2022,76.064
ARM,2022,73.372
ASM,2022,
ATG,2022,79.236
AUS,2022,83.2
AUT,2022,81.0926829268293
AZE,2022,73.488
BDI,2022,61.977
BEL,2022,81.6975609756098
BEN,2022,59.954
BFA,2022,59.766
BGD,2022,73.698
BGR,2022,74.3609756097561
BHR,2022,79.246
BHS,2022,74.358
BIH,2022,75.293
BLR,2022,73.1114634146342
BLZ,2022,70.962
BMU,2022,81.571
BOL,2022,64.928
BRA,2022,73.425
BRB,2022,77.706
BRN,2022,74.551
BTN,2022,72.229
BWA,2022,65.913
CAF,2022,54.477
CAN,2022,81.2956097560976
CHE,2022,83.4536585365854
CHL,2022,79.519
CHN,2022,78.587
CIV,2022,58.916
CMR,2022,60.958
COD,2022,59.743
COG,2022,63.053
COL,2022,73.659
COM,2022,63.68
CPV,2022,74.722
CRI,2022,77.32
CUB,2022,78.155
CYM,2022,
CYP,2022,81.889
CZE,2022,79.0292682926829
DEU,2022,80.7056097560976
DJI,2022,62.859
DMA,2022,72.981
DNK,2022,81.3048780487805
DOM,2022,74.17
DZA,2022,77.129
ECU,2022,77.894
EGY,2022,70.159
ERI,2022,66.604
ESP,2022,83.0829268292683
EST,2022,77.9439024390244
ETH,2022,65.645
FIN,2022,81.1878048780488
FJI,2022,68.312
FRA,2022,82.2292682926829
FSM,2022,70.925
GAB,2022,65.694
GBR,2022,82.0585365853659
GEO,2022,71.587
GHA,2022,63.945
GIN,2022,58.985
GMB,2022,62.906
GNB,2022,59.861
GNQ,2022,61.19
GRC,2022,80.6365853658537
GRD,2022,75.335
GTM,2022,68.674
GUM,2022,78.33
GUY,2022,65.989
HKG,2022,83.6609756097561
HND,2022,70.728
HRV,2022,77.5756097560976
HTI,2022,63.728
HUN,2022,76.0170731707317
IDN,2022,68.25
IND,2022,67.744
IRL,2022,83.0560975609756
IRN,2022,74.556
IRQ,2022,71.336
ISL,2022,82.1707317073171
ISR,2022,82.7
ITA,2022,82.9
JAM,2022,70.629
JOR,2022,74.215
JPN,2022,83.9963414634146
KAZ,2022,74.44
KEN,2022,62.055
KGZ,2022,72.0487804878049
KHM,2022,69.896
KIR,2022,67.661
KNA,2022,72.027
KOR,2022,82.6804878048781
KWT,2022,80.264
LAO,2022,68.999
LBN,2022,74.416
LBR,2022,61.1
LBY,2022,72.151
LCA,2022,71.294
LIE,2022,84.319512195122
LKA,2022,76.61
LSO,2022,53.036
LTU,2022,75.7926829268293
LUX,2022,83.0463414634146
LVA,2022,74.580487804878
MAC,2022,85.377
MAF,2022,80.55
MAR,2022,74.973
MDA,2022,68.621
MDG,2022,65.23
MDV,2022,80.839
MEX,2022,74.832
MHL,2022,65.146
MKD,2022,74.4248780487805
MLI,2022,59.417
MLT,2022,82.7
MMR,2022,67.256
MNE,2022,76.1878048780488
MNG,2022,72.667
MNP,2022,
MOZ,2022,59.625
MRT,2022,64.691
MUS,2022,73.5146341463415
MWI,2022,62.898
MYS,2022,76.26
NAM,2022,58.059
NCL,2022,80.9820731707317
NER,2022,62.08
NGA,2022,53.633
NIC,2022,74.615
NLD,2022,81.7146341463415
NOR,2022,82.5609756097561
NPL,2022,70.484
NZL,2022,82.7609756097561
OMN,2022,73.935
PAK,2022,66.431
PAN,2022,76.826
PER,2022,73.385
PHL,2022,72.187
PLW,2022,
PNG,2022,65.958
POL,2022,77.3048780487805
PRI,2022,79.72
PRK,2022,73.578
PRT,2022,81.5804878048781
PRY,2022,70.475
PSE,2022,73.444
PYF,2022,83.55
QAT,2022,81.559
ROU,2022,75.3048780487805
RUS,2022,72.5456097560976
RWA,2022,67.129
SAU,2022,77.905
SDN,2022,65.578
SEN,2022,67.913
SGP,2022,82.8951219512195
SLB,2022,70.742
SLE,2022,60.411
SLV,2022,71.475
SOM,2022,56.107
SRB,2022,75.4821951219512
SSD,2022,55.567
STP,2022,68.794
SUR,2022,70.289
SVK,2022,77.0658536585366
SVN,2022,81.2829268292683
SWE,2022,83.109756097561
SWZ,2022,56.36
SXM,2022,74.409
SYC,2022,73.8487804878049
SYR,2022,72.3
TCA,2022,74.925
TCD,2022,52.997
TGO,2022,61.588
THA,2022,79.68
TJK,2022,71.288
TKM,2022,69.41
TLS,2022,69.056
TON,2022,71.27
TTO,2022,74.708
TUN,2022,74.263
TUR,2022,78.475
TUV,2022,64.854
TZA,2022,66.782
UGA,2022,63.638
UKR,2022,68.5879268292683
URY,2022,78.0
USA,2022,77.4341463414634
UZB,2022,71.674
VCT,2022,68.972
VEN,2022,71.105
VGB,2022,76.373
VIR,2022,80.319512195122
VNM,2022,74.58
VUT,2022,70.492
WSM,2022,72.598
YEM,2022,63.72
ZAF,2022,61.48
ZMB,2022,61.803
ZWE,2022,59.391
AFG,2023,
AGO,2023,
ALB,2023,
ARE,2023,
ARG,2023,
ARM,2023,
ASM,2023,
ATG,2023,
AUS,2023,
AUT,2023,
AZE,2023,
BDI,2023,
BEL,2023,
BEN,2023,
BFA,2023,
BGD,2023,
BGR,2023,
BHR,2023,
BHS,2023,
BIH,2023,
BLR,2023,
BLZ,2023,
BMU,2023,
BOL,2023,
BRA,2023,
BRB,2023,
BRN,2023,
BTN,2023,
BWA,2023,
CAF,2023,
CAN,2023,
CHE,2023,
CHL,2023,
CHN,2023,
CIV,2023,
CMR,2023,
COD,2023,
COG,2023,
COL,2023,
COM,2023,
CPV,2023,
CRI,2023,
CUB,2023,
CYM,2023,
CYP,2023,
CZE,2023,
DEU,2023,
DJI,2023,
DMA,2023,
DNK,2023,
DOM,2023,
DZA,2023,
ECU,2023,
EGY,2023,
ERI,2023,
ESP,2023,
EST,2023,
ETH,2023,
FIN,2023,
FJI,2023,
FRA,2023,
FSM,2023,
GAB,2023,
GBR,2023,
GEO,2023,
GHA,2023,
GIN,2023,
GMB,2023,
GNB,2023,
GNQ,2023,
GRC,2023,
GRD,2023,
GTM,2023,
GUM,2023,
GUY,2023,
HKG,2023,
HND,2023,
HRV,2023,
HTI,2023,
HUN,2023,
IDN,2023,
IND,2023,
IRL,2023,
IRN,2023,
IRQ,2023,
ISL,2023,
ISR,2023,
ITA,2023,
JAM,2023,
JOR,2023,
JPN,2023,
KAZ,2023,
KEN,2023,
KGZ,2023,
KHM,2023,
KIR,2023,
KNA,2023,
KOR,2023,
KWT,2023,
LAO,2023,
LBN,2023,
LBR,2023,
LBY,2023,
LCA,2023,
LIE,2023,
LKA,2023,
LSO,2023,
LTU,2023,
LUX,2023,
LVA,2023,
MAC,2023,
MAF,2023,
MAR,2023,
MDA,2023,
MDG,2023,
MDV,2023,
MEX,2023,
MHL,2023,
MKD,2023,
MLI,2023,
MLT,2023,
MMR,2023,
MNE,2023,
MNG,2023,
MNP,2023,
MOZ,2023,
MRT,2023,
MUS,2023,
MWI,2023,
MYS,2023,
NAM,2023,
NCL,2023,
NER,2023,
NGA,2023,
NIC,2023,
NLD,2023,
NOR,2023,
NPL,2023,
NZL,2023,
OMN,2023,
PAK,2023,
PAN,2023,
PER,2023,
PHL,2023,
PLW,2023,
PNG,2023,
POL,2023,
PRI,2023,
PRK,2023,
PRT,2023,
PRY,2023,
PSE,2023,
PYF,2023,
QAT,2023,
ROU,2023,
RUS,2023,
RWA,2023,
SAU,2023,
SDN,2023,
SEN,2023,
SGP,2023,
SLB,2023,
SLE,2023,
SLV,2023,
SOM,2023,
SRB,2023,
SSD,2023,
STP,2023,
SUR,2023,
SVK,2023,
SVN,2023,
SWE,2023,
SWZ,2023,
SXM,2023,
SYC,2023,
SYR,2023,
TCA,2023,
TCD,2023,
TGO,2023,
THA,2023,
TJK,2023,
TKM,2023,
TLS,2023,
TON,2023,
TTO,2023,
TUN,2023,
TUR,2023,
TUV,2023,
TZA,2023,
UGA,2023,
UKR,2023,
URY,2023,
USA,2023,
UZB,2023,
VCT,2023,
VEN,2023,
VGB,2023,
VIR,2023,
VNM,2023,
VUT,2023,
WSM,2023,
YEM,2023,
ZAF,2023,
ZMB,2023,
ZWE,2023,
