Country Code,Year,literacy_rate
AFG,1960,
AGO,1960,
ALB,1960,
ARE,1960,
ARG,1960,
ARM,1960,
ASM,1960,
ATG,1960,
AUS,1960,
AUT,1960,
AZE,1960,
BDI,1960,
BEL,1960,
BEN,1960,
BFA,1960,
BGD,1960,
BGR,1960,
BHR,1960,
BHS,1960,
BIH,1960,
BLR,1960,
BLZ,1960,
BMU,1960,
BOL,1960,
BRA,1960,
BRB,1960,
BRN,1960,
BTN,1960,
BWA,1960,
CAF,1960,
CAN,1960,
CHE,1960,
CHL,1960,
CHN,1960,
CIV,1960,
CMR,1960,
COD,1960,
COG,1960,
COL,1960,
COM,1960,
CPV,1960,
CRI,1960,
CUB,1960,
CYM,1960,
CYP,1960,
CZE,1960,
DEU,1960,
DJI,1960,
DMA,1960,
DNK,1960,
DOM,1960,
DZA,1960,
ECU,1960,
EGY,1960,
ERI,1960,
ESP,1960,
EST,1960,
ETH,1960,
FIN,1960,
FJI,1960,
FRA,1960,
FSM,1960,
GAB,1960,
GBR,1960,
GEO,1960,
GHA,1960,
GIN,1960,
GMB,1960,
GNB,1960,
GNQ,1960,
GRC,1960,
GRD,1960,
GTM,1960,
GUM,1960,
GUY,1960,
HKG,1960,
HND,1960,
HRV,1960,
HTI,1960,
HUN,1960,
IDN,1960,
IND,1960,
IRL,1960,
IRN,1960,
IRQ,1960,
ISL,1960,
ISR,1960,
ITA,1960,
JAM,1960,
JOR,1960,
JPN,1960,
KAZ,1960,
KEN,1960,
KGZ,1960,
KHM,1960,
KIR,1960,
KNA,1960,
KOR,1960,
KWT,1960,
LAO,1960,
LBN,1960,
LBR,1960,
LBY,1960,
LCA,1960,
LIE,1960,
LKA,1960,
LSO,1960,
LTU,1960,
LUX,1960,
LVA,1960,
MAC,1960,
MAF,1960,
MAR,1960,
MDA,1960,
MDG,1960,
MDV,1960,
MEX,1960,
MHL,1960,
MKD,1960,
MLI,1960,
MLT,1960,
MMR,1960,
MNE,1960,
MNG,1960,
MNP,1960,
MOZ,1960,
MRT,1960,
MUS,1960,
MWI,1960,
MYS,1960,
NAM,1960,
NCL,1960,
NER,1960,
NGA,1960,
NIC,1960,
NLD,1960,
NOR,1960,
NPL,1960,
NZL,1960,
OMN,1960,
PAK,1960,
PAN,1960,
PER,1960,
PHL,1960,
PLW,1960,
PNG,1960,
POL,1960,
PRI,1960,
PRK,1960,
PRT,1960,
PRY,1960,
PSE,1960,
PYF,1960,
QAT,1960,
ROU,1960,
RUS,1960,
RWA,1960,
SAU,1960,
SDN,1960,
SEN,1960,
SGP,1960,
SLB,1960,
SLE,1960,
SLV,1960,
SOM,1960,
SRB,1960,
SSD,1960,
STP,1960,
SUR,1960,
SVK,1960,
SVN,1960,
SWE,1960,
SWZ,1960,
SXM,1960,
SYC,1960,
SYR,1960,
TCA,1960,
TCD,1960,
TGO,1960,
THA,1960,
TJK,1960,
TKM,1960,
TLS,1960,
TON,1960,
TTO,1960,
TUN,1960,
TUR,1960,
TUV,1960,
TZA,1960,
UGA,1960,
UKR,1960,
URY,1960,
USA,1960,
UZB,1960,
VCT,1960,
VEN,1960,
VGB,1960,
VIR,1960,
VNM,1960,
VUT,1960,
WSM,1960,
YEM,1960,
ZAF,1960,
ZMB,1960,
ZWE,1960,
AFG,1961,
AGO,1961,
ALB,1961,
ARE,1961,
ARG,1961,
ARM,1961,
ASM,1961,
ATG,1961,
AUS,1961,
AUT,1961,
AZE,1961,
BDI,1961,
BEL,1961,
BEN,1961,
BFA,1961,
BGD,1961,
BGR,1961,
BHR,1961,
BHS,1961,
BIH,1961,
BLR,1961,
BLZ,1961,
BMU,1961,
BOL,1961,
BRA,1961,
BRB,1961,
BRN,1961,
BTN,1961,
BWA,1961,
CAF,1961,
CAN,1961,
CHE,1961,
CHL,1961,
CHN,1961,
CIV,1961,
CMR,1961,
COD,1961,
COG,1961,
COL,1961,
COM,1961,
CPV,1961,
CRI,1961,
CUB,1961,
CYM,1961,
CYP,1961,
CZE,1961,
DEU,1961,
DJI,1961,
DMA,1961,
DNK,1961,
DOM,1961,
DZA,1961,
ECU,1961,
EGY,1961,
ERI,1961,
ESP,1961,
EST,1961,
ETH,1961,
FIN,1961,
FJI,1961,
FRA,1961,
FSM,1961,
GAB,1961,
GBR,1961,
GEO,1961,
GHA,1961,
GIN,1961,
GMB,1961,
GNB,1961,
GNQ,1961,
GRC,1961,
GRD,1961,
GTM,1961,
GUM,1961,
GUY,1961,
HKG,1961,
HND,1961,
HRV,1961,
HTI,1961,
HUN,1961,
IDN,1961,
IND,1961,
IRL,1961,
IRN,1961,
IRQ,1961,
ISL,1961,
ISR,1961,
ITA,1961,
JAM,1961,
JOR,1961,
JPN,1961,
KAZ,1961,
KEN,1961,
KGZ,1961,
KHM,1961,
KIR,1961,
KNA,1961,
KOR,1961,
KWT,1961,
LAO,1961,
LBN,1961,
LBR,1961,
LBY,1961,
LCA,1961,
LIE,1961,
LKA,1961,
LSO,1961,
LTU,1961,
LUX,1961,
LVA,1961,
MAC,1961,
MAF,1961,
MAR,1961,
MDA,1961,
MDG,1961,
MDV,1961,
MEX,1961,
MHL,1961,
MKD,1961,
MLI,1961,
MLT,1961,
MMR,1961,
MNE,1961,
MNG,1961,
MNP,1961,
MOZ,1961,
MRT,1961,
MUS,1961,
MWI,1961,
MYS,1961,
NAM,1961,
NCL,1961,
NER,1961,
NGA,1961,
NIC,1961,
NLD,1961,
NOR,1961,
NPL,1961,
NZL,1961,
OMN,1961,
PAK,1961,
PAN,1961,
PER,1961,
PHL,1961,
PLW,1961,
PNG,1961,
POL,1961,
PRI,1961,
PRK,1961,
PRT,1961,
PRY,1961,
PSE,1961,
PYF,1961,
QAT,1961,
ROU,1961,
RUS,1961,
RWA,1961,
SAU,1961,
SDN,1961,
SEN,1961,
SGP,1961,
SLB,1961,
SLE,1961,
SLV,1961,
SOM,1961,
SRB,1961,
SSD,1961,
STP,1961,
SUR,1961,
SVK,1961,
SVN,1961,
SWE,1961,
SWZ,1961,
SXM,1961,
SYC,1961,
SYR,1961,
TCA,1961,
TCD,1961,
TGO,1961,
THA,1961,
TJK,1961,
TKM,1961,
TLS,1961,
TON,1961,
TTO,1961,
TUN,1961,
TUR,1961,
TUV,1961,
TZA,1961,
UGA,1961,
UKR,1961,
URY,1961,
USA,1961,
UZB,1961,
VCT,1961,
VEN,1961,
VGB,1961,
VIR,1961,
VNM,1961,
VUT,1961,
WSM,1961,
YEM,1961,
ZAF,1961,
ZMB,1961,
ZWE,1961,
AFG,1962,
AGO,1962,
ALB,1962,
ARE,1962,
ARG,1962,
ARM,1962,
ASM,1962,
ATG,1962,
AUS,1962,
AUT,1962,
AZE,1962,
BDI,1962,
BEL,1962,
BEN,1962,
BFA,1962,
BGD,1962,
BGR,1962,
BHR,1962,
BHS,1962,
BIH,1962,
BLR,1962,
BLZ,1962,
BMU,1962,
BOL,1962,
BRA,1962,
BRB,1962,
BRN,1962,
BTN,1962,
BWA,1962,
CAF,1962,
CAN,1962,
CHE,1962,
CHL,1962,
CHN,1962,
CIV,1962,
CMR,1962,
COD,1962,
COG,1962,
COL,1962,
COM,1962,
CPV,1962,
CRI,1962,
CUB,1962,
CYM,1962,
CYP,1962,
CZE,1962,
DEU,1962,
DJI,1962,
DMA,1962,
DNK,1962,
DOM,1962,
DZA,1962,
ECU,1962,
EGY,1962,
ERI,1962,
ESP,1962,
EST,1962,
ETH,1962,
FIN,1962,
FJI,1962,
FRA,1962,
FSM,1962,
GAB,1962,
GBR,1962,
GEO,1962,
GHA,1962,
GIN,1962,
GMB,1962,
GNB,1962,
GNQ,1962,
GRC,1962,
GRD,1962,
GTM,1962,
GUM,1962,
GUY,1962,
HKG,1962,
HND,1962,
HRV,1962,
HTI,1962,
HUN,1962,
IDN,1962,
IND,1962,
IRL,1962,
IRN,1962,
IRQ,1962,
ISL,1962,
ISR,1962,
ITA,1962,
JAM,1962,
JOR,1962,
JPN,1962,
KAZ,1962,
KEN,1962,
KGZ,1962,
KHM,1962,
KIR,1962,
KNA,1962,
KOR,1962,
KWT,1962,
LAO,1962,
LBN,1962,
LBR,1962,
LBY,1962,
LCA,1962,
LIE,1962,
LKA,1962,
LSO,1962,
LTU,1962,
LUX,1962,
LVA,1962,
MAC,1962,
MAF,1962,
MAR,1962,
MDA,1962,
MDG,1962,
MDV,1962,
MEX,1962,
MHL,1962,
MKD,1962,
MLI,1962,
MLT,1962,
MMR,1962,
MNE,1962,
MNG,1962,
MNP,1962,
MOZ,1962,
MRT,1962,
MUS,1962,
MWI,1962,
MYS,1962,
NAM,1962,
NCL,1962,
NER,1962,
NGA,1962,
NIC,1962,
NLD,1962,
NOR,1962,
NPL,1962,
NZL,1962,
OMN,1962,
PAK,1962,
PAN,1962,
PER,1962,
PHL,1962,
PLW,1962,
PNG,1962,
POL,1962,
PRI,1962,
PRK,1962,
PRT,1962,
PRY,1962,
PSE,1962,
PYF,1962,
QAT,1962,
ROU,1962,
RUS,1962,
RWA,1962,
SAU,1962,
SDN,1962,
SEN,1962,
SGP,1962,
SLB,1962,
SLE,1962,
SLV,1962,
SOM,1962,
SRB,1962,
SSD,1962,
STP,1962,
SUR,1962,
SVK,1962,
SVN,1962,
SWE,1962,
SWZ,1962,
SXM,1962,
SYC,1962,
SYR,1962,
TCA,1962,
TCD,1962,
TGO,1962,
THA,1962,
TJK,1962,
TKM,1962,
TLS,1962,
TON,1962,
TTO,1962,
TUN,1962,
TUR,1962,
TUV,1962,
TZA,1962,
UGA,1962,
UKR,1962,
URY,1962,
USA,1962,
UZB,1962,
VCT,1962,
VEN,1962,
VGB,1962,
VIR,1962,
VNM,1962,
VUT,1962,
WSM,1962,
YEM,1962,
ZAF,1962,
ZMB,1962,
ZWE,1962,
AFG,1963,
AGO,1963,
ALB,1963,
ARE,1963,
ARG,1963,
ARM,1963,
ASM,1963,
ATG,1963,
AUS,1963,
AUT,1963,
AZE,1963,
BDI,1963,
BEL,1963,
BEN,1963,
BFA,1963,
BGD,1963,
BGR,1963,
BHR,1963,
BHS,1963,
BIH,1963,
BLR,1963,
BLZ,1963,
BMU,1963,
BOL,1963,
BRA,1963,
BRB,1963,
BRN,1963,
BTN,1963,
BWA,1963,
CAF,1963,
CAN,1963,
CHE,1963,
CHL,1963,
CHN,1963,
CIV,1963,
CMR,1963,
COD,1963,
COG,1963,
COL,1963,
COM,1963,
CPV,1963,
CRI,1963,
CUB,1963,
CYM,1963,
CYP,1963,
CZE,1963,
DEU,1963,
DJI,1963,
DMA,1963,
DNK,1963,
DOM,1963,
DZA,1963,
ECU,1963,
EGY,1963,
ERI,1963,
ESP,1963,
EST,1963,
ETH,1963,
FIN,1963,
FJI,1963,
FRA,1963,
FSM,1963,
GAB,1963,
GBR,1963,
GEO,1963,
GHA,1963,
GIN,1963,
GMB,1963,
GNB,1963,
GNQ,1963,
GRC,1963,
GRD,1963,
GTM,1963,
GUM,1963,
GUY,1963,
HKG,1963,
HND,1963,
HRV,1963,
HTI,1963,
HUN,1963,
IDN,1963,
IND,1963,
IRL,1963,
IRN,1963,
IRQ,1963,
ISL,1963,
ISR,1963,
ITA,1963,
JAM,1963,
JOR,1963,
JPN,1963,
KAZ,1963,
KEN,1963,
KGZ,1963,
KHM,1963,
KIR,1963,
KNA,1963,
KOR,1963,
KWT,1963,
LAO,1963,
LBN,1963,
LBR,1963,
LBY,1963,
LCA,1963,
LIE,1963,
LKA,1963,
LSO,1963,
LTU,1963,
LUX,1963,
LVA,1963,
MAC,1963,
MAF,1963,
MAR,1963,
MDA,1963,
MDG,1963,
MDV,1963,
MEX,1963,
MHL,1963,
MKD,1963,
MLI,1963,
MLT,1963,
MMR,1963,
MNE,1963,
MNG,1963,
MNP,1963,
MOZ,1963,
MRT,1963,
MUS,1963,
MWI,1963,
MYS,1963,
NAM,1963,
NCL,1963,
NER,1963,
NGA,1963,
NIC,1963,
NLD,1963,
NOR,1963,
NPL,1963,
NZL,1963,
OMN,1963,
PAK,1963,
PAN,1963,
PER,1963,
PHL,1963,
PLW,1963,
PNG,1963,
POL,1963,
PRI,1963,
PRK,1963,
PRT,1963,
PRY,1963,
PSE,1963,
PYF,1963,
QAT,1963,
ROU,1963,
RUS,1963,
RWA,1963,
SAU,1963,
SDN,1963,
SEN,1963,
SGP,1963,
SLB,1963,
SLE,1963,
SLV,1963,
SOM,1963,
SRB,1963,
SSD,1963,
STP,1963,
SUR,1963,
SVK,1963,
SVN,1963,
SWE,1963,
SWZ,1963,
SXM,1963,
SYC,1963,
SYR,1963,
TCA,1963,
TCD,1963,
TGO,1963,
THA,1963,
TJK,1963,
TKM,1963,
TLS,1963,
TON,1963,
TTO,1963,
TUN,1963,
TUR,1963,
TUV,1963,
TZA,1963,
UGA,1963,
UKR,1963,
URY,1963,
USA,1963,
UZB,1963,
VCT,1963,
VEN,1963,
VGB,1963,
VIR,1963,
VNM,1963,
VUT,1963,
WSM,1963,
YEM,1963,
ZAF,1963,
ZMB,1963,
ZWE,1963,
AFG,1964,
AGO,1964,
ALB,1964,
ARE,1964,
ARG,1964,
ARM,1964,
ASM,1964,
ATG,1964,
AUS,1964,
AUT,1964,
AZE,1964,
BDI,1964,
BEL,1964,
BEN,1964,
BFA,1964,
BGD,1964,
BGR,1964,
BHR,1964,
BHS,1964,
BIH,1964,
BLR,1964,
BLZ,1964,
BMU,1964,
BOL,1964,
BRA,1964,
BRB,1964,
BRN,1964,
BTN,1964,
BWA,1964,
CAF,1964,
CAN,1964,
CHE,1964,
CHL,1964,
CHN,1964,
CIV,1964,
CMR,1964,
COD,1964,
COG,1964,
COL,1964,
COM,1964,
CPV,1964,
CRI,1964,
CUB,1964,
CYM,1964,
CYP,1964,
CZE,1964,
DEU,1964,
DJI,1964,
DMA,1964,
DNK,1964,
DOM,1964,
DZA,1964,
ECU,1964,
EGY,1964,
ERI,1964,
ESP,1964,
EST,1964,
ETH,1964,
FIN,1964,
FJI,1964,
FRA,1964,
FSM,1964,
GAB,1964,
GBR,1964,
GEO,1964,
GHA,1964,
GIN,1964,
GMB,1964,
GNB,1964,
GNQ,1964,
GRC,1964,
GRD,1964,
GTM,1964,
GUM,1964,
GUY,1964,
HKG,1964,
HND,1964,
HRV,1964,
HTI,1964,
HUN,1964,
IDN,1964,
IND,1964,
IRL,1964,
IRN,1964,
IRQ,1964,
ISL,1964,
ISR,1964,
ITA,1964,
JAM,1964,
JOR,1964,
JPN,1964,
KAZ,1964,
KEN,1964,
KGZ,1964,
KHM,1964,
KIR,1964,
KNA,1964,
KOR,1964,
KWT,1964,
LAO,1964,
LBN,1964,
LBR,1964,
LBY,1964,
LCA,1964,
LIE,1964,
LKA,1964,
LSO,1964,
LTU,1964,
LUX,1964,
LVA,1964,
MAC,1964,
MAF,1964,
MAR,1964,
MDA,1964,
MDG,1964,
MDV,1964,
MEX,1964,
MHL,1964,
MKD,1964,
MLI,1964,
MLT,1964,
MMR,1964,
MNE,1964,
MNG,1964,
MNP,1964,
MOZ,1964,
MRT,1964,
MUS,1964,
MWI,1964,
MYS,1964,
NAM,1964,
NCL,1964,
NER,1964,
NGA,1964,
NIC,1964,
NLD,1964,
NOR,1964,
NPL,1964,
NZL,1964,
OMN,1964,
PAK,1964,
PAN,1964,
PER,1964,
PHL,1964,
PLW,1964,
PNG,1964,
POL,1964,
PRI,1964,
PRK,1964,
PRT,1964,
PRY,1964,
PSE,1964,
PYF,1964,
QAT,1964,
ROU,1964,
RUS,1964,
RWA,1964,
SAU,1964,
SDN,1964,
SEN,1964,
SGP,1964,
SLB,1964,
SLE,1964,
SLV,1964,
SOM,1964,
SRB,1964,
SSD,1964,
STP,1964,
SUR,1964,
SVK,1964,
SVN,1964,
SWE,1964,
SWZ,1964,
SXM,1964,
SYC,1964,
SYR,1964,
TCA,1964,
TCD,1964,
TGO,1964,
THA,1964,
TJK,1964,
TKM,1964,
TLS,1964,
TON,1964,
TTO,1964,
TUN,1964,
TUR,1964,
TUV,1964,
TZA,1964,
UGA,1964,
UKR,1964,
URY,1964,
USA,1964,
UZB,1964,
VCT,1964,
VEN,1964,
VGB,1964,
VIR,1964,
VNM,1964,
VUT,1964,
WSM,1964,
YEM,1964,
ZAF,1964,
ZMB,1964,
ZWE,1964,
AFG,1965,
AGO,1965,
ALB,1965,
ARE,1965,
ARG,1965,
ARM,1965,
ASM,1965,
ATG,1965,
AUS,1965,
AUT,1965,
AZE,1965,
BDI,1965,
BEL,1965,
BEN,1965,
BFA,1965,
BGD,1965,
BGR,1965,
BHR,1965,
BHS,1965,
BIH,1965,
BLR,1965,
BLZ,1965,
BMU,1965,
BOL,1965,
BRA,1965,
BRB,1965,
BRN,1965,
BTN,1965,
BWA,1965,
CAF,1965,
CAN,1965,
CHE,1965,
CHL,1965,
CHN,1965,
CIV,1965,
CMR,1965,
COD,1965,
COG,1965,
COL,1965,
COM,1965,
CPV,1965,
CRI,1965,
CUB,1965,
CYM,1965,
CYP,1965,
CZE,1965,
DEU,1965,
DJI,1965,
DMA,1965,
DNK,1965,
DOM,1965,
DZA,1965,
ECU,1965,
EGY,1965,
ERI,1965,
ESP,1965,
EST,1965,
ETH,1965,
FIN,1965,
FJI,1965,
FRA,1965,
FSM,1965,
GAB,1965,
GBR,1965,
GEO,1965,
GHA,1965,
GIN,1965,
GMB,1965,
GNB,1965,
GNQ,1965,
GRC,1965,
GRD,1965,
GTM,1965,
GUM,1965,
GUY,1965,
HKG,1965,
HND,1965,
HRV,1965,
HTI,1965,
HUN,1965,
IDN,1965,
IND,1965,
IRL,1965,
IRN,1965,
IRQ,1965,
ISL,1965,
ISR,1965,
ITA,1965,
JAM,1965,
JOR,1965,
JPN,1965,
KAZ,1965,
KEN,1965,
KGZ,1965,
KHM,1965,
KIR,1965,
KNA,1965,
KOR,1965,
KWT,1965,
LAO,1965,
LBN,1965,
LBR,1965,
LBY,1965,
LCA,1965,
LIE,1965,
LKA,1965,
LSO,1965,
LTU,1965,
LUX,1965,
LVA,1965,
MAC,1965,
MAF,1965,
MAR,1965,
MDA,1965,
MDG,1965,
MDV,1965,
MEX,1965,
MHL,1965,
MKD,1965,
MLI,1965,
MLT,1965,
MMR,1965,
MNE,1965,
MNG,1965,
MNP,1965,
MOZ,1965,
MRT,1965,
MUS,1965,
MWI,1965,
MYS,1965,
NAM,1965,
NCL,1965,
NER,1965,
NGA,1965,
NIC,1965,
NLD,1965,
NOR,1965,
NPL,1965,
NZL,1965,
OMN,1965,
PAK,1965,
PAN,1965,
PER,1965,
PHL,1965,
PLW,1965,
PNG,1965,
POL,1965,
PRI,1965,
PRK,1965,
PRT,1965,
PRY,1965,
PSE,1965,
PYF,1965,
QAT,1965,
ROU,1965,
RUS,1965,
RWA,1965,
SAU,1965,
SDN,1965,
SEN,1965,
SGP,1965,
SLB,1965,
SLE,1965,
SLV,1965,
SOM,1965,
SRB,1965,
SSD,1965,
STP,1965,
SUR,1965,
SVK,1965,
SVN,1965,
SWE,1965,
SWZ,1965,
SXM,1965,
SYC,1965,
SYR,1965,
TCA,1965,
TCD,1965,
TGO,1965,
THA,1965,
TJK,1965,
TKM,1965,
TLS,1965,
TON,1965,
TTO,1965,
TUN,1965,
TUR,1965,
TUV,1965,
TZA,1965,
UGA,1965,
UKR,1965,
URY,1965,
USA,1965,
UZB,1965,
VCT,1965,
VEN,1965,
VGB,1965,
VIR,1965,
VNM,1965,
VUT,1965,
WSM,1965,
YEM,1965,
ZAF,1965,
ZMB,1965,
ZWE,1965,
AFG,1966,
AGO,1966,
ALB,1966,
ARE,1966,
ARG,1966,
ARM,1966,
ASM,1966,
ATG,1966,
AUS,1966,
AUT,1966,
AZE,1966,
BDI,1966,
BEL,1966,
BEN,1966,
BFA,1966,
BGD,1966,
BGR,1966,
BHR,1966,
BHS,1966,
BIH,1966,
BLR,1966,
BLZ,1966,
BMU,1966,
BOL,1966,
BRA,1966,
BRB,1966,
BRN,1966,
BTN,1966,
BWA,1966,
CAF,1966,
CAN,1966,
CHE,1966,
CHL,1966,
CHN,1966,
CIV,1966,
CMR,1966,
COD,1966,
COG,1966,
COL,1966,
COM,1966,
CPV,1966,
CRI,1966,
CUB,1966,
CYM,1966,
CYP,1966,
CZE,1966,
DEU,1966,
DJI,1966,
DMA,1966,
DNK,1966,
DOM,1966,
DZA,1966,
ECU,1966,
EGY,1966,
ERI,1966,
ESP,1966,
EST,1966,
ETH,1966,
FIN,1966,
FJI,1966,
FRA,1966,
FSM,1966,
GAB,1966,
GBR,1966,
GEO,1966,
GHA,1966,
GIN,1966,
GMB,1966,
GNB,1966,
GNQ,1966,
GRC,1966,
GRD,1966,
GTM,1966,
GUM,1966,
GUY,1966,
HKG,1966,
HND,1966,
HRV,1966,
HTI,1966,
HUN,1966,
IDN,1966,
IND,1966,
IRL,1966,
IRN,1966,
IRQ,1966,
ISL,1966,
ISR,1966,
ITA,1966,
JAM,1966,
JOR,1966,
JPN,1966,
KAZ,1966,
KEN,1966,
KGZ,1966,
KHM,1966,
KIR,1966,
KNA,1966,
KOR,1966,
KWT,1966,
LAO,1966,
LBN,1966,
LBR,1966,
LBY,1966,
LCA,1966,
LIE,1966,
LKA,1966,
LSO,1966,
LTU,1966,
LUX,1966,
LVA,1966,
MAC,1966,
MAF,1966,
MAR,1966,
MDA,1966,
MDG,1966,
MDV,1966,
MEX,1966,
MHL,1966,
MKD,1966,
MLI,1966,
MLT,1966,
MMR,1966,
MNE,1966,
MNG,1966,
MNP,1966,
MOZ,1966,
MRT,1966,
MUS,1966,
MWI,1966,
MYS,1966,
NAM,1966,
NCL,1966,
NER,1966,
NGA,1966,
NIC,1966,
NLD,1966,
NOR,1966,
NPL,1966,
NZL,1966,
OMN,1966,
PAK,1966,
PAN,1966,
PER,1966,
PHL,1966,
PLW,1966,
PNG,1966,
POL,1966,
PRI,1966,
PRK,1966,
PRT,1966,
PRY,1966,
PSE,1966,
PYF,1966,
QAT,1966,
ROU,1966,
RUS,1966,
RWA,1966,
SAU,1966,
SDN,1966,
SEN,1966,
SGP,1966,
SLB,1966,
SLE,1966,
SLV,1966,
SOM,1966,
SRB,1966,
SSD,1966,
STP,1966,
SUR,1966,
SVK,1966,
SVN,1966,
SWE,1966,
SWZ,1966,
SXM,1966,
SYC,1966,
SYR,1966,
TCA,1966,
TCD,1966,
TGO,1966,
THA,1966,
TJK,1966,
TKM,1966,
TLS,1966,
TON,1966,
TTO,1966,
TUN,1966,
TUR,1966,
TUV,1966,
TZA,1966,
UGA,1966,
UKR,1966,
URY,1966,
USA,1966,
UZB,1966,
VCT,1966,
VEN,1966,
VGB,1966,
VIR,1966,
VNM,1966,
VUT,1966,
WSM,1966,
YEM,1966,
ZAF,1966,
ZMB,1966,
ZWE,1966,
AFG,1967,
AGO,1967,
ALB,1967,
ARE,1967,
ARG,1967,
ARM,1967,
ASM,1967,
ATG,1967,
AUS,1967,
AUT,1967,
AZE,1967,
BDI,1967,
BEL,1967,
BEN,1967,
BFA,1967,
BGD,1967,
BGR,1967,
BHR,1967,
BHS,1967,
BIH,1967,
BLR,1967,
BLZ,1967,
BMU,1967,
BOL,1967,
BRA,1967,
BRB,1967,
BRN,1967,
BTN,1967,
BWA,1967,
CAF,1967,
CAN,1967,
CHE,1967,
CHL,1967,
CHN,1967,
CIV,1967,
CMR,1967,
COD,1967,
COG,1967,
COL,1967,
COM,1967,
CPV,1967,
CRI,1967,
CUB,1967,
CYM,1967,
CYP,1967,
CZE,1967,
DEU,1967,
DJI,1967,
DMA,1967,
DNK,1967,
DOM,1967,
DZA,1967,
ECU,1967,
EGY,1967,
ERI,1967,
ESP,1967,
EST,1967,
ETH,1967,
FIN,1967,
FJI,1967,
FRA,1967,
FSM,1967,
GAB,1967,
GBR,1967,
GEO,1967,
GHA,1967,
GIN,1967,
GMB,1967,
GNB,1967,
GNQ,1967,
GRC,1967,
GRD,1967,
GTM,1967,
GUM,1967,
GUY,1967,
HKG,1967,
HND,1967,
HRV,1967,
HTI,1967,
HUN,1967,
IDN,1967,
IND,1967,
IRL,1967,
IRN,1967,
IRQ,1967,
ISL,1967,
ISR,1967,
ITA,1967,
JAM,1967,
JOR,1967,
JPN,1967,
KAZ,1967,
KEN,1967,
KGZ,1967,
KHM,1967,
KIR,1967,
KNA,1967,
KOR,1967,
KWT,1967,
LAO,1967,
LBN,1967,
LBR,1967,
LBY,1967,
LCA,1967,
LIE,1967,
LKA,1967,
LSO,1967,
LTU,1967,
LUX,1967,
LVA,1967,
MAC,1967,
MAF,1967,
MAR,1967,
MDA,1967,
MDG,1967,
MDV,1967,
MEX,1967,
MHL,1967,
MKD,1967,
MLI,1967,
MLT,1967,
MMR,1967,
MNE,1967,
MNG,1967,
MNP,1967,
MOZ,1967,
MRT,1967,
MUS,1967,
MWI,1967,
MYS,1967,
NAM,1967,
NCL,1967,
NER,1967,
NGA,1967,
NIC,1967,
NLD,1967,
NOR,1967,
NPL,1967,
NZL,1967,
OMN,1967,
PAK,1967,
PAN,1967,
PER,1967,
PHL,1967,
PLW,1967,
PNG,1967,
POL,1967,
PRI,1967,
PRK,1967,
PRT,1967,
PRY,1967,
PSE,1967,
PYF,1967,
QAT,1967,
ROU,1967,
RUS,1967,
RWA,1967,
SAU,1967,
SDN,1967,
SEN,1967,
SGP,1967,
SLB,1967,
SLE,1967,
SLV,1967,
SOM,1967,
SRB,1967,
SSD,1967,
STP,1967,
SUR,1967,
SVK,1967,
SVN,1967,
SWE,1967,
SWZ,1967,
SXM,1967,
SYC,1967,
SYR,1967,
TCA,1967,
TCD,1967,
TGO,1967,
THA,1967,
TJK,1967,
TKM,1967,
TLS,1967,
TON,1967,
TTO,1967,
TUN,1967,
TUR,1967,
TUV,1967,
TZA,1967,
UGA,1967,
UKR,1967,
URY,1967,
USA,1967,
UZB,1967,
VCT,1967,
VEN,1967,
VGB,1967,
VIR,1967,
VNM,1967,
VUT,1967,
WSM,1967,
YEM,1967,
ZAF,1967,
ZMB,1967,
ZWE,1967,
AFG,1968,
AGO,1968,
ALB,1968,
ARE,1968,
ARG,1968,
ARM,1968,
ASM,1968,
ATG,1968,
AUS,1968,
AUT,1968,
AZE,1968,
BDI,1968,
BEL,1968,
BEN,1968,
BFA,1968,
BGD,1968,
BGR,1968,
BHR,1968,
BHS,1968,
BIH,1968,
BLR,1968,
BLZ,1968,
BMU,1968,
BOL,1968,
BRA,1968,
BRB,1968,
BRN,1968,
BTN,1968,
BWA,1968,
CAF,1968,
CAN,1968,
CHE,1968,
CHL,1968,
CHN,1968,
CIV,1968,
CMR,1968,
COD,1968,
COG,1968,
COL,1968,
COM,1968,
CPV,1968,
CRI,1968,
CUB,1968,
CYM,1968,
CYP,1968,
CZE,1968,
DEU,1968,
DJI,1968,
DMA,1968,
DNK,1968,
DOM,1968,
DZA,1968,
ECU,1968,
EGY,1968,
ERI,1968,
ESP,1968,
EST,1968,
ETH,1968,
FIN,1968,
FJI,1968,
FRA,1968,
FSM,1968,
GAB,1968,
GBR,1968,
GEO,1968,
GHA,1968,
GIN,1968,
GMB,1968,
GNB,1968,
GNQ,1968,
GRC,1968,
GRD,1968,
GTM,1968,
GUM,1968,
GUY,1968,
HKG,1968,
HND,1968,
HRV,1968,
HTI,1968,
HUN,1968,
IDN,1968,
IND,1968,
IRL,1968,
IRN,1968,
IRQ,1968,
ISL,1968,
ISR,1968,
ITA,1968,
JAM,1968,
JOR,1968,
JPN,1968,
KAZ,1968,
KEN,1968,
KGZ,1968,
KHM,1968,
KIR,1968,
KNA,1968,
KOR,1968,
KWT,1968,
LAO,1968,
LBN,1968,
LBR,1968,
LBY,1968,
LCA,1968,
LIE,1968,
LKA,1968,
LSO,1968,
LTU,1968,
LUX,1968,
LVA,1968,
MAC,1968,
MAF,1968,
MAR,1968,
MDA,1968,
MDG,1968,
MDV,1968,
MEX,1968,
MHL,1968,
MKD,1968,
MLI,1968,
MLT,1968,
MMR,1968,
MNE,1968,
MNG,1968,
MNP,1968,
MOZ,1968,
MRT,1968,
MUS,1968,
MWI,1968,
MYS,1968,
NAM,1968,
NCL,1968,
NER,1968,
NGA,1968,
NIC,1968,
NLD,1968,
NOR,1968,
NPL,1968,
NZL,1968,
OMN,1968,
PAK,1968,
PAN,1968,
PER,1968,
PHL,1968,
PLW,1968,
PNG,1968,
POL,1968,
PRI,1968,
PRK,1968,
PRT,1968,
PRY,1968,
PSE,1968,
PYF,1968,
QAT,1968,
ROU,1968,
RUS,1968,
RWA,1968,
SAU,1968,
SDN,1968,
SEN,1968,
SGP,1968,
SLB,1968,
SLE,1968,
SLV,1968,
SOM,1968,
SRB,1968,
SSD,1968,
STP,1968,
SUR,1968,
SVK,1968,
SVN,1968,
SWE,1968,
SWZ,1968,
SXM,1968,
SYC,1968,
SYR,1968,
TCA,1968,
TCD,1968,
TGO,1968,
THA,1968,
TJK,1968,
TKM,1968,
TLS,1968,
TON,1968,
TTO,1968,
TUN,1968,
TUR,1968,
TUV,1968,
TZA,1968,
UGA,1968,
UKR,1968,
URY,1968,
USA,1968,
UZB,1968,
VCT,1968,
VEN,1968,
VGB,1968,
VIR,1968,
VNM,1968,
VUT,1968,
WSM,1968,
YEM,1968,
ZAF,1968,
ZMB,1968,
ZWE,1968,
AFG,1969,
AGO,1969,
ALB,1969,
ARE,1969,
ARG,1969,
ARM,1969,
ASM,1969,
ATG,1969,
AUS,1969,
AUT,1969,
AZE,1969,
BDI,1969,
BEL,1969,
BEN,1969,
BFA,1969,
BGD,1969,
BGR,1969,
BHR,1969,
BHS,1969,
BIH,1969,
BLR,1969,
BLZ,1969,
BMU,1969,
BOL,1969,
BRA,1969,
BRB,1969,
BRN,1969,
BTN,1969,
BWA,1969,
CAF,1969,
CAN,1969,
CHE,1969,
CHL,1969,
CHN,1969,
CIV,1969,
CMR,1969,
COD,1969,
COG,1969,
COL,1969,
COM,1969,
CPV,1969,
CRI,1969,
CUB,1969,
CYM,1969,
CYP,1969,
CZE,1969,
DEU,1969,
DJI,1969,
DMA,1969,
DNK,1969,
DOM,1969,
DZA,1969,
ECU,1969,
EGY,1969,
ERI,1969,
ESP,1969,
EST,1969,
ETH,1969,
FIN,1969,
FJI,1969,
FRA,1969,
FSM,1969,
GAB,1969,
GBR,1969,
GEO,1969,
GHA,1969,
GIN,1969,
GMB,1969,
GNB,1969,
GNQ,1969,
GRC,1969,
GRD,1969,
GTM,1969,
GUM,1969,
GUY,1969,
HKG,1969,
HND,1969,
HRV,1969,
HTI,1969,
HUN,1969,
IDN,1969,
IND,1969,
IRL,1969,
IRN,1969,
IRQ,1969,
ISL,1969,
ISR,1969,
ITA,1969,
JAM,1969,
JOR,1969,
JPN,1969,
KAZ,1969,
KEN,1969,
KGZ,1969,
KHM,1969,
KIR,1969,
KNA,1969,
KOR,1969,
KWT,1969,
LAO,1969,
LBN,1969,
LBR,1969,
LBY,1969,
LCA,1969,
LIE,1969,
LKA,1969,
LSO,1969,
LTU,1969,
LUX,1969,
LVA,1969,
MAC,1969,
MAF,1969,
MAR,1969,
MDA,1969,
MDG,1969,
MDV,1969,
MEX,1969,
MHL,1969,
MKD,1969,
MLI,1969,
MLT,1969,
MMR,1969,
MNE,1969,
MNG,1969,
MNP,1969,
MOZ,1969,
MRT,1969,
MUS,1969,
MWI,1969,
MYS,1969,
NAM,1969,
NCL,1969,
NER,1969,
NGA,1969,
NIC,1969,
NLD,1969,
NOR,1969,
NPL,1969,
NZL,1969,
OMN,1969,
PAK,1969,
PAN,1969,
PER,1969,
PHL,1969,
PLW,1969,
PNG,1969,
POL,1969,
PRI,1969,
PRK,1969,
PRT,1969,
PRY,1969,
PSE,1969,
PYF,1969,
QAT,1969,
ROU,1969,
RUS,1969,
RWA,1969,
SAU,1969,
SDN,1969,
SEN,1969,
SGP,1969,
SLB,1969,
SLE,1969,
SLV,1969,
SOM,1969,
SRB,1969,
SSD,1969,
STP,1969,
SUR,1969,
SVK,1969,
SVN,1969,
SWE,1969,
SWZ,1969,
SXM,1969,
SYC,1969,
SYR,1969,
TCA,1969,
TCD,1969,
TGO,1969,
THA,1969,
TJK,1969,
TKM,1969,
TLS,1969,
TON,1969,
TTO,1969,
TUN,1969,
TUR,1969,
TUV,1969,
TZA,1969,
UGA,1969,
UKR,1969,
URY,1969,
USA,1969,
UZB,1969,
VCT,1969,
VEN,1969,
VGB,1969,
VIR,1969,
VNM,1969,
VUT,1969,
WSM,1969,
YEM,1969,
ZAF,1969,
ZMB,1969,
ZWE,1969,
AFG,1970,
AGO,1970,
ALB,1970,
ARE,1970,
ARG,1970,
ARM,1970,
ASM,1970,
ATG,1970,
AUS,1970,
AUT,1970,
AZE,1970,
BDI,1970,
BEL,1970,
BEN,1970,
BFA,1970,
BGD,1970,
BGR,1970,
BHR,1970,
BHS,1970,
BIH,1970,
BLR,1970,
BLZ,1970,
BMU,1970,
BOL,1970,
BRA,1970,
BRB,1970,99.0
BRN,1970,
BTN,1970,
BWA,1970,
CAF,1970,
CAN,1970,
CHE,1970,
CHL,1970,
CHN,1970,
CIV,1970,
CMR,1970,
COD,1970,
COG,1970,
COL,1970,
COM,1970,
CPV,1970,
CRI,1970,
CUB,1970,
CYM,1970,
CYP,1970,
CZE,1970,
DEU,1970,
DJI,1970,
DMA,1970,
DNK,1970,
DOM,1970,
DZA,1970,
ECU,1970,
EGY,1970,
ERI,1970,
ESP,1970,
EST,1970,
ETH,1970,
FIN,1970,
FJI,1970,
FRA,1970,
FSM,1970,
GAB,1970,
GBR,1970,
GEO,1970,
GHA,1970,
GIN,1970,
GMB,1970,
GNB,1970,
GNQ,1970,
GRC,1970,
GRD,1970,98.0
GTM,1970,
GUM,1970,
GUY,1970,
HKG,1970,
HND,1970,
HRV,1970,
HTI,1970,
HUN,1970,
IDN,1970,
IND,1970,
IRL,1970,
IRN,1970,
IRQ,1970,
ISL,1970,
ISR,1970,
ITA,1970,
JAM,1970,
JOR,1970,
JPN,1970,
KAZ,1970,
KEN,1970,
KGZ,1970,
KHM,1970,
KIR,1970,
KNA,1970,
KOR,1970,
KWT,1970,
LAO,1970,
LBN,1970,
LBR,1970,
LBY,1970,
LCA,1970,
LIE,1970,
LKA,1970,
LSO,1970,
LTU,1970,
LUX,1970,
LVA,1970,
MAC,1970,
MAF,1970,
MAR,1970,
MDA,1970,
MDG,1970,
MDV,1970,
MEX,1970,
MHL,1970,
MKD,1970,
MLI,1970,
MLT,1970,
MMR,1970,
MNE,1970,
MNG,1970,
MNP,1970,
MOZ,1970,
MRT,1970,
MUS,1970,
MWI,1970,
MYS,1970,
NAM,1970,
NCL,1970,
NER,1970,
NGA,1970,
NIC,1970,
NLD,1970,
NOR,1970,
NPL,1970,
NZL,1970,
OMN,1970,
PAK,1970,
PAN,1970,
PER,1970,
PHL,1970,
PLW,1970,
PNG,1970,
POL,1970,
PRI,1970,
PRK,1970,
PRT,1970,
PRY,1970,
PSE,1970,
PYF,1970,
QAT,1970,
ROU,1970,
RUS,1970,
RWA,1970,
SAU,1970,
SDN,1970,
SEN,1970,
SGP,1970,
SLB,1970,
SLE,1970,
SLV,1970,
SOM,1970,
SRB,1970,
SSD,1970,
STP,1970,
SUR,1970,
SVK,1970,
SVN,1970,
SWE,1970,
SWZ,1970,
SXM,1970,
SYC,1970,
SYR,1970,
TCA,1970,
TCD,1970,
TGO,1970,
THA,1970,
TJK,1970,
TKM,1970,
TLS,1970,
TON,1970,
TTO,1970,
TUN,1970,
TUR,1970,
TUV,1970,
TZA,1970,
UGA,1970,
UKR,1970,
URY,1970,
USA,1970,
UZB,1970,
VCT,1970,96.0
VEN,1970,
VGB,1970,
VIR,1970,
VNM,1970,
VUT,1970,
WSM,1970,
YEM,1970,
ZAF,1970,
ZMB,1970,
ZWE,1970,
AFG,1971,
AGO,1971,
ALB,1971,
ARE,1971,
ARG,1971,
ARM,1971,
ASM,1971,
ATG,1971,
AUS,1971,
AUT,1971,
AZE,1971,
BDI,1971,
BEL,1971,
BEN,1971,
BFA,1971,
BGD,1971,
BGR,1971,
BHR,1971,
BHS,1971,
BIH,1971,
BLR,1971,
BLZ,1971,
BMU,1971,
BOL,1971,
BRA,1971,
BRB,1971,
BRN,1971,
BTN,1971,
BWA,1971,
CAF,1971,
CAN,1971,
CHE,1971,
CHL,1971,
CHN,1971,
CIV,1971,
CMR,1971,
COD,1971,
COG,1971,
COL,1971,
COM,1971,
CPV,1971,
CRI,1971,
CUB,1971,
CYM,1971,
CYP,1971,
CZE,1971,
DEU,1971,
DJI,1971,
DMA,1971,
DNK,1971,
DOM,1971,
DZA,1971,
ECU,1971,
EGY,1971,
ERI,1971,
ESP,1971,
EST,1971,
ETH,1971,
FIN,1971,
FJI,1971,
FRA,1971,
FSM,1971,
GAB,1971,
GBR,1971,
GEO,1971,
GHA,1971,
GIN,1971,
GMB,1971,
GNB,1971,
GNQ,1971,
GRC,1971,
GRD,1971,
GTM,1971,
GUM,1971,
GUY,1971,
HKG,1971,
HND,1971,
HRV,1971,
HTI,1971,
HUN,1971,
IDN,1971,
IND,1971,
IRL,1971,
IRN,1971,
IRQ,1971,
ISL,1971,
ISR,1971,
ITA,1971,
JAM,1971,
JOR,1971,
JPN,1971,
KAZ,1971,
KEN,1971,
KGZ,1971,
KHM,1971,
KIR,1971,
KNA,1971,
KOR,1971,
KWT,1971,
LAO,1971,
LBN,1971,
LBR,1971,
LBY,1971,
LCA,1971,
LIE,1971,
LKA,1971,
LSO,1971,
LTU,1971,
LUX,1971,
LVA,1971,
MAC,1971,
MAF,1971,
MAR,1971,
MDA,1971,
MDG,1971,
MDV,1971,
MEX,1971,
MHL,1971,
MKD,1971,
MLI,1971,
MLT,1971,
MMR,1971,
MNE,1971,
MNG,1971,
MNP,1971,
MOZ,1971,
MRT,1971,
MUS,1971,
MWI,1971,
MYS,1971,
NAM,1971,
NCL,1971,
NER,1971,
NGA,1971,
NIC,1971,
NLD,1971,
NOR,1971,
NPL,1971,
NZL,1971,
OMN,1971,
PAK,1971,
PAN,1971,
PER,1971,
PHL,1971,
PLW,1971,
PNG,1971,
POL,1971,
PRI,1971,
PRK,1971,
PRT,1971,
PRY,1971,
PSE,1971,
PYF,1971,
QAT,1971,
ROU,1971,
RUS,1971,
RWA,1971,
SAU,1971,
SDN,1971,
SEN,1971,
SGP,1971,
SLB,1971,
SLE,1971,
SLV,1971,
SOM,1971,
SRB,1971,
SSD,1971,
STP,1971,
SUR,1971,
SVK,1971,
SVN,1971,
SWE,1971,
SWZ,1971,
SXM,1971,
SYC,1971,
SYR,1971,
TCA,1971,
TCD,1971,
TGO,1971,
THA,1971,
TJK,1971,
TKM,1971,
TLS,1971,
TON,1971,
TTO,1971,
TUN,1971,
TUR,1971,
TUV,1971,
TZA,1971,
UGA,1971,
UKR,1971,
URY,1971,
USA,1971,
UZB,1971,
VCT,1971,
VEN,1971,
VGB,1971,
VIR,1971,
VNM,1971,
VUT,1971,
WSM,1971,
YEM,1971,
ZAF,1971,
ZMB,1971,
ZWE,1971,
AFG,1972,
AGO,1972,
ALB,1972,
ARE,1972,
ARG,1972,
ARM,1972,
ASM,1972,
ATG,1972,
AUS,1972,
AUT,1972,
AZE,1972,
BDI,1972,
BEL,1972,
BEN,1972,
BFA,1972,
BGD,1972,
BGR,1972,
BHR,1972,
BHS,1972,
BIH,1972,
BLR,1972,
BLZ,1972,
BMU,1972,
BOL,1972,
BRA,1972,
BRB,1972,
BRN,1972,
BTN,1972,
BWA,1972,
CAF,1972,
CAN,1972,
CHE,1972,
CHL,1972,
CHN,1972,
CIV,1972,
CMR,1972,
COD,1972,
COG,1972,
COL,1972,
COM,1972,
CPV,1972,
CRI,1972,
CUB,1972,
CYM,1972,
CYP,1972,
CZE,1972,
DEU,1972,
DJI,1972,
DMA,1972,
DNK,1972,
DOM,1972,
DZA,1972,
ECU,1972,
EGY,1972,
ERI,1972,
ESP,1972,
EST,1972,
ETH,1972,
FIN,1972,
FJI,1972,
FRA,1972,
FSM,1972,
GAB,1972,
GBR,1972,
GEO,1972,
GHA,1972,
GIN,1972,
GMB,1972,
GNB,1972,
GNQ,1972,
GRC,1972,
GRD,1972,
GTM,1972,
GUM,1972,
GUY,1972,
HKG,1972,
HND,1972,
HRV,1972,
HTI,1972,
HUN,1972,
IDN,1972,
IND,1972,
IRL,1972,
IRN,1972,
IRQ,1972,
ISL,1972,
ISR,1972,
ITA,1972,
JAM,1972,
JOR,1972,
JPN,1972,
KAZ,1972,
KEN,1972,
KGZ,1972,
KHM,1972,
KIR,1972,
KNA,1972,
KOR,1972,
KWT,1972,
LAO,1972,
LBN,1972,
LBR,1972,
LBY,1972,
LCA,1972,
LIE,1972,
LKA,1972,
LSO,1972,
LTU,1972,
LUX,1972,
LVA,1972,
MAC,1972,
MAF,1972,
MAR,1972,
MDA,1972,
MDG,1972,
MDV,1972,
MEX,1972,
MHL,1972,
MKD,1972,
MLI,1972,
MLT,1972,
MMR,1972,
MNE,1972,
MNG,1972,
MNP,1972,
MOZ,1972,
MRT,1972,
MUS,1972,
MWI,1972,
MYS,1972,
NAM,1972,
NCL,1972,
NER,1972,
NGA,1972,
NIC,1972,
NLD,1972,
NOR,1972,
NPL,1972,
NZL,1972,
OMN,1972,
PAK,1972,
PAN,1972,
PER,1972,
PHL,1972,
PLW,1972,
PNG,1972,
POL,1972,
PRI,1972,
PRK,1972,
PRT,1972,
PRY,1972,
PSE,1972,
PYF,1972,
QAT,1972,
ROU,1972,
RUS,1972,
RWA,1972,
SAU,1972,
SDN,1972,
SEN,1972,
SGP,1972,
SLB,1972,
SLE,1972,
SLV,1972,
SOM,1972,5.40465021133423
SRB,1972,
SSD,1972,
STP,1972,
SUR,1972,
SVK,1972,
SVN,1972,
SWE,1972,
SWZ,1972,
SXM,1972,
SYC,1972,
SYR,1972,
TCA,1972,
TCD,1972,
TGO,1972,
THA,1972,
TJK,1972,
TKM,1972,
TLS,1972,
TON,1972,
TTO,1972,
TUN,1972,
TUR,1972,
TUV,1972,
TZA,1972,
UGA,1972,
UKR,1972,
URY,1972,
USA,1972,
UZB,1972,
VCT,1972,
VEN,1972,
VGB,1972,
VIR,1972,
VNM,1972,
VUT,1972,
WSM,1972,
YEM,1972,
ZAF,1972,
ZMB,1972,
ZWE,1972,
AFG,1973,
AGO,1973,
ALB,1973,
ARE,1973,
ARG,1973,
ARM,1973,
ASM,1973,
ATG,1973,
AUS,1973,
AUT,1973,
AZE,1973,
BDI,1973,
BEL,1973,
BEN,1973,
BFA,1973,
BGD,1973,
BGR,1973,
BHR,1973,
BHS,1973,
BIH,1973,
BLR,1973,
BLZ,1973,
BMU,1973,
BOL,1973,
BRA,1973,
BRB,1973,
BRN,1973,
BTN,1973,
BWA,1973,
CAF,1973,
CAN,1973,
CHE,1973,
CHL,1973,
CHN,1973,
CIV,1973,
CMR,1973,
COD,1973,
COG,1973,
COL,1973,
COM,1973,
CPV,1973,
CRI,1973,
CUB,1973,
CYM,1973,
CYP,1973,
CZE,1973,
DEU,1973,
DJI,1973,
DMA,1973,
DNK,1973,
DOM,1973,
DZA,1973,
ECU,1973,
EGY,1973,
ERI,1973,
ESP,1973,
EST,1973,
ETH,1973,
FIN,1973,
FJI,1973,
FRA,1973,
FSM,1973,
GAB,1973,
GBR,1973,
GEO,1973,
GHA,1973,
GIN,1973,
GMB,1973,
GNB,1973,
GNQ,1973,
GRC,1973,
GRD,1973,
GTM,1973,
GUM,1973,
GUY,1973,
HKG,1973,
HND,1973,
HRV,1973,
HTI,1973,
HUN,1973,
IDN,1973,
IND,1973,
IRL,1973,
IRN,1973,
IRQ,1973,
ISL,1973,
ISR,1973,
ITA,1973,
JAM,1973,
JOR,1973,
JPN,1973,
KAZ,1973,
KEN,1973,
KGZ,1973,
KHM,1973,
KIR,1973,
KNA,1973,
KOR,1973,
KWT,1973,
LAO,1973,
LBN,1973,
LBR,1973,
LBY,1973,
LCA,1973,
LIE,1973,
LKA,1973,
LSO,1973,
LTU,1973,
LUX,1973,
LVA,1973,
MAC,1973,
MAF,1973,
MAR,1973,
MDA,1973,
MDG,1973,
MDV,1973,
MEX,1973,
MHL,1973,
MKD,1973,
MLI,1973,
MLT,1973,
MMR,1973,
MNE,1973,
MNG,1973,
MNP,1973,
MOZ,1973,
MRT,1973,
MUS,1973,
MWI,1973,
MYS,1973,
NAM,1973,
NCL,1973,
NER,1973,
NGA,1973,
NIC,1973,
NLD,1973,
NOR,1973,
NPL,1973,
NZL,1973,
OMN,1973,
PAK,1973,
PAN,1973,
PER,1973,
PHL,1973,
PLW,1973,
PNG,1973,
POL,1973,
PRI,1973,
PRK,1973,
PRT,1973,
PRY,1973,
PSE,1973,
PYF,1973,
QAT,1973,
ROU,1973,
RUS,1973,
RWA,1973,
SAU,1973,
SDN,1973,
SEN,1973,
SGP,1973,
SLB,1973,
SLE,1973,
SLV,1973,
SOM,1973,
SRB,1973,
SSD,1973,
STP,1973,
SUR,1973,
SVK,1973,
SVN,1973,
SWE,1973,
SWZ,1973,
SXM,1973,
SYC,1973,
SYR,1973,
TCA,1973,
TCD,1973,
TGO,1973,
THA,1973,
TJK,1973,
TKM,1973,
TLS,1973,
TON,1973,
TTO,1973,
TUN,1973,
TUR,1973,
TUV,1973,
TZA,1973,
UGA,1973,
UKR,1973,
URY,1973,
USA,1973,
UZB,1973,
VCT,1973,
VEN,1973,
VGB,1973,
VIR,1973,
VNM,1973,
VUT,1973,
WSM,1973,
YEM,1973,
ZAF,1973,
ZMB,1973,
ZWE,1973,
AFG,1974,
AGO,1974,
ALB,1974,
ARE,1974,
ARG,1974,
ARM,1974,
ASM,1974,
ATG,1974,
AUS,1974,
AUT,1974,
AZE,1974,
BDI,1974,
BEL,1974,
BEN,1974,
BFA,1974,
BGD,1974,
BGR,1974,
BHR,1974,
BHS,1974,
BIH,1974,
BLR,1974,
BLZ,1974,
BMU,1974,
BOL,1974,
BRA,1974,
BRB,1974,
BRN,1974,
BTN,1974,
BWA,1974,
CAF,1974,
CAN,1974,
CHE,1974,
CHL,1974,
CHN,1974,
CIV,1974,
CMR,1974,
COD,1974,
COG,1974,
COL,1974,
COM,1974,
CPV,1974,
CRI,1974,
CUB,1974,
CYM,1974,
CYP,1974,
CZE,1974,
DEU,1974,
DJI,1974,
DMA,1974,
DNK,1974,
DOM,1974,
DZA,1974,
ECU,1974,
EGY,1974,
ERI,1974,
ESP,1974,
EST,1974,
ETH,1974,
FIN,1974,
FJI,1974,
FRA,1974,
FSM,1974,
GAB,1974,
GBR,1974,
GEO,1974,
GHA,1974,
GIN,1974,
GMB,1974,
GNB,1974,
GNQ,1974,
GRC,1974,
GRD,1974,
GTM,1974,
GUM,1974,
GUY,1974,
HKG,1974,
HND,1974,
HRV,1974,
HTI,1974,
HUN,1974,
IDN,1974,
IND,1974,
IRL,1974,
IRN,1974,
IRQ,1974,
ISL,1974,
ISR,1974,
ITA,1974,
JAM,1974,
JOR,1974,
JPN,1974,
KAZ,1974,
KEN,1974,
KGZ,1974,
KHM,1974,
KIR,1974,
KNA,1974,
KOR,1974,
KWT,1974,
LAO,1974,
LBN,1974,
LBR,1974,
LBY,1974,
LCA,1974,
LIE,1974,
LKA,1974,
LSO,1974,
LTU,1974,
LUX,1974,
LVA,1974,
MAC,1974,
MAF,1974,
MAR,1974,
MDA,1974,
MDG,1974,
MDV,1974,
MEX,1974,
MHL,1974,
MKD,1974,
MLI,1974,
MLT,1974,
MMR,1974,
MNE,1974,
MNG,1974,
MNP,1974,
MOZ,1974,
MRT,1974,
MUS,1974,
MWI,1974,
MYS,1974,
NAM,1974,
NCL,1974,
NER,1974,
NGA,1974,
NIC,1974,
NLD,1974,
NOR,1974,
NPL,1974,
NZL,1974,
OMN,1974,
PAK,1974,
PAN,1974,
PER,1974,
PHL,1974,
PLW,1974,
PNG,1974,
POL,1974,
PRI,1974,
PRK,1974,
PRT,1974,
PRY,1974,
PSE,1974,
PYF,1974,
QAT,1974,
ROU,1974,
RUS,1974,
RWA,1974,
SAU,1974,
SDN,1974,
SEN,1974,
SGP,1974,
SLB,1974,
SLE,1974,
SLV,1974,
SOM,1974,
SRB,1974,
SSD,1974,
STP,1974,
SUR,1974,
SVK,1974,
SVN,1974,
SWE,1974,
SWZ,1974,
SXM,1974,
SYC,1974,
SYR,1974,
TCA,1974,
TCD,1974,
TGO,1974,
THA,1974,
TJK,1974,
TKM,1974,
TLS,1974,
TON,1974,
TTO,1974,
TUN,1974,
TUR,1974,
TUV,1974,
TZA,1974,
UGA,1974,
UKR,1974,
URY,1974,
USA,1974,
UZB,1974,
VCT,1974,
VEN,1974,
VGB,1974,
VIR,1974,
VNM,1974,
VUT,1974,
WSM,1974,
YEM,1974,
ZAF,1974,
ZMB,1974,
ZWE,1974,
AFG,1975,
AGO,1975,
ALB,1975,
ARE,1975,54.0
ARG,1975,
ARM,1975,
ASM,1975,
ATG,1975,
AUS,1975,
AUT,1975,
AZE,1975,
BDI,1975,
BEL,1975,
BEN,1975,
BFA,1975,9.0
BGD,1975,
BGR,1975,
BHR,1975,
BHS,1975,
BIH,1975,
BLR,1975,
BLZ,1975,
BMU,1975,
BOL,1975,
BRA,1975,
BRB,1975,
BRN,1975,
BTN,1975,
BWA,1975,
CAF,1975,18.0
CAN,1975,
CHE,1975,
CHL,1975,
CHN,1975,
CIV,1975,
CMR,1975,
COD,1975,
COG,1975,
COL,1975,
COM,1975,
CPV,1975,
CRI,1975,
CUB,1975,
CYM,1975,
CYP,1975,
CZE,1975,
DEU,1975,
DJI,1975,
DMA,1975,
DNK,1975,
DOM,1975,
DZA,1975,
ECU,1975,
EGY,1975,
ERI,1975,
ESP,1975,
EST,1975,
ETH,1975,
FIN,1975,
FJI,1975,
FRA,1975,
FSM,1975,
GAB,1975,
GBR,1975,
GEO,1975,
GHA,1975,
GIN,1975,
GMB,1975,
GNB,1975,
GNQ,1975,
GRC,1975,
GRD,1975,
GTM,1975,
GUM,1975,
GUY,1975,
HKG,1975,
HND,1975,
HRV,1975,
HTI,1975,
HUN,1975,
IDN,1975,
IND,1975,
IRL,1975,
IRN,1975,
IRQ,1975,
ISL,1975,
ISR,1975,
ITA,1975,
JAM,1975,
JOR,1975,
JPN,1975,
KAZ,1975,
KEN,1975,
KGZ,1975,
KHM,1975,
KIR,1975,
KNA,1975,
KOR,1975,
KWT,1975,60.0
LAO,1975,
LBN,1975,
LBR,1975,
LBY,1975,
LCA,1975,
LIE,1975,
LKA,1975,
LSO,1975,
LTU,1975,
LUX,1975,
LVA,1975,
MAC,1975,
MAF,1975,
MAR,1975,
MDA,1975,
MDG,1975,
MDV,1975,
MEX,1975,
MHL,1975,
MKD,1975,
MLI,1975,
MLT,1975,
MMR,1975,
MNE,1975,
MNG,1975,
MNP,1975,
MOZ,1975,
MRT,1975,
MUS,1975,
MWI,1975,
MYS,1975,
NAM,1975,
NCL,1975,
NER,1975,
NGA,1975,
NIC,1975,
NLD,1975,
NOR,1975,
NPL,1975,
NZL,1975,
OMN,1975,
PAK,1975,
PAN,1975,
PER,1975,
PHL,1975,
PLW,1975,
PNG,1975,
POL,1975,
PRI,1975,
PRK,1975,
PRT,1975,
PRY,1975,
PSE,1975,
PYF,1975,
QAT,1975,
ROU,1975,
RUS,1975,
RWA,1975,
SAU,1975,
SDN,1975,
SEN,1975,
SGP,1975,
SLB,1975,
SLE,1975,
SLV,1975,
SOM,1975,
SRB,1975,
SSD,1975,
STP,1975,
SUR,1975,
SVK,1975,
SVN,1975,
SWE,1975,
SWZ,1975,
SXM,1975,
SYC,1975,
SYR,1975,
TCA,1975,
TCD,1975,
TGO,1975,
THA,1975,
TJK,1975,
TKM,1975,
TLS,1975,
TON,1975,
TTO,1975,
TUN,1975,
TUR,1975,62.0
TUV,1975,
TZA,1975,
UGA,1975,
UKR,1975,
URY,1975,94.0
USA,1975,
UZB,1975,
VCT,1975,
VEN,1975,
VGB,1975,
VIR,1975,
VNM,1975,
VUT,1975,
WSM,1975,
YEM,1975,
ZAF,1975,
ZMB,1975,
ZWE,1975,
AFG,1976,
AGO,1976,
ALB,1976,
ARE,1976,
ARG,1976,
ARM,1976,
ASM,1976,
ATG,1976,
AUS,1976,
AUT,1976,
AZE,1976,
BDI,1976,
BEL,1976,
BEN,1976,
BFA,1976,
BGD,1976,
BGR,1976,
BHR,1976,
BHS,1976,
BIH,1976,
BLR,1976,
BLZ,1976,
BMU,1976,
BOL,1976,63.0
BRA,1976,
BRB,1976,
BRN,1976,
BTN,1976,
BWA,1976,
CAF,1976,
CAN,1976,
CHE,1976,
CHL,1976,
CHN,1976,
CIV,1976,
CMR,1976,41.0
COD,1976,
COG,1976,
COL,1976,
COM,1976,
CPV,1976,
CRI,1976,
CUB,1976,
CYM,1976,
CYP,1976,
CZE,1976,
DEU,1976,
DJI,1976,
DMA,1976,
DNK,1976,
DOM,1976,
DZA,1976,
ECU,1976,
EGY,1976,38.0
ERI,1976,
ESP,1976,
EST,1976,
ETH,1976,
FIN,1976,
FJI,1976,
FRA,1976,
FSM,1976,
GAB,1976,
GBR,1976,
GEO,1976,
GHA,1976,
GIN,1976,
GMB,1976,
GNB,1976,
GNQ,1976,
GRC,1976,
GRD,1976,
GTM,1976,
GUM,1976,
GUY,1976,
HKG,1976,
HND,1976,
HRV,1976,
HTI,1976,
HUN,1976,
IDN,1976,
IND,1976,
IRL,1976,
IRN,1976,37.0
IRQ,1976,
ISL,1976,
ISR,1976,
ITA,1976,
JAM,1976,
JOR,1976,
JPN,1976,
KAZ,1976,
KEN,1976,
KGZ,1976,
KHM,1976,
KIR,1976,
KNA,1976,
KOR,1976,
KWT,1976,
LAO,1976,
LBN,1976,
LBR,1976,
LBY,1976,
LCA,1976,
LIE,1976,
LKA,1976,
LSO,1976,
LTU,1976,
LUX,1976,
LVA,1976,
MAC,1976,
MAF,1976,
MAR,1976,
MDA,1976,
MDG,1976,
MDV,1976,
MEX,1976,
MHL,1976,
MKD,1976,
MLI,1976,9.0
MLT,1976,
MMR,1976,
MNE,1976,
MNG,1976,
MNP,1976,
MOZ,1976,
MRT,1976,
MUS,1976,
MWI,1976,
MYS,1976,
NAM,1976,
NCL,1976,91.0
NER,1976,
NGA,1976,
NIC,1976,
NLD,1976,
NOR,1976,
NPL,1976,
NZL,1976,
OMN,1976,
PAK,1976,
PAN,1976,
PER,1976,
PHL,1976,
PLW,1976,
PNG,1976,
POL,1976,
PRI,1976,
PRK,1976,
PRT,1976,
PRY,1976,
PSE,1976,
PYF,1976,
QAT,1976,
ROU,1976,
RUS,1976,
RWA,1976,
SAU,1976,
SDN,1976,
SEN,1976,
SGP,1976,
SLB,1976,
SLE,1976,
SLV,1976,
SOM,1976,
SRB,1976,
SSD,1976,
STP,1976,
SUR,1976,
SVK,1976,
SVN,1976,
SWE,1976,
SWZ,1976,55.0
SXM,1976,
SYC,1976,
SYR,1976,
TCA,1976,
TCD,1976,
TGO,1976,
THA,1976,
TJK,1976,
TKM,1976,
TLS,1976,
TON,1976,100.0
TTO,1976,
TUN,1976,
TUR,1976,
TUV,1976,
TZA,1976,
UGA,1976,
UKR,1976,
URY,1976,
USA,1976,
UZB,1976,
VCT,1976,
VEN,1976,
VGB,1976,
VIR,1976,
VNM,1976,
VUT,1976,
WSM,1976,
YEM,1976,
ZAF,1976,
ZMB,1976,
ZWE,1976,
AFG,1977,
AGO,1977,
ALB,1977,
ARE,1977,
ARG,1977,
ARM,1977,
ASM,1977,
ATG,1977,
AUS,1977,
AUT,1977,
AZE,1977,
BDI,1977,
BEL,1977,
BEN,1977,
BFA,1977,
BGD,1977,
BGR,1977,
BHR,1977,
BHS,1977,
BIH,1977,
BLR,1977,
BLZ,1977,
BMU,1977,
BOL,1977,
BRA,1977,
BRB,1977,
BRN,1977,
BTN,1977,
BWA,1977,
CAF,1977,
CAN,1977,
CHE,1977,
CHL,1977,
CHN,1977,
CIV,1977,
CMR,1977,
COD,1977,
COG,1977,
COL,1977,
COM,1977,
CPV,1977,
CRI,1977,
CUB,1977,
CYM,1977,
CYP,1977,
CZE,1977,
DEU,1977,
DJI,1977,
DMA,1977,
DNK,1977,
DOM,1977,
DZA,1977,
ECU,1977,
EGY,1977,
ERI,1977,
ESP,1977,
EST,1977,
ETH,1977,
FIN,1977,
FJI,1977,
FRA,1977,
FSM,1977,
GAB,1977,
GBR,1977,
GEO,1977,
GHA,1977,
GIN,1977,
GMB,1977,
GNB,1977,
GNQ,1977,
GRC,1977,
GRD,1977,
GTM,1977,
GUM,1977,
GUY,1977,
HKG,1977,
HND,1977,
HRV,1977,
HTI,1977,
HUN,1977,
IDN,1977,
IND,1977,
IRL,1977,
IRN,1977,
IRQ,1977,
ISL,1977,
ISR,1977,
ITA,1977,
JAM,1977,
JOR,1977,
JPN,1977,
KAZ,1977,
KEN,1977,
KGZ,1977,
KHM,1977,
KIR,1977,
KNA,1977,
KOR,1977,
KWT,1977,
LAO,1977,
LBN,1977,
LBR,1977,
LBY,1977,
LCA,1977,
LIE,1977,
LKA,1977,
LSO,1977,
LTU,1977,
LUX,1977,
LVA,1977,
MAC,1977,
MAF,1977,
MAR,1977,
MDA,1977,
MDG,1977,
MDV,1977,82.0
MEX,1977,
MHL,1977,
MKD,1977,
MLI,1977,
MLT,1977,
MMR,1977,
MNE,1977,
MNG,1977,
MNP,1977,
MOZ,1977,
MRT,1977,
MUS,1977,
MWI,1977,
MYS,1977,
NAM,1977,
NCL,1977,
NER,1977,
NGA,1977,
NIC,1977,
NLD,1977,
NOR,1977,
NPL,1977,
NZL,1977,
OMN,1977,
PAK,1977,
PAN,1977,
PER,1977,
PHL,1977,
PLW,1977,
PNG,1977,
POL,1977,
PRI,1977,
PRK,1977,
PRT,1977,
PRY,1977,
PSE,1977,
PYF,1977,
QAT,1977,
ROU,1977,
RUS,1977,
RWA,1977,
SAU,1977,
SDN,1977,
SEN,1977,
SGP,1977,
SLB,1977,
SLE,1977,
SLV,1977,
SOM,1977,
SRB,1977,
SSD,1977,
STP,1977,
SUR,1977,
SVK,1977,
SVN,1977,
SWE,1977,
SWZ,1977,
SXM,1977,
SYC,1977,
SYR,1977,
TCA,1977,
TCD,1977,
TGO,1977,
THA,1977,
TJK,1977,
TKM,1977,
TLS,1977,
TON,1977,
TTO,1977,
TUN,1977,
TUR,1977,
TUV,1977,
TZA,1977,
UGA,1977,
UKR,1977,
URY,1977,
USA,1977,
UZB,1977,
VCT,1977,
VEN,1977,
VGB,1977,
VIR,1977,
VNM,1977,
VUT,1977,
WSM,1977,
YEM,1977,
ZAF,1977,
ZMB,1977,
ZWE,1977,
AFG,1978,
AGO,1978,
ALB,1978,
ARE,1978,
ARG,1978,
ARM,1978,
ASM,1978,
ATG,1978,
AUS,1978,
AUT,1978,
AZE,1978,
BDI,1978,
BEL,1978,
BEN,1978,
BFA,1978,
BGD,1978,
BGR,1978,
BHR,1978,
BHS,1978,
BIH,1978,
BLR,1978,
BLZ,1978,
BMU,1978,
BOL,1978,
BRA,1978,
BRB,1978,
BRN,1978,
BTN,1978,
BWA,1978,
CAF,1978,
CAN,1978,
CHE,1978,
CHL,1978,
CHN,1978,
CIV,1978,
CMR,1978,
COD,1978,
COG,1978,
COL,1978,
COM,1978,
CPV,1978,
CRI,1978,
CUB,1978,
CYM,1978,
CYP,1978,
CZE,1978,
DEU,1978,
DJI,1978,
DMA,1978,
DNK,1978,
DOM,1978,
DZA,1978,
ECU,1978,
EGY,1978,
ERI,1978,
ESP,1978,
EST,1978,
ETH,1978,
FIN,1978,
FJI,1978,
FRA,1978,
FSM,1978,
GAB,1978,
GBR,1978,
GEO,1978,
GHA,1978,
GIN,1978,
GMB,1978,
GNB,1978,
GNQ,1978,
GRC,1978,
GRD,1978,
GTM,1978,
GUM,1978,
GUY,1978,
HKG,1978,
HND,1978,
HRV,1978,
HTI,1978,
HUN,1978,
IDN,1978,
IND,1978,
IRL,1978,
IRN,1978,
IRQ,1978,
ISL,1978,
ISR,1978,
ITA,1978,
JAM,1978,
JOR,1978,
JPN,1978,
KAZ,1978,
KEN,1978,
KGZ,1978,
KHM,1978,
KIR,1978,
KNA,1978,
KOR,1978,
KWT,1978,
LAO,1978,
LBN,1978,
LBR,1978,
LBY,1978,
LCA,1978,
LIE,1978,
LKA,1978,
LSO,1978,
LTU,1978,
LUX,1978,
LVA,1978,
MAC,1978,
MAF,1978,
MAR,1978,
MDA,1978,
MDG,1978,
MDV,1978,
MEX,1978,
MHL,1978,
MKD,1978,
MLI,1978,
MLT,1978,
MMR,1978,
MNE,1978,
MNG,1978,
MNP,1978,
MOZ,1978,
MRT,1978,
MUS,1978,
MWI,1978,
MYS,1978,
NAM,1978,
NCL,1978,
NER,1978,
NGA,1978,
NIC,1978,
NLD,1978,
NOR,1978,
NPL,1978,
NZL,1978,
OMN,1978,
PAK,1978,
PAN,1978,
PER,1978,
PHL,1978,
PLW,1978,
PNG,1978,
POL,1978,99.0
PRI,1978,
PRK,1978,
PRT,1978,
PRY,1978,
PSE,1978,
PYF,1978,
QAT,1978,
ROU,1978,
RUS,1978,
RWA,1978,38.0
SAU,1978,
SDN,1978,
SEN,1978,
SGP,1978,
SLB,1978,
SLE,1978,
SLV,1978,
SOM,1978,
SRB,1978,
SSD,1978,
STP,1978,
SUR,1978,
SVK,1978,
SVN,1978,
SWE,1978,
SWZ,1978,
SXM,1978,
SYC,1978,
SYR,1978,
TCA,1978,
TCD,1978,
TGO,1978,
THA,1978,
TJK,1978,
TKM,1978,
TLS,1978,
TON,1978,
TTO,1978,
TUN,1978,
TUR,1978,
TUV,1978,
TZA,1978,
UGA,1978,
UKR,1978,
URY,1978,
USA,1978,
UZB,1978,
VCT,1978,
VEN,1978,
VGB,1978,
VIR,1978,
VNM,1978,
VUT,1978,
WSM,1978,
YEM,1978,
ZAF,1978,
ZMB,1978,
ZWE,1978,
AFG,1979,18.0
AGO,1979,
ALB,1979,
ARE,1979,
ARG,1979,
ARM,1979,
ASM,1979,
ATG,1979,
AUS,1979,
AUT,1979,
AZE,1979,
BDI,1979,23.0
BEL,1979,
BEN,1979,16.0
BFA,1979,
BGD,1979,
BGR,1979,
BHR,1979,
BHS,1979,
BIH,1979,
BLR,1979,
BLZ,1979,
BMU,1979,
BOL,1979,
BRA,1979,
BRB,1979,
BRN,1979,
BTN,1979,
BWA,1979,
CAF,1979,
CAN,1979,
CHE,1979,
CHL,1979,
CHN,1979,
CIV,1979,
CMR,1979,
COD,1979,
COG,1979,
COL,1979,
COM,1979,
CPV,1979,
CRI,1979,
CUB,1979,
CYM,1979,
CYP,1979,
CZE,1979,
DEU,1979,
DJI,1979,
DMA,1979,
DNK,1979,
DOM,1979,
DZA,1979,
ECU,1979,
EGY,1979,
ERI,1979,
ESP,1979,
EST,1979,
ETH,1979,
FIN,1979,
FJI,1979,
FRA,1979,
FSM,1979,
GAB,1979,
GBR,1979,
GEO,1979,
GHA,1979,
GIN,1979,
GMB,1979,
GNB,1979,20.0
GNQ,1979,
GRC,1979,
GRD,1979,
GTM,1979,
GUM,1979,
GUY,1979,
HKG,1979,
HND,1979,
HRV,1979,
HTI,1979,
HUN,1979,
IDN,1979,
IND,1979,
IRL,1979,
IRN,1979,
IRQ,1979,
ISL,1979,
ISR,1979,
ITA,1979,
JAM,1979,
JOR,1979,67.0
JPN,1979,
KAZ,1979,
KEN,1979,
KGZ,1979,
KHM,1979,
KIR,1979,
KNA,1979,
KOR,1979,
KWT,1979,
LAO,1979,
LBN,1979,
LBR,1979,
LBY,1979,
LCA,1979,
LIE,1979,
LKA,1979,
LSO,1979,
LTU,1979,
LUX,1979,
LVA,1979,
MAC,1979,
MAF,1979,
MAR,1979,
MDA,1979,
MDG,1979,
MDV,1979,
MEX,1979,
MHL,1979,
MKD,1979,
MLI,1979,
MLT,1979,
MMR,1979,
MNE,1979,
MNG,1979,
MNP,1979,
MOZ,1979,
MRT,1979,
MUS,1979,
MWI,1979,
MYS,1979,
NAM,1979,
NCL,1979,
NER,1979,
NGA,1979,
NIC,1979,
NLD,1979,
NOR,1979,
NPL,1979,
NZL,1979,
OMN,1979,
PAK,1979,
PAN,1979,
PER,1979,
PHL,1979,
PLW,1979,
PNG,1979,
POL,1979,
PRI,1979,
PRK,1979,
PRT,1979,
PRY,1979,
PSE,1979,
PYF,1979,
QAT,1979,
ROU,1979,
RUS,1979,
RWA,1979,
SAU,1979,
SDN,1979,
SEN,1979,
SGP,1979,
SLB,1979,
SLE,1979,
SLV,1979,
SOM,1979,
SRB,1979,
SSD,1979,
STP,1979,
SUR,1979,
SVK,1979,
SVN,1979,
SWE,1979,
SWZ,1979,
SXM,1979,
SYC,1979,
SYR,1979,
TCA,1979,
TCD,1979,
TGO,1979,
THA,1979,
TJK,1979,
TKM,1979,
TLS,1979,
TON,1979,
TTO,1979,
TUN,1979,
TUR,1979,
TUV,1979,
TZA,1979,
UGA,1979,
UKR,1979,
URY,1979,
USA,1979,
UZB,1979,
VCT,1979,
VEN,1979,
VGB,1979,
VIR,1979,
VNM,1979,84.0
VUT,1979,53.0
WSM,1979,
YEM,1979,
ZAF,1979,
ZMB,1979,
ZWE,1979,
AFG,1980,
AGO,1980,
ALB,1980,
ARE,1980,
ARG,1980,94.0
ARM,1980,
ASM,1980,97.0
ATG,1980,
AUS,1980,
AUT,1980,
AZE,1980,
BDI,1980,
BEL,1980,
BEN,1980,
BFA,1980,
BGD,1980,
BGR,1980,
BHR,1980,
BHS,1980,
BIH,1980,
BLR,1980,
BLZ,1980,
BMU,1980,
BOL,1980,
BRA,1980,75.0
BRB,1980,99.5
BRN,1980,
BTN,1980,
BWA,1980,
CAF,1980,
CAN,1980,
CHE,1980,
CHL,1980,
CHN,1980,
CIV,1980,
CMR,1980,
COD,1980,
COG,1980,
COL,1980,
COM,1980,48.0
CPV,1980,
CRI,1980,
CUB,1980,
CYM,1980,
CYP,1980,
CZE,1980,
DEU,1980,
DJI,1980,
DMA,1980,
DNK,1980,
DOM,1980,
DZA,1980,
ECU,1980,
EGY,1980,
ERI,1980,
ESP,1980,
EST,1980,
ETH,1980,
FIN,1980,
FJI,1980,
FRA,1980,
FSM,1980,
GAB,1980,
GBR,1980,
GEO,1980,
GHA,1980,
GIN,1980,
GMB,1980,
GNB,1980,
GNQ,1980,
GRC,1980,
GRD,1980,98.4000015258789
GTM,1980,
GUM,1980,96.0
GUY,1980,
HKG,1980,
HND,1980,
HRV,1980,
HTI,1980,
HUN,1980,99.0
IDN,1980,67.0
IND,1980,
IRL,1980,
IRN,1980,
IRQ,1980,
ISL,1980,
ISR,1980,
ITA,1980,
JAM,1980,
JOR,1980,
JPN,1980,
KAZ,1980,
KEN,1980,
KGZ,1980,
KHM,1980,
KIR,1980,
KNA,1980,
KOR,1980,
KWT,1980,68.0
LAO,1980,
LBN,1980,
LBR,1980,
LBY,1980,
LCA,1980,
LIE,1980,
LKA,1980,
LSO,1980,
LTU,1980,
LUX,1980,
LVA,1980,
MAC,1980,
MAF,1980,
MAR,1980,
MDA,1980,
MDG,1980,
MDV,1980,
MEX,1980,83.0
MHL,1980,
MKD,1980,
MLI,1980,
MLT,1980,
MMR,1980,
MNE,1980,
MNG,1980,
MNP,1980,
MOZ,1980,27.0
MRT,1980,
MUS,1980,
MWI,1980,
MYS,1980,70.0
NAM,1980,
NCL,1980,
NER,1980,
NGA,1980,
NIC,1980,
NLD,1980,
NOR,1980,
NPL,1980,
NZL,1980,
OMN,1980,
PAK,1980,
PAN,1980,88.0
PER,1980,
PHL,1980,83.0
PLW,1980,92.0
PNG,1980,
POL,1980,
PRI,1980,87.0
PRK,1980,
PRT,1980,
PRY,1980,
PSE,1980,
PYF,1980,
QAT,1980,
ROU,1980,
RUS,1980,
RWA,1980,
SAU,1980,
SDN,1980,
SEN,1980,
SGP,1980,83.0
SLB,1980,
SLE,1980,
SLV,1980,
SOM,1980,
SRB,1980,
SSD,1980,
STP,1980,
SUR,1980,
SVK,1980,
SVN,1980,
SWE,1980,
SWZ,1980,
SXM,1980,
SYC,1980,
SYR,1980,
TCA,1980,
TCD,1980,
TGO,1980,
THA,1980,88.0
TJK,1980,
TKM,1980,
TLS,1980,
TON,1980,
TTO,1980,95.0
TUN,1980,
TUR,1980,66.0
TUV,1980,
TZA,1980,
UGA,1980,
UKR,1980,
URY,1980,
USA,1980,
UZB,1980,
VCT,1980,96.9000015258789
VEN,1980,
VGB,1980,
VIR,1980,
VNM,1980,
VUT,1980,
WSM,1980,
YEM,1980,
ZAF,1980,76.0
ZMB,1980,
ZWE,1980,
AFG,1981,
AGO,1981,
ALB,1981,
ARE,1981,
ARG,1981,
ARM,1981,
ASM,1981,
ATG,1981,
AUS,1981,
AUT,1981,
AZE,1981,
BDI,1981,
BEL,1981,
BEN,1981,
BFA,1981,
BGD,1981,29.0
BGR,1981,
BHR,1981,70.0
BHS,1981,
BIH,1981,
BLR,1981,
BLZ,1981,
BMU,1981,
BOL,1981,
BRA,1981,
BRB,1981,
BRN,1981,78.0
BTN,1981,
BWA,1981,
CAF,1981,
CAN,1981,
CHE,1981,
CHL,1981,
CHN,1981,
CIV,1981,
CMR,1981,
COD,1981,
COG,1981,
COL,1981,
COM,1981,
CPV,1981,
CRI,1981,
CUB,1981,98.0
CYM,1981,
CYP,1981,
CZE,1981,
DEU,1981,
DJI,1981,
DMA,1981,
DNK,1981,
DOM,1981,73.0
DZA,1981,
ECU,1981,
EGY,1981,
ERI,1981,
ESP,1981,93.0
EST,1981,
ETH,1981,
FIN,1981,
FJI,1981,
FRA,1981,
FSM,1981,
GAB,1981,
GBR,1981,
GEO,1981,
GHA,1981,
GIN,1981,
GMB,1981,
GNB,1981,
GNQ,1981,
GRC,1981,91.0
GRD,1981,
GTM,1981,
GUM,1981,
GUY,1981,
HKG,1981,
HND,1981,
HRV,1981,
HTI,1981,
HUN,1981,
IDN,1981,
IND,1981,41.0
IRL,1981,
IRN,1981,
IRQ,1981,
ISL,1981,
ISR,1981,
ITA,1981,96.0
JAM,1981,
JOR,1981,
JPN,1981,
KAZ,1981,
KEN,1981,
KGZ,1981,
KHM,1981,
KIR,1981,
KNA,1981,
KOR,1981,
KWT,1981,
LAO,1981,
LBN,1981,
LBR,1981,
LBY,1981,
LCA,1981,
LIE,1981,
LKA,1981,87.0
LSO,1981,
LTU,1981,
LUX,1981,
LVA,1981,
MAC,1981,90.0
MAF,1981,
MAR,1981,
MDA,1981,
MDG,1981,
MDV,1981,
MEX,1981,
MHL,1981,
MKD,1981,
MLI,1981,
MLT,1981,
MMR,1981,
MNE,1981,90.0
MNG,1981,
MNP,1981,
MOZ,1981,
MRT,1981,
MUS,1981,
MWI,1981,
MYS,1981,
NAM,1981,
NCL,1981,
NER,1981,
NGA,1981,
NIC,1981,
NLD,1981,
NOR,1981,
NPL,1981,21.0
NZL,1981,
OMN,1981,
PAK,1981,26.0
PAN,1981,
PER,1981,82.0
PHL,1981,
PLW,1981,
PNG,1981,
POL,1981,
PRI,1981,
PRK,1981,
PRT,1981,79.0
PRY,1981,
PSE,1981,
PYF,1981,
QAT,1981,
ROU,1981,
RUS,1981,
RWA,1981,
SAU,1981,
SDN,1981,
SEN,1981,
SGP,1981,
SLB,1981,
SLE,1981,
SLV,1981,
SOM,1981,
SRB,1981,
SSD,1981,
STP,1981,57.0
SUR,1981,
SVK,1981,
SVN,1981,
SWE,1981,
SWZ,1981,
SXM,1981,
SYC,1981,
SYR,1981,56.0
TCA,1981,
TCD,1981,
TGO,1981,
THA,1981,
TJK,1981,
TKM,1981,
TLS,1981,
TON,1981,
TTO,1981,
TUN,1981,
TUR,1981,
TUV,1981,
TZA,1981,
UGA,1981,
UKR,1981,
URY,1981,
USA,1981,
UZB,1981,
VCT,1981,
VEN,1981,85.0
VGB,1981,
VIR,1981,
VNM,1981,
VUT,1981,
WSM,1981,
YEM,1981,
ZAF,1981,
ZMB,1981,
ZWE,1981,
AFG,1982,
AGO,1982,
ALB,1982,
ARE,1982,
ARG,1982,
ARM,1982,
ASM,1982,
ATG,1982,
AUS,1982,
AUT,1982,
AZE,1982,
BDI,1982,
BEL,1982,
BEN,1982,
BFA,1982,
BGD,1982,
BGR,1982,
BHR,1982,
BHS,1982,
BIH,1982,
BLR,1982,
BLZ,1982,
BMU,1982,
BOL,1982,
BRA,1982,
BRB,1982,
BRN,1982,
BTN,1982,
BWA,1982,
CAF,1982,
CAN,1982,
CHE,1982,
CHL,1982,91.0
CHN,1982,66.0
CIV,1982,
CMR,1982,
COD,1982,
COG,1982,
COL,1982,
COM,1982,
CPV,1982,
CRI,1982,
CUB,1982,
CYM,1982,
CYP,1982,
CZE,1982,
DEU,1982,
DJI,1982,
DMA,1982,
DNK,1982,
DOM,1982,
DZA,1982,
ECU,1982,84.0
EGY,1982,
ERI,1982,
ESP,1982,
EST,1982,
ETH,1982,
FIN,1982,
FJI,1982,
FRA,1982,
FSM,1982,
GAB,1982,
GBR,1982,
GEO,1982,
GHA,1982,
GIN,1982,
GMB,1982,
GNB,1982,
GNQ,1982,
GRC,1982,
GRD,1982,
GTM,1982,
GUM,1982,
GUY,1982,
HKG,1982,
HND,1982,
HRV,1982,
HTI,1982,35.0
HUN,1982,
IDN,1982,
IND,1982,
IRL,1982,
IRN,1982,
IRQ,1982,
ISL,1982,
ISR,1982,
ITA,1982,
JAM,1982,
JOR,1982,
JPN,1982,
KAZ,1982,
KEN,1982,
KGZ,1982,
KHM,1982,
KIR,1982,
KNA,1982,
KOR,1982,
KWT,1982,
LAO,1982,
LBN,1982,
LBR,1982,
LBY,1982,
LCA,1982,
LIE,1982,
LKA,1982,
LSO,1982,
LTU,1982,
LUX,1982,
LVA,1982,
MAC,1982,
MAF,1982,
MAR,1982,30.0
MDA,1982,
MDG,1982,
MDV,1982,
MEX,1982,
MHL,1982,
MKD,1982,
MLI,1982,
MLT,1982,
MMR,1982,
MNE,1982,
MNG,1982,
MNP,1982,
MOZ,1982,
MRT,1982,
MUS,1982,
MWI,1982,
MYS,1982,
NAM,1982,
NCL,1982,
NER,1982,
NGA,1982,
NIC,1982,
NLD,1982,
NOR,1982,
NPL,1982,
NZL,1982,
OMN,1982,
PAK,1982,
PAN,1982,
PER,1982,
PHL,1982,
PLW,1982,
PNG,1982,
POL,1982,
PRI,1982,
PRK,1982,
PRT,1982,
PRY,1982,78.0
PSE,1982,
PYF,1982,
QAT,1982,
ROU,1982,
RUS,1982,
RWA,1982,
SAU,1982,
SDN,1982,
SEN,1982,
SGP,1982,
SLB,1982,
SLE,1982,
SLV,1982,
SOM,1982,
SRB,1982,
SSD,1982,
STP,1982,
SUR,1982,
SVK,1982,
SVN,1982,
SWE,1982,
SWZ,1982,
SXM,1982,
SYC,1982,
SYR,1982,
TCA,1982,
TCD,1982,
TGO,1982,
THA,1982,
TJK,1982,
TKM,1982,
TLS,1982,
TON,1982,
TTO,1982,
TUN,1982,
TUR,1982,
TUV,1982,
TZA,1982,
UGA,1982,
UKR,1982,
URY,1982,
USA,1982,
UZB,1982,
VCT,1982,
VEN,1982,
VGB,1982,
VIR,1982,
VNM,1982,
VUT,1982,
WSM,1982,
YEM,1982,
ZAF,1982,
ZMB,1982,
ZWE,1982,78.0
AFG,1983,
AGO,1983,
ALB,1983,
ARE,1983,
ARG,1983,
ARM,1983,
ASM,1983,
ATG,1983,
AUS,1983,
AUT,1983,
AZE,1983,
BDI,1983,
BEL,1983,
BEN,1983,
BFA,1983,
BGD,1983,
BGR,1983,
BHR,1983,
BHS,1983,
BIH,1983,
BLR,1983,
BLZ,1983,
BMU,1983,
BOL,1983,
BRA,1983,
BRB,1983,
BRN,1983,
BTN,1983,
BWA,1983,
CAF,1983,
CAN,1983,
CHE,1983,
CHL,1983,
CHN,1983,
CIV,1983,
CMR,1983,
COD,1983,
COG,1983,
COL,1983,
COM,1983,
CPV,1983,
CRI,1983,
CUB,1983,
CYM,1983,
CYP,1983,
CZE,1983,
DEU,1983,
DJI,1983,
DMA,1983,
DNK,1983,
DOM,1983,
DZA,1983,
ECU,1983,
EGY,1983,
ERI,1983,
ESP,1983,
EST,1983,
ETH,1983,
FIN,1983,
FJI,1983,
FRA,1983,
FSM,1983,
GAB,1983,
GBR,1983,
GEO,1983,
GHA,1983,
GIN,1983,
GMB,1983,
GNB,1983,
GNQ,1983,
GRC,1983,
GRD,1983,
GTM,1983,
GUM,1983,
GUY,1983,
HKG,1983,
HND,1983,
HRV,1983,
HTI,1983,
HUN,1983,
IDN,1983,
IND,1983,
IRL,1983,
IRN,1983,
IRQ,1983,
ISL,1983,
ISR,1983,92.0
ITA,1983,
JAM,1983,
JOR,1983,
JPN,1983,
KAZ,1983,
KEN,1983,
KGZ,1983,
KHM,1983,
KIR,1983,
KNA,1983,
KOR,1983,
KWT,1983,
LAO,1983,
LBN,1983,
LBR,1983,
LBY,1983,
LCA,1983,
LIE,1983,
LKA,1983,
LSO,1983,
LTU,1983,
LUX,1983,
LVA,1983,
MAC,1983,
MAF,1983,
MAR,1983,
MDA,1983,
MDG,1983,
MDV,1983,
MEX,1983,
MHL,1983,
MKD,1983,
MLI,1983,
MLT,1983,
MMR,1983,79.0
MNE,1983,
MNG,1983,
MNP,1983,
MOZ,1983,
MRT,1983,
MUS,1983,
MWI,1983,
MYS,1983,
NAM,1983,
NCL,1983,
NER,1983,
NGA,1983,
NIC,1983,
NLD,1983,
NOR,1983,
NPL,1983,
NZL,1983,
OMN,1983,
PAK,1983,
PAN,1983,
PER,1983,
PHL,1983,
PLW,1983,
PNG,1983,
POL,1983,
PRI,1983,
PRK,1983,
PRT,1983,
PRY,1983,
PSE,1983,
PYF,1983,
QAT,1983,
ROU,1983,
RUS,1983,
RWA,1983,
SAU,1983,
SDN,1983,
SEN,1983,
SGP,1983,
SLB,1983,
SLE,1983,
SLV,1983,
SOM,1983,
SRB,1983,
SSD,1983,
STP,1983,
SUR,1983,
SVK,1983,
SVN,1983,
SWE,1983,
SWZ,1983,
SXM,1983,
SYC,1983,
SYR,1983,
TCA,1983,
TCD,1983,
TGO,1983,
THA,1983,
TJK,1983,
TKM,1983,
TLS,1983,
TON,1983,
TTO,1983,
TUN,1983,
TUR,1983,
TUV,1983,
TZA,1983,
UGA,1983,
UKR,1983,
URY,1983,
USA,1983,
UZB,1983,
VCT,1983,
VEN,1983,
VGB,1983,
VIR,1983,
VNM,1983,
VUT,1983,
WSM,1983,
YEM,1983,
ZAF,1983,
ZMB,1983,
ZWE,1983,
AFG,1984,
AGO,1984,
ALB,1984,
ARE,1984,
ARG,1984,
ARM,1984,
ASM,1984,
ATG,1984,
AUS,1984,
AUT,1984,
AZE,1984,
BDI,1984,
BEL,1984,
BEN,1984,
BFA,1984,
BGD,1984,
BGR,1984,
BHR,1984,
BHS,1984,
BIH,1984,
BLR,1984,
BLZ,1984,
BMU,1984,
BOL,1984,
BRA,1984,
BRB,1984,
BRN,1984,
BTN,1984,
BWA,1984,
CAF,1984,
CAN,1984,
CHE,1984,
CHL,1984,
CHN,1984,
CIV,1984,
CMR,1984,
COD,1984,
COG,1984,60.0
COL,1984,
COM,1984,
CPV,1984,
CRI,1984,93.0
CUB,1984,
CYM,1984,
CYP,1984,
CZE,1984,
DEU,1984,
DJI,1984,
DMA,1984,
DNK,1984,
DOM,1984,
DZA,1984,
ECU,1984,
EGY,1984,
ERI,1984,
ESP,1984,
EST,1984,
ETH,1984,
FIN,1984,
FJI,1984,
FRA,1984,
FSM,1984,
GAB,1984,
GBR,1984,
GEO,1984,
GHA,1984,
GIN,1984,
GMB,1984,
GNB,1984,
GNQ,1984,
GRC,1984,
GRD,1984,
GTM,1984,
GUM,1984,
GUY,1984,
HKG,1984,
HND,1984,
HRV,1984,
HTI,1984,
HUN,1984,
IDN,1984,
IND,1984,
IRL,1984,
IRN,1984,
IRQ,1984,
ISL,1984,
ISR,1984,
ITA,1984,
JAM,1984,
JOR,1984,
JPN,1984,
KAZ,1984,
KEN,1984,
KGZ,1984,
KHM,1984,
KIR,1984,
KNA,1984,
KOR,1984,
KWT,1984,
LAO,1984,
LBN,1984,
LBR,1984,32.0
LBY,1984,60.0
LCA,1984,
LIE,1984,
LKA,1984,
LSO,1984,
LTU,1984,
LUX,1984,
LVA,1984,
MAC,1984,
MAF,1984,
MAR,1984,
MDA,1984,
MDG,1984,
MDV,1984,
MEX,1984,
MHL,1984,
MKD,1984,
MLI,1984,
MLT,1984,
MMR,1984,
MNE,1984,
MNG,1984,
MNP,1984,
MOZ,1984,
MRT,1984,
MUS,1984,
MWI,1984,
MYS,1984,
NAM,1984,
NCL,1984,
NER,1984,
NGA,1984,
NIC,1984,
NLD,1984,
NOR,1984,
NPL,1984,
NZL,1984,
OMN,1984,
PAK,1984,
PAN,1984,
PER,1984,
PHL,1984,
PLW,1984,
PNG,1984,
POL,1984,
PRI,1984,
PRK,1984,
PRT,1984,
PRY,1984,
PSE,1984,
PYF,1984,
QAT,1984,
ROU,1984,
RUS,1984,
RWA,1984,
SAU,1984,
SDN,1984,
SEN,1984,
SGP,1984,
SLB,1984,
SLE,1984,
SLV,1984,
SOM,1984,
SRB,1984,
SSD,1984,
STP,1984,
SUR,1984,
SVK,1984,
SVN,1984,
SWE,1984,
SWZ,1984,
SXM,1984,
SYC,1984,
SYR,1984,
TCA,1984,
TCD,1984,
TGO,1984,
THA,1984,
TJK,1984,
TKM,1984,
TLS,1984,
TON,1984,
TTO,1984,
TUN,1984,48.0
TUR,1984,
TUV,1984,
TZA,1984,
UGA,1984,
UKR,1984,
URY,1984,
USA,1984,
UZB,1984,
VCT,1984,
VEN,1984,
VGB,1984,
VIR,1984,
VNM,1984,
VUT,1984,58.2000007629395
WSM,1984,
YEM,1984,
ZAF,1984,
ZMB,1984,
ZWE,1984,
AFG,1985,
AGO,1985,
ALB,1985,
ARE,1985,71.0
ARG,1985,
ARM,1985,
ASM,1985,
ATG,1985,
AUS,1985,
AUT,1985,
AZE,1985,
BDI,1985,
BEL,1985,
BEN,1985,
BFA,1985,
BGD,1985,
BGR,1985,
BHR,1985,
BHS,1985,
BIH,1985,
BLR,1985,
BLZ,1985,
BMU,1985,
BOL,1985,
BRA,1985,
BRB,1985,
BRN,1985,
BTN,1985,
BWA,1985,
CAF,1985,
CAN,1985,
CHE,1985,
CHL,1985,
CHN,1985,
CIV,1985,
CMR,1985,
COD,1985,
COG,1985,
COL,1985,
COM,1985,
CPV,1985,
CRI,1985,
CUB,1985,
CYM,1985,
CYP,1985,
CZE,1985,
DEU,1985,
DJI,1985,
DMA,1985,
DNK,1985,
DOM,1985,
DZA,1985,
ECU,1985,
EGY,1985,
ERI,1985,
ESP,1985,
EST,1985,
ETH,1985,
FIN,1985,
FJI,1985,
FRA,1985,
FSM,1985,
GAB,1985,
GBR,1985,
GEO,1985,
GHA,1985,
GIN,1985,
GMB,1985,
GNB,1985,
GNQ,1985,
GRC,1985,
GRD,1985,
GTM,1985,
GUM,1985,
GUY,1985,
HKG,1985,
HND,1985,
HRV,1985,
HTI,1985,
HUN,1985,
IDN,1985,
IND,1985,
IRL,1985,
IRN,1985,
IRQ,1985,
ISL,1985,
ISR,1985,
ITA,1985,
JAM,1985,
JOR,1985,
JPN,1985,
KAZ,1985,
KEN,1985,
KGZ,1985,
KHM,1985,
KIR,1985,
KNA,1985,
KOR,1985,
KWT,1985,74.0
LAO,1985,
LBN,1985,
LBR,1985,
LBY,1985,
LCA,1985,
LIE,1985,
LKA,1985,
LSO,1985,
LTU,1985,
LUX,1985,
LVA,1985,
MAC,1985,
MAF,1985,
MAR,1985,
MDA,1985,
MDG,1985,
MDV,1985,92.0
MEX,1985,
MHL,1985,
MKD,1985,
MLI,1985,
MLT,1985,87.0
MMR,1985,
MNE,1985,
MNG,1985,
MNP,1985,
MOZ,1985,
MRT,1985,
MUS,1985,
MWI,1985,
MYS,1985,
NAM,1985,
NCL,1985,
NER,1985,
NGA,1985,
NIC,1985,
NLD,1985,
NOR,1985,
NPL,1985,
NZL,1985,
OMN,1985,
PAK,1985,
PAN,1985,
PER,1985,
PHL,1985,
PLW,1985,
PNG,1985,
POL,1985,
PRI,1985,
PRK,1985,
PRT,1985,
PRY,1985,
PSE,1985,
PYF,1985,
QAT,1985,
ROU,1985,
RUS,1985,
RWA,1985,
SAU,1985,
SDN,1985,
SEN,1985,
SGP,1985,
SLB,1985,
SLE,1985,
SLV,1985,
SOM,1985,
SRB,1985,
SSD,1985,
STP,1985,
SUR,1985,
SVK,1985,
SVN,1985,
SWE,1985,
SWZ,1985,
SXM,1985,
SYC,1985,
SYR,1985,
TCA,1985,
TCD,1985,
TGO,1985,
THA,1985,
TJK,1985,
TKM,1985,
TLS,1985,
TON,1985,
TTO,1985,
TUN,1985,
TUR,1985,76.0
TUV,1985,
TZA,1985,
UGA,1985,
UKR,1985,
URY,1985,95.0
USA,1985,
UZB,1985,
VCT,1985,
VEN,1985,
VGB,1985,
VIR,1985,
VNM,1985,
VUT,1985,
WSM,1985,
YEM,1985,
ZAF,1985,
ZMB,1985,
ZWE,1985,
AFG,1986,
AGO,1986,
ALB,1986,
ARE,1986,
ARG,1986,
ARM,1986,
ASM,1986,
ATG,1986,
AUS,1986,
AUT,1986,
AZE,1986,
BDI,1986,
BEL,1986,
BEN,1986,
BFA,1986,
BGD,1986,
BGR,1986,
BHR,1986,
BHS,1986,
BIH,1986,
BLR,1986,
BLZ,1986,
BMU,1986,
BOL,1986,
BRA,1986,
BRB,1986,
BRN,1986,
BTN,1986,
BWA,1986,
CAF,1986,
CAN,1986,
CHE,1986,
CHL,1986,
CHN,1986,
CIV,1986,
CMR,1986,
COD,1986,
COG,1986,
COL,1986,
COM,1986,
CPV,1986,
CRI,1986,
CUB,1986,
CYM,1986,
CYP,1986,
CZE,1986,
DEU,1986,
DJI,1986,
DMA,1986,
DNK,1986,
DOM,1986,
DZA,1986,
ECU,1986,
EGY,1986,44.0
ERI,1986,
ESP,1986,
EST,1986,
ETH,1986,
FIN,1986,
FJI,1986,
FRA,1986,
FSM,1986,
GAB,1986,
GBR,1986,
GEO,1986,
GHA,1986,
GIN,1986,
GMB,1986,
GNB,1986,
GNQ,1986,
GRC,1986,
GRD,1986,
GTM,1986,
GUM,1986,
GUY,1986,
HKG,1986,
HND,1986,
HRV,1986,
HTI,1986,
HUN,1986,
IDN,1986,
IND,1986,
IRL,1986,
IRN,1986,52.0
IRQ,1986,
ISL,1986,
ISR,1986,
ITA,1986,
JAM,1986,
JOR,1986,
JPN,1986,
KAZ,1986,
KEN,1986,
KGZ,1986,
KHM,1986,
KIR,1986,
KNA,1986,
KOR,1986,
KWT,1986,
LAO,1986,
LBN,1986,
LBR,1986,
LBY,1986,
LCA,1986,
LIE,1986,
LKA,1986,
LSO,1986,
LTU,1986,
LUX,1986,
LVA,1986,
MAC,1986,
MAF,1986,
MAR,1986,
MDA,1986,
MDG,1986,
MDV,1986,
MEX,1986,
MHL,1986,
MKD,1986,
MLI,1986,
MLT,1986,
MMR,1986,
MNE,1986,
MNG,1986,
MNP,1986,
MOZ,1986,
MRT,1986,
MUS,1986,
MWI,1986,
MYS,1986,
NAM,1986,
NCL,1986,
NER,1986,
NGA,1986,
NIC,1986,
NLD,1986,
NOR,1986,
NPL,1986,
NZL,1986,
OMN,1986,
PAK,1986,
PAN,1986,
PER,1986,
PHL,1986,
PLW,1986,
PNG,1986,
POL,1986,
PRI,1986,
PRK,1986,
PRT,1986,
PRY,1986,
PSE,1986,
PYF,1986,
QAT,1986,76.0
ROU,1986,
RUS,1986,
RWA,1986,
SAU,1986,
SDN,1986,
SEN,1986,
SGP,1986,
SLB,1986,
SLE,1986,
SLV,1986,
SOM,1986,
SRB,1986,
SSD,1986,
STP,1986,
SUR,1986,
SVK,1986,
SVN,1986,
SWE,1986,
SWZ,1986,67.0
SXM,1986,
SYC,1986,
SYR,1986,
TCA,1986,
TCD,1986,
TGO,1986,
THA,1986,
TJK,1986,
TKM,1986,
TLS,1986,
TON,1986,
TTO,1986,
TUN,1986,
TUR,1986,
TUV,1986,
TZA,1986,
UGA,1986,
UKR,1986,
URY,1986,
USA,1986,
UZB,1986,
VCT,1986,
VEN,1986,
VGB,1986,
VIR,1986,
VNM,1986,
VUT,1986,
WSM,1986,
YEM,1986,
ZAF,1986,
ZMB,1986,
ZWE,1986,
AFG,1987,
AGO,1987,
ALB,1987,
ARE,1987,
ARG,1987,
ARM,1987,
ASM,1987,
ATG,1987,
AUS,1987,
AUT,1987,
AZE,1987,
BDI,1987,
BEL,1987,
BEN,1987,
BFA,1987,
BGD,1987,
BGR,1987,
BHR,1987,
BHS,1987,
BIH,1987,
BLR,1987,
BLZ,1987,
BMU,1987,
BOL,1987,
BRA,1987,
BRB,1987,
BRN,1987,
BTN,1987,
BWA,1987,
CAF,1987,
CAN,1987,
CHE,1987,
CHL,1987,
CHN,1987,
CIV,1987,
CMR,1987,
COD,1987,
COG,1987,
COL,1987,
COM,1987,
CPV,1987,
CRI,1987,
CUB,1987,
CYM,1987,
CYP,1987,
CZE,1987,
DEU,1987,
DJI,1987,
DMA,1987,
DNK,1987,
DOM,1987,
DZA,1987,50.0
ECU,1987,
EGY,1987,
ERI,1987,
ESP,1987,
EST,1987,
ETH,1987,
FIN,1987,
FJI,1987,
FRA,1987,
FSM,1987,
GAB,1987,
GBR,1987,
GEO,1987,
GHA,1987,
GIN,1987,
GMB,1987,
GNB,1987,
GNQ,1987,
GRC,1987,
GRD,1987,
GTM,1987,
GUM,1987,
GUY,1987,
HKG,1987,
HND,1987,
HRV,1987,
HTI,1987,
HUN,1987,
IDN,1987,
IND,1987,
IRL,1987,
IRN,1987,
IRQ,1987,
ISL,1987,
ISR,1987,
ITA,1987,
JAM,1987,
JOR,1987,
JPN,1987,
KAZ,1987,
KEN,1987,
KGZ,1987,
KHM,1987,
KIR,1987,
KNA,1987,
KOR,1987,
KWT,1987,
LAO,1987,
LBN,1987,
LBR,1987,
LBY,1987,
LCA,1987,
LIE,1987,
LKA,1987,
LSO,1987,
LTU,1987,
LUX,1987,
LVA,1987,
MAC,1987,
MAF,1987,
MAR,1987,
MDA,1987,
MDG,1987,
MDV,1987,
MEX,1987,
MHL,1987,
MKD,1987,
MLI,1987,
MLT,1987,
MMR,1987,
MNE,1987,
MNG,1987,
MNP,1987,
MOZ,1987,
MRT,1987,
MUS,1987,
MWI,1987,49.0
MYS,1987,
NAM,1987,
NCL,1987,
NER,1987,
NGA,1987,
NIC,1987,
NLD,1987,
NOR,1987,
NPL,1987,
NZL,1987,
OMN,1987,
PAK,1987,
PAN,1987,
PER,1987,
PHL,1987,
PLW,1987,
PNG,1987,
POL,1987,
PRI,1987,
PRK,1987,
PRT,1987,
PRY,1987,
PSE,1987,
PYF,1987,
QAT,1987,
ROU,1987,
RUS,1987,
RWA,1987,
SAU,1987,
SDN,1987,
SEN,1987,
SGP,1987,
SLB,1987,
SLE,1987,
SLV,1987,
SOM,1987,
SRB,1987,
SSD,1987,
STP,1987,
SUR,1987,
SVK,1987,
SVN,1987,
SWE,1987,
SWZ,1987,
SXM,1987,
SYC,1987,84.0
SYR,1987,
TCA,1987,
TCD,1987,
TGO,1987,
THA,1987,
TJK,1987,
TKM,1987,
TLS,1987,
TON,1987,
TTO,1987,
TUN,1987,
TUR,1987,
TUV,1987,
TZA,1987,
UGA,1987,
UKR,1987,
URY,1987,
USA,1987,
UZB,1987,
VCT,1987,
VEN,1987,
VGB,1987,
VIR,1987,
VNM,1987,
VUT,1987,
WSM,1987,
YEM,1987,
ZAF,1987,
ZMB,1987,
ZWE,1987,
AFG,1988,
AGO,1988,
ALB,1988,
ARE,1988,
ARG,1988,
ARM,1988,
ASM,1988,
ATG,1988,
AUS,1988,
AUT,1988,
AZE,1988,
BDI,1988,
BEL,1988,
BEN,1988,
BFA,1988,
BGD,1988,
BGR,1988,
BHR,1988,
BHS,1988,
BIH,1988,
BLR,1988,
BLZ,1988,
BMU,1988,
BOL,1988,
BRA,1988,
BRB,1988,
BRN,1988,
BTN,1988,
BWA,1988,
CAF,1988,34.0
CAN,1988,
CHE,1988,
CHL,1988,
CHN,1988,
CIV,1988,34.0
CMR,1988,
COD,1988,
COG,1988,
COL,1988,
COM,1988,
CPV,1988,
CRI,1988,
CUB,1988,
CYM,1988,
CYP,1988,
CZE,1988,
DEU,1988,
DJI,1988,
DMA,1988,
DNK,1988,
DOM,1988,
DZA,1988,
ECU,1988,
EGY,1988,
ERI,1988,
ESP,1988,
EST,1988,
ETH,1988,
FIN,1988,
FJI,1988,
FRA,1988,
FSM,1988,
GAB,1988,
GBR,1988,
GEO,1988,
GHA,1988,
GIN,1988,
GMB,1988,
GNB,1988,
GNQ,1988,
GRC,1988,
GRD,1988,
GTM,1988,
GUM,1988,
GUY,1988,
HKG,1988,
HND,1988,
HRV,1988,
HTI,1988,
HUN,1988,
IDN,1988,
IND,1988,
IRL,1988,
IRN,1988,
IRQ,1988,
ISL,1988,
ISR,1988,
ITA,1988,
JAM,1988,
JOR,1988,
JPN,1988,
KAZ,1988,
KEN,1988,
KGZ,1988,
KHM,1988,
KIR,1988,
KNA,1988,
KOR,1988,
KWT,1988,
LAO,1988,
LBN,1988,
LBR,1988,
LBY,1988,
LCA,1988,
LIE,1988,
LKA,1988,
LSO,1988,
LTU,1988,
LUX,1988,
LVA,1988,
MAC,1988,
MAF,1988,
MAR,1988,
MDA,1988,
MDG,1988,
MDV,1988,
MEX,1988,
MHL,1988,
MKD,1988,
MLI,1988,
MLT,1988,
MMR,1988,
MNE,1988,
MNG,1988,
MNP,1988,
MOZ,1988,
MRT,1988,
MUS,1988,
MWI,1988,
MYS,1988,
NAM,1988,
NCL,1988,
NER,1988,
NGA,1988,
NIC,1988,
NLD,1988,
NOR,1988,
NPL,1988,
NZL,1988,
OMN,1988,
PAK,1988,
PAN,1988,
PER,1988,
PHL,1988,
PLW,1988,
PNG,1988,
POL,1988,99.3000030517578
PRI,1988,
PRK,1988,
PRT,1988,
PRY,1988,
PSE,1988,
PYF,1988,
QAT,1988,
ROU,1988,
RUS,1988,
RWA,1988,
SAU,1988,
SDN,1988,
SEN,1988,27.0
SGP,1988,
SLB,1988,
SLE,1988,
SLV,1988,
SOM,1988,
SRB,1988,
SSD,1988,
STP,1988,
SUR,1988,
SVK,1988,
SVN,1988,
SWE,1988,
SWZ,1988,
SXM,1988,
SYC,1988,
SYR,1988,
TCA,1988,
TCD,1988,
TGO,1988,
THA,1988,
TJK,1988,
TKM,1988,
TLS,1988,
TON,1988,
TTO,1988,
TUN,1988,
TUR,1988,
TUV,1988,
TZA,1988,59.0
UGA,1988,
UKR,1988,
URY,1988,
USA,1988,
UZB,1988,
VCT,1988,
VEN,1988,
VGB,1988,
VIR,1988,
VNM,1988,
VUT,1988,
WSM,1988,
YEM,1988,
ZAF,1988,
ZMB,1988,
ZWE,1988,
AFG,1989,
AGO,1989,
ALB,1989,
ARE,1989,
ARG,1989,
ARM,1989,99.0
ASM,1989,
ATG,1989,
AUS,1989,
AUT,1989,
AZE,1989,
BDI,1989,
BEL,1989,
BEN,1989,
BFA,1989,
BGD,1989,
BGR,1989,
BHR,1989,
BHS,1989,
BIH,1989,
BLR,1989,98.0
BLZ,1989,
BMU,1989,
BOL,1989,
BRA,1989,
BRB,1989,
BRN,1989,
BTN,1989,
BWA,1989,
CAF,1989,
CAN,1989,
CHE,1989,
CHL,1989,
CHN,1989,
CIV,1989,
CMR,1989,
COD,1989,
COG,1989,
COL,1989,
COM,1989,
CPV,1989,
CRI,1989,
CUB,1989,
CYM,1989,
CYP,1989,
CZE,1989,
DEU,1989,
DJI,1989,
DMA,1989,
DNK,1989,
DOM,1989,
DZA,1989,
ECU,1989,
EGY,1989,
ERI,1989,
ESP,1989,
EST,1989,100.0
ETH,1989,
FIN,1989,
FJI,1989,
FRA,1989,
FSM,1989,
GAB,1989,
GBR,1989,
GEO,1989,
GHA,1989,
GIN,1989,
GMB,1989,
GNB,1989,
GNQ,1989,
GRC,1989,
GRD,1989,
GTM,1989,
GUM,1989,
GUY,1989,
HKG,1989,
HND,1989,
HRV,1989,
HTI,1989,
HUN,1989,
IDN,1989,
IND,1989,
IRL,1989,
IRN,1989,
IRQ,1989,
ISL,1989,
ISR,1989,
ITA,1989,
JAM,1989,
JOR,1989,
JPN,1989,
KAZ,1989,98.0
KEN,1989,
KGZ,1989,
KHM,1989,
KIR,1989,
KNA,1989,
KOR,1989,
KWT,1989,
LAO,1989,
LBN,1989,
LBR,1989,
LBY,1989,
LCA,1989,
LIE,1989,
LKA,1989,
LSO,1989,
LTU,1989,98.0
LUX,1989,
LVA,1989,99.0
MAC,1989,
MAF,1989,
MAR,1989,
MDA,1989,96.0
MDG,1989,
MDV,1989,
MEX,1989,
MHL,1989,
MKD,1989,
MLI,1989,
MLT,1989,
MMR,1989,
MNE,1989,
MNG,1989,
MNP,1989,
MOZ,1989,
MRT,1989,
MUS,1989,
MWI,1989,
MYS,1989,
NAM,1989,
NCL,1989,93.0
NER,1989,
NGA,1989,
NIC,1989,
NLD,1989,
NOR,1989,
NPL,1989,
NZL,1989,
OMN,1989,
PAK,1989,
PAN,1989,
PER,1989,
PHL,1989,
PLW,1989,
PNG,1989,
POL,1989,
PRI,1989,
PRK,1989,
PRT,1989,
PRY,1989,
PSE,1989,
PYF,1989,
QAT,1989,
ROU,1989,
RUS,1989,98.0
RWA,1989,
SAU,1989,
SDN,1989,
SEN,1989,
SGP,1989,
SLB,1989,
SLE,1989,
SLV,1989,
SOM,1989,
SRB,1989,
SSD,1989,
STP,1989,
SUR,1989,
SVK,1989,
SVN,1989,
SWE,1989,
SWZ,1989,
SXM,1989,
SYC,1989,
SYR,1989,
TCA,1989,
TCD,1989,
TGO,1989,
THA,1989,
TJK,1989,98.0
TKM,1989,
TLS,1989,
TON,1989,
TTO,1989,
TUN,1989,
TUR,1989,
TUV,1989,
TZA,1989,
UGA,1989,
UKR,1989,
URY,1989,
USA,1989,
UZB,1989,
VCT,1989,
VEN,1989,
VGB,1989,
VIR,1989,
VNM,1989,88.0
VUT,1989,
WSM,1989,
YEM,1989,
ZAF,1989,
ZMB,1989,
ZWE,1989,
AFG,1990,
AGO,1990,
ALB,1990,
ARE,1990,
ARG,1990,
ARM,1990,
ASM,1990,
ATG,1990,
AUS,1990,
AUT,1990,
AZE,1990,
BDI,1990,37.0
BEL,1990,
BEN,1990,
BFA,1990,
BGD,1990,
BGR,1990,
BHR,1990,
BHS,1990,
BIH,1990,
BLR,1990,
BLZ,1990,
BMU,1990,
BOL,1990,
BRA,1990,
BRB,1990,
BRN,1990,
BTN,1990,
BWA,1990,
CAF,1990,
CAN,1990,
CHE,1990,
CHL,1990,
CHN,1990,78.0
CIV,1990,
CMR,1990,
COD,1990,
COG,1990,
COL,1990,
COM,1990,
CPV,1990,63.0
CRI,1990,
CUB,1990,
CYM,1990,
CYP,1990,
CZE,1990,
DEU,1990,
DJI,1990,
DMA,1990,
DNK,1990,
DOM,1990,
DZA,1990,
ECU,1990,88.0
EGY,1990,
ERI,1990,
ESP,1990,
EST,1990,
ETH,1990,
FIN,1990,
FJI,1990,
FRA,1990,
FSM,1990,
GAB,1990,
GBR,1990,
GEO,1990,
GHA,1990,
GIN,1990,
GMB,1990,
GNB,1990,
GNQ,1990,
GRC,1990,
GRD,1990,
GTM,1990,
GUM,1990,99.0
GUY,1990,
HKG,1990,
HND,1990,
HRV,1990,
HTI,1990,
HUN,1990,99.0999984741211
IDN,1990,82.0
IND,1990,
IRL,1990,
IRN,1990,
IRQ,1990,
ISL,1990,
ISR,1990,
ITA,1990,
JAM,1990,
JOR,1990,
JPN,1990,
KAZ,1990,
KEN,1990,
KGZ,1990,
KHM,1990,
KIR,1990,
KNA,1990,
KOR,1990,
KWT,1990,
LAO,1990,
LBN,1990,
LBR,1990,
LBY,1990,
LCA,1990,
LIE,1990,
LKA,1990,
LSO,1990,
LTU,1990,
LUX,1990,
LVA,1990,
MAC,1990,
MAF,1990,
MAR,1990,
MDA,1990,
MDG,1990,
MDV,1990,96.0
MEX,1990,88.0
MHL,1990,
MKD,1990,
MLI,1990,
MLT,1990,
MMR,1990,
MNE,1990,
MNG,1990,
MNP,1990,
MOZ,1990,
MRT,1990,
MUS,1990,80.0
MWI,1990,
MYS,1990,
NAM,1990,
NCL,1990,
NER,1990,
NGA,1990,
NIC,1990,
NLD,1990,
NOR,1990,
NPL,1990,
NZL,1990,
OMN,1990,
PAK,1990,
PAN,1990,89.0
PER,1990,
PHL,1990,94.0
PLW,1990,
PNG,1990,
POL,1990,
PRI,1990,90.0
PRK,1990,
PRT,1990,
PRY,1990,
PSE,1990,
PYF,1990,
QAT,1990,
ROU,1990,
RUS,1990,
RWA,1990,
SAU,1990,
SDN,1990,
SEN,1990,
SGP,1990,89.0
SLB,1990,
SLE,1990,
SLV,1990,
SOM,1990,
SRB,1990,
SSD,1990,
STP,1990,
SUR,1990,
SVK,1990,
SVN,1990,
SWE,1990,
SWZ,1990,
SXM,1990,
SYC,1990,
SYR,1990,
TCA,1990,
TCD,1990,
TGO,1990,
THA,1990,
TJK,1990,
TKM,1990,
TLS,1990,
TON,1990,
TTO,1990,97.0
TUN,1990,
TUR,1990,79.0
TUV,1990,
TZA,1990,
UGA,1990,
UKR,1990,
URY,1990,
USA,1990,
UZB,1990,
VCT,1990,
VEN,1990,90.0
VGB,1990,
VIR,1990,
VNM,1990,
VUT,1990,
WSM,1990,
YEM,1990,
ZAF,1990,
ZMB,1990,65.0
ZWE,1990,
AFG,1991,
AGO,1991,
ALB,1991,
ARE,1991,
ARG,1991,96.0
ARM,1991,
ASM,1991,
ATG,1991,
AUS,1991,
AUT,1991,
AZE,1991,
BDI,1991,
BEL,1991,
BEN,1991,
BFA,1991,14.0
BGD,1991,35.0
BGR,1991,
BHR,1991,84.0
BHS,1991,
BIH,1991,89.0
BLR,1991,
BLZ,1991,70.0
BMU,1991,
BOL,1991,
BRA,1991,
BRB,1991,
BRN,1991,88.0
BTN,1991,
BWA,1991,69.0
CAF,1991,
CAN,1991,
CHE,1991,
CHL,1991,
CHN,1991,
CIV,1991,
CMR,1991,
COD,1991,
COG,1991,
COL,1991,
COM,1991,
CPV,1991,
CRI,1991,
CUB,1991,
CYM,1991,
CYP,1991,
CZE,1991,
DEU,1991,
DJI,1991,
DMA,1991,
DNK,1991,
DOM,1991,
DZA,1991,
ECU,1991,
EGY,1991,
ERI,1991,
ESP,1991,96.0
EST,1991,
ETH,1991,
FIN,1991,
FJI,1991,
FRA,1991,
FSM,1991,
GAB,1991,
GBR,1991,
GEO,1991,
GHA,1991,
GIN,1991,
GMB,1991,
GNB,1991,
GNQ,1991,
GRC,1991,93.0
GRD,1991,
GTM,1991,
GUM,1991,
GUY,1991,
HKG,1991,
HND,1991,
HRV,1991,97.0
HTI,1991,
HUN,1991,
IDN,1991,
IND,1991,48.0
IRL,1991,
IRN,1991,66.0
IRQ,1991,
ISL,1991,
ISR,1991,
ITA,1991,
JAM,1991,
JOR,1991,
JPN,1991,
KAZ,1991,
KEN,1991,
KGZ,1991,
KHM,1991,
KIR,1991,
KNA,1991,
KOR,1991,
KWT,1991,
LAO,1991,
LBN,1991,
LBR,1991,
LBY,1991,
LCA,1991,
LIE,1991,
LKA,1991,
LSO,1991,
LTU,1991,
LUX,1991,
LVA,1991,
MAC,1991,
MAF,1991,
MAR,1991,
MDA,1991,
MDG,1991,
MDV,1991,
MEX,1991,
MHL,1991,
MKD,1991,
MLI,1991,
MLT,1991,
MMR,1991,
MNE,1991,93.0
MNG,1991,
MNP,1991,
MOZ,1991,
MRT,1991,
MUS,1991,
MWI,1991,
MYS,1991,83.0
NAM,1991,76.0
NCL,1991,
NER,1991,
NGA,1991,55.0
NIC,1991,
NLD,1991,
NOR,1991,
NPL,1991,33.0
NZL,1991,
OMN,1991,
PAK,1991,
PAN,1991,
PER,1991,
PHL,1991,
PLW,1991,
PNG,1991,
POL,1991,
PRI,1991,
PRK,1991,
PRT,1991,88.0
PRY,1991,
PSE,1991,
PYF,1991,
QAT,1991,
ROU,1991,
RUS,1991,
RWA,1991,58.0
SAU,1991,
SDN,1991,
SEN,1991,
SGP,1991,
SLB,1991,
SLE,1991,
SLV,1991,
SOM,1991,
SRB,1991,
SSD,1991,
STP,1991,73.0
SUR,1991,
SVK,1991,
SVN,1991,100.0
SWE,1991,
SWZ,1991,
SXM,1991,
SYC,1991,
SYR,1991,
TCA,1991,
TCD,1991,
TGO,1991,
THA,1991,
TJK,1991,
TKM,1991,
TLS,1991,
TON,1991,
TTO,1991,
TUN,1991,
TUR,1991,
TUV,1991,
TZA,1991,
UGA,1991,56.0
UKR,1991,
URY,1991,
USA,1991,
UZB,1991,
VCT,1991,
VEN,1991,
VGB,1991,
VIR,1991,
VNM,1991,
VUT,1991,
WSM,1991,98.0
YEM,1991,
ZAF,1991,
ZMB,1991,
ZWE,1991,
AFG,1992,
AGO,1992,
ALB,1992,
ARE,1992,
ARG,1992,
ARM,1992,
ASM,1992,
ATG,1992,
AUS,1992,
AUT,1992,
AZE,1992,
BDI,1992,
BEL,1992,
BEN,1992,27.0
BFA,1992,
BGD,1992,
BGR,1992,
BHR,1992,
BHS,1992,
BIH,1992,
BLR,1992,
BLZ,1992,
BMU,1992,
BOL,1992,80.0
BRA,1992,
BRB,1992,
BRN,1992,
BTN,1992,
BWA,1992,
CAF,1992,
CAN,1992,
CHE,1992,
CHL,1992,94.0
CHN,1992,
CIV,1992,
CMR,1992,
COD,1992,
COG,1992,
COL,1992,
COM,1992,
CPV,1992,
CRI,1992,
CUB,1992,
CYM,1992,
CYP,1992,94.0
CZE,1992,
DEU,1992,
DJI,1992,
DMA,1992,
DNK,1992,
DOM,1992,
DZA,1992,
ECU,1992,
EGY,1992,
ERI,1992,
ESP,1992,
EST,1992,
ETH,1992,
FIN,1992,
FJI,1992,
FRA,1992,
FSM,1992,
GAB,1992,
GBR,1992,
GEO,1992,
GHA,1992,
GIN,1992,
GMB,1992,
GNB,1992,
GNQ,1992,
GRC,1992,
GRD,1992,
GTM,1992,
GUM,1992,
GUY,1992,
HKG,1992,
HND,1992,
HRV,1992,
HTI,1992,
HUN,1992,
IDN,1992,
IND,1992,
IRL,1992,
IRN,1992,
IRQ,1992,
ISL,1992,
ISR,1992,
ITA,1992,
JAM,1992,
JOR,1992,
JPN,1992,
KAZ,1992,
KEN,1992,
KGZ,1992,
KHM,1992,
KIR,1992,
KNA,1992,
KOR,1992,
KWT,1992,
LAO,1992,
LBN,1992,
LBR,1992,
LBY,1992,
LCA,1992,
LIE,1992,
LKA,1992,
LSO,1992,
LTU,1992,
LUX,1992,
LVA,1992,
MAC,1992,
MAF,1992,
MAR,1992,
MDA,1992,
MDG,1992,
MDV,1992,
MEX,1992,
MHL,1992,
MKD,1992,
MLI,1992,
MLT,1992,
MMR,1992,
MNE,1992,
MNG,1992,
MNP,1992,
MOZ,1992,
MRT,1992,
MUS,1992,
MWI,1992,
MYS,1992,
NAM,1992,
NCL,1992,
NER,1992,
NGA,1992,
NIC,1992,
NLD,1992,
NOR,1992,
NPL,1992,
NZL,1992,
OMN,1992,
PAK,1992,
PAN,1992,
PER,1992,
PHL,1992,
PLW,1992,
PNG,1992,
POL,1992,
PRI,1992,
PRK,1992,
PRT,1992,
PRY,1992,90.0
PSE,1992,
PYF,1992,
QAT,1992,
ROU,1992,97.0
RUS,1992,
RWA,1992,
SAU,1992,71.0
SDN,1992,
SEN,1992,
SGP,1992,
SLB,1992,
SLE,1992,
SLV,1992,74.0
SOM,1992,
SRB,1992,
SSD,1992,
STP,1992,
SUR,1992,
SVK,1992,
SVN,1992,
SWE,1992,
SWZ,1992,
SXM,1992,
SYC,1992,
SYR,1992,
TCA,1992,
TCD,1992,
TGO,1992,
THA,1992,
TJK,1992,
TKM,1992,
TLS,1992,
TON,1992,
TTO,1992,
TUN,1992,
TUR,1992,
TUV,1992,
TZA,1992,
UGA,1992,
UKR,1992,
URY,1992,
USA,1992,
UZB,1992,
VCT,1992,
VEN,1992,
VGB,1992,
VIR,1992,
VNM,1992,
VUT,1992,
WSM,1992,
YEM,1992,
ZAF,1992,
ZMB,1992,
ZWE,1992,84.0
AFG,1993,
AGO,1993,
ALB,1993,
ARE,1993,
ARG,1993,
ARM,1993,
ASM,1993,
ATG,1993,
AUS,1993,
AUT,1993,
AZE,1993,
BDI,1993,
BEL,1993,
BEN,1993,
BFA,1993,
BGD,1993,
BGR,1993,
BHR,1993,
BHS,1993,
BIH,1993,
BLR,1993,
BLZ,1993,
BMU,1993,
BOL,1993,
BRA,1993,
BRB,1993,
BRN,1993,
BTN,1993,
BWA,1993,
CAF,1993,
CAN,1993,
CHE,1993,
CHL,1993,
CHN,1993,
CIV,1993,
CMR,1993,
COD,1993,
COG,1993,
COL,1993,91.0
COM,1993,
CPV,1993,
CRI,1993,
CUB,1993,
CYM,1993,
CYP,1993,
CZE,1993,
DEU,1993,
DJI,1993,
DMA,1993,
DNK,1993,
DOM,1993,
DZA,1993,
ECU,1993,
EGY,1993,
ERI,1993,
ESP,1993,
EST,1993,
ETH,1993,
FIN,1993,
FJI,1993,
FRA,1993,
FSM,1993,
GAB,1993,72.0
GBR,1993,
GEO,1993,
GHA,1993,
GIN,1993,
GMB,1993,
GNB,1993,
GNQ,1993,
GRC,1993,
GRD,1993,
GTM,1993,
GUM,1993,
GUY,1993,
HKG,1993,
HND,1993,
HRV,1993,
HTI,1993,
HUN,1993,
IDN,1993,
IND,1993,
IRL,1993,
IRN,1993,
IRQ,1993,
ISL,1993,
ISR,1993,
ITA,1993,
JAM,1993,
JOR,1993,
JPN,1993,
KAZ,1993,
KEN,1993,
KGZ,1993,
KHM,1993,
KIR,1993,
KNA,1993,
KOR,1993,
KWT,1993,
LAO,1993,
LBN,1993,
LBR,1993,
LBY,1993,
LCA,1993,
LIE,1993,
LKA,1993,
LSO,1993,
LTU,1993,
LUX,1993,
LVA,1993,
MAC,1993,
MAF,1993,
MAR,1993,
MDA,1993,
MDG,1993,
MDV,1993,
MEX,1993,
MHL,1993,
MKD,1993,
MLI,1993,
MLT,1993,
MMR,1993,
MNE,1993,
MNG,1993,
MNP,1993,
MOZ,1993,
MRT,1993,
MUS,1993,
MWI,1993,
MYS,1993,
NAM,1993,
NCL,1993,
NER,1993,
NGA,1993,
NIC,1993,
NLD,1993,
NOR,1993,
NPL,1993,
NZL,1993,
OMN,1993,
PAK,1993,
PAN,1993,
PER,1993,87.0
PHL,1993,
PLW,1993,
PNG,1993,
POL,1993,
PRI,1993,
PRK,1993,
PRT,1993,
PRY,1993,
PSE,1993,
PYF,1993,
QAT,1993,
ROU,1993,
RUS,1993,
RWA,1993,
SAU,1993,
SDN,1993,
SEN,1993,
SGP,1993,
SLB,1993,
SLE,1993,
SLV,1993,
SOM,1993,
SRB,1993,
SSD,1993,
STP,1993,
SUR,1993,
SVK,1993,
SVN,1993,
SWE,1993,
SWZ,1993,
SXM,1993,
SYC,1993,
SYR,1993,
TCA,1993,
TCD,1993,11.0
TGO,1993,
THA,1993,
TJK,1993,
TKM,1993,
TLS,1993,
TON,1993,
TTO,1993,
TUN,1993,
TUR,1993,
TUV,1993,
TZA,1993,
UGA,1993,
UKR,1993,
URY,1993,
USA,1993,
UZB,1993,
VCT,1993,
VEN,1993,
VGB,1993,
VIR,1993,
VNM,1993,
VUT,1993,
WSM,1993,
YEM,1993,
ZAF,1993,
ZMB,1993,
ZWE,1993,
AFG,1994,
AGO,1994,
ALB,1994,
ARE,1994,
ARG,1994,
ARM,1994,
ASM,1994,
ATG,1994,
AUS,1994,
AUT,1994,
AZE,1994,
BDI,1994,
BEL,1994,
BEN,1994,
BFA,1994,
BGD,1994,
BGR,1994,
BHR,1994,
BHS,1994,
BIH,1994,
BLR,1994,
BLZ,1994,
BMU,1994,
BOL,1994,
BRA,1994,
BRB,1994,
BRN,1994,
BTN,1994,
BWA,1994,
CAF,1994,
CAN,1994,
CHE,1994,
CHL,1994,
CHN,1994,
CIV,1994,
CMR,1994,
COD,1994,
COG,1994,
COL,1994,
COM,1994,
CPV,1994,
CRI,1994,
CUB,1994,
CYM,1994,
CYP,1994,
CZE,1994,
DEU,1994,
DJI,1994,
DMA,1994,
DNK,1994,
DOM,1994,
DZA,1994,
ECU,1994,
EGY,1994,
ERI,1994,
ESP,1994,
EST,1994,
ETH,1994,27.0
FIN,1994,
FJI,1994,
FRA,1994,
FSM,1994,
GAB,1994,
GBR,1994,
GEO,1994,
GHA,1994,
GIN,1994,
GMB,1994,
GNB,1994,
GNQ,1994,
GRC,1994,
GRD,1994,
GTM,1994,64.0
GUM,1994,
GUY,1994,
HKG,1994,
HND,1994,
HRV,1994,
HTI,1994,
HUN,1994,
IDN,1994,
IND,1994,
IRL,1994,
IRN,1994,
IRQ,1994,
ISL,1994,
ISR,1994,
ITA,1994,
JAM,1994,
JOR,1994,
JPN,1994,
KAZ,1994,
KEN,1994,
KGZ,1994,
KHM,1994,
KIR,1994,
KNA,1994,
KOR,1994,
KWT,1994,
LAO,1994,
LBN,1994,
LBR,1994,
LBY,1994,76.5
LCA,1994,
LIE,1994,
LKA,1994,
LSO,1994,
LTU,1994,
LUX,1994,
LVA,1994,
MAC,1994,
MAF,1994,
MAR,1994,42.0
MDA,1994,
MDG,1994,
MDV,1994,
MEX,1994,
MHL,1994,
MKD,1994,94.0
MLI,1994,
MLT,1994,
MMR,1994,
MNE,1994,
MNG,1994,
MNP,1994,
MOZ,1994,
MRT,1994,
MUS,1994,
MWI,1994,
MYS,1994,
NAM,1994,
NCL,1994,
NER,1994,
NGA,1994,
NIC,1994,
NLD,1994,
NOR,1994,
NPL,1994,
NZL,1994,
OMN,1994,
PAK,1994,
PAN,1994,
PER,1994,
PHL,1994,94.0
PLW,1994,
PNG,1994,
POL,1994,
PRI,1994,
PRK,1994,
PRT,1994,
PRY,1994,
PSE,1994,
PYF,1994,
QAT,1994,
ROU,1994,
RUS,1994,
RWA,1994,
SAU,1994,
SDN,1994,
SEN,1994,
SGP,1994,
SLB,1994,
SLE,1994,
SLV,1994,
SOM,1994,
SRB,1994,
SSD,1994,
STP,1994,
SUR,1994,
SVK,1994,
SVN,1994,
SWE,1994,
SWZ,1994,
SXM,1994,
SYC,1994,88.0
SYR,1994,
TCA,1994,
TCD,1994,
TGO,1994,
THA,1994,
TJK,1994,
TKM,1994,
TLS,1994,
TON,1994,
TTO,1994,
TUN,1994,
TUR,1994,
TUV,1994,
TZA,1994,
UGA,1994,
UKR,1994,
URY,1994,
USA,1994,
UZB,1994,
VCT,1994,
VEN,1994,
VGB,1994,
VIR,1994,
VNM,1994,
VUT,1994,68.6999969482422
WSM,1994,
YEM,1994,37.0
ZAF,1994,
ZMB,1994,
ZWE,1994,
AFG,1995,
AGO,1995,
ALB,1995,
ARE,1995,
ARG,1995,
ARM,1995,
ASM,1995,
ATG,1995,
AUS,1995,
AUT,1995,
AZE,1995,
BDI,1995,
BEL,1995,
BEN,1995,
BFA,1995,
BGD,1995,
BGR,1995,
BHR,1995,
BHS,1995,
BIH,1995,
BLR,1995,
BLZ,1995,
BMU,1995,
BOL,1995,
BRA,1995,
BRB,1995,
BRN,1995,
BTN,1995,
BWA,1995,
CAF,1995,
CAN,1995,
CHE,1995,
CHL,1995,
CHN,1995,
CIV,1995,
CMR,1995,
COD,1995,
COG,1995,
COL,1995,
COM,1995,
CPV,1995,
CRI,1995,
CUB,1995,
CYM,1995,
CYP,1995,
CZE,1995,
DEU,1995,
DJI,1995,
DMA,1995,
DNK,1995,
DOM,1995,
DZA,1995,
ECU,1995,
EGY,1995,
ERI,1995,
ESP,1995,
EST,1995,
ETH,1995,
FIN,1995,
FJI,1995,
FRA,1995,
FSM,1995,
GAB,1995,
GBR,1995,
GEO,1995,
GHA,1995,
GIN,1995,
GMB,1995,
GNB,1995,
GNQ,1995,
GRC,1995,
GRD,1995,
GTM,1995,
GUM,1995,
GUY,1995,
HKG,1995,
HND,1995,
HRV,1995,
HTI,1995,
HUN,1995,
IDN,1995,
IND,1995,
IRL,1995,
IRN,1995,
IRQ,1995,
ISL,1995,
ISR,1995,
ITA,1995,
JAM,1995,
JOR,1995,
JPN,1995,
KAZ,1995,
KEN,1995,
KGZ,1995,
KHM,1995,
KIR,1995,
KNA,1995,
KOR,1995,
KWT,1995,78.0
LAO,1995,60.0
LBN,1995,
LBR,1995,
LBY,1995,
LCA,1995,
LIE,1995,
LKA,1995,
LSO,1995,
LTU,1995,
LUX,1995,
LVA,1995,
MAC,1995,
MAF,1995,
MAR,1995,
MDA,1995,
MDG,1995,
MDV,1995,96.0
MEX,1995,
MHL,1995,
MKD,1995,
MLI,1995,
MLT,1995,88.0
MMR,1995,
MNE,1995,
MNG,1995,
MNP,1995,
MOZ,1995,
MRT,1995,
MUS,1995,
MWI,1995,
MYS,1995,
NAM,1995,
NCL,1995,
NER,1995,
NGA,1995,
NIC,1995,
NLD,1995,
NOR,1995,
NPL,1995,
NZL,1995,
OMN,1995,
PAK,1995,
PAN,1995,
PER,1995,
PHL,1995,
PLW,1995,
PNG,1995,
POL,1995,
PRI,1995,
PRK,1995,
PRT,1995,
PRY,1995,
PSE,1995,
PYF,1995,
QAT,1995,
ROU,1995,
RUS,1995,
RWA,1995,
SAU,1995,
SDN,1995,
SEN,1995,
SGP,1995,
SLB,1995,
SLE,1995,
SLV,1995,
SOM,1995,
SRB,1995,
SSD,1995,
STP,1995,
SUR,1995,
SVK,1995,
SVN,1995,
SWE,1995,
SWZ,1995,
SXM,1995,
SYC,1995,
SYR,1995,
TCA,1995,
TCD,1995,
TGO,1995,
THA,1995,
TJK,1995,
TKM,1995,99.0
TLS,1995,
TON,1995,
TTO,1995,
TUN,1995,
TUR,1995,
TUV,1995,
TZA,1995,
UGA,1995,
UKR,1995,
URY,1995,
USA,1995,
UZB,1995,
VCT,1995,
VEN,1995,
VGB,1995,
VIR,1995,
VNM,1995,
VUT,1995,
WSM,1995,
YEM,1995,
ZAF,1995,
ZMB,1995,
ZWE,1995,
AFG,1996,
AGO,1996,
ALB,1996,
ARE,1996,
ARG,1996,
ARM,1996,
ASM,1996,
ATG,1996,
AUS,1996,
AUT,1996,
AZE,1996,
BDI,1996,
BEL,1996,
BEN,1996,
BFA,1996,13.0
BGD,1996,
BGR,1996,
BHR,1996,
BHS,1996,
BIH,1996,
BLR,1996,
BLZ,1996,
BMU,1996,
BOL,1996,
BRA,1996,
BRB,1996,
BRN,1996,
BTN,1996,
BWA,1996,
CAF,1996,
CAN,1996,
CHE,1996,
CHL,1996,
CHN,1996,
CIV,1996,
CMR,1996,
COD,1996,
COG,1996,
COL,1996,91.0
COM,1996,
CPV,1996,
CRI,1996,
CUB,1996,
CYM,1996,
CYP,1996,
CZE,1996,
DEU,1996,
DJI,1996,
DMA,1996,
DNK,1996,
DOM,1996,
DZA,1996,
ECU,1996,
EGY,1996,56.0
ERI,1996,
ESP,1996,
EST,1996,
ETH,1996,
FIN,1996,
FJI,1996,
FRA,1996,
FSM,1996,
GAB,1996,
GBR,1996,
GEO,1996,
GHA,1996,
GIN,1996,21.0
GMB,1996,
GNB,1996,
GNQ,1996,
GRC,1996,
GRD,1996,
GTM,1996,
GUM,1996,
GUY,1996,
HKG,1996,
HND,1996,
HRV,1996,
HTI,1996,
HUN,1996,
IDN,1996,
IND,1996,
IRL,1996,
IRN,1996,73.0
IRQ,1996,
ISL,1996,
ISR,1996,
ITA,1996,
JAM,1996,
JOR,1996,
JPN,1996,
KAZ,1996,
KEN,1996,
KGZ,1996,
KHM,1996,
KIR,1996,
KNA,1996,
KOR,1996,
KWT,1996,
LAO,1996,
LBN,1996,
LBR,1996,
LBY,1996,
LCA,1996,
LIE,1996,
LKA,1996,
LSO,1996,
LTU,1996,
LUX,1996,
LVA,1996,
MAC,1996,
MAF,1996,
MAR,1996,
MDA,1996,
MDG,1996,
MDV,1996,
MEX,1996,
MHL,1996,
MKD,1996,
MLI,1996,
MLT,1996,
MMR,1996,
MNE,1996,
MNG,1996,
MNP,1996,
MOZ,1996,
MRT,1996,
MUS,1996,
MWI,1996,
MYS,1996,
NAM,1996,
NCL,1996,96.0
NER,1996,
NGA,1996,
NIC,1996,
NLD,1996,
NOR,1996,
NPL,1996,
NZL,1996,
OMN,1996,
PAK,1996,
PAN,1996,
PER,1996,
PHL,1996,
PLW,1996,
PNG,1996,
POL,1996,
PRI,1996,
PRK,1996,
PRT,1996,
PRY,1996,
PSE,1996,
PYF,1996,
QAT,1996,
ROU,1996,
RUS,1996,
RWA,1996,
SAU,1996,
SDN,1996,
SEN,1996,
SGP,1996,
SLB,1996,
SLE,1996,
SLV,1996,
SOM,1996,
SRB,1996,
SSD,1996,
STP,1996,
SUR,1996,
SVK,1996,
SVN,1996,
SWE,1996,
SWZ,1996,
SXM,1996,
SYC,1996,
SYR,1996,
TCA,1996,
TCD,1996,
TGO,1996,
THA,1996,
TJK,1996,
TKM,1996,
TLS,1996,
TON,1996,99.0
TTO,1996,
TUN,1996,
TUR,1996,
TUV,1996,
TZA,1996,
UGA,1996,
UKR,1996,
URY,1996,97.0
USA,1996,
UZB,1996,
VCT,1996,
VEN,1996,
VGB,1996,
VIR,1996,
VNM,1996,
VUT,1996,
WSM,1996,
YEM,1996,
ZAF,1996,82.0
ZMB,1996,
ZWE,1996,
AFG,1997,
AGO,1997,
ALB,1997,
ARE,1997,
ARG,1997,
ARM,1997,
ASM,1997,
ATG,1997,
AUS,1997,
AUT,1997,
AZE,1997,
BDI,1997,
BEL,1997,
BEN,1997,
BFA,1997,
BGD,1997,
BGR,1997,
BHR,1997,
BHS,1997,
BIH,1997,
BLR,1997,
BLZ,1997,
BMU,1997,
BOL,1997,
BRA,1997,
BRB,1997,
BRN,1997,
BTN,1997,
BWA,1997,
CAF,1997,
CAN,1997,
CHE,1997,
CHL,1997,
CHN,1997,
CIV,1997,
CMR,1997,
COD,1997,
COG,1997,
COL,1997,
COM,1997,
CPV,1997,
CRI,1997,
CUB,1997,
CYM,1997,
CYP,1997,
CZE,1997,
DEU,1997,
DJI,1997,
DMA,1997,
DNK,1997,
DOM,1997,
DZA,1997,
ECU,1997,
EGY,1997,
ERI,1997,
ESP,1997,
EST,1997,
ETH,1997,
FIN,1997,
FJI,1997,
FRA,1997,
FSM,1997,
GAB,1997,
GBR,1997,
GEO,1997,
GHA,1997,
GIN,1997,
GMB,1997,
GNB,1997,
GNQ,1997,
GRC,1997,
GRD,1997,
GTM,1997,
GUM,1997,
GUY,1997,
HKG,1997,
HND,1997,
HRV,1997,
HTI,1997,
HUN,1997,
IDN,1997,
IND,1997,
IRL,1997,
IRN,1997,
IRQ,1997,
ISL,1997,
ISR,1997,
ITA,1997,
JAM,1997,
JOR,1997,
JPN,1997,
KAZ,1997,
KEN,1997,
KGZ,1997,
KHM,1997,
KIR,1997,
KNA,1997,
KOR,1997,
KWT,1997,
LAO,1997,
LBN,1997,
LBR,1997,
LBY,1997,
LCA,1997,
LIE,1997,
LKA,1997,
LSO,1997,
LTU,1997,
LUX,1997,
LVA,1997,
MAC,1997,
MAF,1997,
MAR,1997,
MDA,1997,
MDG,1997,
MDV,1997,
MEX,1997,
MHL,1997,
MKD,1997,
MLI,1997,
MLT,1997,
MMR,1997,
MNE,1997,
MNG,1997,
MNP,1997,
MOZ,1997,39.0
MRT,1997,
MUS,1997,
MWI,1997,
MYS,1997,
NAM,1997,
NCL,1997,
NER,1997,
NGA,1997,
NIC,1997,
NLD,1997,
NOR,1997,
NPL,1997,
NZL,1997,
OMN,1997,
PAK,1997,
PAN,1997,
PER,1997,
PHL,1997,
PLW,1997,
PNG,1997,
POL,1997,
PRI,1997,
PRK,1997,
PRT,1997,
PRY,1997,
PSE,1997,86.0
PYF,1997,
QAT,1997,83.0
ROU,1997,
RUS,1997,
RWA,1997,
SAU,1997,
SDN,1997,
SEN,1997,
SGP,1997,
SLB,1997,
SLE,1997,
SLV,1997,
SOM,1997,
SRB,1997,
SSD,1997,
STP,1997,
SUR,1997,
SVK,1997,
SVN,1997,
SWE,1997,
SWZ,1997,
SXM,1997,
SYC,1997,
SYR,1997,
TCA,1997,
TCD,1997,
TGO,1997,
THA,1997,
TJK,1997,
TKM,1997,
TLS,1997,
TON,1997,
TTO,1997,
TUN,1997,
TUR,1997,
TUV,1997,
TZA,1997,
UGA,1997,
UKR,1997,
URY,1997,
USA,1997,
UZB,1997,
VCT,1997,
VEN,1997,
VGB,1997,
VIR,1997,
VNM,1997,
VUT,1997,
WSM,1997,
YEM,1997,
ZAF,1997,
ZMB,1997,
ZWE,1997,
AFG,1998,
AGO,1998,
ALB,1998,
ARE,1998,
ARG,1998,
ARM,1998,
ASM,1998,
ATG,1998,
AUS,1998,
AUT,1998,
AZE,1998,
BDI,1998,
BEL,1998,
BEN,1998,
BFA,1998,
BGD,1998,
BGR,1998,
BHR,1998,
BHS,1998,
BIH,1998,
BLR,1998,
BLZ,1998,
BMU,1998,
BOL,1998,
BRA,1998,
BRB,1998,
BRN,1998,
BTN,1998,
BWA,1998,
CAF,1998,
CAN,1998,
CHE,1998,
CHL,1998,
CHN,1998,
CIV,1998,36.0
CMR,1998,
COD,1998,
COG,1998,
COL,1998,
COM,1998,
CPV,1998,
CRI,1998,
CUB,1998,
CYM,1998,
CYP,1998,
CZE,1998,
DEU,1998,
DJI,1998,
DMA,1998,
DNK,1998,
DOM,1998,
DZA,1998,
ECU,1998,
EGY,1998,
ERI,1998,
ESP,1998,
EST,1998,
ETH,1998,
FIN,1998,
FJI,1998,
FRA,1998,
FSM,1998,
GAB,1998,
GBR,1998,
GEO,1998,
GHA,1998,
GIN,1998,
GMB,1998,
GNB,1998,
GNQ,1998,
GRC,1998,
GRD,1998,
GTM,1998,
GUM,1998,
GUY,1998,
HKG,1998,
HND,1998,
HRV,1998,
HTI,1998,
HUN,1998,
IDN,1998,
IND,1998,
IRL,1998,
IRN,1998,
IRQ,1998,
ISL,1998,
ISR,1998,
ITA,1998,
JAM,1998,
JOR,1998,
JPN,1998,
KAZ,1998,
KEN,1998,
KGZ,1998,
KHM,1998,67.0
KIR,1998,
KNA,1998,
KOR,1998,
KWT,1998,
LAO,1998,
LBN,1998,
LBR,1998,
LBY,1998,
LCA,1998,
LIE,1998,
LKA,1998,
LSO,1998,
LTU,1998,
LUX,1998,
LVA,1998,
MAC,1998,
MAF,1998,
MAR,1998,
MDA,1998,
MDG,1998,
MDV,1998,
MEX,1998,
MHL,1998,
MKD,1998,
MLI,1998,19.0
MLT,1998,
MMR,1998,
MNE,1998,
MNG,1998,
MNP,1998,
MOZ,1998,
MRT,1998,
MUS,1998,
MWI,1998,64.0
MYS,1998,
NAM,1998,
NCL,1998,
NER,1998,
NGA,1998,
NIC,1998,
NLD,1998,
NOR,1998,
NPL,1998,
NZL,1998,
OMN,1998,
PAK,1998,43.0
PAN,1998,
PER,1998,
PHL,1998,
PLW,1998,
PNG,1998,
POL,1998,
PRI,1998,
PRK,1998,
PRT,1998,
PRY,1998,
PSE,1998,
PYF,1998,
QAT,1998,
ROU,1998,
RUS,1998,
RWA,1998,
SAU,1998,
SDN,1998,
SEN,1998,
SGP,1998,
SLB,1998,
SLE,1998,
SLV,1998,
SOM,1998,
SRB,1998,
SSD,1998,
STP,1998,
SUR,1998,
SVK,1998,
SVN,1998,
SWE,1998,
SWZ,1998,
SXM,1998,
SYC,1998,
SYR,1998,
TCA,1998,
TCD,1998,
TGO,1998,
THA,1998,
TJK,1998,
TKM,1998,
TLS,1998,
TON,1998,
TTO,1998,
TUN,1998,
TUR,1998,
TUV,1998,
TZA,1998,
UGA,1998,
UKR,1998,
URY,1998,
USA,1998,
UZB,1998,
VCT,1998,
VEN,1998,
VGB,1998,
VIR,1998,
VNM,1998,
VUT,1998,
WSM,1998,
YEM,1998,
ZAF,1998,
ZMB,1998,
ZWE,1998,
AFG,1999,
AGO,1999,
ALB,1999,
ARE,1999,
ARG,1999,
ARM,1999,
ASM,1999,
ATG,1999,
AUS,1999,
AUT,1999,
AZE,1999,99.0
BDI,1999,
BEL,1999,
BEN,1999,
BFA,1999,
BGD,1999,
BGR,1999,
BHR,1999,
BHS,1999,
BIH,1999,
BLR,1999,100.0
BLZ,1999,
BMU,1999,
BOL,1999,
BRA,1999,
BRB,1999,
BRN,1999,
BTN,1999,
BWA,1999,
CAF,1999,
CAN,1999,
CHE,1999,
CHL,1999,
CHN,1999,
CIV,1999,
CMR,1999,
COD,1999,
COG,1999,
COL,1999,
COM,1999,
CPV,1999,
CRI,1999,
CUB,1999,
CYM,1999,
CYP,1999,
CZE,1999,
DEU,1999,
DJI,1999,
DMA,1999,
DNK,1999,
DOM,1999,
DZA,1999,
ECU,1999,
EGY,1999,
ERI,1999,
ESP,1999,
EST,1999,
ETH,1999,
FIN,1999,
FJI,1999,
FRA,1999,
FSM,1999,
GAB,1999,
GBR,1999,
GEO,1999,
GHA,1999,
GIN,1999,
GMB,1999,
GNB,1999,
GNQ,1999,
GRC,1999,
GRD,1999,
GTM,1999,
GUM,1999,
GUY,1999,
HKG,1999,
HND,1999,
HRV,1999,
HTI,1999,
HUN,1999,
IDN,1999,
IND,1999,
IRL,1999,
IRN,1999,
IRQ,1999,
ISL,1999,
ISR,1999,
ITA,1999,
JAM,1999,80.0
JOR,1999,
JPN,1999,
KAZ,1999,100.0
KEN,1999,
KGZ,1999,99.0
KHM,1999,
KIR,1999,
KNA,1999,
KOR,1999,
KWT,1999,
LAO,1999,
LBN,1999,
LBR,1999,
LBY,1999,
LCA,1999,
LIE,1999,
LKA,1999,
LSO,1999,
LTU,1999,
LUX,1999,
LVA,1999,
MAC,1999,
MAF,1999,
MAR,1999,
MDA,1999,
MDG,1999,
MDV,1999,
MEX,1999,
MHL,1999,
MKD,1999,
MLI,1999,
MLT,1999,
MMR,1999,
MNE,1999,
MNG,1999,
MNP,1999,
MOZ,1999,
MRT,1999,
MUS,1999,
MWI,1999,
MYS,1999,
NAM,1999,
NCL,1999,
NER,1999,
NGA,1999,
NIC,1999,
NLD,1999,
NOR,1999,
NPL,1999,
NZL,1999,
OMN,1999,
PAK,1999,
PAN,1999,
PER,1999,
PHL,1999,
PLW,1999,
PNG,1999,
POL,1999,
PRI,1999,
PRK,1999,
PRT,1999,
PRY,1999,
PSE,1999,
PYF,1999,
QAT,1999,
ROU,1999,
RUS,1999,
RWA,1999,
SAU,1999,
SDN,1999,
SEN,1999,
SGP,1999,
SLB,1999,77.0
SLE,1999,
SLV,1999,
SOM,1999,
SRB,1999,
SSD,1999,
STP,1999,
SUR,1999,
SVK,1999,
SVN,1999,
SWE,1999,
SWZ,1999,
SXM,1999,
SYC,1999,
SYR,1999,
TCA,1999,
TCD,1999,
TGO,1999,
THA,1999,
TJK,1999,
TKM,1999,
TLS,1999,
TON,1999,
TTO,1999,
TUN,1999,
TUR,1999,
TUV,1999,
TZA,1999,
UGA,1999,
UKR,1999,
URY,1999,
USA,1999,
UZB,1999,
VCT,1999,
VEN,1999,
VGB,1999,
VIR,1999,
VNM,1999,90.0
VUT,1999,74.0
WSM,1999,
YEM,1999,
ZAF,1999,
ZMB,1999,68.0
ZWE,1999,
AFG,2000,
AGO,2000,
ALB,2000,
ARE,2000,
ARG,2000,
ARM,2000,
ASM,2000,
ATG,2000,
AUS,2000,
AUT,2000,
AZE,2000,
BDI,2000,59.0
BEL,2000,
BEN,2000,
BFA,2000,
BGD,2000,
BGR,2000,
BHR,2000,
BHS,2000,
BIH,2000,97.0
BLR,2000,
BLZ,2000,
BMU,2000,
BOL,2000,
BRA,2000,86.0
BRB,2000,
BRN,2000,
BTN,2000,
BWA,2000,
CAF,2000,51.0
CAN,2000,
CHE,2000,
CHL,2000,
CHN,2000,91.0
CIV,2000,49.0
CMR,2000,68.0
COD,2000,
COG,2000,
COL,2000,
COM,2000,68.0
CPV,2000,76.1104431152344
CRI,2000,95.0
CUB,2000,
CYM,2000,
CYP,2000,
CZE,2000,
DEU,2000,
DJI,2000,
DMA,2000,
DNK,2000,
DOM,2000,
DZA,2000,
ECU,2000,
EGY,2000,
ERI,2000,
ESP,2000,
EST,2000,100.0
ETH,2000,
FIN,2000,
FJI,2000,
FRA,2000,
FSM,2000,
GAB,2000,
GBR,2000,
GEO,2000,
GHA,2000,58.0
GIN,2000,
GMB,2000,37.0
GNB,2000,41.0
GNQ,2000,88.0
GRC,2000,
GRD,2000,
GTM,2000,
GUM,2000,99.5599975585938
GUY,2000,
HKG,2000,
HND,2000,
HRV,2000,
HTI,2000,
HUN,2000,
IDN,2000,
IND,2000,
IRL,2000,
IRN,2000,
IRQ,2000,74.0
ISL,2000,
ISR,2000,
ITA,2000,
JAM,2000,
JOR,2000,
JPN,2000,
KAZ,2000,
KEN,2000,82.0
KGZ,2000,
KHM,2000,
KIR,2000,
KNA,2000,
KOR,2000,
KWT,2000,
LAO,2000,70.0
LBN,2000,
LBR,2000,
LBY,2000,
LCA,2000,
LIE,2000,
LKA,2000,
LSO,2000,86.0
LTU,2000,
LUX,2000,
LVA,2000,100.0
MAC,2000,
MAF,2000,
MAR,2000,
MDA,2000,97.0
MDG,2000,71.0
MDV,2000,96.0
MEX,2000,91.0
MHL,2000,
MKD,2000,
MLI,2000,
MLT,2000,
MMR,2000,90.0
MNE,2000,
MNG,2000,98.0
MNP,2000,
MOZ,2000,
MRT,2000,51.0
MUS,2000,84.0
MWI,2000,
MYS,2000,
NAM,2000,
NCL,2000,
NER,2000,
NGA,2000,
NIC,2000,
NLD,2000,
NOR,2000,
NPL,2000,
NZL,2000,
OMN,2000,
PAK,2000,
PAN,2000,92.0
PER,2000,
PHL,2000,93.0
PLW,2000,
PNG,2000,57.0
POL,2000,
PRI,2000,
PRK,2000,
PRT,2000,
PRY,2000,
PSE,2000,
PYF,2000,
QAT,2000,
ROU,2000,
RUS,2000,
RWA,2000,65.0
SAU,2000,79.0
SDN,2000,61.0
SEN,2000,
SGP,2000,93.0
SLB,2000,
SLE,2000,
SLV,2000,
SOM,2000,
SRB,2000,
SSD,2000,
STP,2000,
SUR,2000,
SVK,2000,
SVN,2000,
SWE,2000,
SWZ,2000,82.0
SXM,2000,
SYC,2000,
SYR,2000,
TCA,2000,
TCD,2000,26.0
TGO,2000,53.0
THA,2000,93.0
TJK,2000,99.0
TKM,2000,
TLS,2000,
TON,2000,
TTO,2000,97.9000015258789
TUN,2000,
TUR,2000,
TUV,2000,
TZA,2000,
UGA,2000,
UKR,2000,
URY,2000,
USA,2000,
UZB,2000,99.0
VCT,2000,
VEN,2000,
VGB,2000,
VIR,2000,
VNM,2000,90.0
VUT,2000,
WSM,2000,
YEM,2000,
ZAF,2000,
ZMB,2000,
ZWE,2000,
AFG,2001,
AGO,2001,67.0
ALB,2001,99.0
ARE,2001,
ARG,2001,97.0
ARM,2001,99.0
ASM,2001,
ATG,2001,99.0
AUS,2001,
AUT,2001,
AZE,2001,
BDI,2001,
BEL,2001,
BEN,2001,
BFA,2001,
BGD,2001,47.0
BGR,2001,98.0
BHR,2001,87.0
BHS,2001,
BIH,2001,
BLR,2001,
BLZ,2001,80.9000015258789
BMU,2001,
BOL,2001,87.0
BRA,2001,
BRB,2001,
BRN,2001,93.0
BTN,2001,
BWA,2001,
CAF,2001,
CAN,2001,
CHE,2001,
CHL,2001,
CHN,2001,
CIV,2001,
CMR,2001,
COD,2001,67.0
COG,2001,
COL,2001,
COM,2001,
CPV,2001,
CRI,2001,
CUB,2001,
CYM,2001,
CYP,2001,97.0
CZE,2001,
DEU,2001,
DJI,2001,
DMA,2001,
DNK,2001,
DOM,2001,
DZA,2001,
ECU,2001,91.0
EGY,2001,
ERI,2001,
ESP,2001,
EST,2001,
ETH,2001,
FIN,2001,
FJI,2001,
FRA,2001,
FSM,2001,
GAB,2001,
GBR,2001,
GEO,2001,
GHA,2001,
GIN,2001,
GMB,2001,
GNB,2001,
GNQ,2001,
GRC,2001,96.0
GRD,2001,
GTM,2001,
GUM,2001,
GUY,2001,
HKG,2001,
HND,2001,80.0
HRV,2001,98.0
HTI,2001,
HUN,2001,
IDN,2001,
IND,2001,61.0
IRL,2001,
IRN,2001,
IRQ,2001,
ISL,2001,
ISR,2001,
ITA,2001,98.0
JAM,2001,
JOR,2001,
JPN,2001,
KAZ,2001,
KEN,2001,
KGZ,2001,
KHM,2001,
KIR,2001,
KNA,2001,
KOR,2001,
KWT,2001,
LAO,2001,69.0
LBN,2001,
LBR,2001,
LBY,2001,
LCA,2001,
LIE,2001,
LKA,2001,91.0
LSO,2001,
LTU,2001,100.0
LUX,2001,
LVA,2001,
MAC,2001,91.0
MAF,2001,
MAR,2001,
MDA,2001,
MDG,2001,
MDV,2001,
MEX,2001,
MHL,2001,
MKD,2001,
MLI,2001,
MLT,2001,
MMR,2001,
MNE,2001,
MNG,2001,
MNP,2001,
MOZ,2001,
MRT,2001,
MUS,2001,
MWI,2001,
MYS,2001,
NAM,2001,85.0
NCL,2001,
NER,2001,14.0
NGA,2001,
NIC,2001,77.0
NLD,2001,
NOR,2001,
NPL,2001,49.0
NZL,2001,
OMN,2001,
PAK,2001,
PAN,2001,
PER,2001,
PHL,2001,
PLW,2001,
PNG,2001,
POL,2001,
PRI,2001,
PRK,2001,
PRT,2001,
PRY,2001,
PSE,2001,
PYF,2001,
QAT,2001,
ROU,2001,
RUS,2001,
RWA,2001,
SAU,2001,
SDN,2001,
SEN,2001,
SGP,2001,
SLB,2001,
SLE,2001,
SLV,2001,
SOM,2001,
SRB,2001,
SSD,2001,
STP,2001,85.0
SUR,2001,
SVK,2001,
SVN,2001,99.5999984741211
SWE,2001,
SWZ,2001,
SXM,2001,
SYC,2001,
SYR,2001,
TCA,2001,
TCD,2001,
TGO,2001,
THA,2001,
TJK,2001,
TKM,2001,
TLS,2001,38.0
TON,2001,
TTO,2001,
TUN,2001,
TUR,2001,
TUV,2001,
TZA,2001,
UGA,2001,
UKR,2001,99.0
URY,2001,
USA,2001,
UZB,2001,
VCT,2001,
VEN,2001,93.0
VGB,2001,
VIR,2001,
VNM,2001,
VUT,2001,
WSM,2001,
YEM,2001,
ZAF,2001,
ZMB,2001,
ZWE,2001,
AFG,2002,
AGO,2002,
ALB,2002,
ARE,2002,
ARG,2002,
ARM,2002,
ASM,2002,
ATG,2002,
AUS,2002,
AUT,2002,
AZE,2002,
BDI,2002,
BEL,2002,
BEN,2002,35.0
BFA,2002,
BGD,2002,
BGR,2002,
BHR,2002,
BHS,2002,
BIH,2002,
BLR,2002,
BLZ,2002,
BMU,2002,
BOL,2002,
BRA,2002,
BRB,2002,
BRN,2002,
BTN,2002,
BWA,2002,
CAF,2002,
CAN,2002,
CHE,2002,
CHL,2002,96.0
CHN,2002,
CIV,2002,
CMR,2002,
COD,2002,
COG,2002,
COL,2002,
COM,2002,
CPV,2002,
CRI,2002,
CUB,2002,100.0
CYM,2002,
CYP,2002,
CZE,2002,
DEU,2002,
DJI,2002,
DMA,2002,
DNK,2002,
DOM,2002,87.0
DZA,2002,70.0
ECU,2002,
EGY,2002,
ERI,2002,53.0
ESP,2002,
EST,2002,
ETH,2002,
FIN,2002,
FJI,2002,
FRA,2002,
FSM,2002,
GAB,2002,
GBR,2002,
GEO,2002,100.0
GHA,2002,
GIN,2002,
GMB,2002,
GNB,2002,
GNQ,2002,
GRC,2002,
GRD,2002,
GTM,2002,69.0
GUM,2002,
GUY,2002,
HKG,2002,
HND,2002,
HRV,2002,
HTI,2002,
HUN,2002,
IDN,2002,
IND,2002,
IRL,2002,
IRN,2002,77.0
IRQ,2002,
ISL,2002,
ISR,2002,
ITA,2002,
JAM,2002,
JOR,2002,
JPN,2002,
KAZ,2002,
KEN,2002,
KGZ,2002,
KHM,2002,
KIR,2002,
KNA,2002,
KOR,2002,
KWT,2002,
LAO,2002,
LBN,2002,
LBR,2002,
LBY,2002,
LCA,2002,
LIE,2002,
LKA,2002,
LSO,2002,
LTU,2002,
LUX,2002,
LVA,2002,
MAC,2002,
MAF,2002,
MAR,2002,
MDA,2002,
MDG,2002,
MDV,2002,
MEX,2002,90.0
MHL,2002,
MKD,2002,96.0
MLI,2002,
MLT,2002,
MMR,2002,
MNE,2002,
MNG,2002,
MNP,2002,
MOZ,2002,
MRT,2002,
MUS,2002,
MWI,2002,
MYS,2002,
NAM,2002,
NCL,2002,
NER,2002,
NGA,2002,
NIC,2002,
NLD,2002,
NOR,2002,
NPL,2002,
NZL,2002,
OMN,2002,
PAK,2002,
PAN,2002,
PER,2002,
PHL,2002,
PLW,2002,
PNG,2002,
POL,2002,
PRI,2002,
PRK,2002,
PRT,2002,
PRY,2002,
PSE,2002,
PYF,2002,
QAT,2002,
ROU,2002,97.0
RUS,2002,99.0
RWA,2002,
SAU,2002,
SDN,2002,
SEN,2002,39.0
SGP,2002,
SLB,2002,
SLE,2002,
SLV,2002,
SOM,2002,
SRB,2002,
SSD,2002,
STP,2002,
SUR,2002,
SVK,2002,
SVN,2002,
SWE,2002,
SWZ,2002,
SXM,2002,
SYC,2002,92.0
SYR,2002,83.0
TCA,2002,
TCD,2002,
TGO,2002,
THA,2002,
TJK,2002,
TKM,2002,
TLS,2002,
TON,2002,
TTO,2002,
TUN,2002,
TUR,2002,
TUV,2002,
TZA,2002,69.0
UGA,2002,68.0
UKR,2002,
URY,2002,
USA,2002,
UZB,2002,
VCT,2002,
VEN,2002,
VGB,2002,
VIR,2002,
VNM,2002,
VUT,2002,
WSM,2002,
YEM,2002,
ZAF,2002,
ZMB,2002,69.0
ZWE,2002,
AFG,2003,
AGO,2003,
ALB,2003,
ARE,2003,
ARG,2003,
ARM,2003,
ASM,2003,
ATG,2003,
AUS,2003,
AUT,2003,
AZE,2003,
BDI,2003,
BEL,2003,
BEN,2003,
BFA,2003,22.0
BGD,2003,
BGR,2003,
BHR,2003,
BHS,2003,
BIH,2003,
BLR,2003,
BLZ,2003,
BMU,2003,
BOL,2003,
BRA,2003,
BRB,2003,
BRN,2003,
BTN,2003,
BWA,2003,81.0
CAF,2003,
CAN,2003,
CHE,2003,
CHL,2003,
CHN,2003,
CIV,2003,
CMR,2003,
COD,2003,
COG,2003,
COL,2003,
COM,2003,
CPV,2003,
CRI,2003,
CUB,2003,
CYM,2003,
CYP,2003,
CZE,2003,
DEU,2003,
DJI,2003,
DMA,2003,
DNK,2003,
DOM,2003,
DZA,2003,
ECU,2003,
EGY,2003,
ERI,2003,
ESP,2003,
EST,2003,
ETH,2003,
FIN,2003,
FJI,2003,
FRA,2003,
FSM,2003,
GAB,2003,
GBR,2003,
GEO,2003,
GHA,2003,
GIN,2003,30.0
GMB,2003,
GNB,2003,
GNQ,2003,
GRC,2003,
GRD,2003,
GTM,2003,
GUM,2003,
GUY,2003,
HKG,2003,
HND,2003,
HRV,2003,
HTI,2003,59.0
HUN,2003,
IDN,2003,
IND,2003,
IRL,2003,
IRN,2003,
IRQ,2003,
ISL,2003,
ISR,2003,
ITA,2003,
JAM,2003,
JOR,2003,90.0
JPN,2003,
KAZ,2003,
KEN,2003,
KGZ,2003,
KHM,2003,
KIR,2003,
KNA,2003,
KOR,2003,
KWT,2003,
LAO,2003,
LBN,2003,
LBR,2003,
LBY,2003,
LCA,2003,
LIE,2003,
LKA,2003,
LSO,2003,
LTU,2003,
LUX,2003,
LVA,2003,
MAC,2003,
MAF,2003,
MAR,2003,
MDA,2003,
MDG,2003,
MDV,2003,
MEX,2003,
MHL,2003,
MKD,2003,
MLI,2003,24.0
MLT,2003,
MMR,2003,
MNE,2003,98.0
MNG,2003,
MNP,2003,
MOZ,2003,48.0
MRT,2003,
MUS,2003,
MWI,2003,
MYS,2003,
NAM,2003,
NCL,2003,
NER,2003,
NGA,2003,55.0
NIC,2003,
NLD,2003,
NOR,2003,
NPL,2003,
NZL,2003,
OMN,2003,81.0
PAK,2003,
PAN,2003,
PER,2003,
PHL,2003,93.0
PLW,2003,
PNG,2003,
POL,2003,
PRI,2003,
PRK,2003,
PRT,2003,
PRY,2003,
PSE,2003,
PYF,2003,
QAT,2003,
ROU,2003,
RUS,2003,
RWA,2003,
SAU,2003,
SDN,2003,
SEN,2003,
SGP,2003,
SLB,2003,
SLE,2003,
SLV,2003,
SOM,2003,
SRB,2003,96.0
SSD,2003,
STP,2003,
SUR,2003,
SVK,2003,
SVN,2003,
SWE,2003,
SWZ,2003,
SXM,2003,
SYC,2003,
SYR,2003,
TCA,2003,
TCD,2003,
TGO,2003,
THA,2003,
TJK,2003,
TKM,2003,
TLS,2003,
TON,2003,
TTO,2003,
TUN,2003,
TUR,2003,
TUV,2003,
TZA,2003,
UGA,2003,
UKR,2003,
URY,2003,
USA,2003,
UZB,2003,
VCT,2003,
VEN,2003,
VGB,2003,
VIR,2003,
VNM,2003,
VUT,2003,
WSM,2003,
YEM,2003,
ZAF,2003,
ZMB,2003,
ZWE,2003,
AFG,2004,
AGO,2004,
ALB,2004,
ARE,2004,
ARG,2004,
ARM,2004,
ASM,2004,
ATG,2004,
AUS,2004,
AUT,2004,
AZE,2004,
BDI,2004,
BEL,2004,
BEN,2004,
BFA,2004,
BGD,2004,
BGR,2004,
BHR,2004,
BHS,2004,
BIH,2004,
BLR,2004,
BLZ,2004,
BMU,2004,
BOL,2004,
BRA,2004,89.0
BRB,2004,
BRN,2004,
BTN,2004,
BWA,2004,
CAF,2004,
CAN,2004,
CHE,2004,
CHL,2004,
CHN,2004,
CIV,2004,
CMR,2004,
COD,2004,
COG,2004,
COL,2004,93.0
COM,2004,
CPV,2004,
CRI,2004,
CUB,2004,
CYM,2004,
CYP,2004,
CZE,2004,
DEU,2004,
DJI,2004,
DMA,2004,
DNK,2004,
DOM,2004,
DZA,2004,
ECU,2004,
EGY,2004,
ERI,2004,
ESP,2004,97.0
EST,2004,
ETH,2004,35.9000015258789
FIN,2004,
FJI,2004,
FRA,2004,
FSM,2004,
GAB,2004,
GBR,2004,
GEO,2004,
GHA,2004,
GIN,2004,
GMB,2004,
GNB,2004,
GNQ,2004,
GRC,2004,
GRD,2004,
GTM,2004,
GUM,2004,
GUY,2004,
HKG,2004,
HND,2004,
HRV,2004,
HTI,2004,
HUN,2004,
IDN,2004,90.0
IND,2004,
IRL,2004,
IRN,2004,
IRQ,2004,
ISL,2004,
ISR,2004,
ITA,2004,
JAM,2004,
JOR,2004,
JPN,2004,
KAZ,2004,
KEN,2004,
KGZ,2004,
KHM,2004,74.0
KIR,2004,
KNA,2004,
KOR,2004,
KWT,2004,
LAO,2004,
LBN,2004,
LBR,2004,
LBY,2004,
LCA,2004,
LIE,2004,
LKA,2004,
LSO,2004,
LTU,2004,
LUX,2004,
LVA,2004,
MAC,2004,
MAF,2004,
MAR,2004,52.0
MDA,2004,
MDG,2004,
MDV,2004,
MEX,2004,91.0
MHL,2004,
MKD,2004,
MLI,2004,
MLT,2004,
MMR,2004,
MNE,2004,
MNG,2004,
MNP,2004,
MOZ,2004,
MRT,2004,
MUS,2004,
MWI,2004,
MYS,2004,
NAM,2004,
NCL,2004,
NER,2004,
NGA,2004,
NIC,2004,
NLD,2004,
NOR,2004,
NPL,2004,
NZL,2004,
OMN,2004,
PAK,2004,
PAN,2004,
PER,2004,88.0
PHL,2004,
PLW,2004,
PNG,2004,
POL,2004,
PRI,2004,
PRK,2004,
PRT,2004,
PRY,2004,
PSE,2004,92.0
PYF,2004,
QAT,2004,89.0
ROU,2004,
RUS,2004,
RWA,2004,
SAU,2004,83.0
SDN,2004,
SEN,2004,
SGP,2004,
SLB,2004,
SLE,2004,35.0
SLV,2004,
SOM,2004,
SRB,2004,
SSD,2004,
STP,2004,
SUR,2004,90.0
SVK,2004,
SVN,2004,
SWE,2004,
SWZ,2004,
SXM,2004,
SYC,2004,
SYR,2004,81.0
TCA,2004,
TCD,2004,28.0
TGO,2004,
THA,2004,
TJK,2004,
TKM,2004,
TLS,2004,
TON,2004,
TTO,2004,
TUN,2004,74.0
TUR,2004,87.0
TUV,2004,
TZA,2004,
UGA,2004,
UKR,2004,
URY,2004,
USA,2004,
UZB,2004,
VCT,2004,
VEN,2004,
VGB,2004,
VIR,2004,
VNM,2004,
VUT,2004,78.4000015258789
WSM,2004,
YEM,2004,54.0999984741211
ZAF,2004,
ZMB,2004,
ZWE,2004,
AFG,2005,
AGO,2005,
ALB,2005,
ARE,2005,90.0
ARG,2005,
ARM,2005,
ASM,2005,
ATG,2005,
AUS,2005,
AUT,2005,
AZE,2005,
BDI,2005,
BEL,2005,
BEN,2005,
BFA,2005,24.0
BGD,2005,
BGR,2005,
BHR,2005,
BHS,2005,
BIH,2005,
BLR,2005,
BLZ,2005,
BMU,2005,
BOL,2005,
BRA,2005,
BRB,2005,
BRN,2005,
BTN,2005,53.0
BWA,2005,
CAF,2005,
CAN,2005,
CHE,2005,
CHL,2005,
CHN,2005,
CIV,2005,
CMR,2005,
COD,2005,
COG,2005,76.0
COL,2005,93.0
COM,2005,
CPV,2005,
CRI,2005,
CUB,2005,
CYM,2005,
CYP,2005,
CZE,2005,
DEU,2005,
DJI,2005,
DMA,2005,
DNK,2005,
DOM,2005,
DZA,2005,
ECU,2005,
EGY,2005,67.0
ERI,2005,
ESP,2005,98.0
EST,2005,
ETH,2005,29.8203392028809
FIN,2005,
FJI,2005,
FRA,2005,
FSM,2005,
GAB,2005,
GBR,2005,
GEO,2005,
GHA,2005,
GIN,2005,
GMB,2005,
GNB,2005,
GNQ,2005,
GRC,2005,
GRD,2005,
GTM,2005,
GUM,2005,
GUY,2005,
HKG,2005,
HND,2005,
HRV,2005,
HTI,2005,
HUN,2005,
IDN,2005,
IND,2005,
IRL,2005,
IRN,2005,82.0
IRQ,2005,
ISL,2005,
ISR,2005,
ITA,2005,
JAM,2005,
JOR,2005,91.0
JPN,2005,
KAZ,2005,
KEN,2005,
KGZ,2005,
KHM,2005,
KIR,2005,
KNA,2005,
KOR,2005,
KWT,2005,93.0
LAO,2005,73.0
LBN,2005,
LBR,2005,
LBY,2005,
LCA,2005,
LIE,2005,
LKA,2005,
LSO,2005,
LTU,2005,
LUX,2005,
LVA,2005,
MAC,2005,
MAF,2005,
MAR,2005,
MDA,2005,
MDG,2005,59.0
MDV,2005,
MEX,2005,92.0
MHL,2005,
MKD,2005,
MLI,2005,
MLT,2005,92.0
MMR,2005,
MNE,2005,
MNG,2005,
MNP,2005,
MOZ,2005,
MRT,2005,
MUS,2005,
MWI,2005,
MYS,2005,
NAM,2005,
NCL,2005,
NER,2005,29.0
NGA,2005,
NIC,2005,78.0
NLD,2005,
NOR,2005,
NPL,2005,
NZL,2005,
OMN,2005,
PAK,2005,50.0
PAN,2005,
PER,2005,88.0
PHL,2005,
PLW,2005,
PNG,2005,
POL,2005,
PRI,2005,
PRK,2005,
PRT,2005,
PRY,2005,
PSE,2005,
PYF,2005,
QAT,2005,
ROU,2005,
RUS,2005,
RWA,2005,
SAU,2005,
SDN,2005,
SEN,2005,
SGP,2005,
SLB,2005,
SLE,2005,
SLV,2005,
SOM,2005,
SRB,2005,
SSD,2005,
STP,2005,
SUR,2005,
SVK,2005,
SVN,2005,
SWE,2005,
SWZ,2005,
SXM,2005,
SYC,2005,
SYR,2005,
TCA,2005,
TCD,2005,
TGO,2005,
THA,2005,94.0
TJK,2005,
TKM,2005,99.4000015258789
TLS,2005,
TON,2005,
TTO,2005,
TUN,2005,
TUR,2005,88.0
TUV,2005,
TZA,2005,
UGA,2005,
UKR,2005,
URY,2005,
USA,2005,
UZB,2005,
VCT,2005,
VEN,2005,
VGB,2005,
VIR,2005,
VNM,2005,
VUT,2005,
WSM,2005,
YEM,2005,
ZAF,2005,
ZMB,2005,
ZWE,2005,
AFG,2006,
AGO,2006,
ALB,2006,
ARE,2006,
ARG,2006,
ARM,2006,
ASM,2006,
ATG,2006,
AUS,2006,
AUT,2006,
AZE,2006,
BDI,2006,
BEL,2006,
BEN,2006,28.7021102905273
BFA,2006,22.0
BGD,2006,
BGR,2006,
BHR,2006,
BHS,2006,
BIH,2006,
BLR,2006,
BLZ,2006,
BMU,2006,
BOL,2006,
BRA,2006,90.0
BRB,2006,
BRN,2006,
BTN,2006,
BWA,2006,
CAF,2006,
CAN,2006,
CHE,2006,
CHL,2006,
CHN,2006,
CIV,2006,
CMR,2006,
COD,2006,
COG,2006,
COL,2006,92.0
COM,2006,
CPV,2006,
CRI,2006,
CUB,2006,
CYM,2006,
CYP,2006,
CZE,2006,
DEU,2006,
DJI,2006,
DMA,2006,
DNK,2006,
DOM,2006,
DZA,2006,73.0
ECU,2006,
EGY,2006,66.0
ERI,2006,
ESP,2006,98.0
EST,2006,
ETH,2006,
FIN,2006,
FJI,2006,
FRA,2006,
FSM,2006,
GAB,2006,
GBR,2006,
GEO,2006,
GHA,2006,
GIN,2006,
GMB,2006,
GNB,2006,
GNQ,2006,
GRC,2006,
GRD,2006,
GTM,2006,
GUM,2006,
GUY,2006,
HKG,2006,
HND,2006,
HRV,2006,
HTI,2006,48.6850204467773
HUN,2006,
IDN,2006,92.0
IND,2006,63.0
IRL,2006,
IRN,2006,82.0
IRQ,2006,
ISL,2006,
ISR,2006,
ITA,2006,
JAM,2006,
JOR,2006,
JPN,2006,
KAZ,2006,
KEN,2006,
KGZ,2006,
KHM,2006,
KIR,2006,
KNA,2006,
KOR,2006,
KWT,2006,93.0
LAO,2006,
LBN,2006,
LBR,2006,
LBY,2006,
LCA,2006,
LIE,2006,
LKA,2006,91.0
LSO,2006,
LTU,2006,
LUX,2006,
LVA,2006,
MAC,2006,93.0
MAF,2006,
MAR,2006,
MDA,2006,
MDG,2006,
MDV,2006,98.0
MEX,2006,92.0
MHL,2006,
MKD,2006,
MLI,2006,26.0
MLT,2006,
MMR,2006,
MNE,2006,
MNG,2006,
MNP,2006,
MOZ,2006,
MRT,2006,
MUS,2006,
MWI,2006,
MYS,2006,
NAM,2006,
NCL,2006,97.3000030517578
NER,2006,
NGA,2006,70.0
NIC,2006,
NLD,2006,
NOR,2006,
NPL,2006,
NZL,2006,
OMN,2006,
PAK,2006,54.0
PAN,2006,
PER,2006,89.0
PHL,2006,
PLW,2006,
PNG,2006,
POL,2006,
PRI,2006,
PRK,2006,
PRT,2006,
PRY,2006,
PSE,2006,93.0
PYF,2006,
QAT,2006,
ROU,2006,
RUS,2006,
RWA,2006,
SAU,2006,
SDN,2006,
SEN,2006,42.0
SGP,2006,
SLB,2006,
SLE,2006,
SLV,2006,84.0
SOM,2006,
SRB,2006,
SSD,2006,
STP,2006,
SUR,2006,
SVK,2006,
SVN,2006,
SWE,2006,
SWZ,2006,
SXM,2006,
SYC,2006,
SYR,2006,
TCA,2006,
TCD,2006,
TGO,2006,57.0
THA,2006,
TJK,2006,
TKM,2006,
TLS,2006,
TON,2006,99.0
TTO,2006,
TUN,2006,
TUR,2006,88.0
TUV,2006,
TZA,2006,
UGA,2006,71.0
UKR,2006,
URY,2006,98.0
USA,2006,
UZB,2006,
VCT,2006,
VEN,2006,
VGB,2006,
VIR,2006,
VNM,2006,
VUT,2006,
WSM,2006,
YEM,2006,
ZAF,2006,
ZMB,2006,
ZWE,2006,
AFG,2007,
AGO,2007,
ALB,2007,
ARE,2007,
ARG,2007,
ARM,2007,
ASM,2007,
ATG,2007,
AUS,2007,
AUT,2007,
AZE,2007,100.0
BDI,2007,
BEL,2007,
BEN,2007,
BFA,2007,28.0
BGD,2007,46.6636009216309
BGR,2007,
BHR,2007,
BHS,2007,
BIH,2007,
BLR,2007,
BLZ,2007,
BMU,2007,
BOL,2007,91.0
BRA,2007,90.0
BRB,2007,
BRN,2007,
BTN,2007,
BWA,2007,
CAF,2007,
CAN,2007,
CHE,2007,
CHL,2007,
CHN,2007,
CIV,2007,
CMR,2007,71.0
COD,2007,61.2055511474609
COG,2007,
COL,2007,93.0
COM,2007,
CPV,2007,
CRI,2007,
CUB,2007,
CYM,2007,99.0
CYP,2007,
CZE,2007,
DEU,2007,
DJI,2007,
DMA,2007,
DNK,2007,
DOM,2007,88.0
DZA,2007,
ECU,2007,92.0
EGY,2007,
ERI,2007,
ESP,2007,98.0
EST,2007,
ETH,2007,39.0
FIN,2007,
FJI,2007,
FRA,2007,
FSM,2007,
GAB,2007,
GBR,2007,
GEO,2007,
GHA,2007,
GIN,2007,
GMB,2007,
GNB,2007,
GNQ,2007,
GRC,2007,
GRD,2007,
GTM,2007,
GUM,2007,
GUY,2007,
HKG,2007,
HND,2007,84.0
HRV,2007,
HTI,2007,
HUN,2007,
IDN,2007,
IND,2007,
IRL,2007,
IRN,2007,
IRQ,2007,
ISL,2007,
ISR,2007,
ITA,2007,
JAM,2007,
JOR,2007,92.0
JPN,2007,
KAZ,2007,
KEN,2007,72.1570281982422
KGZ,2007,
KHM,2007,
KIR,2007,
KNA,2007,
KOR,2007,
KWT,2007,94.0
LAO,2007,
LBN,2007,90.0
LBR,2007,42.9410781860352
LBY,2007,
LCA,2007,
LIE,2007,
LKA,2007,
LSO,2007,
LTU,2007,
LUX,2007,
LVA,2007,
MAC,2007,
MAF,2007,
MAR,2007,
MDA,2007,
MDG,2007,
MDV,2007,
MEX,2007,93.0
MHL,2007,
MKD,2007,
MLI,2007,
MLT,2007,
MMR,2007,
MNE,2007,
MNG,2007,
MNP,2007,
MOZ,2007,
MRT,2007,45.5037803649902
MUS,2007,
MWI,2007,
MYS,2007,
NAM,2007,76.4865875244141
NCL,2007,
NER,2007,
NGA,2007,
NIC,2007,
NLD,2007,
NOR,2007,
NPL,2007,
NZL,2007,
OMN,2007,
PAK,2007,52.0
PAN,2007,
PER,2007,90.0
PHL,2007,
PLW,2007,
PNG,2007,
POL,2007,
PRI,2007,
PRK,2007,
PRT,2007,
PRY,2007,95.0
PSE,2007,94.0
PYF,2007,
QAT,2007,93.0
ROU,2007,
RUS,2007,
RWA,2007,
SAU,2007,
SDN,2007,
SEN,2007,
SGP,2007,
SLB,2007,
SLE,2007,
SLV,2007,82.0
SOM,2007,
SRB,2007,
SSD,2007,
STP,2007,
SUR,2007,
SVK,2007,
SVN,2007,
SWE,2007,
SWZ,2007,
SXM,2007,
SYC,2007,
SYR,2007,
TCA,2007,
TCD,2007,
TGO,2007,
THA,2007,
TJK,2007,
TKM,2007,
TLS,2007,51.0
TON,2007,
TTO,2007,
TUN,2007,77.0
TUR,2007,89.0
TUV,2007,
TZA,2007,
UGA,2007,
UKR,2007,
URY,2007,98.0
USA,2007,
UZB,2007,
VCT,2007,
VEN,2007,95.0
VGB,2007,
VIR,2007,
VNM,2007,
VUT,2007,
WSM,2007,
YEM,2007,
ZAF,2007,89.0
ZMB,2007,61.1270904541016
ZWE,2007,
AFG,2008,
AGO,2008,
ALB,2008,96.0
ARE,2008,
ARG,2008,
ARM,2008,
ASM,2008,
ATG,2008,
AUS,2008,
AUT,2008,
AZE,2008,
BDI,2008,48.0
BEL,2008,
BEN,2008,
BFA,2008,
BGD,2008,
BGR,2008,
BHR,2008,
BHS,2008,
BIH,2008,
BLR,2008,
BLZ,2008,
BMU,2008,
BOL,2008,91.0
BRA,2008,90.0
BRB,2008,
BRN,2008,
BTN,2008,
BWA,2008,
CAF,2008,
CAN,2008,
CHE,2008,
CHL,2008,
CHN,2008,
CIV,2008,
CMR,2008,
COD,2008,
COG,2008,
COL,2008,93.0
COM,2008,
CPV,2008,
CRI,2008,
CUB,2008,
CYM,2008,
CYP,2008,
CZE,2008,
DEU,2008,
DJI,2008,
DMA,2008,
DNK,2008,
DOM,2008,
DZA,2008,75.0
ECU,2008,92.0
EGY,2008,
ERI,2008,65.0
ESP,2008,98.0
EST,2008,
ETH,2008,
FIN,2008,
FJI,2008,
FRA,2008,
FSM,2008,
GAB,2008,
GBR,2008,
GEO,2008,
GHA,2008,
GIN,2008,
GMB,2008,
GNB,2008,
GNQ,2008,
GRC,2008,
GRD,2008,
GTM,2008,
GUM,2008,
GUY,2008,
HKG,2008,
HND,2008,
HRV,2008,
HTI,2008,
HUN,2008,
IDN,2008,92.0
IND,2008,
IRL,2008,
IRN,2008,83.0
IRQ,2008,
ISL,2008,
ISR,2008,
ITA,2008,
JAM,2008,
JOR,2008,
JPN,2008,
KAZ,2008,
KEN,2008,
KGZ,2008,
KHM,2008,77.0
KIR,2008,
KNA,2008,
KOR,2008,98.0
KWT,2008,94.0
LAO,2008,
LBN,2008,
LBR,2008,
LBY,2008,
LCA,2008,
LIE,2008,
LKA,2008,91.0
LSO,2008,
LTU,2008,
LUX,2008,
LVA,2008,
MAC,2008,
MAF,2008,
MAR,2008,55.0
MDA,2008,
MDG,2008,
MDV,2008,
MEX,2008,93.0
MHL,2008,
MKD,2008,
MLI,2008,
MLT,2008,
MMR,2008,
MNE,2008,
MNG,2008,
MNP,2008,
MOZ,2008,
MRT,2008,
MUS,2008,
MWI,2008,
MYS,2008,
NAM,2008,
NCL,2008,
NER,2008,
NGA,2008,51.0776596069336
NIC,2008,
NLD,2008,
NOR,2008,
NPL,2008,
NZL,2008,
OMN,2008,87.0
PAK,2008,56.0
PAN,2008,
PER,2008,
PHL,2008,95.0
PLW,2008,
PNG,2008,
POL,2008,
PRI,2008,
PRK,2008,100.0
PRT,2008,
PRY,2008,93.0
PSE,2008,94.0
PYF,2008,
QAT,2008,94.0
ROU,2008,
RUS,2008,
RWA,2008,
SAU,2008,
SDN,2008,54.0
SEN,2008,
SGP,2008,
SLB,2008,
SLE,2008,
SLV,2008,84.0
SOM,2008,
SRB,2008,
SSD,2008,27.0
STP,2008,69.5363922119141
SUR,2008,95.0
SVK,2008,
SVN,2008,
SWE,2008,
SWZ,2008,
SXM,2008,
SYC,2008,
SYR,2008,
TCA,2008,
TCD,2008,
TGO,2008,
THA,2008,
TJK,2008,
TKM,2008,
TLS,2008,
TON,2008,
TTO,2008,
TUN,2008,78.0
TUR,2008,
TUV,2008,
TZA,2008,
UGA,2008,
UKR,2008,
URY,2008,98.0
USA,2008,
UZB,2008,
VCT,2008,
VEN,2008,
VGB,2008,
VIR,2008,
VNM,2008,
VUT,2008,
WSM,2008,
YEM,2008,
ZAF,2008,
ZMB,2008,
ZWE,2008,
AFG,2009,
AGO,2009,
ALB,2009,
ARE,2009,
ARG,2009,
ARM,2009,
ASM,2009,
ATG,2009,
AUS,2009,
AUT,2009,
AZE,2009,100.0
BDI,2009,
BEL,2009,
BEN,2009,
BFA,2009,
BGD,2009,
BGR,2009,
BHR,2009,
BHS,2009,
BIH,2009,
BLR,2009,100.0
BLZ,2009,
BMU,2009,
BOL,2009,91.0
BRA,2009,90.0
BRB,2009,
BRN,2009,
BTN,2009,
BWA,2009,
CAF,2009,
CAN,2009,
CHE,2009,
CHL,2009,
CHN,2009,
CIV,2009,
CMR,2009,
COD,2009,
COG,2009,
COL,2009,93.0
COM,2009,
CPV,2009,
CRI,2009,
CUB,2009,
CYM,2009,
CYP,2009,
CZE,2009,
DEU,2009,
DJI,2009,
DMA,2009,
DNK,2009,
DOM,2009,
DZA,2009,
ECU,2009,92.0
EGY,2009,
ERI,2009,
ESP,2009,98.0
EST,2009,
ETH,2009,
FIN,2009,
FJI,2009,
FRA,2009,
FSM,2009,
GAB,2009,
GBR,2009,
GEO,2009,
GHA,2009,
GIN,2009,
GMB,2009,
GNB,2009,
GNQ,2009,
GRC,2009,94.0
GRD,2009,
GTM,2009,
GUM,2009,
GUY,2009,84.994010925293
HKG,2009,
HND,2009,
HRV,2009,
HTI,2009,
HUN,2009,
IDN,2009,93.0
IND,2009,
IRL,2009,
IRN,2009,
IRQ,2009,
ISL,2009,
ISR,2009,
ITA,2009,
JAM,2009,
JOR,2009,
JPN,2009,
KAZ,2009,100.0
KEN,2009,
KGZ,2009,99.0
KHM,2009,76.0
KIR,2009,
KNA,2009,
KOR,2009,
KWT,2009,
LAO,2009,
LBN,2009,91.0
LBR,2009,
LBY,2009,
LCA,2009,
LIE,2009,
LKA,2009,
LSO,2009,75.8002014160156
LTU,2009,
LUX,2009,
LVA,2009,
MAC,2009,
MAF,2009,
MAR,2009,56.0
MDA,2009,
MDG,2009,64.4809112548828
MDV,2009,
MEX,2009,93.0
MHL,2009,
MKD,2009,
MLI,2009,
MLT,2009,
MMR,2009,
MNE,2009,
MNG,2009,
MNP,2009,
MOZ,2009,51.0
MRT,2009,
MUS,2009,
MWI,2009,
MYS,2009,
NAM,2009,
NCL,2009,
NER,2009,
NGA,2009,
NIC,2009,
NLD,2009,
NOR,2009,
NPL,2009,
NZL,2009,
OMN,2009,
PAK,2009,55.0
PAN,2009,
PER,2009,
PHL,2009,
PLW,2009,
PNG,2009,
POL,2009,
PRI,2009,
PRK,2009,
PRT,2009,
PRY,2009,94.0
PSE,2009,94.0
PYF,2009,
QAT,2009,95.0
ROU,2009,
RUS,2009,
RWA,2009,
SAU,2009,
SDN,2009,
SEN,2009,48.0
SGP,2009,
SLB,2009,
SLE,2009,
SLV,2009,84.0
SOM,2009,
SRB,2009,
SSD,2009,
STP,2009,
SUR,2009,
SVK,2009,
SVN,2009,
SWE,2009,
SWZ,2009,
SXM,2009,
SYC,2009,
SYR,2009,
TCA,2009,
TCD,2009,
TGO,2009,57.0
THA,2009,
TJK,2009,
TKM,2009,
TLS,2009,
TON,2009,
TTO,2009,
TUN,2009,
TUR,2009,91.0
TUV,2009,
TZA,2009,
UGA,2009,
UKR,2009,
URY,2009,98.0
USA,2009,
UZB,2009,
VCT,2009,
VEN,2009,96.0
VGB,2009,
VIR,2009,
VNM,2009,94.0
VUT,2009,
WSM,2009,
YEM,2009,
ZAF,2009,93.0
ZMB,2009,
ZWE,2009,
AFG,2010,
AGO,2010,
ALB,2010,
ARE,2010,
ARG,2010,
ARM,2010,
ASM,2010,
ATG,2010,
AUS,2010,
AUT,2010,
AZE,2010,100.0
BDI,2010,
BEL,2010,
BEN,2010,
BFA,2010,
BGD,2010,
BGR,2010,
BHR,2010,
BHS,2010,
BIH,2010,
BLR,2010,
BLZ,2010,
BMU,2010,
BOL,2010,
BRA,2010,90.0
BRB,2010,
BRN,2010,
BTN,2010,
BWA,2010,
CAF,2010,36.7526092529297
CAN,2010,
CHE,2010,
CHL,2010,
CHN,2010,95.0
CIV,2010,
CMR,2010,71.0
COD,2010,
COG,2010,
COL,2010,93.0
COM,2010,
CPV,2010,
CRI,2010,
CUB,2010,
CYM,2010,
CYP,2010,
CZE,2010,
DEU,2010,
DJI,2010,
DMA,2010,
DNK,2010,
DOM,2010,90.0
DZA,2010,
ECU,2010,92.0
EGY,2010,72.0
ERI,2010,
ESP,2010,98.0
EST,2010,
ETH,2010,
FIN,2010,
FJI,2010,
FRA,2010,
FSM,2010,
GAB,2010,
GBR,2010,
GEO,2010,
GHA,2010,71.0
GIN,2010,25.0
GMB,2010,
GNB,2010,
GNQ,2010,94.3705368041992
GRC,2010,
GRD,2010,
GTM,2010,
GUM,2010,
GUY,2010,
HKG,2010,
HND,2010,85.0
HRV,2010,
HTI,2010,
HUN,2010,
IDN,2010,
IND,2010,
IRL,2010,
IRN,2010,
IRQ,2010,
ISL,2010,
ISR,2010,
ITA,2010,
JAM,2010,
JOR,2010,93.0
JPN,2010,
KAZ,2010,99.7816314697266
KEN,2010,
KGZ,2010,
KHM,2010,
KIR,2010,
KNA,2010,
KOR,2010,
KWT,2010,94.0
LAO,2010,
LBN,2010,
LBR,2010,
LBY,2010,
LCA,2010,
LIE,2010,
LKA,2010,91.0
LSO,2010,
LTU,2010,
LUX,2010,
LVA,2010,
MAC,2010,
MAF,2010,
MAR,2010,
MDA,2010,
MDG,2010,
MDV,2010,
MEX,2010,93.0
MHL,2010,
MKD,2010,
MLI,2010,31.0
MLT,2010,
MMR,2010,
MNE,2010,
MNG,2010,98.0
MNP,2010,
MOZ,2010,
MRT,2010,
MUS,2010,
MWI,2010,61.3097190856934
MYS,2010,93.0
NAM,2010,
NCL,2010,
NER,2010,
NGA,2010,
NIC,2010,
NLD,2010,
NOR,2010,
NPL,2010,
NZL,2010,
OMN,2010,87.0
PAK,2010,55.0
PAN,2010,94.0
PER,2010,
PHL,2010,
PLW,2010,
PNG,2010,61.5999984741211
POL,2010,
PRI,2010,92.0
PRK,2010,
PRT,2010,
PRY,2010,94.0
PSE,2010,95.0
PYF,2010,
QAT,2010,96.0
ROU,2010,
RUS,2010,100.0
RWA,2010,65.8522720336914
SAU,2010,
SDN,2010,
SEN,2010,
SGP,2010,96.0
SLB,2010,
SLE,2010,
SLV,2010,84.0
SOM,2010,
SRB,2010,
SSD,2010,
STP,2010,
SUR,2010,95.0
SVK,2010,
SVN,2010,
SWE,2010,
SWZ,2010,83.0982894897461
SXM,2010,
SYC,2010,94.0
SYR,2010,
TCA,2010,
TCD,2010,
TGO,2010,
THA,2010,96.0
TJK,2010,99.6999969482422
TKM,2010,
TLS,2010,58.0
TON,2010,
TTO,2010,
TUN,2010,79.0
TUR,2010,93.0
TUV,2010,
TZA,2010,67.8006973266602
UGA,2010,73.0
UKR,2010,
URY,2010,98.0
USA,2010,
UZB,2010,
VCT,2010,
VEN,2010,
VGB,2010,
VIR,2010,
VNM,2010,
VUT,2010,
WSM,2010,
YEM,2010,
ZAF,2010,93.0
ZMB,2010,83.0
ZWE,2010,
AFG,2011,31.0
AGO,2011,
ALB,2011,97.0
ARE,2011,
ARG,2011,
ARM,2011,100.0
ASM,2011,
ATG,2011,
AUS,2011,
AUT,2011,
AZE,2011,100.0
BDI,2011,
BEL,2011,
BEN,2011,
BFA,2011,
BGD,2011,59.0
BGR,2011,98.0
BHR,2011,92.3000030517578
BHS,2011,
BIH,2011,98.1420364379883
BLR,2011,
BLZ,2011,
BMU,2011,
BOL,2011,92.0
BRA,2011,91.0
BRB,2011,
BRN,2011,96.0
BTN,2011,
BWA,2011,
CAF,2011,
CAN,2011,
CHE,2011,
CHL,2011,97.0
CHN,2011,
CIV,2011,
CMR,2011,
COD,2011,
COG,2011,79.3111724853516
COL,2011,94.0
COM,2011,
CPV,2011,
CRI,2011,97.0
CUB,2011,
CYM,2011,
CYP,2011,99.0
CZE,2011,
DEU,2011,
DJI,2011,
DMA,2011,
DNK,2011,
DOM,2011,90.0
DZA,2011,
ECU,2011,92.0
EGY,2011,
ERI,2011,
ESP,2011,98.0
EST,2011,100.0
ETH,2011,
FIN,2011,
FJI,2011,
FRA,2011,
FSM,2011,
GAB,2011,
GBR,2011,
GEO,2011,
GHA,2011,
GIN,2011,
GMB,2011,
GNB,2011,
GNQ,2011,
GRC,2011,
GRD,2011,
GTM,2011,
GUM,2011,
GUY,2011,
HKG,2011,
HND,2011,85.0
HRV,2011,
HTI,2011,
HUN,2011,
IDN,2011,93.0
IND,2011,69.0
IRL,2011,
IRN,2011,
IRQ,2011,
ISL,2011,
ISR,2011,
ITA,2011,99.0
JAM,2011,
JOR,2011,96.0
JPN,2011,
KAZ,2011,
KEN,2011,
KGZ,2011,
KHM,2011,
KIR,2011,
KNA,2011,
KOR,2011,
KWT,2011,
LAO,2011,58.2879409790039
LBN,2011,
LBR,2011,
LBY,2011,
LCA,2011,
LIE,2011,
LKA,2011,
LSO,2011,
LTU,2011,100.0
LUX,2011,
LVA,2011,100.0
MAC,2011,96.0
MAF,2011,
MAR,2011,67.0
MDA,2011,
MDG,2011,
MDV,2011,
MEX,2011,94.0
MHL,2011,98.0
MKD,2011,
MLI,2011,31.0
MLT,2011,93.0
MMR,2011,
MNE,2011,98.0
MNG,2011,
MNP,2011,
MOZ,2011,
MRT,2011,
MUS,2011,89.0
MWI,2011,
MYS,2011,
NAM,2011,88.0
NCL,2011,
NER,2011,
NGA,2011,
NIC,2011,
NLD,2011,
NOR,2011,
NPL,2011,60.0
NZL,2011,
OMN,2011,
PAK,2011,55.0
PAN,2011,
PER,2011,
PHL,2011,
PLW,2011,
PNG,2011,
POL,2011,
PRI,2011,
PRK,2011,
PRT,2011,94.0
PRY,2011,
PSE,2011,95.0
PYF,2011,
QAT,2011,96.0
ROU,2011,99.0
RUS,2011,
RWA,2011,
SAU,2011,
SDN,2011,
SEN,2011,52.0
SGP,2011,96.0
SLB,2011,
SLE,2011,
SLV,2011,85.0
SOM,2011,
SRB,2011,98.0
SSD,2011,
STP,2011,
SUR,2011,
SVK,2011,
SVN,2011,
SWE,2011,
SWZ,2011,
SXM,2011,
SYC,2011,
SYR,2011,
TCA,2011,
TCD,2011,
TGO,2011,60.0
THA,2011,
TJK,2011,
TKM,2011,
TLS,2011,
TON,2011,99.0
TTO,2011,
TUN,2011,80.0
TUR,2011,94.0
TUV,2011,
TZA,2011,
UGA,2011,
UKR,2011,
URY,2011,98.0
USA,2011,
UZB,2011,
VCT,2011,
VEN,2011,95.0
VGB,2011,
VIR,2011,
VNM,2011,
VUT,2011,
WSM,2011,99.0
YEM,2011,
ZAF,2011,93.0
ZMB,2011,
ZWE,2011,83.5827102661133
AFG,2012,
AGO,2012,
ALB,2012,97.0
ARE,2012,
ARG,2012,
ARM,2012,
ASM,2012,
ATG,2012,
AUS,2012,
AUT,2012,
AZE,2012,100.0
BDI,2012,
BEL,2012,
BEN,2012,32.9488182067871
BFA,2012,
BGD,2012,58.0
BGR,2012,
BHR,2012,
BHS,2012,
BIH,2012,
BLR,2012,
BLZ,2012,
BMU,2012,
BOL,2012,94.0
BRA,2012,91.0
BRB,2012,
BRN,2012,
BTN,2012,55.0
BWA,2012,
CAF,2012,
CAN,2012,
CHE,2012,
CHL,2012,
CHN,2012,
CIV,2012,40.9816284179688
CMR,2012,
COD,2012,75.0
COG,2012,
COL,2012,
COM,2012,49.1961402893066
CPV,2012,85.0
CRI,2012,
CUB,2012,100.0
CYM,2012,
CYP,2012,
CZE,2012,
DEU,2012,
DJI,2012,
DMA,2012,
DNK,2012,
DOM,2012,90.0
DZA,2012,
ECU,2012,92.0
EGY,2012,74.0
ERI,2012,
ESP,2012,98.0
EST,2012,
ETH,2012,
FIN,2012,
FJI,2012,
FRA,2012,
FSM,2012,
GAB,2012,82.2837982177734
GBR,2012,
GEO,2012,
GHA,2012,
GIN,2012,
GMB,2012,
GNB,2012,
GNQ,2012,
GRC,2012,
GRD,2012,
GTM,2012,78.0
GUM,2012,
GUY,2012,
HKG,2012,
HND,2012,85.0
HRV,2012,
HTI,2012,
HUN,2012,
IDN,2012,
IND,2012,
IRL,2012,
IRN,2012,84.0
IRQ,2012,77.0
ISL,2012,
ISR,2012,
ITA,2012,
JAM,2012,
JOR,2012,98.0
JPN,2012,
KAZ,2012,
KEN,2012,
KGZ,2012,
KHM,2012,
KIR,2012,
KNA,2012,
KOR,2012,
KWT,2012,96.0
LAO,2012,
LBN,2012,
LBR,2012,
LBY,2012,
LCA,2012,
LIE,2012,
LKA,2012,
LSO,2012,
LTU,2012,
LUX,2012,
LVA,2012,
MAC,2012,
MAF,2012,
MAR,2012,69.0
MDA,2012,
MDG,2012,72.0
MDV,2012,
MEX,2012,94.0
MHL,2012,
MKD,2012,97.5999984741211
MLI,2012,
MLT,2012,
MMR,2012,
MNE,2012,
MNG,2012,
MNP,2012,
MOZ,2012,
MRT,2012,
MUS,2012,92.0
MWI,2012,
MYS,2012,
NAM,2012,
NCL,2012,
NER,2012,31.0
NGA,2012,
NIC,2012,
NLD,2012,
NOR,2012,
NPL,2012,
NZL,2012,
OMN,2012,
PAK,2012,57.0
PAN,2012,
PER,2012,94.0
PHL,2012,
PLW,2012,
PNG,2012,
POL,2012,
PRI,2012,
PRK,2012,
PRT,2012,
PRY,2012,94.0
PSE,2012,96.0
PYF,2012,
QAT,2012,97.0
ROU,2012,
RUS,2012,
RWA,2012,68.0
SAU,2012,
SDN,2012,
SEN,2012,
SGP,2012,96.0
SLB,2012,
SLE,2012,
SLV,2012,
SOM,2012,
SRB,2012,
SSD,2012,
STP,2012,90.0
SUR,2012,93.0
SVK,2012,
SVN,2012,
SWE,2012,
SWZ,2012,
SXM,2012,
SYC,2012,
SYR,2012,
TCA,2012,
TCD,2012,
TGO,2012,
THA,2012,
TJK,2012,
TKM,2012,
TLS,2012,
TON,2012,
TTO,2012,
TUN,2012,80.0
TUR,2012,95.0
TUV,2012,
TZA,2012,78.0
UGA,2012,70.0
UKR,2012,99.9743499755859
URY,2012,98.0
USA,2012,
UZB,2012,
VCT,2012,
VEN,2012,
VGB,2012,
VIR,2012,
VNM,2012,
VUT,2012,
WSM,2012,
YEM,2012,
ZAF,2012,94.0
ZMB,2012,
ZWE,2012,
AFG,2013,
AGO,2013,
ALB,2013,
ARE,2013,
ARG,2013,
ARM,2013,
ASM,2013,
ATG,2013,
AUS,2013,
AUT,2013,
AZE,2013,100.0
BDI,2013,
BEL,2013,
BEN,2013,
BFA,2013,
BGD,2013,61.0
BGR,2013,
BHR,2013,
BHS,2013,
BIH,2013,97.0
BLR,2013,
BLZ,2013,
BMU,2013,
BOL,2013,
BRA,2013,91.0
BRB,2013,
BRN,2013,
BTN,2013,
BWA,2013,86.8231811523438
CAF,2013,
CAN,2013,
CHE,2013,
CHL,2013,96.0
CHN,2013,
CIV,2013,
CMR,2013,
COD,2013,
COG,2013,
COL,2013,
COM,2013,
CPV,2013,
CRI,2013,
CUB,2013,
CYM,2013,
CYP,2013,
CZE,2013,
DEU,2013,
DJI,2013,
DMA,2013,
DNK,2013,
DOM,2013,91.0
DZA,2013,
ECU,2013,93.0
EGY,2013,72.0
ERI,2013,
ESP,2013,98.0
EST,2013,
ETH,2013,
FIN,2013,
FJI,2013,
FRA,2013,
FSM,2013,
GAB,2013,
GBR,2013,
GEO,2013,
GHA,2013,
GIN,2013,
GMB,2013,41.9500503540039
GNB,2013,
GNQ,2013,
GRC,2013,
GRD,2013,
GTM,2013,77.0
GUM,2013,
GUY,2013,
HKG,2013,
HND,2013,85.0
HRV,2013,
HTI,2013,
HUN,2013,
IDN,2013,
IND,2013,
IRL,2013,
IRN,2013,85.0
IRQ,2013,
ISL,2013,
ISR,2013,
ITA,2013,
JAM,2013,
JOR,2013,
JPN,2013,
KAZ,2013,
KEN,2013,
KGZ,2013,
KHM,2013,
KIR,2013,
KNA,2013,
KOR,2013,
KWT,2013,96.0
LAO,2013,
LBN,2013,
LBR,2013,
LBY,2013,
LCA,2013,
LIE,2013,
LKA,2013,
LSO,2013,
LTU,2013,
LUX,2013,
LVA,2013,
MAC,2013,
MAF,2013,
MAR,2013,
MDA,2013,
MDG,2013,
MDV,2013,
MEX,2013,94.0
MHL,2013,
MKD,2013,
MLI,2013,
MLT,2013,
MMR,2013,
MNE,2013,
MNG,2013,
MNP,2013,
MOZ,2013,
MRT,2013,62.0
MUS,2013,91.0
MWI,2013,
MYS,2013,
NAM,2013,
NCL,2013,
NER,2013,
NGA,2013,
NIC,2013,
NLD,2013,
NOR,2013,
NPL,2013,
NZL,2013,
OMN,2013,
PAK,2013,56.0
PAN,2013,
PER,2013,
PHL,2013,96.0
PLW,2013,100.0
PNG,2013,
POL,2013,
PRI,2013,
PRK,2013,
PRT,2013,
PRY,2013,95.0
PSE,2013,96.0
PYF,2013,
QAT,2013,97.0
ROU,2013,
RUS,2013,
RWA,2013,
SAU,2013,94.0
SDN,2013,
SEN,2013,44.0
SGP,2013,97.0
SLB,2013,
SLE,2013,32.4261703491211
SLV,2013,87.0
SOM,2013,
SRB,2013,
SSD,2013,
STP,2013,
SUR,2013,
SVK,2013,
SVN,2013,
SWE,2013,
SWZ,2013,
SXM,2013,
SYC,2013,
SYR,2013,
TCA,2013,
TCD,2013,
TGO,2013,
THA,2013,94.0
TJK,2013,
TKM,2013,
TLS,2013,
TON,2013,
TTO,2013,
TUN,2013,
TUR,2013,95.0
TUV,2013,
TZA,2013,
UGA,2013,
UKR,2013,
URY,2013,98.0
USA,2013,
UZB,2013,100.0
VCT,2013,
VEN,2013,
VGB,2013,
VIR,2013,
VNM,2013,
VUT,2013,
WSM,2013,
YEM,2013,
ZAF,2013,
ZMB,2013,
ZWE,2013,
AFG,2014,
AGO,2014,66.0
ALB,2014,
ARE,2014,
ARG,2014,
ARM,2014,
ASM,2014,
ATG,2014,
AUS,2014,
AUT,2014,
AZE,2014,100.0
BDI,2014,62.0
BEL,2014,
BEN,2014,
BFA,2014,35.0
BGD,2014,61.0
BGR,2014,
BHR,2014,
BHS,2014,
BIH,2014,
BLR,2014,
BLZ,2014,
BMU,2014,
BOL,2014,
BRA,2014,92.0
BRB,2014,
BRN,2014,
BTN,2014,
BWA,2014,
CAF,2014,
CAN,2014,
CHE,2014,
CHL,2014,
CHN,2014,
CIV,2014,44.0
CMR,2014,
COD,2014,
COG,2014,
COL,2014,94.0
COM,2014,
CPV,2014,
CRI,2014,
CUB,2014,
CYM,2014,
CYP,2014,
CZE,2014,
DEU,2014,
DJI,2014,
DMA,2014,
DNK,2014,
DOM,2014,92.0
DZA,2014,
ECU,2014,94.0
EGY,2014,
ERI,2014,
ESP,2014,98.0
EST,2014,
ETH,2014,
FIN,2014,
FJI,2014,
FRA,2014,
FSM,2014,
GAB,2014,
GBR,2014,
GEO,2014,100.0
GHA,2014,
GIN,2014,32.0
GMB,2014,
GNB,2014,45.5811614990234
GNQ,2014,
GRC,2014,
GRD,2014,
GTM,2014,81.0
GUM,2014,
GUY,2014,85.6397323608398
HKG,2014,
HND,2014,87.0
HRV,2014,
HTI,2014,
HUN,2014,
IDN,2014,95.0
IND,2014,
IRL,2014,
IRN,2014,85.0
IRQ,2014,82.0
ISL,2014,
ISR,2014,
ITA,2014,
JAM,2014,
JOR,2014,
JPN,2014,
KAZ,2014,
KEN,2014,78.733039855957
KGZ,2014,
KHM,2014,78.0
KIR,2014,
KNA,2014,
KOR,2014,
KWT,2014,
LAO,2014,
LBN,2014,
LBR,2014,
LBY,2014,
LCA,2014,
LIE,2014,
LKA,2014,
LSO,2014,76.6352005004883
LTU,2014,
LUX,2014,
LVA,2014,
MAC,2014,
MAF,2014,
MAR,2014,76.0
MDA,2014,99.0
MDG,2014,
MDV,2014,99.0
MEX,2014,95.0
MHL,2014,
MKD,2014,
MLI,2014,
MLT,2014,
MMR,2014,
MNE,2014,
MNG,2014,
MNP,2014,
MOZ,2014,
MRT,2014,
MUS,2014,92.0
MWI,2014,65.1453704833984
MYS,2014,
NAM,2014,
NCL,2014,
NER,2014,
NGA,2014,
NIC,2014,
NLD,2014,
NOR,2014,
NPL,2014,
NZL,2014,
OMN,2014,
PAK,2014,57.0
PAN,2014,
PER,2014,94.0
PHL,2014,
PLW,2014,
PNG,2014,
POL,2014,
PRI,2014,
PRK,2014,
PRT,2014,
PRY,2014,95.0
PSE,2014,96.0
PYF,2014,
QAT,2014,98.0
ROU,2014,
RUS,2014,
RWA,2014,71.0
SAU,2014,
SDN,2014,
SEN,2014,
SGP,2014,97.0
SLB,2014,
SLE,2014,
SLV,2014,
SOM,2014,
SRB,2014,
SSD,2014,
STP,2014,
SUR,2014,
SVK,2014,
SVN,2014,
SWE,2014,
SWZ,2014,
SXM,2014,
SYC,2014,
SYR,2014,86.3000030517578
TCA,2014,
TCD,2014,
TGO,2014,
THA,2014,
TJK,2014,
TKM,2014,
TLS,2014,
TON,2014,
TTO,2014,
TUN,2014,79.0
TUR,2014,95.0
TUV,2014,
TZA,2014,
UGA,2014,
UKR,2014,
URY,2014,98.0
USA,2014,
UZB,2014,100.0
VCT,2014,
VEN,2014,
VGB,2014,
VIR,2014,
VNM,2014,
VUT,2014,84.6999969482422
WSM,2014,
YEM,2014,
ZAF,2014,94.0
ZMB,2014,
ZWE,2014,88.6934204101562
AFG,2015,33.7538414001465
AGO,2015,66.2358627319336
ALB,2015,
ARE,2015,
ARG,2015,
ARM,2015,
ASM,2015,
ATG,2015,
AUS,2015,
AUT,2015,
AZE,2015,100.0
BDI,2015,
BEL,2015,
BEN,2015,
BFA,2015,
BGD,2015,65.0
BGR,2015,
BHR,2015,
BHS,2015,
BIH,2015,
BLR,2015,
BLZ,2015,90.9160385131836
BMU,2015,
BOL,2015,92.0
BRA,2015,92.0
BRB,2015,
BRN,2015,
BTN,2015,
BWA,2015,
CAF,2015,
CAN,2015,
CHE,2015,
CHL,2015,97.0
CHN,2015,
CIV,2015,
CMR,2015,
COD,2015,
COG,2015,
COL,2015,94.0
COM,2015,
CPV,2015,87.0
CRI,2015,
CUB,2015,
CYM,2015,
CYP,2015,
CZE,2015,
DEU,2015,
DJI,2015,
DMA,2015,
DNK,2015,
DOM,2015,92.0
DZA,2015,
ECU,2015,94.0
EGY,2015,
ERI,2015,
ESP,2015,98.0
EST,2015,
ETH,2015,
FIN,2015,
FJI,2015,
FRA,2015,
FSM,2015,
GAB,2015,
GBR,2015,
GEO,2015,
GHA,2015,
GIN,2015,
GMB,2015,51.0
GNB,2015,
GNQ,2015,
GRC,2015,
GRD,2015,
GTM,2015,80.1950912475586
GUM,2015,
GUY,2015,
HKG,2015,
HND,2015,88.0
HRV,2015,
HTI,2015,
HUN,2015,
IDN,2015,95.0
IND,2015,
IRL,2015,
IRN,2015,
IRQ,2015,
ISL,2015,
ISR,2015,
ITA,2015,
JAM,2015,
JOR,2015,
JPN,2015,
KAZ,2015,
KEN,2015,
KGZ,2015,
KHM,2015,81.0
KIR,2015,
KNA,2015,
KOR,2015,
KWT,2015,96.0
LAO,2015,85.0
LBN,2015,
LBR,2015,
LBY,2015,
LCA,2015,
LIE,2015,
LKA,2015,
LSO,2015,
LTU,2015,
LUX,2015,
LVA,2015,
MAC,2015,
MAF,2015,
MAR,2015,
MDA,2015,
MDG,2015,
MDV,2015,
MEX,2015,94.0
MHL,2015,
MKD,2015,
MLI,2015,33.0
MLT,2015,
MMR,2015,
MNE,2015,
MNG,2015,
MNP,2015,
MOZ,2015,56.0
MRT,2015,65.1120223999023
MUS,2015,93.0
MWI,2015,62.1435394287109
MYS,2015,
NAM,2015,
NCL,2015,
NER,2015,
NGA,2015,
NIC,2015,82.6145477294922
NLD,2015,
NOR,2015,
NPL,2015,
NZL,2015,
OMN,2015,93.0
PAK,2015,
PAN,2015,
PER,2015,94.0
PHL,2015,98.0
PLW,2015,97.0
PNG,2015,
POL,2015,
PRI,2015,
PRK,2015,
PRT,2015,
PRY,2015,96.0
PSE,2015,96.0
PYF,2015,
QAT,2015,
ROU,2015,
RUS,2015,
RWA,2015,
SAU,2015,
SDN,2015,
SEN,2015,43.5927314758301
SGP,2015,97.0
SLB,2015,
SLE,2015,
SLV,2015,88.0
SOM,2015,
SRB,2015,
SSD,2015,
STP,2015,
SUR,2015,
SVK,2015,
SVN,2015,
SWE,2015,
SWZ,2015,
SXM,2015,
SYC,2015,
SYR,2015,
TCA,2015,
TCD,2015,26.0029907226562
TGO,2015,64.0
THA,2015,93.0
TJK,2015,
TKM,2015,
TLS,2015,
TON,2015,
TTO,2015,
TUN,2015,
TUR,2015,96.0
TUV,2015,
TZA,2015,78.0
UGA,2015,
UKR,2015,
URY,2015,99.0
USA,2015,
UZB,2015,100.0
VCT,2015,
VEN,2015,97.0
VGB,2015,
VIR,2015,
VNM,2015,
VUT,2015,
WSM,2015,
YEM,2015,
ZAF,2015,94.0
ZMB,2015,
ZWE,2015,
AFG,2016,
AGO,2016,
ALB,2016,
ARE,2016,
ARG,2016,
ARM,2016,100.0
ASM,2016,
ATG,2016,
AUS,2016,
AUT,2016,
AZE,2016,100.0
BDI,2016,65.6877365112305
BEL,2016,
BEN,2016,
BFA,2016,
BGD,2016,73.0
BGR,2016,
BHR,2016,
BHS,2016,
BIH,2016,
BLR,2016,
BLZ,2016,
BMU,2016,
BOL,2016,
BRA,2016,93.0
BRB,2016,
BRN,2016,
BTN,2016,
BWA,2016,
CAF,2016,
CAN,2016,
CHE,2016,
CHL,2016,
CHN,2016,
CIV,2016,50.039680480957
CMR,2016,
COD,2016,77.0
COG,2016,
COL,2016,95.0
COM,2016,
CPV,2016,
CRI,2016,
CUB,2016,
CYM,2016,
CYP,2016,
CZE,2016,
DEU,2016,
DJI,2016,
DMA,2016,
DNK,2016,
DOM,2016,94.0
DZA,2016,
ECU,2016,94.0
EGY,2016,
ERI,2016,
ESP,2016,98.0
EST,2016,
ETH,2016,47.4915885925293
FIN,2016,
FJI,2016,
FRA,2016,
FSM,2016,
GAB,2016,
GBR,2016,
GEO,2016,
GHA,2016,
GIN,2016,
GMB,2016,
GNB,2016,
GNQ,2016,
GRC,2016,
GRD,2016,
GTM,2016,
GUM,2016,
GUY,2016,
HKG,2016,
HND,2016,89.0
HRV,2016,
HTI,2016,61.691349029541
HUN,2016,
IDN,2016,95.0
IND,2016,
IRL,2016,
IRN,2016,86.0
IRQ,2016,83.0
ISL,2016,
ISR,2016,
ITA,2016,
JAM,2016,
JOR,2016,
JPN,2016,
KAZ,2016,
KEN,2016,
KGZ,2016,
KHM,2016,
KIR,2016,
KNA,2016,
KOR,2016,
KWT,2016,
LAO,2016,
LBN,2016,
LBR,2016,
LBY,2016,
LCA,2016,
LIE,2016,
LKA,2016,92.0
LSO,2016,
LTU,2016,
LUX,2016,
LVA,2016,
MAC,2016,97.0
MAF,2016,
MAR,2016,
MDA,2016,
MDG,2016,
MDV,2016,98.0
MEX,2016,95.0
MHL,2016,
MKD,2016,
MLI,2016,
MLT,2016,
MMR,2016,75.5512008666992
MNE,2016,
MNG,2016,
MNP,2016,
MOZ,2016,
MRT,2016,
MUS,2016,93.0
MWI,2016,
MYS,2016,95.0
NAM,2016,
NCL,2016,
NER,2016,
NGA,2016,58.2213401794434
NIC,2016,
NLD,2016,
NOR,2016,
NPL,2016,65.5010070800781
NZL,2016,
OMN,2016,
PAK,2016,
PAN,2016,
PER,2016,94.0
PHL,2016,
PLW,2016,
PNG,2016,
POL,2016,
PRI,2016,
PRK,2016,
PRT,2016,
PRY,2016,95.0
PSE,2016,97.0
PYF,2016,
QAT,2016,
ROU,2016,
RUS,2016,
RWA,2016,
SAU,2016,
SDN,2016,
SEN,2016,46.0996398925781
SGP,2016,97.0
SLB,2016,
SLE,2016,
SLV,2016,88.0
SOM,2016,
SRB,2016,99.0
SSD,2016,
STP,2016,
SUR,2016,
SVK,2016,
SVN,2016,
SWE,2016,
SWZ,2016,
SXM,2016,
SYC,2016,
SYR,2016,
TCA,2016,
TCD,2016,22.0
TGO,2016,
THA,2016,91.9813995361328
TJK,2016,
TKM,2016,
TLS,2016,65.7791290283203
TON,2016,
TTO,2016,
TUN,2016,
TUR,2016,96.0
TUV,2016,
TZA,2016,
UGA,2016,69.101318359375
UKR,2016,
URY,2016,99.0
USA,2016,
UZB,2016,100.0
VCT,2016,
VEN,2016,97.0
VGB,2016,
VIR,2016,
VNM,2016,
VUT,2016,
WSM,2016,
YEM,2016,
ZAF,2016,91.7372436523438
ZMB,2016,
ZWE,2016,
AFG,2017,
AGO,2017,
ALB,2017,98.8162307739258
ARE,2017,
ARG,2017,
ARM,2017,100.0
ASM,2017,
ATG,2017,
AUS,2017,
AUT,2017,
AZE,2017,100.0
BDI,2017,68.0
BEL,2017,
BEN,2017,38.871208190918
BFA,2017,
BGD,2017,73.0
BGR,2017,
BHR,2017,
BHS,2017,
BIH,2017,
BLR,2017,
BLZ,2017,
BMU,2017,
BOL,2017,
BRA,2017,93.0
BRB,2017,
BRN,2017,
BTN,2017,67.0
BWA,2017,
CAF,2017,
CAN,2017,
CHE,2017,
CHL,2017,96.0
CHN,2017,
CIV,2017,
CMR,2017,
COD,2017,
COG,2017,
COL,2017,
COM,2017,
CPV,2017,
CRI,2017,
CUB,2017,
CYM,2017,99.0
CYP,2017,
CZE,2017,
DEU,2017,
DJI,2017,
DMA,2017,
DNK,2017,
DOM,2017,
DZA,2017,
ECU,2017,93.0
EGY,2017,71.0
ERI,2017,
ESP,2017,
EST,2017,
ETH,2017,51.7711791992188
FIN,2017,
FJI,2017,
FRA,2017,
FSM,2017,
GAB,2017,
GBR,2017,
GEO,2017,99.0
GHA,2017,64.4923934936523
GIN,2017,
GMB,2017,
GNB,2017,
GNQ,2017,
GRC,2017,
GRD,2017,
GTM,2017,
GUM,2017,
GUY,2017,
HKG,2017,
HND,2017,
HRV,2017,
HTI,2017,68.0098571777344
HUN,2017,
IDN,2017,
IND,2017,
IRL,2017,
IRN,2017,
IRQ,2017,86.0
ISL,2017,
ISR,2017,
ITA,2017,
JAM,2017,
JOR,2017,
JPN,2017,
KAZ,2017,
KEN,2017,
KGZ,2017,
KHM,2017,
KIR,2017,
KNA,2017,
KOR,2017,
KWT,2017,96.0
LAO,2017,
LBN,2017,
LBR,2017,48.3013610839844
LBY,2017,
LCA,2017,
LIE,2017,
LKA,2017,92.0
LSO,2017,
LTU,2017,
LUX,2017,
LVA,2017,
MAC,2017,
MAF,2017,
MAR,2017,
MDA,2017,
MDG,2017,
MDV,2017,94.5055084228516
MEX,2017,95.0
MHL,2017,
MKD,2017,
MLI,2017,
MLT,2017,
MMR,2017,
MNE,2017,
MNG,2017,
MNP,2017,
MOZ,2017,61.0
MRT,2017,
MUS,2017,
MWI,2017,
MYS,2017,95.0
NAM,2017,
NCL,2017,
NER,2017,
NGA,2017,
NIC,2017,
NLD,2017,
NOR,2017,
NPL,2017,
NZL,2017,
OMN,2017,96.0
PAK,2017,59.0
PAN,2017,
PER,2017,94.0
PHL,2017,
PLW,2017,
PNG,2017,70.0636825561523
POL,2017,
PRI,2017,92.0
PRK,2017,
PRT,2017,
PRY,2017,
PSE,2017,97.0
PYF,2017,
QAT,2017,
ROU,2017,
RUS,2017,
RWA,2017,
SAU,2017,95.0
SDN,2017,
SEN,2017,52.0
SGP,2017,97.0
SLB,2017,
SLE,2017,44.833179473877
SLV,2017,88.0
SOM,2017,
SRB,2017,
SSD,2017,
STP,2017,
SUR,2017,
SVK,2017,
SVN,2017,
SWE,2017,
SWZ,2017,
SXM,2017,
SYC,2017,
SYR,2017,
TCA,2017,
TCD,2017,
TGO,2017,
THA,2017,
TJK,2017,
TKM,2017,
TLS,2017,
TON,2017,
TTO,2017,
TUN,2017,
TUR,2017,96.0
TUV,2017,
TZA,2017,
UGA,2017,
UKR,2017,
URY,2017,99.0
USA,2017,
UZB,2017,
VCT,2017,
VEN,2017,
VGB,2017,
VIR,2017,
VNM,2017,
VUT,2017,
WSM,2017,
YEM,2017,
ZAF,2017,87.0
ZMB,2017,
ZWE,2017,
AFG,2018,
AGO,2018,
ALB,2018,
ARE,2018,
ARG,2018,
ARM,2018,
ASM,2018,
ATG,2018,
AUS,2018,
AUT,2018,
AZE,2018,
BDI,2018,
BEL,2018,
BEN,2018,
BFA,2018,39.0
BGD,2018,74.0
BGR,2018,
BHR,2018,
BHS,2018,
BIH,2018,
BLR,2018,
BLZ,2018,
BMU,2018,
BOL,2018,
BRA,2018,93.0
BRB,2018,
BRN,2018,
BTN,2018,
BWA,2018,
CAF,2018,37.0
CAN,2018,
CHE,2018,
CHL,2018,
CHN,2018,
CIV,2018,
CMR,2018,72.5471267700195
COD,2018,73.5530319213867
COG,2018,
COL,2018,95.0
COM,2018,
CPV,2018,
CRI,2018,
CUB,2018,
CYM,2018,
CYP,2018,
CZE,2018,
DEU,2018,
DJI,2018,
DMA,2018,
DNK,2018,
DOM,2018,
DZA,2018,81.4078369140625
ECU,2018,
EGY,2018,
ERI,2018,76.5705184936523
ESP,2018,98.0
EST,2018,
ETH,2018,
FIN,2018,
FJI,2018,
FRA,2018,
FSM,2018,
GAB,2018,
GBR,2018,
GEO,2018,99.6536636352539
GHA,2018,
GIN,2018,40.0
GMB,2018,53.1601982116699
GNB,2018,
GNQ,2018,
GRC,2018,
GRD,2018,
GTM,2018,81.0
GUM,2018,
GUY,2018,
HKG,2018,
HND,2018,87.0
HRV,2018,
HTI,2018,
HUN,2018,
IDN,2018,96.0
IND,2018,
IRL,2018,
IRN,2018,
IRQ,2018,
ISL,2018,
ISR,2018,
ITA,2018,
JAM,2018,
JOR,2018,95.4314498901367
JPN,2018,
KAZ,2018,
KEN,2018,
KGZ,2018,
KHM,2018,
KIR,2018,97.9597091674805
KNA,2018,
KOR,2018,98.8000030517578
KWT,2018,96.0
LAO,2018,
LBN,2018,93.0
LBR,2018,
LBY,2018,
LCA,2018,
LIE,2018,
LKA,2018,92.0
LSO,2018,86.2408676147461
LTU,2018,
LUX,2018,
LVA,2018,
MAC,2018,
MAF,2018,
MAR,2018,
MDA,2018,
MDG,2018,77.0
MDV,2018,
MEX,2018,95.0
MHL,2018,
MKD,2018,
MLI,2018,35.0
MLT,2018,
MMR,2018,
MNE,2018,98.5344009399414
MNG,2018,96.8963470458984
MNP,2018,
MOZ,2018,
MRT,2018,
MUS,2018,
MWI,2018,
MYS,2018,95.0
NAM,2018,
NCL,2018,
NER,2018,
NGA,2018,62.0160102844238
NIC,2018,
NLD,2018,
NOR,2018,
NPL,2018,
NZL,2018,
OMN,2018,96.0
PAK,2018,57.0
PAN,2018,95.0
PER,2018,94.0
PHL,2018,
PLW,2018,
PNG,2018,
POL,2018,
PRI,2018,
PRK,2018,99.9981918334961
PRT,2018,
PRY,2018,94.0
PSE,2018,97.0
PYF,2018,
QAT,2018,
ROU,2018,
RUS,2018,
RWA,2018,73.0
SAU,2018,
SDN,2018,60.6971817016602
SEN,2018,46.6059112548828
SGP,2018,97.0
SLB,2018,
SLE,2018,
SLV,2018,89.0
SOM,2018,
SRB,2018,
SSD,2018,34.5227584838867
STP,2018,
SUR,2018,
SVK,2018,
SVN,2018,
SWE,2018,
SWZ,2018,
SXM,2018,
SYC,2018,
SYR,2018,
TCA,2018,
TCD,2018,
TGO,2018,
THA,2018,94.0
TJK,2018,
TKM,2018,
TLS,2018,
TON,2018,
TTO,2018,
TUN,2018,79.4751129150391
TUR,2018,
TUV,2018,
TZA,2018,
UGA,2018,
UKR,2018,
URY,2018,99.0
USA,2018,
UZB,2018,100.0
VCT,2018,
VEN,2018,
VGB,2018,
VIR,2018,
VNM,2018,
VUT,2018,
WSM,2018,
YEM,2018,
ZAF,2018,
ZMB,2018,71.1323013305664
ZWE,2018,
AFG,2019,
AGO,2019,
ALB,2019,
ARE,2019,98.0
ARG,2019,
ARM,2019,
ASM,2019,
ATG,2019,
AUS,2019,
AUT,2019,
AZE,2019,100.0
BDI,2019,
BEL,2019,
BEN,2019,
BFA,2019,30.0
BGD,2019,75.0
BGR,2019,
BHR,2019,
BHS,2019,
BIH,2019,
BLR,2019,100.0
BLZ,2019,
BMU,2019,
BOL,2019,
BRA,2019,
BRB,2019,
BRN,2019,
BTN,2019,
BWA,2019,
CAF,2019,42.4427909851074
CAN,2019,
CHE,2019,
CHL,2019,
CHN,2019,
CIV,2019,90.0
CMR,2019,
COD,2019,
COG,2019,
COL,2019,95.0
COM,2019,
CPV,2019,
CRI,2019,
CUB,2019,97.6549072265625
CYM,2019,
CYP,2019,
CZE,2019,
DEU,2019,
DJI,2019,
DMA,2019,
DNK,2019,
DOM,2019,
DZA,2019,
ECU,2019,
EGY,2019,
ERI,2019,
ESP,2019,
EST,2019,
ETH,2019,
FIN,2019,
FJI,2019,
FRA,2019,
FSM,2019,
GAB,2019,
GBR,2019,
GEO,2019,
GHA,2019,
GIN,2019,
GMB,2019,
GNB,2019,54.8823204040527
GNQ,2019,
GRC,2019,
GRD,2019,
GTM,2019,
GUM,2019,
GUY,2019,
HKG,2019,
HND,2019,89.0
HRV,2019,
HTI,2019,
HUN,2019,
IDN,2019,
IND,2019,
IRL,2019,
IRN,2019,
IRQ,2019,
ISL,2019,
ISR,2019,
ITA,2019,99.0
JAM,2019,
JOR,2019,
JPN,2019,
KAZ,2019,
KEN,2019,
KGZ,2019,99.5999984741211
KHM,2019,
KIR,2019,
KNA,2019,
KOR,2019,
KWT,2019,
LAO,2019,
LBN,2019,
LBR,2019,
LBY,2019,
LCA,2019,
LIE,2019,
LKA,2019,92.0
LSO,2019,
LTU,2019,
LUX,2019,
LVA,2019,
MAC,2019,
MAF,2019,
MAR,2019,
MDA,2019,
MDG,2019,
MDV,2019,98.2118606567383
MEX,2019,
MHL,2019,
MKD,2019,
MLI,2019,
MLT,2019,
MMR,2019,89.0
MNE,2019,
MNG,2019,
MNP,2019,
MOZ,2019,
MRT,2019,
MUS,2019,
MWI,2019,
MYS,2019,95.0
NAM,2019,
NCL,2019,
NER,2019,
NGA,2019,
NIC,2019,
NLD,2019,
NOR,2019,
NPL,2019,68.7125015258789
NZL,2019,
OMN,2019,
PAK,2019,58.0
PAN,2019,96.0
PER,2019,
PHL,2019,96.0
PLW,2019,
PNG,2019,
POL,2019,
PRI,2019,
PRK,2019,
PRT,2019,
PRY,2019,93.0
PSE,2019,97.0
PYF,2019,
QAT,2019,
ROU,2019,
RUS,2019,
RWA,2019,
SAU,2019,
SDN,2019,
SEN,2019,46.8336715698242
SGP,2019,97.0
SLB,2019,
SLE,2019,43.5777816772461
SLV,2019,89.0
SOM,2019,
SRB,2019,99.0
SSD,2019,
STP,2019,87.4384613037109
SUR,2019,
SVK,2019,
SVN,2019,
SWE,2019,
SWZ,2019,
SXM,2019,
SYC,2019,
SYR,2019,
TCA,2019,
TCD,2019,30.6279201507568
TGO,2019,67.0
THA,2019,91.2691497802734
TJK,2019,
TKM,2019,
TLS,2019,
TON,2019,91.0516204833984
TTO,2019,
TUN,2019,81.0
TUR,2019,97.0
TUV,2019,
TZA,2019,
UGA,2019,
UKR,2019,
URY,2019,99.0
USA,2019,
UZB,2019,100.0
VCT,2019,
VEN,2019,
VGB,2019,
VIR,2019,
VNM,2019,96.0
VUT,2019,
WSM,2019,97.9902572631836
YEM,2019,
ZAF,2019,95.0
ZMB,2019,
ZWE,2019,93.2275466918945
AFG,2020,
AGO,2020,
ALB,2020,
ARE,2020,
ARG,2020,
ARM,2020,100.0
ASM,2020,
ATG,2020,
AUS,2020,
AUT,2020,
AZE,2020,
BDI,2020,
BEL,2020,
BEN,2020,
BFA,2020,
BGD,2020,75.0
BGR,2020,
BHR,2020,
BHS,2020,
BIH,2020,
BLR,2020,
BLZ,2020,
BMU,2020,
BOL,2020,94.0
BRA,2020,
BRB,2020,
BRN,2020,
BTN,2020,
BWA,2020,
CAF,2020,37.4900016784668
CAN,2020,
CHE,2020,
CHL,2020,
CHN,2020,97.0
CIV,2020,
CMR,2020,78.2300033569336
COD,2020,
COG,2020,
COL,2020,96.0
COM,2020,
CPV,2020,
CRI,2020,
CUB,2020,
CYM,2020,
CYP,2020,
CZE,2020,
DEU,2020,
DJI,2020,
DMA,2020,
DNK,2020,
DOM,2020,
DZA,2020,
ECU,2020,94.0
EGY,2020,
ERI,2020,
ESP,2020,99.0
EST,2020,
ETH,2020,
FIN,2020,
FJI,2020,
FRA,2020,
FSM,2020,
GAB,2020,
GBR,2020,
GEO,2020,
GHA,2020,80.379997253418
GIN,2020,
GMB,2020,
GNB,2020,
GNQ,2020,
GRC,2020,
GRD,2020,
GTM,2020,
GUM,2020,
GUY,2020,85.6383514404297
HKG,2020,
HND,2020,
HRV,2020,
HTI,2020,
HUN,2020,
IDN,2020,96.0
IND,2020,
IRL,2020,
IRN,2020,
IRQ,2020,
ISL,2020,
ISR,2020,
ITA,2020,
JAM,2020,
JOR,2020,
JPN,2020,
KAZ,2020,99.8000030517578
KEN,2020,
KGZ,2020,
KHM,2020,
KIR,2020,
KNA,2020,
KOR,2020,
KWT,2020,96.0
LAO,2020,
LBN,2020,
LBR,2020,
LBY,2020,
LCA,2020,
LIE,2020,
LKA,2020,92.0
LSO,2020,
LTU,2020,
LUX,2020,
LVA,2020,
MAC,2020,
MAF,2020,
MAR,2020,
MDA,2020,
MDG,2020,
MDV,2020,
MEX,2020,95.0
MHL,2020,
MKD,2020,
MLI,2020,31.0
MLT,2020,
MMR,2020,
MNE,2020,
MNG,2020,99.0
MNP,2020,
MOZ,2020,60.0
MRT,2020,59.5296592712402
MUS,2020,
MWI,2020,70.1522674560547
MYS,2020,
NAM,2020,
NCL,2020,
NER,2020,
NGA,2020,
NIC,2020,
NLD,2020,
NOR,2020,
NPL,2020,
NZL,2020,
OMN,2020,
PAK,2020,
PAN,2020,
PER,2020,94.0
PHL,2020,98.0
PLW,2020,
PNG,2020,
POL,2020,
PRI,2020,
PRK,2020,
PRT,2020,
PRY,2020,95.0
PSE,2020,98.0
PYF,2020,
QAT,2020,
ROU,2020,
RUS,2020,
RWA,2020,80.0508575439453
SAU,2020,98.0
SDN,2020,
SEN,2020,
SGP,2020,97.0
SLB,2020,
SLE,2020,
SLV,2020,90.0
SOM,2020,
SRB,2020,
SSD,2020,
STP,2020,
SUR,2020,
SVK,2020,
SVN,2020,
SWE,2020,
SWZ,2020,89.2799987792969
SXM,2020,
SYC,2020,96.1999969482422
SYR,2020,
TCA,2020,
TCD,2020,
TGO,2020,
THA,2020,
TJK,2020,
TKM,2020,
TLS,2020,69.9000015258789
TON,2020,
TTO,2020,
TUN,2020,
TUR,2020,
TUV,2020,
TZA,2020,
UGA,2020,
UKR,2020,
URY,2020,
USA,2020,
UZB,2020,
VCT,2020,
VEN,2020,
VGB,2020,
VIR,2020,
VNM,2020,
VUT,2020,
WSM,2020,
YEM,2020,
ZAF,2020,
ZMB,2020,87.5
ZWE,2020,
AFG,2021,37.0
AGO,2021,
ALB,2021,
ARE,2021,98.0
ARG,2021,
ARM,2021,
ASM,2021,
ATG,2021,
AUS,2021,
AUT,2021,
AZE,2021,
BDI,2021,
BEL,2021,
BEN,2021,43.834171295166
BFA,2021,36.9673805236816
BGD,2021,76.0
BGR,2021,98.4199981689453
BHR,2021,
BHS,2021,
BIH,2021,
BLR,2021,
BLZ,2021,
BMU,2021,
BOL,2021,
BRA,2021,
BRB,2021,
BRN,2021,97.5899963378906
BTN,2021,
BWA,2021,
CAF,2021,
CAN,2021,
CHE,2021,
CHL,2021,
CHN,2021,
CIV,2021,50.0006408691406
CMR,2021,
COD,2021,
COG,2021,80.6100006103516
COL,2021,
COM,2021,
CPV,2021,
CRI,2021,98.0400009155273
CUB,2021,99.6731109619141
CYM,2021,
CYP,2021,99.3600006103516
CZE,2021,
DEU,2021,
DJI,2021,
DMA,2021,
DNK,2021,
DOM,2021,
DZA,2021,
ECU,2021,94.0
EGY,2021,
ERI,2021,
ESP,2021,
EST,2021,99.870002746582
ETH,2021,
FIN,2021,
FJI,2021,
FRA,2021,
FSM,2021,
GAB,2021,88.8583374023438
GBR,2021,
GEO,2021,
GHA,2021,
GIN,2021,45.3300018310547
GMB,2021,51.6374015808105
GNB,2021,
GNQ,2021,
GRC,2021,
GRD,2021,
GTM,2021,
GUM,2021,
GUY,2021,
HKG,2021,
HND,2021,
HRV,2021,99.4499969482422
HTI,2021,
HUN,2021,99.0999984741211
IDN,2021,
IND,2021,
IRL,2021,
IRN,2021,
IRQ,2021,
ISL,2021,
ISR,2021,
ITA,2021,
JAM,2021,
JOR,2021,
JPN,2021,
KAZ,2021,
KEN,2021,
KGZ,2021,
KHM,2021,71.9272537231445
KIR,2021,
KNA,2021,
KOR,2021,
KWT,2021,
LAO,2021,
LBN,2021,
LBR,2021,
LBY,2021,
LCA,2021,
LIE,2021,
LKA,2021,92.0
LSO,2021,
LTU,2021,99.8300018310547
LUX,2021,
LVA,2021,99.8899993896484
MAC,2021,97.1100006103516
MAF,2021,
MAR,2021,
MDA,2021,99.5999984741211
MDG,2021,74.6861419677734
MDV,2021,97.8600006103516
MEX,2021,
MHL,2021,
MKD,2021,
MLI,2021,
MLT,2021,94.9400024414062
MMR,2021,
MNE,2021,98.9800033569336
MNG,2021,
MNP,2021,
MOZ,2021,
MRT,2021,66.9599990844727
MUS,2021,92.1500015258789
MWI,2021,
MYS,2021,
NAM,2021,92.25
NCL,2021,
NER,2021,
NGA,2021,63.1555404663086
NIC,2021,
NLD,2021,
NOR,2021,
NPL,2021,71.1500015258789
NZL,2021,
OMN,2021,
PAK,2021,
PAN,2021,
PER,2021,
PHL,2021,
PLW,2021,
PNG,2021,
POL,2021,99.8000030517578
PRI,2021,92.4000015258789
PRK,2021,
PRT,2021,96.7799987792969
PRY,2021,
PSE,2021,
PYF,2021,
QAT,2021,
ROU,2021,99.0
RUS,2021,100.0
RWA,2021,
SAU,2021,
SDN,2021,
SEN,2021,
SGP,2021,98.0
SLB,2021,
SLE,2021,
SLV,2021,
SOM,2021,
SRB,2021,
SSD,2021,
STP,2021,
SUR,2021,95.0
SVK,2021,
SVN,2021,
SWE,2021,
SWZ,2021,
SXM,2021,
SYC,2021,
SYR,2021,94.0
TCA,2021,
TCD,2021,
TGO,2021,
THA,2021,94.0999984741211
TJK,2021,
TKM,2021,
TLS,2021,
TON,2021,99.4000015258789
TTO,2021,
TUN,2021,
TUR,2021,
TUV,2021,
TZA,2021,
UGA,2021,
UKR,2021,100.0
URY,2021,
USA,2021,
UZB,2021,100.0
VCT,2021,
VEN,2021,
VGB,2021,
VIR,2021,
VNM,2021,
VUT,2021,89.0999984741211
WSM,2021,99.0999984741211
YEM,2021,
ZAF,2021,90.0
ZMB,2021,
ZWE,2021,
AFG,2022,
AGO,2022,72.4000015258789
ALB,2022,98.5
ARE,2022,98.0
ARG,2022,
ARM,2022,
ASM,2022,
ATG,2022,
AUS,2022,
AUT,2022,
AZE,2022,
BDI,2022,75.5400009155273
BEL,2022,
BEN,2022,47.0999984741211
BFA,2022,34.4900016784668
BGD,2022,
BGR,2022,
BHR,2022,98.0
BHS,2022,
BIH,2022,98.3000030517578
BLR,2022,
BLZ,2022,
BMU,2022,
BOL,2022,
BRA,2022,94.6900024414062
BRB,2022,
BRN,2022,
BTN,2022,72.0999984741211
BWA,2022,
CAF,2022,
CAN,2022,
CHE,2022,
CHL,2022,97.1600036621094
CHN,2022,
CIV,2022,
CMR,2022,
COD,2022,80.5400009155273
COG,2022,
COL,2022,
COM,2022,61.7099990844727
CPV,2022,91.0
CRI,2022,
CUB,2022,
CYM,2022,
CYP,2022,
CZE,2022,
DEU,2022,
DJI,2022,
DMA,2022,
DNK,2022,
DOM,2022,95.5
DZA,2022,
ECU,2022,94.0
EGY,2022,74.5
ERI,2022,
ESP,2022,
EST,2022,
ETH,2022,
FIN,2022,
FJI,2022,
FRA,2022,
FSM,2022,
GAB,2022,85.6900024414062
GBR,2022,
GEO,2022,100.0
GHA,2022,
GIN,2022,
GMB,2022,58.6699981689453
GNB,2022,53.9000015258789
GNQ,2022,
GRC,2022,
GRD,2022,
GTM,2022,83.0311737060547
GUM,2022,
GUY,2022,90.0299987792969
HKG,2022,
HND,2022,
HRV,2022,
HTI,2022,
HUN,2022,
IDN,2022,
IND,2022,76.0
IRL,2022,
IRN,2022,88.9599990844727
IRQ,2022,
ISL,2022,
ISR,2022,
ITA,2022,
JAM,2022,
JOR,2022,
JPN,2022,
KAZ,2022,
KEN,2022,82.879997253418
KGZ,2022,
KHM,2022,83.7799987792969
KIR,2022,
KNA,2022,
KOR,2022,
KWT,2022,
LAO,2022,87.5199966430664
LBN,2022,
LBR,2022,
LBY,2022,
LCA,2022,
LIE,2022,
LKA,2022,92.0
LSO,2022,82.0100021362305
LTU,2022,
LUX,2022,
LVA,2022,
MAC,2022,
MAF,2022,
MAR,2022,77.3499984741211
MDA,2022,
MDG,2022,77.4800033569336
MDV,2022,
MEX,2022,
MHL,2022,
MKD,2022,
MLI,2022,
MLT,2022,
MMR,2022,
MNE,2022,
MNG,2022,
MNP,2022,
MOZ,2022,
MRT,2022,
MUS,2022,
MWI,2022,68.0800018310547
MYS,2022,96.0
NAM,2022,
NCL,2022,
NER,2022,38.0999984741211
NGA,2022,
NIC,2022,
NLD,2022,
NOR,2022,
NPL,2022,
NZL,2022,
OMN,2022,97.0
PAK,2022,
PAN,2022,
PER,2022,
PHL,2022,
PLW,2022,
PNG,2022,
POL,2022,
PRI,2022,
PRK,2022,
PRT,2022,
PRY,2022,
PSE,2022,98.0
PYF,2022,
QAT,2022,
ROU,2022,
RUS,2022,
RWA,2022,79.0
SAU,2022,
SDN,2022,
SEN,2022,57.6699981689453
SGP,2022,
SLB,2022,
SLE,2022,48.6399993896484
SLV,2022,
SOM,2022,54.0
SRB,2022,
SSD,2022,
STP,2022,93.75
SUR,2022,
SVK,2022,
SVN,2022,
SWE,2022,
SWZ,2022,90.7470169067383
SXM,2022,
SYC,2022,
SYR,2022,
TCA,2022,
TCD,2022,27.2800006866455
TGO,2022,
THA,2022,91.0998687744141
TJK,2022,
TKM,2022,
TLS,2022,
TON,2022,
TTO,2022,
TUN,2022,85.2149276733398
TUR,2022,
TUV,2022,
TZA,2022,82.0199966430664
UGA,2022,80.5899963378906
UKR,2022,
URY,2022,99.0
USA,2022,
UZB,2022,100.0
VCT,2022,
VEN,2022,97.5999984741211
VGB,2022,
VIR,2022,
VNM,2022,96.0
VUT,2022,
WSM,2022,
YEM,2022,
ZAF,2022,
ZMB,2022,
ZWE,2022,89.8499984741211
AFG,2023,
AGO,2023,
ALB,2023,
ARE,2023,
ARG,2023,
ARM,2023,
ASM,2023,
ATG,2023,
AUS,2023,
AUT,2023,
AZE,2023,100.0
BDI,2023,
BEL,2023,
BEN,2023,
BFA,2023,
BGD,2023,
BGR,2023,
BHR,2023,98.0
BHS,2023,
BIH,2023,
BLR,2023,
BLZ,2023,
BMU,2023,
BOL,2023,
BRA,2023,
BRB,2023,
BRN,2023,
BTN,2023,
BWA,2023,
CAF,2023,
CAN,2023,
CHE,2023,
CHL,2023,
CHN,2023,
CIV,2023,
CMR,2023,
COD,2023,
COG,2023,
COL,2023,
COM,2023,
CPV,2023,
CRI,2023,
CUB,2023,
CYM,2023,
CYP,2023,
CZE,2023,
DEU,2023,
DJI,2023,
DMA,2023,
DNK,2023,
DOM,2023,
DZA,2023,
ECU,2023,
EGY,2023,
ERI,2023,
ESP,2023,
EST,2023,
ETH,2023,
FIN,2023,
FJI,2023,
FRA,2023,
FSM,2023,
GAB,2023,
GBR,2023,
GEO,2023,
GHA,2023,
GIN,2023,
GMB,2023,
GNB,2023,
GNQ,2023,
GRC,2023,
GRD,2023,
GTM,2023,
GUM,2023,
GUY,2023,
HKG,2023,
HND,2023,
HRV,2023,
HTI,2023,
HUN,2023,
IDN,2023,
IND,2023,77.0
IRL,2023,
IRN,2023,
IRQ,2023,
ISL,2023,
ISR,2023,
ITA,2023,
JAM,2023,
JOR,2023,95.0
JPN,2023,
KAZ,2023,
KEN,2023,
KGZ,2023,
KHM,2023,
KIR,2023,
KNA,2023,
KOR,2023,
KWT,2023,
LAO,2023,
LBN,2023,
LBR,2023,
LBY,2023,
LCA,2023,
LIE,2023,
LKA,2023,
LSO,2023,
LTU,2023,
LUX,2023,
LVA,2023,
MAC,2023,
MAF,2023,
MAR,2023,
MDA,2023,
MDG,2023,
MDV,2023,
MEX,2023,
MHL,2023,
MKD,2023,
MLI,2023,
MLT,2023,
MMR,2023,
MNE,2023,
MNG,2023,
MNP,2023,
MOZ,2023,
MRT,2023,
MUS,2023,
MWI,2023,
MYS,2023,
NAM,2023,
NCL,2023,
NER,2023,
NGA,2023,
NIC,2023,
NLD,2023,
NOR,2023,
NPL,2023,
NZL,2023,
OMN,2023,
PAK,2023,
PAN,2023,
PER,2023,
PHL,2023,
PLW,2023,
PNG,2023,
POL,2023,
PRI,2023,
PRK,2023,
PRT,2023,
PRY,2023,
PSE,2023,
PYF,2023,
QAT,2023,
ROU,2023,
RUS,2023,
RWA,2023,
SAU,2023,
SDN,2023,
SEN,2023,
SGP,2023,
SLB,2023,
SLE,2023,
SLV,2023,90.0
SOM,2023,
SRB,2023,
SSD,2023,
STP,2023,
SUR,2023,
SVK,2023,
SVN,2023,
SWE,2023,
SWZ,2023,
SXM,2023,
SYC,2023,
SYR,2023,
TCA,2023,
TCD,2023,
TGO,2023,
THA,2023,
TJK,2023,
TKM,2023,
TLS,2023,
TON,2023,
TTO,2023,
TUN,2023,
TUR,2023,
TUV,2023,
TZA,2023,
UGA,2023,
UKR,2023,
URY,2023,
USA,2023,
UZB,2023,
VCT,2023,
VEN,2023,
VGB,2023,
VIR,2023,
VNM,2023,
VUT,2023,
WSM,2023,
YEM,2023,
ZAF,2023,
ZMB,2023,
ZWE,2023,
