iso,country_name,start_year,num_disasters,life_expectancy
AFG,Afghanistan,1963,1,34.016
AFG,Afghanistan,1969,1,36.91
AFG,Afghanistan,1971,2,37.923
AFG,Afghanistan,1972,2,38.444
AFG,Afghanistan,1976,2,40.645
AFG,Afghanistan,1978,1,40.271
AFG,Afghanistan,1980,1,39.618
AFG,Afghanistan,1982,1,37.766
AFG,Afghanistan,1983,1,38.187
AFG,Afghanistan,1984,1,33.329
AFG,Afghanistan,1987,1,39.844
AFG,Afghanistan,1988,1,43.958
AFG,Afghanistan,1990,1,45.967
AFG,Afghanistan,1991,6,46.663
AFG,Afghanistan,1992,3,47.596
AFG,Afghanistan,1993,4,51.466
AFG,Afghanistan,1994,1,51.495
AFG,Afghanistan,1995,3,52.544
AFG,Afghanistan,1996,2,53.243
AFG,Afghanistan,1997,4,53.634
AFG,Afghanistan,1998,7,52.943
AFG,Afghanistan,1999,5,54.846
AFG,Afghanistan,2000,5,55.298
AFG,Afghanistan,2001,5,55.798
AFG,Afghanistan,2002,16,56.454
AFG,Afghanistan,2003,9,57.344
AFG,Afghanistan,2004,3,57.944
AFG,Afghanistan,2005,13,58.361
AFG,Afghanistan,2006,13,58.684
AFG,Afghanistan,2007,7,59.111
AFG,Afghanistan,2008,4,59.852
AFG,Afghanistan,2009,5,60.364
AFG,Afghanistan,2010,5,60.851
AFG,Afghanistan,2011,4,61.419
AFG,Afghanistan,2012,11,61.923
AFG,Afghanistan,2013,6,62.417
AFG,Afghanistan,2014,3,62.545
AFG,Afghanistan,2015,7,62.659
AFG,Afghanistan,2016,4,63.136
AFG,Afghanistan,2017,5,63.016
AFG,Afghanistan,2018,5,63.081
AFG,Afghanistan,2019,7,63.565
AFG,Afghanistan,2020,7,62.575
AFG,Afghanistan,2021,4,61.982
AFG,Afghanistan,2022,8,62.879
AGO,Angola,1981,1,42.772
AGO,Angola,1985,1,42.648
AGO,Angola,1987,1,40.917
AGO,Angola,1989,3,41.765
AGO,Angola,1995,1,45.849
AGO,Angola,1997,1,46.306
AGO,Angola,1998,1,45.057
AGO,Angola,1999,2,45.386
AGO,Angola,2000,6,46.024
AGO,Angola,2001,3,46.59
AGO,Angola,2003,2,49.617
AGO,Angola,2004,5,50.592
AGO,Angola,2005,1,51.57
AGO,Angola,2006,3,52.369
AGO,Angola,2007,4,53.642
AGO,Angola,2008,2,54.633
AGO,Angola,2009,5,55.752
AGO,Angola,2010,3,56.726
AGO,Angola,2011,4,57.596
AGO,Angola,2012,1,58.623
AGO,Angola,2013,1,59.307
AGO,Angola,2015,4,60.655
AGO,Angola,2016,4,61.092
AGO,Angola,2017,2,61.68
AGO,Angola,2018,2,62.144
AGO,Angola,2019,3,62.448
AGO,Angola,2020,3,62.261
AGO,Angola,2021,2,61.643
ALB,Albania,1962,1,56.671
ALB,Albania,1967,1,61.972
ALB,Albania,1979,1,69.584
ALB,Albania,1982,1,71.023
ALB,Albania,1985,2,71.656
ALB,Albania,1988,1,72.641
ALB,Albania,1989,1,72.88
ALB,Albania,1992,1,73.715
ALB,Albania,1995,2,74.362
ALB,Albania,1996,1,74.592
ALB,Albania,1997,1,73.904
ALB,Albania,1998,1,74.99
ALB,Albania,2002,3,75.89
ALB,Albania,2004,2,76.376
ALB,Albania,2005,2,76.621
ALB,Albania,2007,2,77.549
ALB,Albania,2009,2,77.781
ALB,Albania,2010,1,77.936
ALB,Albania,2012,1,78.064
ALB,Albania,2015,3,78.644
ALB,Albania,2016,1,78.86
ALB,Albania,2017,2,79.047
ALB,Albania,2018,1,79.184
ALB,Albania,2019,3,79.282
ALB,Albania,2021,1,76.463
ALB,Albania,2022,1,76.833
ARE,"United Arab Emirates",2017,1,79.504
ARG,Argentina,1965,1,64.593
ARG,Argentina,1966,1,64.891
ARG,Argentina,1967,1,64.992
ARG,Argentina,1970,1,65.589
ARG,Argentina,1972,1,65.923
ARG,Argentina,1973,1,66.323
ARG,Argentina,1974,1,66.563
ARG,Argentina,1975,1,67.081
ARG,Argentina,1977,2,67.861
ARG,Argentina,1978,2,68.197
ARG,Argentina,1979,1,68.491
ARG,Argentina,1980,2,68.564
ARG,Argentina,1982,1,68.937
ARG,Argentina,1983,2,69.267
ARG,Argentina,1984,1,69.195
ARG,Argentina,1985,3,69.651
ARG,Argentina,1986,2,70.119
ARG,Argentina,1987,3,70.564
ARG,Argentina,1988,1,71.052
ARG,Argentina,1990,1,71.784
ARG,Argentina,1991,1,72.319
ARG,Argentina,1992,3,72.43
ARG,Argentina,1993,4,72.565
ARG,Argentina,1994,1,73.172
ARG,Argentina,1995,4,73.133
ARG,Argentina,1997,1,73.09
ARG,Argentina,1998,2,73.474
ARG,Argentina,1999,1,73.722
ARG,Argentina,2000,8,73.926
ARG,Argentina,2001,7,74.186
ARG,Argentina,2002,4,74.408
ARG,Argentina,2003,4,74.08
ARG,Argentina,2004,3,74.855
ARG,Argentina,2005,1,75.139
ARG,Argentina,2006,1,75.433
ARG,Argentina,2007,3,75.006
ARG,Argentina,2008,2,75.641
ARG,Argentina,2009,6,75.936
ARG,Argentina,2010,1,75.721
ARG,Argentina,2011,1,76.124
ARG,Argentina,2012,3,76.467
ARG,Argentina,2013,2,76.491
ARG,Argentina,2014,4,76.755
ARG,Argentina,2015,5,76.76
ARG,Argentina,2016,2,76.308
ARG,Argentina,2017,4,76.833
ARG,Argentina,2018,5,76.999
ARG,Argentina,2019,4,77.284
ARG,Argentina,2020,2,75.892
ARG,Argentina,2021,3,75.39
ARG,Argentina,2022,1,76.064
ARM,Armenia,1997,2,69.91
ARM,Armenia,1998,1,70.514
ARM,Armenia,2000,1,70.624
ARM,Armenia,2004,1,71.421
ARM,Armenia,2013,2,73.676
ARM,Armenia,2016,1,74.664
ARM,Armenia,2018,1,75.064
ARM,Armenia,2019,1,75.439
ARM,Armenia,2020,1,72.173
ATG,"Antigua and Barbuda",1960,1,61.55
ATG,"Antigua and Barbuda",1966,1,66.956
ATG,"Antigua and Barbuda",1983,1,73.471
ATG,"Antigua and Barbuda",1989,1,73.416
ATG,"Antigua and Barbuda",1990,1,73.492
ATG,"Antigua and Barbuda",1995,1,73.636
ATG,"Antigua and Barbuda",1998,1,74.041
ATG,"Antigua and Barbuda",1999,2,74.347
ATG,"Antigua and Barbuda",2008,1,76.41
ATG,"Antigua and Barbuda",2010,1,76.82
ATG,"Antigua and Barbuda",2017,1,78.268
AUS,Australia,1967,2,70.8692682926829
AUS,Australia,1968,2,70.9190243902439
AUS,Australia,1970,1,71.0185365853659
AUS,Australia,1971,2,71.0682926829268
AUS,Australia,1973,1,71.8468292682927
AUS,Australia,1974,4,72.2360975609756
AUS,Australia,1976,4,73.0146341463415
AUS,Australia,1977,1,73.3443902439024
AUS,Australia,1978,4,73.6741463414634
AUS,Australia,1979,1,74.0039024390244
AUS,Australia,1981,2,74.6634146341463
AUS,Australia,1982,3,74.9048780487805
AUS,Australia,1983,1,75.1463414634146
AUS,Australia,1984,1,75.3878048780488
AUS,Australia,1985,3,75.6292682926829
AUS,Australia,1986,4,75.8707317073171
AUS,Australia,1988,3,76.4326829268293
AUS,Australia,1989,4,76.7136585365854
AUS,Australia,1990,4,76.9946341463415
AUS,Australia,1991,3,77.2756097560976
AUS,Australia,1992,3,77.3780487804878
AUS,Australia,1993,4,77.8780487804878
AUS,Australia,1994,9,77.8780487804878
AUS,Australia,1995,5,77.8292682926829
AUS,Australia,1996,9,78.0780487804878
AUS,Australia,1997,4,78.4804878048781
AUS,Australia,1998,6,78.6317073170732
AUS,Australia,1999,5,78.9317073170732
AUS,Australia,2000,6,79.2341463414634
AUS,Australia,2001,9,79.6341463414634
AUS,Australia,2002,5,79.9365853658537
AUS,Australia,2003,10,80.2390243902439
AUS,Australia,2004,7,80.490243902439
AUS,Australia,2005,4,80.8414634146341
AUS,Australia,2006,8,81.0414634146342
AUS,Australia,2007,2,81.2926829268293
AUS,Australia,2008,5,81.3951219512195
AUS,Australia,2009,6,81.5439024390244
AUS,Australia,2010,8,81.6951219512195
AUS,Australia,2011,3,81.8951219512195
AUS,Australia,2012,2,82.0463414634146
AUS,Australia,2013,3,82.1487804878049
AUS,Australia,2014,4,82.3
AUS,Australia,2015,8,82.4
AUS,Australia,2016,4,82.4487804878049
AUS,Australia,2017,3,82.5
AUS,Australia,2018,3,82.7487804878049
AUS,Australia,2019,3,82.9
AUS,Australia,2020,3,83.2
AUS,Australia,2021,7,83.3
AUS,Australia,2022,5,83.2
AUT,Austria,1975,1,71.1146341463415
AUT,Austria,1976,1,71.5658536585366
AUT,Austria,1980,1,72.4634146341463
AUT,Austria,1981,1,72.8121951219512
AUT,Austria,1982,2,72.9609756097561
AUT,Austria,1983,1,73.0121951219512
AUT,Austria,1984,2,73.6121951219512
AUT,Austria,1985,1,73.8146341463415
AUT,Austria,1990,5,75.5682926829269
AUT,Austria,1991,2,75.6170731707317
AUT,Austria,1993,1,76.0682926829268
AUT,Austria,1994,1,76.419512195122
AUT,Austria,1995,1,76.6682926829268
AUT,Austria,1996,1,76.8707317073171
AUT,Austria,1997,1,77.319512195122
AUT,Austria,1998,1,77.6707317073171
AUT,Austria,1999,2,77.8756097560976
AUT,Austria,2000,2,78.1268292682927
AUT,Austria,2002,3,78.6780487804878
AUT,Austria,2003,1,78.6317073170732
AUT,Austria,2005,3,79.3317073170732
AUT,Austria,2006,1,79.8804878048781
AUT,Austria,2007,2,80.1804878048781
AUT,Austria,2008,1,80.4317073170732
AUT,Austria,2009,4,80.3317073170732
AUT,Austria,2012,1,80.9365853658537
AUT,Austria,2013,1,81.1365853658537
AUT,Austria,2016,1,81.6414634146342
AUT,Austria,2017,2,81.6439024390244
AUT,Austria,2019,2,81.8951219512195
AUT,Austria,2021,1,81.190243902439
AUT,Austria,2022,2,81.0926829268293
AZE,Azerbaijan,1995,3,62.305
AZE,Azerbaijan,1997,1,62.973
AZE,Azerbaijan,1998,1,63.561
AZE,Azerbaijan,1999,1,64.189
AZE,Azerbaijan,2000,3,64.891
AZE,Azerbaijan,2003,1,66.756
AZE,Azerbaijan,2009,1,69.356
AZE,Azerbaijan,2010,1,69.529
AZE,Azerbaijan,2012,3,70.36
BDI,Burundi,1978,1,43.764
BDI,Burundi,1989,1,45.62
BDI,Burundi,1992,1,43.895
BDI,Burundi,1997,2,45.387
BDI,Burundi,1999,4,47.528
BDI,Burundi,2000,4,47.514
BDI,Burundi,2002,5,49.891
BDI,Burundi,2003,2,50.857
BDI,Burundi,2004,4,52.01
BDI,Burundi,2005,2,53.023
BDI,Burundi,2006,7,53.869
BDI,Burundi,2007,2,54.727
BDI,Burundi,2008,3,55.71
BDI,Burundi,2009,2,56.388
BDI,Burundi,2010,3,57.081
BDI,Burundi,2011,4,57.769
BDI,Burundi,2014,1,59.868
BDI,Burundi,2015,2,60.217
BDI,Burundi,2016,1,60.793
BDI,Burundi,2017,1,61.553
BDI,Burundi,2018,3,61.688
BDI,Burundi,2019,3,62.351
BDI,Burundi,2020,3,61.566
BDI,Burundi,2021,1,61.663
BEL,Belgium,1963,1,70.0514634146342
BEL,Belgium,1967,1,71.0129268292683
BEL,Belgium,1971,1,71.0604878048781
BEL,Belgium,1972,1,71.4051219512195
BEL,Belgium,1976,2,72.119756097561
BEL,Belgium,1983,1,73.8690243902439
BEL,Belgium,1984,1,74.4048780487805
BEL,Belgium,1985,2,74.520243902439
BEL,Belgium,1990,6,76.0519512195122
BEL,Belgium,1992,1,76.3512195121951
BEL,Belgium,1993,2,76.3453658536585
BEL,Belgium,1994,1,76.6917073170732
BEL,Belgium,1995,1,76.8407317073171
BEL,Belgium,1998,2,77.4731707317073
BEL,Belgium,1999,2,77.619512195122
BEL,Belgium,2002,4,78.0756097560976
BEL,Belgium,2003,2,78.1292682926829
BEL,Belgium,2005,3,78.9804878048781
BEL,Belgium,2006,1,79.380487804878
BEL,Belgium,2007,1,79.7829268292683
BEL,Belgium,2008,1,79.6804878048781
BEL,Belgium,2009,1,80.0341463414634
BEL,Belgium,2010,3,80.1829268292683
BEL,Belgium,2011,1,80.5853658536585
BEL,Belgium,2012,1,80.3853658536585
BEL,Belgium,2013,2,80.5878048780488
BEL,Belgium,2014,1,81.2878048780488
BEL,Belgium,2015,1,80.9926829268293
BEL,Belgium,2016,2,81.4390243902439
BEL,Belgium,2018,2,81.5951219512195
BEL,Belgium,2019,3,81.9951219512195
BEL,Belgium,2020,2,80.6951219512195
BEL,Belgium,2021,3,81.790243902439
BEL,Belgium,2022,2,81.6975609756098
BEN,Benin,1970,1,42.189
BEN,Benin,1972,1,43.158
BEN,Benin,1976,1,45.488
BEN,Benin,1978,1,46.961
BEN,Benin,1982,1,48.813
BEN,Benin,1983,1,49.333
BEN,Benin,1984,1,49.747
BEN,Benin,1985,1,50.374
BEN,Benin,1987,2,51.659
BEN,Benin,1988,1,52.294
BEN,Benin,1989,1,52.684
BEN,Benin,1991,1,53.624
BEN,Benin,1994,1,54.91
BEN,Benin,1995,1,55.295
BEN,Benin,1996,2,55.558
BEN,Benin,1997,2,55.978
BEN,Benin,1998,2,56.218
BEN,Benin,1999,2,56.526
BEN,Benin,2000,3,56.578
BEN,Benin,2001,3,56.66
BEN,Benin,2002,1,56.606
BEN,Benin,2003,1,56.738
BEN,Benin,2005,1,57.125
BEN,Benin,2007,1,57.675
BEN,Benin,2008,4,57.869
BEN,Benin,2009,3,57.956
BEN,Benin,2010,4,58.363
BEN,Benin,2011,1,58.462
BEN,Benin,2012,1,58.716
BEN,Benin,2013,3,58.965
BEN,Benin,2016,1,59.539
BEN,Benin,2019,1,60.454
BEN,Benin,2020,1,60.088
BEN,Benin,2021,1,59.821
BEN,Benin,2022,1,59.954
BFA,"Burkina Faso",1966,1,37.916
BFA,"Burkina Faso",1969,3,38.857
BFA,"Burkina Faso",1977,2,44.147
BFA,"Burkina Faso",1979,1,45.903
BFA,"Burkina Faso",1980,1,46.539
BFA,"Burkina Faso",1981,2,46.872
BFA,"Burkina Faso",1983,1,48.091
BFA,"Burkina Faso",1984,2,48.638
BFA,"Burkina Faso",1985,1,48.949
BFA,"Burkina Faso",1986,1,49.013
BFA,"Burkina Faso",1987,1,49.058
BFA,"Burkina Faso",1988,2,49.132
BFA,"Burkina Faso",1990,1,49.44
BFA,"Burkina Faso",1991,1,49.45
BFA,"Burkina Faso",1994,1,49.307
BFA,"Burkina Faso",1995,1,49.446
BFA,"Burkina Faso",1996,2,49.614
BFA,"Burkina Faso",1997,1,49.4
BFA,"Burkina Faso",1998,2,49.991
BFA,"Burkina Faso",1999,1,50.325
BFA,"Burkina Faso",2001,4,51.071
BFA,"Burkina Faso",2003,2,51.793
BFA,"Burkina Faso",2004,2,52.416
BFA,"Burkina Faso",2005,1,53.092
BFA,"Burkina Faso",2006,3,53.742
BFA,"Burkina Faso",2007,2,54.375
BFA,"Burkina Faso",2008,4,55.342
BFA,"Burkina Faso",2009,3,55.959
BFA,"Burkina Faso",2010,2,56.477
BFA,"Burkina Faso",2011,1,57.125
BFA,"Burkina Faso",2012,1,57.619
BFA,"Burkina Faso",2013,1,57.823
BFA,"Burkina Faso",2014,1,58.359
BFA,"Burkina Faso",2015,1,58.845
BFA,"Burkina Faso",2016,1,59.326
BFA,"Burkina Faso",2017,2,59.536
BFA,"Burkina Faso",2020,4,59.731
BFA,"Burkina Faso",2022,1,59.766
BGD,Bangladesh,1960,3,44.74
BGD,Bangladesh,1961,3,45.662
BGD,Bangladesh,1963,3,46.655
BGD,Bangladesh,1964,2,47.741
BGD,Bangladesh,1965,3,46.858
BGD,Bangladesh,1966,2,48.577
BGD,Bangladesh,1967,2,48.865
BGD,Bangladesh,1968,2,49.09
BGD,Bangladesh,1969,1,49.172
BGD,Bangladesh,1970,4,42.587
BGD,Bangladesh,1971,1,25.996
BGD,Bangladesh,1972,2,49.591
BGD,Bangladesh,1973,5,49.828
BGD,Bangladesh,1974,5,49.16
BGD,Bangladesh,1976,3,50.647
BGD,Bangladesh,1977,6,51.197
BGD,Bangladesh,1978,4,51.254
BGD,Bangladesh,1979,2,51.464
BGD,Bangladesh,1980,2,51.85
BGD,Bangladesh,1981,3,52.169
BGD,Bangladesh,1982,2,52.54
BGD,Bangladesh,1983,10,53.011
BGD,Bangladesh,1984,2,53.54
BGD,Bangladesh,1985,7,53.897
BGD,Bangladesh,1986,7,54.415
BGD,Bangladesh,1987,6,54.926
BGD,Bangladesh,1988,7,55.027
BGD,Bangladesh,1989,8,55.089
BGD,Bangladesh,1990,8,55.989
BGD,Bangladesh,1991,8,54.154
BGD,Bangladesh,1992,6,57.635
BGD,Bangladesh,1993,12,57.927
BGD,Bangladesh,1994,9,58.617
BGD,Bangladesh,1995,11,59.467
BGD,Bangladesh,1996,8,59.492
BGD,Bangladesh,1997,9,61.427
BGD,Bangladesh,1998,8,63.917
BGD,Bangladesh,1999,12,66.228
BGD,Bangladesh,2000,15,65.779
BGD,Bangladesh,2001,7,66.135
BGD,Bangladesh,2002,7,66.612
BGD,Bangladesh,2003,7,66.824
BGD,Bangladesh,2004,10,67.187
BGD,Bangladesh,2005,12,67.299
BGD,Bangladesh,2006,7,67.241
BGD,Bangladesh,2007,7,66.714
BGD,Bangladesh,2008,5,67.051
BGD,Bangladesh,2009,6,67.403
BGD,Bangladesh,2010,6,68.638
BGD,Bangladesh,2011,5,68.809
BGD,Bangladesh,2012,5,69.554
BGD,Bangladesh,2013,3,69.565
BGD,Bangladesh,2014,4,69.986
BGD,Bangladesh,2015,8,70.491
BGD,Bangladesh,2016,4,71.09
BGD,Bangladesh,2017,6,71.788
BGD,Bangladesh,2018,4,72.567
BGD,Bangladesh,2019,6,72.806
BGD,Bangladesh,2020,2,71.968
BGD,Bangladesh,2021,2,72.381
BGD,Bangladesh,2022,2,73.698
BGR,Bulgaria,1965,1,71.2939024390244
BGR,Bulgaria,1977,1,70.8160975609756
BGR,Bulgaria,1981,1,71.5719512195122
BGR,Bulgaria,1986,1,71.7307317073171
BGR,Bulgaria,1990,1,71.6414634146342
BGR,Bulgaria,1993,1,71.3468292682927
BGR,Bulgaria,1997,1,70.3512195121951
BGR,Bulgaria,1998,1,71.0609756097561
BGR,Bulgaria,1999,1,71.4121951219512
BGR,Bulgaria,2000,4,71.6634146341463
BGR,Bulgaria,2001,2,71.7682926829268
BGR,Bulgaria,2002,1,71.8658536585366
BGR,Bulgaria,2005,6,72.5609756097561
BGR,Bulgaria,2006,4,72.6121951219512
BGR,Bulgaria,2007,6,72.6634146341463
BGR,Bulgaria,2008,1,72.9634146341463
BGR,Bulgaria,2010,2,73.5121951219512
BGR,Bulgaria,2012,4,74.3146341463415
BGR,Bulgaria,2014,5,74.4658536585366
BGR,Bulgaria,2015,1,74.6146341463415
BGR,Bulgaria,2018,1,74.9634146341464
BGR,Bulgaria,2021,2,71.4634146341463
BGR,Bulgaria,2022,2,74.3609756097561
BHR,Bahrain,1978,1,69.978
BHS,Bahamas,1963,1,63.732
BHS,Bahamas,1965,1,64.362
BHS,Bahamas,1966,2,64.659
BHS,Bahamas,1988,1,69.215
BHS,Bahamas,1990,1,70.133
BHS,Bahamas,1992,1,70.668
BHS,Bahamas,1995,1,70.763
BHS,Bahamas,1999,1,71.771
BHS,Bahamas,2001,1,72.11
BHS,Bahamas,2004,3,72.478
BHS,Bahamas,2005,1,72.765
BHS,Bahamas,2007,1,72.678
BHS,Bahamas,2008,2,72.667
BHS,Bahamas,2011,1,72.564
BHS,Bahamas,2012,1,72.753
BHS,Bahamas,2013,1,73.024
BHS,Bahamas,2015,1,73.104
BHS,Bahamas,2016,1,73.537
BHS,Bahamas,2017,1,73.632
BHS,Bahamas,2019,1,71.205
BIH,"Bosnia and Herzegovina",1999,1,75.076
BIH,"Bosnia and Herzegovina",2000,3,74.496
BIH,"Bosnia and Herzegovina",2001,1,75.06
BIH,"Bosnia and Herzegovina",2003,1,75.782
BIH,"Bosnia and Herzegovina",2004,2,76.133
BIH,"Bosnia and Herzegovina",2005,2,75.42
BIH,"Bosnia and Herzegovina",2007,1,76.161
BIH,"Bosnia and Herzegovina",2009,3,76.976
BIH,"Bosnia and Herzegovina",2010,2,77.073
BIH,"Bosnia and Herzegovina",2012,1,77.191
BIH,"Bosnia and Herzegovina",2014,4,75.659
BIH,"Bosnia and Herzegovina",2015,1,76.182
BIH,"Bosnia and Herzegovina",2019,2,77.241
BIH,"Bosnia and Herzegovina",2020,1,76.225
BIH,"Bosnia and Herzegovina",2021,1,75.3
BIH,"Bosnia and Herzegovina",2022,2,75.293
BLR,Belarus,1993,1,68.9707317073171
BLR,Belarus,1995,1,68.4609756097561
BLR,Belarus,1996,1,68.5121951219512
BLR,Belarus,1997,2,68.4609756097561
BLR,Belarus,1999,1,67.9073170731707
BLR,Belarus,2000,1,68.9121951219512
BLR,Belarus,2006,1,69.4048780487805
BLR,Belarus,2007,1,70.2073170731707
BLR,Belarus,2012,1,71.9658536585366
BLR,Belarus,2013,1,72.4707317073171
BLR,Belarus,2014,1,72.9707317073171
BLR,Belarus,2017,1,74.1292682926829
BLR,Belarus,2018,1,74.1756097560976
BLZ,Belize,1961,1,53.356
BLZ,Belize,1974,1,65.03
BLZ,Belize,1978,1,66.885
BLZ,Belize,1979,1,67.399
BLZ,Belize,1990,2,70.744
BLZ,Belize,1995,1,69.887
BLZ,Belize,1998,1,68.599
BLZ,Belize,2000,1,68.564
BLZ,Belize,2001,1,68.357
BLZ,Belize,2005,2,69.376
BLZ,Belize,2007,1,70.655
BLZ,Belize,2008,2,71.151
BLZ,Belize,2010,1,72.272
BLZ,Belize,2015,1,73.187
BLZ,Belize,2016,1,73.399
BLZ,Belize,2020,1,72.854
BLZ,Belize,2022,1,70.962
BMU,Bermuda,1985,1,73.337
BMU,Bermuda,1986,1,73.428
BMU,Bermuda,1987,1,73.996
BMU,Bermuda,1989,1,74.269
BMU,Bermuda,2003,1,79.345
BOL,"Bolivia, Plurinational State of",1965,1,44.712
BOL,"Bolivia, Plurinational State of",1966,2,45.118
BOL,"Bolivia, Plurinational State of",1968,1,45.796
BOL,"Bolivia, Plurinational State of",1969,2,46.215
BOL,"Bolivia, Plurinational State of",1974,1,48.446
BOL,"Bolivia, Plurinational State of",1977,2,49.734
BOL,"Bolivia, Plurinational State of",1978,2,50.181
BOL,"Bolivia, Plurinational State of",1980,1,51.181
BOL,"Bolivia, Plurinational State of",1982,1,52.053
BOL,"Bolivia, Plurinational State of",1983,3,52.405
BOL,"Bolivia, Plurinational State of",1984,1,52.971
BOL,"Bolivia, Plurinational State of",1985,1,53.446
BOL,"Bolivia, Plurinational State of",1986,1,53.929
BOL,"Bolivia, Plurinational State of",1987,1,54.492
BOL,"Bolivia, Plurinational State of",1988,1,55.156
BOL,"Bolivia, Plurinational State of",1989,1,55.772
BOL,"Bolivia, Plurinational State of",1990,1,56.422
BOL,"Bolivia, Plurinational State of",1991,1,57.097
BOL,"Bolivia, Plurinational State of",1992,3,57.629
BOL,"Bolivia, Plurinational State of",1994,3,58.989
BOL,"Bolivia, Plurinational State of",1996,1,60.084
BOL,"Bolivia, Plurinational State of",1997,4,60.752
BOL,"Bolivia, Plurinational State of",1998,3,61.332
BOL,"Bolivia, Plurinational State of",1999,3,61.871
BOL,"Bolivia, Plurinational State of",2000,4,62.346
BOL,"Bolivia, Plurinational State of",2001,1,62.843
BOL,"Bolivia, Plurinational State of",2002,2,63.306
BOL,"Bolivia, Plurinational State of",2003,4,63.635
BOL,"Bolivia, Plurinational State of",2004,1,64.004
BOL,"Bolivia, Plurinational State of",2005,1,64.386
BOL,"Bolivia, Plurinational State of",2006,2,64.779
BOL,"Bolivia, Plurinational State of",2007,4,65.027
BOL,"Bolivia, Plurinational State of",2008,4,65.446
BOL,"Bolivia, Plurinational State of",2009,1,65.88
BOL,"Bolivia, Plurinational State of",2010,5,66.162
BOL,"Bolivia, Plurinational State of",2011,2,66.534
BOL,"Bolivia, Plurinational State of",2012,1,66.705
BOL,"Bolivia, Plurinational State of",2013,5,67.021
BOL,"Bolivia, Plurinational State of",2014,3,67.163
BOL,"Bolivia, Plurinational State of",2015,2,67.318
BOL,"Bolivia, Plurinational State of",2016,3,67.628
BOL,"Bolivia, Plurinational State of",2018,2,67.748
BOL,"Bolivia, Plurinational State of",2019,5,67.841
BOL,"Bolivia, Plurinational State of",2020,3,64.467
BOL,"Bolivia, Plurinational State of",2021,7,63.63
BOL,"Bolivia, Plurinational State of",2022,1,64.928
BRA,Brazil,1964,3,54.648
BRA,Brazil,1965,2,55.084
BRA,Brazil,1966,5,55.473
BRA,Brazil,1967,5,55.868
BRA,Brazil,1968,1,56.31
BRA,Brazil,1969,1,56.748
BRA,Brazil,1970,2,57.171
BRA,Brazil,1971,2,57.586
BRA,Brazil,1973,1,58.472
BRA,Brazil,1974,4,58.881
BRA,Brazil,1975,4,59.353
BRA,Brazil,1977,5,60.24
BRA,Brazil,1978,2,60.72
BRA,Brazil,1979,2,61.253
BRA,Brazil,1980,3,61.781
BRA,Brazil,1981,2,62.333
BRA,Brazil,1982,1,62.856
BRA,Brazil,1983,4,63.331
BRA,Brazil,1984,7,63.773
BRA,Brazil,1985,4,64.198
BRA,Brazil,1986,3,64.64
BRA,Brazil,1987,3,65.08
BRA,Brazil,1988,6,65.454
BRA,Brazil,1989,8,65.868
BRA,Brazil,1990,2,65.985
BRA,Brazil,1991,4,66.31
BRA,Brazil,1992,5,66.708
BRA,Brazil,1994,2,67.568
BRA,Brazil,1995,6,67.919
BRA,Brazil,1996,4,68.409
BRA,Brazil,1997,5,68.813
BRA,Brazil,1998,11,69.189
BRA,Brazil,1999,4,69.524
BRA,Brazil,2000,5,69.737
BRA,Brazil,2001,5,70.195
BRA,Brazil,2002,6,70.41
BRA,Brazil,2003,5,70.72
BRA,Brazil,2004,5,71.131
BRA,Brazil,2005,4,71.753
BRA,Brazil,2006,2,72.037
BRA,Brazil,2007,6,72.365
BRA,Brazil,2008,6,72.715
BRA,Brazil,2009,10,72.948
BRA,Brazil,2010,5,73.182
BRA,Brazil,2011,9,73.343
BRA,Brazil,2012,3,73.552
BRA,Brazil,2013,6,73.918
BRA,Brazil,2014,5,74.306
BRA,Brazil,2015,6,74.332
BRA,Brazil,2016,3,74.442
BRA,Brazil,2017,2,74.827
BRA,Brazil,2018,3,75.109
BRA,Brazil,2019,8,75.338
BRA,Brazil,2020,7,74.009
BRA,Brazil,2021,9,72.75
BRA,Brazil,2022,12,73.425
BRB,Barbados,1970,1,68.272
BRB,Barbados,1980,1,71.921
BRB,Barbados,1984,1,72.596
BRB,Barbados,1987,1,72.675
BRB,Barbados,1995,1,73.298
BRB,Barbados,2002,1,74.366
BRB,Barbados,2004,1,74.727
BRB,Barbados,2007,1,75.342
BRB,Barbados,2010,2,75.712
BRB,Barbados,2017,1,76.936
BRB,Barbados,2021,1,77.571
BRN,"Brunei Darussalam",1998,1,73.619
BTN,Bhutan,1985,1,52.118
BTN,Bhutan,1992,1,57.423
BTN,Bhutan,1994,2,58.635
BTN,Bhutan,1999,1,62.23
BTN,Bhutan,2000,1,62.01
BTN,Bhutan,2004,1,65.268
BTN,Bhutan,2009,2,67.897
BTN,Bhutan,2011,1,68.881
BTN,Bhutan,2021,2,71.815
BWA,Botswana,1965,1,52.809
BWA,Botswana,1968,1,54.188
BWA,Botswana,1970,1,55.197
BWA,Botswana,1972,1,56.3
BWA,Botswana,1982,1,61.57
BWA,Botswana,1986,1,62.678
BWA,Botswana,1988,2,61.755
BWA,Botswana,1992,1,58.348
BWA,Botswana,1995,1,55.059
BWA,Botswana,2000,1,51.011
BWA,Botswana,2004,1,51.617
BWA,Botswana,2006,1,53.918
BWA,Botswana,2008,1,57.121
BWA,Botswana,2009,3,58.279
BWA,Botswana,2011,1,60.53
BWA,Botswana,2013,1,61.996
BWA,Botswana,2015,1,63.818
BWA,Botswana,2017,1,66.753
BWA,Botswana,2018,1,65.422
BWA,Botswana,2019,1,65.464
CAF,"Central African Republic",1973,1,46.854
CAF,"Central African Republic",1981,1,50.159
CAF,"Central African Republic",1983,1,50.423
CAF,"Central African Republic",1992,1,48.793
CAF,"Central African Republic",1995,2,47.35
CAF,"Central African Republic",1996,1,46.831
CAF,"Central African Republic",1998,1,46.025
CAF,"Central African Republic",1999,3,45.75
CAF,"Central African Republic",2000,3,45.406
CAF,"Central African Republic",2001,2,45.393
CAF,"Central African Republic",2002,2,45.409
CAF,"Central African Republic",2003,2,45.76
CAF,"Central African Republic",2004,1,46.038
CAF,"Central African Republic",2005,1,46.433
CAF,"Central African Republic",2007,1,47.426
CAF,"Central African Republic",2008,1,48.016
CAF,"Central African Republic",2009,3,48.648
CAF,"Central African Republic",2010,1,49.255
CAF,"Central African Republic",2011,3,49.948
CAF,"Central African Republic",2012,2,50.686
CAF,"Central African Republic",2013,2,50.902
CAF,"Central African Republic",2015,1,52.793
CAF,"Central African Republic",2016,1,53.46
CAF,"Central African Republic",2017,2,53.721
CAF,"Central African Republic",2018,1,54.369
CAF,"Central African Republic",2019,2,55.025
CAF,"Central African Republic",2021,1,53.895
CAF,"Central African Republic",2022,3,54.477
CAN,Canada,1961,1,71.3460975609756
CAN,Canada,1962,1,71.3670731707317
CAN,Canada,1965,1,71.8721951219512
CAN,Canada,1966,1,72.0043902439024
CAN,Canada,1970,1,72.7004878048781
CAN,Canada,1971,2,73.0292682926829
CAN,Canada,1974,1,73.2375609756098
CAN,Canada,1975,2,73.5217073170732
CAN,Canada,1977,2,74.2156097560976
CAN,Canada,1979,1,74.8663414634146
CAN,Canada,1980,1,75.1021951219512
CAN,Canada,1981,1,75.4978048780488
CAN,Canada,1982,1,75.7251219512195
CAN,Canada,1983,1,76.0604878048781
CAN,Canada,1984,1,76.3319512195122
CAN,Canada,1985,2,76.3273170731707
CAN,Canada,1986,4,76.4639024390244
CAN,Canada,1987,3,76.7787804878049
CAN,Canada,1988,2,76.8587804878049
CAN,Canada,1989,2,77.1248780487805
CAN,Canada,1990,1,77.4365853658537
CAN,Canada,1991,2,77.5934146341464
CAN,Canada,1992,3,77.8380487804878
CAN,Canada,1993,1,77.7048780487805
CAN,Canada,1994,3,77.8717073170732
CAN,Canada,1995,4,77.9773170731707
CAN,Canada,1996,2,78.220243902439
CAN,Canada,1997,3,78.4124390243903
CAN,Canada,1998,3,78.6236585365854
CAN,Canada,1999,3,78.8390243902439
CAN,Canada,2000,1,79.1668292682927
CAN,Canada,2001,3,79.3980487804878
CAN,Canada,2002,3,79.5307317073171
CAN,Canada,2003,7,79.7151219512195
CAN,Canada,2004,4,79.9921951219512
CAN,Canada,2005,5,80.1126829268293
CAN,Canada,2006,5,80.5436585365854
CAN,Canada,2007,3,80.5436585365854
CAN,Canada,2008,2,80.7246341463415
CAN,Canada,2009,3,81.0660975609756
CAN,Canada,2011,3,81.4826829268293
CAN,Canada,2012,3,81.6636585365854
CAN,Canada,2013,3,81.7448780487805
CAN,Canada,2014,2,81.7843902439025
CAN,Canada,2015,1,81.8156097560976
CAN,Canada,2016,2,81.9248780487805
CAN,Canada,2017,3,81.8329268292683
CAN,Canada,2018,4,81.8439024390244
CAN,Canada,2019,2,82.2239024390244
CAN,Canada,2020,2,81.6604878048781
CAN,Canada,2021,4,81.5870731707317
CAN,Canada,2022,6,81.2956097560976
CHE,Switzerland,1965,1,72.2017073170732
CHE,Switzerland,1968,1,72.590243902439
CHE,Switzerland,1970,1,73.020243902439
CHE,Switzerland,1975,1,74.6656097560976
CHE,Switzerland,1976,1,74.7853658536585
CHE,Switzerland,1977,1,75.2380487804878
CHE,Switzerland,1982,1,76.0339024390244
CHE,Switzerland,1983,3,76.0312195121951
CHE,Switzerland,1984,1,76.6085365853659
CHE,Switzerland,1985,1,76.7336585365854
CHE,Switzerland,1986,2,76.8990243902439
CHE,Switzerland,1987,2,77.1975609756098
CHE,Switzerland,1988,1,77.2265853658537
CHE,Switzerland,1990,4,77.2424390243902
CHE,Switzerland,1993,3,78.0853658536586
CHE,Switzerland,1994,1,78.35
CHE,Switzerland,1997,1,79.079512195122
CHE,Switzerland,1998,1,79.3243902439025
CHE,Switzerland,1999,3,79.580487804878
CHE,Switzerland,2000,1,79.6804878048781
CHE,Switzerland,2002,2,80.3853658536585
CHE,Switzerland,2003,2,80.5365853658537
CHE,Switzerland,2005,2,81.2365853658537
CHE,Switzerland,2006,2,81.490243902439
CHE,Switzerland,2007,3,81.7414634146342
CHE,Switzerland,2009,1,82.0439024390244
CHE,Switzerland,2010,2,82.2463414634147
CHE,Switzerland,2011,1,82.6951219512195
CHE,Switzerland,2012,2,82.6975609756098
CHE,Switzerland,2013,2,82.7975609756098
CHE,Switzerland,2014,1,83.1975609756098
CHE,Switzerland,2017,1,83.5512195121951
CHE,Switzerland,2018,1,83.7536585365854
CHE,Switzerland,2019,1,83.9048780487805
CHE,Switzerland,2020,1,83
CHE,Switzerland,2021,3,83.7512195121951
CHE,Switzerland,2022,1,83.4536585365854
CHL,Chile,1960,1,57.015
CHL,Chile,1964,1,58.738
CHL,Chile,1965,4,59.455
CHL,Chile,1966,1,59.689
CHL,Chile,1968,2,61.63
CHL,Chile,1971,2,62.732
CHL,Chile,1974,1,64.901
CHL,Chile,1977,1,67.402
CHL,Chile,1978,1,68.074
CHL,Chile,1979,1,68.186
CHL,Chile,1982,1,70.299
CHL,Chile,1983,1,70.011
CHL,Chile,1984,2,70.46
CHL,Chile,1985,1,71.176
CHL,Chile,1986,2,71.81
CHL,Chile,1987,4,72.54
CHL,Chile,1988,1,72.456
CHL,Chile,1989,1,72.467
CHL,Chile,1990,1,72.574
CHL,Chile,1991,4,73.574
CHL,Chile,1992,3,74.135
CHL,Chile,1993,3,74.195
CHL,Chile,1995,3,74.609
CHL,Chile,1997,5,75.596
CHL,Chile,1999,1,76.018
CHL,Chile,2000,3,76.87
CHL,Chile,2001,3,76.773
CHL,Chile,2002,5,77.445
CHL,Chile,2003,1,77.387
CHL,Chile,2004,2,77.616
CHL,Chile,2005,4,78.016
CHL,Chile,2006,1,78.261
CHL,Chile,2007,3,77.826
CHL,Chile,2008,3,78.484
CHL,Chile,2010,2,78.501
CHL,Chile,2011,4,79.11
CHL,Chile,2012,3,79.023
CHL,Chile,2013,1,79.339
CHL,Chile,2014,3,79.473
CHL,Chile,2015,7,79.746
CHL,Chile,2016,1,80.079
CHL,Chile,2017,5,80.35
CHL,Chile,2019,3,80.326
CHL,Chile,2021,2,78.944
CHL,Chile,2022,2,79.519
CHN,China,1964,1,52.156
CHN,China,1965,1,52.912
CHN,China,1967,1,54.351
CHN,China,1969,2,55.738
CHN,China,1970,2,56.607
CHN,China,1973,1,59.389
CHN,China,1974,1,60.168
CHN,China,1975,2,60.917
CHN,China,1976,2,61.796
CHN,China,1978,1,63.218
CHN,China,1979,3,63.865
CHN,China,1980,5,64.42
CHN,China,1981,8,64.975
CHN,China,1982,7,65.463
CHN,China,1983,9,65.904
CHN,China,1984,5,66.3
CHN,China,1985,14,66.643
CHN,China,1986,11,66.97
CHN,China,1987,15,67.288
CHN,China,1988,18,67.581
CHN,China,1989,14,67.838
CHN,China,1990,18,68.005
CHN,China,1991,13,68.169
CHN,China,1992,17,68.734
CHN,China,1993,18,69.216
CHN,China,1994,18,69.52
CHN,China,1995,15,70.008
CHN,China,1996,20,70.266
CHN,China,1997,21,70.672
CHN,China,1998,18,71.172
CHN,China,1999,21,71.419
CHN,China,2000,28,71.881
CHN,China,2001,33,72.606
CHN,China,2002,28,72.985
CHN,China,2003,27,73.371
CHN,China,2004,24,73.748
CHN,China,2005,31,74.111
CHN,China,2006,37,74.504
CHN,China,2007,18,74.762
CHN,China,2008,30,74.872
CHN,China,2009,26,75.343
CHN,China,2010,25,75.599
CHN,China,2011,20,75.903
CHN,China,2012,28,76.192
CHN,China,2013,43,76.452
CHN,China,2014,41,76.717
CHN,China,2015,36,76.977
CHN,China,2016,33,77.218
CHN,China,2017,30,77.248
CHN,China,2018,22,77.744
CHN,China,2019,16,77.968
CHN,China,2020,12,78.077
CHN,China,2021,17,78.211
CHN,China,2022,12,78.587
CIV,"Côte d'Ivoire",1970,1,44.325
CIV,"Côte d'Ivoire",1983,1,53.171
CIV,"Côte d'Ivoire",1989,1,52.876
CIV,"Côte d'Ivoire",1991,1,52.323
CIV,"Côte d'Ivoire",1995,1,51.61
CIV,"Côte d'Ivoire",1996,1,51.52
CIV,"Côte d'Ivoire",2001,2,50.81
CIV,"Côte d'Ivoire",2002,3,50.886
CIV,"Côte d'Ivoire",2005,1,51.824
CIV,"Côte d'Ivoire",2006,2,52.355
CIV,"Côte d'Ivoire",2007,2,52.97
CIV,"Côte d'Ivoire",2008,2,53.653
CIV,"Côte d'Ivoire",2009,1,54.394
CIV,"Côte d'Ivoire",2010,2,55.023
CIV,"Côte d'Ivoire",2014,2,57.208
CIV,"Côte d'Ivoire",2015,1,57.762
CIV,"Côte d'Ivoire",2016,1,58.06
CIV,"Côte d'Ivoire",2017,2,58.48
CIV,"Côte d'Ivoire",2018,1,58.849
CIV,"Côte d'Ivoire",2019,1,59.319
CIV,"Côte d'Ivoire",2020,1,59.032
CIV,"Côte d'Ivoire",2022,1,58.916
CMR,Cameroon,1971,1,48.251
CMR,Cameroon,1984,1,53.22
CMR,Cameroon,1986,1,54.037
CMR,Cameroon,1987,1,54.724
CMR,Cameroon,1988,2,54.934
CMR,Cameroon,1989,1,54.947
CMR,Cameroon,1990,2,54.868
CMR,Cameroon,1991,2,54.658
CMR,Cameroon,1992,1,54.481
CMR,Cameroon,1993,1,54.062
CMR,Cameroon,1994,1,53.528
CMR,Cameroon,1996,1,52.82
CMR,Cameroon,1997,2,52.737
CMR,Cameroon,1998,3,52.582
CMR,Cameroon,1999,3,52.695
CMR,Cameroon,2000,2,52.932
CMR,Cameroon,2001,4,53.142
CMR,Cameroon,2003,1,53.883
CMR,Cameroon,2004,1,54.178
CMR,Cameroon,2005,2,54.362
CMR,Cameroon,2007,1,55.165
CMR,Cameroon,2008,1,55.655
CMR,Cameroon,2009,1,56.102
CMR,Cameroon,2010,2,56.582
CMR,Cameroon,2011,1,57.133
CMR,Cameroon,2012,3,57.792
CMR,Cameroon,2013,1,58.476
CMR,Cameroon,2014,3,58.935
CMR,Cameroon,2015,2,59.658
CMR,Cameroon,2017,1,60.81
CMR,Cameroon,2018,1,61.18
CMR,Cameroon,2019,1,61.584
CMR,Cameroon,2020,1,60.833
CMR,Cameroon,2022,5,60.958
COD,"Congo, The Democratic Republic of the",1966,1,42.053
COD,"Congo, The Democratic Republic of the",1968,1,42.705
COD,"Congo, The Democratic Republic of the",1976,1,44.656
COD,"Congo, The Democratic Republic of the",1977,1,44.763
COD,"Congo, The Democratic Republic of the",1978,2,44.537
COD,"Congo, The Democratic Republic of the",1984,1,46.445
COD,"Congo, The Democratic Republic of the",1987,2,47.336
COD,"Congo, The Democratic Republic of the",1989,1,48.17
COD,"Congo, The Democratic Republic of the",1990,1,48.601
COD,"Congo, The Democratic Republic of the",1991,1,48.948
COD,"Congo, The Democratic Republic of the",1992,1,49.244
COD,"Congo, The Democratic Republic of the",1994,1,49.884
COD,"Congo, The Democratic Republic of the",1995,1,50.411
COD,"Congo, The Democratic Republic of the",1996,2,49.307
COD,"Congo, The Democratic Republic of the",1997,4,50.402
COD,"Congo, The Democratic Republic of the",1998,5,49.696
COD,"Congo, The Democratic Republic of the",1999,2,49.945
COD,"Congo, The Democratic Republic of the",2000,2,51.781
COD,"Congo, The Democratic Republic of the",2001,11,52.116
COD,"Congo, The Democratic Republic of the",2002,11,52.333
COD,"Congo, The Democratic Republic of the",2003,7,52.827
COD,"Congo, The Democratic Republic of the",2004,5,53.426
COD,"Congo, The Democratic Republic of the",2005,5,53.927
COD,"Congo, The Democratic Republic of the",2006,11,54.534
COD,"Congo, The Democratic Republic of the",2007,3,54.923
COD,"Congo, The Democratic Republic of the",2008,3,55.339
COD,"Congo, The Democratic Republic of the",2009,6,55.836
COD,"Congo, The Democratic Republic of the",2010,6,56.417
COD,"Congo, The Democratic Republic of the",2011,4,57.069
COD,"Congo, The Democratic Republic of the",2012,5,57.248
COD,"Congo, The Democratic Republic of the",2014,3,58.296
COD,"Congo, The Democratic Republic of the",2015,5,58.49
COD,"Congo, The Democratic Republic of the",2016,4,59.066
COD,"Congo, The Democratic Republic of the",2017,3,59.411
COD,"Congo, The Democratic Republic of the",2018,3,59.942
COD,"Congo, The Democratic Republic of the",2019,5,60.276
COD,"Congo, The Democratic Republic of the",2020,7,59.739
COD,"Congo, The Democratic Republic of the",2021,2,59.193
COD,"Congo, The Democratic Republic of the",2022,7,59.743
COG,Congo,1967,1,52.101
COG,Congo,1983,1,57.232
COG,Congo,1994,1,53.738
COG,Congo,1997,1,47.19
COG,Congo,1998,1,50.894
COG,Congo,1999,2,52.757
COG,Congo,2000,1,53.682
COG,Congo,2001,1,54.395
COG,Congo,2002,2,55.088
COG,Congo,2003,1,55.948
COG,Congo,2005,2,58.126
COG,Congo,2006,2,58.878
COG,Congo,2007,1,59.643
COG,Congo,2008,2,60.426
COG,Congo,2010,1,61.683
COG,Congo,2011,3,61.992
COG,Congo,2012,2,62.317
COG,Congo,2013,1,62.695
COG,Congo,2019,5,62.747
COG,Congo,2020,2,63.785
COG,Congo,2021,1,63.519
COG,Congo,2022,1,63.053
COL,Colombia,1962,2,58.301
COL,Colombia,1965,1,59.815
COL,Colombia,1967,2,60.531
COL,Colombia,1968,1,60.871
COL,Colombia,1969,1,61.216
COL,Colombia,1970,4,61.569
COL,Colombia,1971,3,62.051
COL,Colombia,1972,1,62.569
COL,Colombia,1973,3,63.06
COL,Colombia,1974,3,63.64
COL,Colombia,1976,2,64.845
COL,Colombia,1977,1,65.424
COL,Colombia,1979,3,66.38
COL,Colombia,1980,1,66.868
COL,Colombia,1981,3,67.197
COL,Colombia,1982,2,67.531
COL,Colombia,1983,3,67.745
COL,Colombia,1984,1,67.979
COL,Colombia,1985,1,66.276
COL,Colombia,1986,5,68.26
COL,Colombia,1987,3,68.268
COL,Colombia,1988,3,68.391
COL,Colombia,1989,1,68.533
COL,Colombia,1990,4,68.644
COL,Colombia,1991,6,68.813
COL,Colombia,1992,1,69.038
COL,Colombia,1993,6,69.342
COL,Colombia,1994,4,69.613
COL,Colombia,1995,6,69.933
COL,Colombia,1996,4,70.189
COL,Colombia,1997,1,70.492
COL,Colombia,1998,2,70.738
COL,Colombia,1999,7,70.926
COL,Colombia,2000,4,71.32
COL,Colombia,2001,6,71.502
COL,Colombia,2002,5,71.939
COL,Colombia,2003,4,72.361
COL,Colombia,2004,4,72.695
COL,Colombia,2005,5,73.081
COL,Colombia,2006,3,73.468
COL,Colombia,2007,6,73.837
COL,Colombia,2008,8,74.295
COL,Colombia,2009,3,74.742
COL,Colombia,2010,6,75.033
COL,Colombia,2011,3,75.32
COL,Colombia,2012,4,75.597
COL,Colombia,2013,3,75.827
COL,Colombia,2014,5,76.043
COL,Colombia,2015,5,76.257
COL,Colombia,2016,3,76.471
COL,Colombia,2017,7,76.646
COL,Colombia,2018,2,76.748
COL,Colombia,2019,7,76.752
COL,Colombia,2020,6,74.769
COL,Colombia,2021,11,72.83
COL,Colombia,2022,14,73.659
COM,Comoros,1977,1,49.047
COM,Comoros,1983,1,52.273
COM,Comoros,1985,1,53.482
COM,Comoros,1987,1,54.368
COM,Comoros,1989,2,55.224
COM,Comoros,1991,1,56.194
COM,Comoros,1998,1,58.407
COM,Comoros,1999,1,58.781
COM,Comoros,2003,1,59.258
COM,Comoros,2005,3,59.604
COM,Comoros,2006,2,59.875
COM,Comoros,2007,1,60.102
COM,Comoros,2009,1,60.831
COM,Comoros,2012,1,61.834
COM,Comoros,2014,2,62.516
COM,Comoros,2019,2,64.068
CPV,"Cabo Verde",1972,1,55.309
CPV,"Cabo Verde",1982,2,61.67
CPV,"Cabo Verde",1984,1,61.661
CPV,"Cabo Verde",1988,1,64.058
CPV,"Cabo Verde",1992,1,65.318
CPV,"Cabo Verde",1994,1,65.25
CPV,"Cabo Verde",1995,1,64.093
CPV,"Cabo Verde",1998,1,66.993
CPV,"Cabo Verde",2002,1,70.705
CPV,"Cabo Verde",2004,1,71.999
CPV,"Cabo Verde",2009,2,73.088
CPV,"Cabo Verde",2014,1,75.24
CPV,"Cabo Verde",2015,1,74.62
CPV,"Cabo Verde",2017,1,76.593
CPV,"Cabo Verde",2020,1,74.808
CPV,"Cabo Verde",2022,1,74.722
CRI,"Costa Rica",1963,1,61.624
CRI,"Costa Rica",1968,1,64.428
CRI,"Costa Rica",1969,1,65.016
CRI,"Costa Rica",1970,2,65.361
CRI,"Costa Rica",1973,2,67.953
CRI,"Costa Rica",1975,1,69.4
CRI,"Costa Rica",1976,2,70.294
CRI,"Costa Rica",1980,1,72.899
CRI,"Costa Rica",1983,2,75.079
CRI,"Costa Rica",1988,2,76.106
CRI,"Costa Rica",1990,2,76.63
CRI,"Costa Rica",1991,5,76.591
CRI,"Costa Rica",1992,1,76.627
CRI,"Costa Rica",1993,2,76.703
CRI,"Costa Rica",1994,2,76.67
CRI,"Costa Rica",1995,2,76.552
CRI,"Costa Rica",1996,3,76.804
CRI,"Costa Rica",1998,3,76.896
CRI,"Costa Rica",1999,1,77.138
CRI,"Costa Rica",2000,1,77.586
CRI,"Costa Rica",2001,1,77.545
CRI,"Costa Rica",2002,2,77.983
CRI,"Costa Rica",2003,2,78.072
CRI,"Costa Rica",2004,3,78.331
CRI,"Costa Rica",2005,3,78.505
CRI,"Costa Rica",2007,2,78.462
CRI,"Costa Rica",2008,4,78.445
CRI,"Costa Rica",2009,1,78.672
CRI,"Costa Rica",2010,2,78.67
CRI,"Costa Rica",2011,1,79.348
CRI,"Costa Rica",2012,2,79.283
CRI,"Costa Rica",2013,1,79.403
CRI,"Costa Rica",2015,3,79.086
CRI,"Costa Rica",2016,1,79.459
CRI,"Costa Rica",2017,1,79.377
CRI,"Costa Rica",2018,1,79.484
CRI,"Costa Rica",2019,2,79.427
CRI,"Costa Rica",2020,1,79.277
CRI,"Costa Rica",2021,1,77.023
CRI,"Costa Rica",2022,1,77.32
CUB,Cuba,1963,1,64.94
CUB,Cuba,1964,1,65.905
CUB,Cuba,1966,1,66.715
CUB,Cuba,1968,1,67.511
CUB,Cuba,1970,1,68.398
CUB,Cuba,1976,1,71.524
CUB,Cuba,1977,1,71.895
CUB,Cuba,1978,1,72.201
CUB,Cuba,1980,1,72.752
CUB,Cuba,1982,1,73.13
CUB,Cuba,1983,1,73.309
CUB,Cuba,1985,2,73.605
CUB,Cuba,1986,1,73.725
CUB,Cuba,1987,1,73.825
CUB,Cuba,1988,3,73.913
CUB,Cuba,1990,2,74.039
CUB,Cuba,1992,2,74.162
CUB,Cuba,1993,4,74.261
CUB,Cuba,1994,2,74.411
CUB,Cuba,1995,3,74.623
CUB,Cuba,1996,3,74.903
CUB,Cuba,1997,2,75.222
CUB,Cuba,1998,2,75.564
CUB,Cuba,1999,2,75.893
CUB,Cuba,2000,2,76.183
CUB,Cuba,2001,1,76.421
CUB,Cuba,2002,3,76.612
CUB,Cuba,2003,1,76.773
CUB,Cuba,2004,3,76.912
CUB,Cuba,2005,2,77.047
CUB,Cuba,2006,2,77.179
CUB,Cuba,2007,3,77.307
CUB,Cuba,2008,5,77.429
CUB,Cuba,2012,3,77.833
CUB,Cuba,2013,1,77.87
CUB,Cuba,2015,2,77.772
CUB,Cuba,2016,1,77.643
CUB,Cuba,2017,1,77.529
CUB,Cuba,2018,2,77.496
CUB,Cuba,2019,1,77.611
CUB,Cuba,2020,2,77.567
CUB,Cuba,2021,2,73.683
CUB,Cuba,2022,3,78.155
CYP,Cyprus,1969,1,68.49
CYP,Cyprus,1970,1,68.927
CYP,Cyprus,1983,1,72.311
CYP,Cyprus,1995,1,75.133
CYP,Cyprus,1996,1,75.522
CYP,Cyprus,1998,1,76.182
CYP,Cyprus,2000,3,76.568
CYP,Cyprus,2003,1,77.788
CYP,Cyprus,2004,1,77.944
CYP,Cyprus,2007,1,78.81
CYP,Cyprus,2021,1,81.203
CYP,Cyprus,2022,1,81.889
CZE,Czechia,1996,1,73.7146341463415
CZE,Czechia,1997,1,73.8248780487805
CZE,Czechia,1998,1,74.5146341463415
CZE,Czechia,2000,1,74.9682926829268
CZE,Czechia,2002,3,75.2219512195122
CZE,Czechia,2003,1,75.1707317073171
CZE,Czechia,2005,3,75.9243902439025
CZE,Czechia,2006,2,76.5243902439024
CZE,Czechia,2007,1,76.7243902439025
CZE,Czechia,2008,1,76.9756097560976
CZE,Czechia,2009,2,77.0780487804878
CZE,Czechia,2010,4,77.4243902439025
CZE,Czechia,2012,2,78.0756097560976
CZE,Czechia,2013,1,78.1756097560976
CZE,Czechia,2017,1,78.9780487804878
CZE,Czechia,2018,1,79.0292682926829
CZE,Czechia,2020,1,78.1756097560976
CZE,Czechia,2021,3,77.2219512195122
CZE,Czechia,2022,3,79.0292682926829
DEU,Germany,1990,6,75.0856341463415
DEU,Germany,1991,1,75.319512195122
DEU,Germany,1992,2,75.819512195122
DEU,Germany,1993,3,75.8707317073171
DEU,Germany,1994,4,76.2707317073171
DEU,Germany,1995,2,76.4219512195122
DEU,Germany,1996,1,76.6731707317073
DEU,Germany,1997,2,77.0731707317073
DEU,Germany,1998,1,77.4756097560976
DEU,Germany,1999,4,77.7268292682927
DEU,Germany,2001,1,78.3292682926829
DEU,Germany,2002,5,78.2292682926829
DEU,Germany,2003,3,78.3804878048781
DEU,Germany,2004,2,78.6804878048781
DEU,Germany,2005,4,78.9317073170732
DEU,Germany,2006,6,79.1317073170732
DEU,Germany,2007,3,79.5341463414634
DEU,Germany,2008,2,79.7365853658537
DEU,Germany,2009,4,79.8365853658537
DEU,Germany,2010,4,79.9878048780488
DEU,Germany,2012,2,80.5390243902439
DEU,Germany,2013,4,80.490243902439
DEU,Germany,2014,2,81.090243902439
DEU,Germany,2016,1,80.990243902439
DEU,Germany,2017,3,80.9926829268293
DEU,Germany,2018,2,80.8926829268293
DEU,Germany,2019,3,81.2926829268293
DEU,Germany,2020,1,81.0414634146342
DEU,Germany,2021,3,80.790243902439
DEU,Germany,2022,4,80.7056097560976
DJI,Djibouti,1977,1,50.568
DJI,Djibouti,1978,1,51.049
DJI,Djibouti,1980,1,51.947
DJI,Djibouti,1981,1,52.262
DJI,Djibouti,1983,1,53.18
DJI,Djibouti,1988,1,55.161
DJI,Djibouti,1989,1,55.273
DJI,Djibouti,1993,1,55.774
DJI,Djibouti,1994,2,55.505
DJI,Djibouti,1995,1,56.302
DJI,Djibouti,1996,1,56.186
DJI,Djibouti,1997,1,55.967
DJI,Djibouti,1998,1,56.176
DJI,Djibouti,2000,1,56.573
DJI,Djibouti,2001,1,56.903
DJI,Djibouti,2004,1,57.759
DJI,Djibouti,2005,1,58.316
DJI,Djibouti,2007,2,59.024
DJI,Djibouti,2008,1,59.365
DJI,Djibouti,2010,1,60.259
DJI,Djibouti,2018,1,63.038
DJI,Djibouti,2019,1,63.085
DJI,Djibouti,2020,2,62.694
DJI,Djibouti,2022,1,62.859
DMA,Dominica,1963,1,58.688
DMA,Dominica,1970,1,65.468
DMA,Dominica,1979,1,70.97
DMA,Dominica,1980,1,71.782
DMA,Dominica,1984,1,72.022
DMA,Dominica,1989,1,69.553
DMA,Dominica,1995,2,71.52
DMA,Dominica,1999,1,70.631
DMA,Dominica,2004,1,72.401
DMA,Dominica,2007,1,71.93
DMA,Dominica,2011,1,69.695
DMA,Dominica,2015,1,68.727
DMA,Dominica,2017,1,67.525
DNK,Denmark,1976,1,73.739756097561
DNK,Denmark,1980,1,74.1017073170732
DNK,Denmark,1981,1,74.2304878048781
DNK,Denmark,1983,1,74.4204878048781
DNK,Denmark,1985,1,74.4275609756098
DNK,Denmark,1990,3,74.8053658536585
DNK,Denmark,1992,1,75.1941463414634
DNK,Denmark,1999,1,76.3414634146341
DNK,Denmark,2002,1,76.8951219512195
DNK,Denmark,2005,1,77.8439024390244
DNK,Denmark,2007,1,78.1951219512195
DNK,Denmark,2010,1,79.1
DNK,Denmark,2013,2,80.3
DNK,Denmark,2022,2,81.3048780487805
DOM,"Dominican Republic",1963,1,51.799
DOM,"Dominican Republic",1964,1,52.542
DOM,"Dominican Republic",1965,1,50.864
DOM,"Dominican Republic",1966,1,53.666
DOM,"Dominican Republic",1968,1,54.894
DOM,"Dominican Republic",1978,1,60.822
DOM,"Dominican Republic",1979,2,60.753
DOM,"Dominican Republic",1980,1,61.754
DOM,"Dominican Republic",1981,1,62.194
DOM,"Dominican Republic",1983,1,63.109
DOM,"Dominican Republic",1985,1,64.139
DOM,"Dominican Republic",1986,1,64.727
DOM,"Dominican Republic",1987,1,65.339
DOM,"Dominican Republic",1988,1,65.951
DOM,"Dominican Republic",1989,1,66.546
DOM,"Dominican Republic",1991,1,67.625
DOM,"Dominican Republic",1992,1,68.084
DOM,"Dominican Republic",1993,2,68.472
DOM,"Dominican Republic",1995,3,68.988
DOM,"Dominican Republic",1996,2,69.097
DOM,"Dominican Republic",1998,1,69.096
DOM,"Dominican Republic",1999,1,69.279
DOM,"Dominican Republic",2001,1,69.642
DOM,"Dominican Republic",2002,1,69.923
DOM,"Dominican Republic",2003,4,70.265
DOM,"Dominican Republic",2004,4,70.331
DOM,"Dominican Republic",2005,3,70.875
DOM,"Dominican Republic",2007,5,71.371
DOM,"Dominican Republic",2008,3,71.658
DOM,"Dominican Republic",2009,3,71.871
DOM,"Dominican Republic",2010,4,72.093
DOM,"Dominican Republic",2011,4,72.221
DOM,"Dominican Republic",2012,5,72.514
DOM,"Dominican Republic",2013,1,72.713
DOM,"Dominican Republic",2014,1,72.867
DOM,"Dominican Republic",2015,3,72.953
DOM,"Dominican Republic",2016,3,72.987
DOM,"Dominican Republic",2017,3,73.063
DOM,"Dominican Republic",2018,2,73.232
DOM,"Dominican Republic",2019,1,73.577
DOM,"Dominican Republic",2020,2,72.889
DOM,"Dominican Republic",2021,2,72.615
DOM,"Dominican Republic",2022,3,74.17
DZA,Algeria,1960,1,40.532
DZA,Algeria,1963,1,42.908
DZA,Algeria,1965,1,42.714
DZA,Algeria,1966,1,42.543
DZA,Algeria,1967,2,42.568
DZA,Algeria,1969,1,42.781
DZA,Algeria,1973,1,45.079
DZA,Algeria,1974,1,46.034
DZA,Algeria,1979,1,51.755
DZA,Algeria,1980,1,53.261
DZA,Algeria,1981,1,55.276
DZA,Algeria,1982,1,57.428
DZA,Algeria,1984,1,61.658
DZA,Algeria,1985,2,63.588
DZA,Algeria,1987,2,65.83
DZA,Algeria,1988,3,66.971
DZA,Algeria,1989,1,67.085
DZA,Algeria,1991,1,67.688
DZA,Algeria,1992,2,67.757
DZA,Algeria,1993,2,67.719
DZA,Algeria,1994,4,67.361
DZA,Algeria,1996,1,68.749
DZA,Algeria,1997,2,69.171
DZA,Algeria,1999,2,70.032
DZA,Algeria,2000,1,70.478
DZA,Algeria,2001,1,70.823
DZA,Algeria,2002,2,71.23
DZA,Algeria,2003,7,71.287
DZA,Algeria,2004,4,71.762
DZA,Algeria,2005,3,72.061
DZA,Algeria,2006,2,72.334
DZA,Algeria,2007,7,72.602
DZA,Algeria,2008,1,72.941
DZA,Algeria,2009,2,73.62
DZA,Algeria,2011,1,74.123
DZA,Algeria,2012,2,74.202
DZA,Algeria,2014,1,75.11
DZA,Algeria,2015,2,75.622
DZA,Algeria,2017,1,75.743
DZA,Algeria,2018,1,76.066
DZA,Algeria,2019,1,76.474
DZA,Algeria,2020,1,74.453
DZA,Algeria,2021,3,76.377
DZA,Algeria,2022,1,77.129
ECU,Ecuador,1964,1,55.305
ECU,Ecuador,1965,1,55.664
ECU,Ecuador,1966,1,55.942
ECU,Ecuador,1967,2,56.213
ECU,Ecuador,1969,1,56.654
ECU,Ecuador,1970,3,57.152
ECU,Ecuador,1971,2,57.633
ECU,Ecuador,1973,2,58.837
ECU,Ecuador,1975,2,60.232
ECU,Ecuador,1976,4,60.89
ECU,Ecuador,1977,1,61.559
ECU,Ecuador,1980,1,63.191
ECU,Ecuador,1982,1,64.11
ECU,Ecuador,1983,2,64.528
ECU,Ecuador,1985,1,65.811
ECU,Ecuador,1987,4,67.3
ECU,Ecuador,1989,1,68.749
ECU,Ecuador,1990,1,69.348
ECU,Ecuador,1991,1,69.625
ECU,Ecuador,1992,2,70.117
ECU,Ecuador,1993,3,70.345
ECU,Ecuador,1994,1,70.757
ECU,Ecuador,1995,3,71.041
ECU,Ecuador,1996,1,71.362
ECU,Ecuador,1997,3,71.681
ECU,Ecuador,1998,3,72.045
ECU,Ecuador,1999,1,72.463
ECU,Ecuador,2000,5,72.839
ECU,Ecuador,2001,3,73.24
ECU,Ecuador,2002,6,73.613
ECU,Ecuador,2003,2,73.975
ECU,Ecuador,2006,3,74.689
ECU,Ecuador,2008,1,74.983
ECU,Ecuador,2009,2,75.184
ECU,Ecuador,2010,4,75.43
ECU,Ecuador,2011,2,75.743
ECU,Ecuador,2012,3,76.062
ECU,Ecuador,2013,4,76.369
ECU,Ecuador,2015,3,76.789
ECU,Ecuador,2016,4,76.763
ECU,Ecuador,2019,4,77.297
ECU,Ecuador,2020,2,72.153
ECU,Ecuador,2021,4,73.67
ECU,Ecuador,2022,6,77.894
EGY,Egypt,1969,1,49.797
EGY,Egypt,1975,1,52.591
EGY,Egypt,1979,2,55.802
EGY,Egypt,1987,1,62.137
EGY,Egypt,1991,1,64.755
EGY,Egypt,1992,1,65.031
EGY,Egypt,1993,1,65.468
EGY,Egypt,1994,1,65.816
EGY,Egypt,1995,3,66.312
EGY,Egypt,1996,2,66.742
EGY,Egypt,1997,2,67.197
EGY,Egypt,2000,1,68.007
EGY,Egypt,2002,3,68.564
EGY,Egypt,2004,2,68.613
EGY,Egypt,2008,1,69.319
EGY,Egypt,2010,3,69.664
EGY,Egypt,2015,2,70.483
EGY,Egypt,2016,1,70.844
EGY,Egypt,2020,1,70.99
EGY,Egypt,2021,1,70.221
ERI,Eritrea,1993,2,53.234
ERI,Eritrea,1995,1,54.914
ERI,Eritrea,1999,1,43.397
ERI,Eritrea,2003,1,59.409
ERI,Eritrea,2004,1,59.899
ERI,Eritrea,2008,1,62.573
ERI,Eritrea,2020,1,67.133
ESP,Spain,1962,1,69.5190243902439
ESP,Spain,1971,2,71.630243902439
ESP,Spain,1972,1,72.8180487804878
ESP,Spain,1973,2,72.6107317073171
ESP,Spain,1978,1,74.2956097560976
ESP,Spain,1979,1,74.8187804878049
ESP,Spain,1980,1,75.3492682926829
ESP,Spain,1981,1,75.5285365853659
ESP,Spain,1982,2,76.1341463414634
ESP,Spain,1983,2,75.9090243902439
ESP,Spain,1984,3,76.2953658536586
ESP,Spain,1985,3,76.259512195122
ESP,Spain,1987,2,76.7280487804878
ESP,Spain,1989,3,76.8136585365854
ESP,Spain,1990,3,76.8375609756098
ESP,Spain,1991,1,76.9712195121951
ESP,Spain,1994,4,77.9014634146342
ESP,Spain,1995,2,77.9807317073171
ESP,Spain,1996,2,78.1204878048781
ESP,Spain,1997,3,78.6041463414634
ESP,Spain,1998,2,78.6658536585366
ESP,Spain,1999,3,78.7170731707317
ESP,Spain,2000,3,78.9658536585366
ESP,Spain,2001,2,79.3682926829268
ESP,Spain,2002,1,79.5682926829268
ESP,Spain,2003,2,79.619512195122
ESP,Spain,2004,3,79.8707317073171
ESP,Spain,2005,2,80.1707317073171
ESP,Spain,2006,3,80.8219512195122
ESP,Spain,2007,4,80.8731707317073
ESP,Spain,2009,2,81.4756097560976
ESP,Spain,2010,2,81.6268292682927
ESP,Spain,2011,2,82.4756097560976
ESP,Spain,2012,2,82.4268292682927
ESP,Spain,2013,2,83.0780487804878
ESP,Spain,2014,1,83.2292682926829
ESP,Spain,2015,2,82.8317073170732
ESP,Spain,2016,1,83.3292682926829
ESP,Spain,2017,2,83.2829268292683
ESP,Spain,2018,4,83.4317073170732
ESP,Spain,2019,8,83.8317073170732
ESP,Spain,2020,1,82.3317073170732
ESP,Spain,2021,3,83.2292682926829
ESP,Spain,2022,2,83.0829268292683
EST,Estonia,2005,1,72.5682926829268
EST,Estonia,2006,1,72.6914634146341
EST,Estonia,2012,1,76.3268292682927
EST,Estonia,2018,1,78.2439024390244
EST,Estonia,2022,1,77.9439024390244
ETH,Ethiopia,1961,1,40.995
ETH,Ethiopia,1965,1,42.444
ETH,Ethiopia,1968,1,42.844
ETH,Ethiopia,1969,2,42.83
ETH,Ethiopia,1970,1,42.815
ETH,Ethiopia,1973,1,41.635
ETH,Ethiopia,1976,1,41.895
ETH,Ethiopia,1977,2,41.893
ETH,Ethiopia,1978,1,41.9
ETH,Ethiopia,1980,1,43.217
ETH,Ethiopia,1981,2,43.608
ETH,Ethiopia,1983,1,36.036
ETH,Ethiopia,1985,3,37.364
ETH,Ethiopia,1986,1,37.811
ETH,Ethiopia,1987,2,45.44
ETH,Ethiopia,1988,5,45.061
ETH,Ethiopia,1989,1,45.036
ETH,Ethiopia,1990,1,44.557
ETH,Ethiopia,1991,1,46.13
ETH,Ethiopia,1992,1,46.901
ETH,Ethiopia,1993,2,47.394
ETH,Ethiopia,1994,2,47.861
ETH,Ethiopia,1995,1,48.302
ETH,Ethiopia,1996,2,48.924
ETH,Ethiopia,1997,3,49.514
ETH,Ethiopia,1998,1,49.927
ETH,Ethiopia,1999,8,49.425
ETH,Ethiopia,2000,9,50.538
ETH,Ethiopia,2001,5,51.043
ETH,Ethiopia,2002,2,51.517
ETH,Ethiopia,2003,2,52.533
ETH,Ethiopia,2005,8,54.008
ETH,Ethiopia,2006,9,55.149
ETH,Ethiopia,2007,3,56.426
ETH,Ethiopia,2008,5,57.592
ETH,Ethiopia,2009,2,58.804
ETH,Ethiopia,2010,3,59.73
ETH,Ethiopia,2011,2,60.721
ETH,Ethiopia,2012,1,61.543
ETH,Ethiopia,2013,4,62.373
ETH,Ethiopia,2015,2,63.649
ETH,Ethiopia,2016,2,64.392
ETH,Ethiopia,2018,3,65.412
ETH,Ethiopia,2019,5,65.838
ETH,Ethiopia,2020,4,65.371
ETH,Ethiopia,2021,2,64.975
ETH,Ethiopia,2022,3,65.645
FIN,Finland,1990,2,74.8131707317073
FIN,Finland,2005,1,78.8170731707317
FIN,Finland,2022,1,81.1878048780488
FJI,Fiji,1964,1,60.219
FJI,Fiji,1965,1,60.805
FJI,Fiji,1972,1,61.784
FJI,Fiji,1973,2,61.022
FJI,Fiji,1975,1,61.852
FJI,Fiji,1978,1,62.527
FJI,Fiji,1979,1,62.941
FJI,Fiji,1980,1,62.734
FJI,Fiji,1981,1,62.729
FJI,Fiji,1983,3,63.29
FJI,Fiji,1985,3,64.526
FJI,Fiji,1986,2,64.715
FJI,Fiji,1987,1,64.936
FJI,Fiji,1989,1,65.277
FJI,Fiji,1990,3,65.508
FJI,Fiji,1992,1,65.827
FJI,Fiji,1993,1,65.928
FJI,Fiji,1997,1,66.448
FJI,Fiji,1998,1,66.68
FJI,Fiji,1999,1,66.763
FJI,Fiji,2003,1,66.177
FJI,Fiji,2004,2,66.424
FJI,Fiji,2006,2,66.855
FJI,Fiji,2007,4,66.826
FJI,Fiji,2008,1,66.935
FJI,Fiji,2009,2,67.089
FJI,Fiji,2010,1,67.328
FJI,Fiji,2012,3,67.552
FJI,Fiji,2015,1,66.844
FJI,Fiji,2016,2,67.24
FJI,Fiji,2018,2,67.81
FJI,Fiji,2019,2,67.893
FJI,Fiji,2020,3,67.924
FJI,Fiji,2021,1,67.114
FJI,Fiji,2022,1,68.312
FRA,France,1961,1,70.1170731707317
FRA,France,1967,2,71.1609756097561
FRA,France,1969,1,71.4585365853659
FRA,France,1970,2,71.6585365853659
FRA,France,1976,1,73.1024390243903
FRA,France,1977,1,73.3512195121951
FRA,France,1978,1,73.6024390243903
FRA,France,1979,1,73.8512195121951
FRA,France,1980,1,74.0512195121951
FRA,France,1981,1,74.3
FRA,France,1982,5,74.5
FRA,France,1983,8,74.8
FRA,France,1984,5,75
FRA,France,1985,3,75.3
FRA,France,1986,1,75.6
FRA,France,1987,2,75.8
FRA,France,1988,1,76.1
FRA,France,1989,2,76.3487804878049
FRA,France,1990,10,76.6
FRA,France,1991,2,76.8487804878049
FRA,France,1992,4,77.1
FRA,France,1993,3,77.3
FRA,France,1994,3,77.6487804878049
FRA,France,1995,1,77.7512195121951
FRA,France,1996,3,77.9536585365854
FRA,France,1997,3,78.3048780487805
FRA,France,1998,2,78.6048780487805
FRA,France,1999,8,78.7560975609756
FRA,France,2000,7,79.0560975609756
FRA,France,2001,7,79.1585365853659
FRA,France,2002,5,79.2609756097561
FRA,France,2003,6,79.1146341463415
FRA,France,2004,1,80.1634146341463
FRA,France,2005,5,80.1634146341463
FRA,France,2006,3,80.8121951219512
FRA,France,2007,3,81.1121951219512
FRA,France,2008,2,81.2146341463415
FRA,France,2009,5,81.4146341463415
FRA,France,2010,4,81.6634146341463
FRA,France,2011,2,82.1146341463415
FRA,France,2012,1,81.9682926829268
FRA,France,2013,3,82.219512195122
FRA,France,2014,7,82.719512195122
FRA,France,2015,3,82.3219512195122
FRA,France,2016,1,82.5731707317073
FRA,France,2017,3,82.5756097560976
FRA,France,2018,7,82.6756097560976
FRA,France,2019,10,82.8268292682927
FRA,France,2020,7,82.1756097560976
FRA,France,2021,9,82.3243902439024
FRA,France,2022,6,82.2292682926829
FSM,"Micronesia, Federated States of",1987,1,66.292
FSM,"Micronesia, Federated States of",1998,1,69.465
FSM,"Micronesia, Federated States of",2000,1,69.769
FSM,"Micronesia, Federated States of",2002,2,69.46
FSM,"Micronesia, Federated States of",2003,1,70.76
FSM,"Micronesia, Federated States of",2004,1,70.838
FSM,"Micronesia, Federated States of",2008,1,71.137
FSM,"Micronesia, Federated States of",2015,1,71.408
FSM,"Micronesia, Federated States of",2016,1,71.595
FSM,"Micronesia, Federated States of",2019,1,71.077
GAB,Gabon,1988,2,60.006
GAB,Gabon,1994,1,60.701
GAB,Gabon,1996,1,60.612
GAB,Gabon,2001,1,61.27
GAB,Gabon,2004,1,61.838
GAB,Gabon,2007,1,62.618
GAB,Gabon,2009,1,63.303
GAB,Gabon,2010,4,63.898
GAB,Gabon,2012,1,64.587
GBR,"United Kingdom",1966,1,71.5731707317073
GBR,"United Kingdom",1968,1,71.7243902439025
GBR,"United Kingdom",1972,1,72.1243902439024
GBR,"United Kingdom",1976,1,72.7756097560976
GBR,"United Kingdom",1977,1,73.2243902439024
GBR,"United Kingdom",1981,1,74.0268292682927
GBR,"United Kingdom",1983,1,74.3780487804878
GBR,"United Kingdom",1984,2,74.7780487804878
GBR,"United Kingdom",1985,1,74.6292682926829
GBR,"United Kingdom",1986,1,74.9292682926829
GBR,"United Kingdom",1987,1,75.280487804878
GBR,"United Kingdom",1989,1,75.5829268292683
GBR,"United Kingdom",1990,8,75.8804878048781
GBR,"United Kingdom",1991,2,76.0829268292683
GBR,"United Kingdom",1993,2,76.3853658536585
GBR,"United Kingdom",1994,2,76.8853658536585
GBR,"United Kingdom",1995,1,76.8365853658537
GBR,"United Kingdom",1996,1,77.0878048780488
GBR,"United Kingdom",1997,3,77.2109756097561
GBR,"United Kingdom",1998,4,77.190243902439
GBR,"United Kingdom",1999,3,77.390243902439
GBR,"United Kingdom",2000,6,77.7414634146342
GBR,"United Kingdom",2001,3,77.9926829268293
GBR,"United Kingdom",2002,4,78.1439024390244
GBR,"United Kingdom",2003,1,78.4463414634146
GBR,"United Kingdom",2004,1,78.7463414634146
GBR,"United Kingdom",2005,4,79.0487804878049
GBR,"United Kingdom",2007,5,79.4487804878049
GBR,"United Kingdom",2008,2,79.6
GBR,"United Kingdom",2009,3,80.0512195121951
GBR,"United Kingdom",2010,2,80.4024390243902
GBR,"United Kingdom",2012,5,80.9048780487805
GBR,"United Kingdom",2013,5,81.0048780487805
GBR,"United Kingdom",2014,2,81.3048780487805
GBR,"United Kingdom",2015,2,80.9560975609756
GBR,"United Kingdom",2017,1,81.2560975609756
GBR,"United Kingdom",2018,2,81.2560975609756
GBR,"United Kingdom",2019,3,81.4048780487805
GBR,"United Kingdom",2020,3,80.3512195121951
GBR,"United Kingdom",2021,1,80.7
GBR,"United Kingdom",2022,5,82.0585365853659
GEO,Georgia,1991,1,68.245
GEO,Georgia,1992,1,67.783
GEO,Georgia,1995,1,68.851
GEO,Georgia,1997,3,69.059
GEO,Georgia,2000,1,69.575
GEO,Georgia,2001,1,69.606
GEO,Georgia,2002,1,70.024
GEO,Georgia,2004,2,70.567
GEO,Georgia,2005,1,71.13
GEO,Georgia,2006,1,71.394
GEO,Georgia,2009,1,71.95
GEO,Georgia,2011,1,72.39
GEO,Georgia,2012,2,72.412
GEO,Georgia,2013,3,72.628
GEO,Georgia,2014,1,73.099
GEO,Georgia,2015,1,73.297
GEO,Georgia,2018,1,73.341
GEO,Georgia,2019,1,73.47
GEO,Georgia,2020,1,72.765
GEO,Georgia,2021,1,71.694
GEO,Georgia,2022,1,71.587
GHA,Ghana,1968,1,47.57
GHA,Ghana,1971,1,47.798
GHA,Ghana,1977,2,50.085
GHA,Ghana,1983,1,51.622
GHA,Ghana,1984,1,52.051
GHA,Ghana,1985,1,52.416
GHA,Ghana,1988,1,54.507
GHA,Ghana,1989,2,55.191
GHA,Ghana,1991,2,56.012
GHA,Ghana,1995,1,56.565
GHA,Ghana,1996,1,56.82
GHA,Ghana,1997,1,57.199
GHA,Ghana,1998,1,57.6
GHA,Ghana,1999,4,58.03
GHA,Ghana,2001,3,58.107
GHA,Ghana,2002,2,58.608
GHA,Ghana,2005,1,59.76
GHA,Ghana,2007,1,60.224
GHA,Ghana,2008,1,60.49
GHA,Ghana,2009,2,60.946
GHA,Ghana,2010,3,61.157
GHA,Ghana,2011,3,61.652
GHA,Ghana,2012,2,62.081
GHA,Ghana,2013,2,62.42
GHA,Ghana,2014,1,63.045
GHA,Ghana,2015,2,63.175
GHA,Ghana,2016,2,63.89
GHA,Ghana,2017,2,64.013
GHA,Ghana,2018,1,64.122
GHA,Ghana,2019,2,64.74
GHA,Ghana,2020,2,64.114
GHA,Ghana,2021,2,63.795
GHA,Ghana,2022,1,63.945
GIN,Guinea,1981,2,43.324
GIN,Guinea,1983,1,44.382
GIN,Guinea,1987,1,46.417
GIN,Guinea,1993,1,48.962
GIN,Guinea,1994,1,49.171
GIN,Guinea,1998,1,52.049
GIN,Guinea,1999,1,52.356
GIN,Guinea,2000,1,52.479
GIN,Guinea,2001,2,52.662
GIN,Guinea,2002,1,53.278
GIN,Guinea,2003,1,53.678
GIN,Guinea,2004,2,54.117
GIN,Guinea,2005,1,54.632
GIN,Guinea,2006,3,55.108
GIN,Guinea,2007,2,55.553
GIN,Guinea,2008,1,56.044
GIN,Guinea,2009,1,56.348
GIN,Guinea,2010,2,56.72
GIN,Guinea,2011,1,57.019
GIN,Guinea,2012,1,57.406
GIN,Guinea,2013,2,57.791
GIN,Guinea,2014,1,57.886
GIN,Guinea,2015,2,58.134
GIN,Guinea,2017,2,59.109
GIN,Guinea,2020,1,59.327
GIN,Guinea,2021,2,58.892
GIN,Guinea,2022,1,58.985
GMB,Gambia,1968,1,38.869
GMB,Gambia,1971,1,40.347
GMB,Gambia,1973,1,41.394
GMB,Gambia,1977,1,43.44
GMB,Gambia,1978,1,43.583
GMB,Gambia,1980,1,45.153
GMB,Gambia,1986,1,48.71
GMB,Gambia,1987,1,49.409
GMB,Gambia,1988,1,50.051
GMB,Gambia,1996,1,56.009
GMB,Gambia,1997,1,56.06
GMB,Gambia,1999,1,56.816
GMB,Gambia,2000,1,56.942
GMB,Gambia,2001,1,57.043
GMB,Gambia,2002,1,57.08
GMB,Gambia,2003,1,57.586
GMB,Gambia,2004,2,58.088
GMB,Gambia,2007,1,59.394
GMB,Gambia,2008,2,60.082
GMB,Gambia,2009,2,60.427
GMB,Gambia,2010,2,60.717
GMB,Gambia,2012,1,62.096
GMB,Gambia,2013,1,62.114
GMB,Gambia,2014,1,62.269
GMB,Gambia,2015,1,62.494
GMB,Gambia,2017,1,62.995
GMB,Gambia,2019,1,63.755
GMB,Gambia,2021,1,62.083
GMB,Gambia,2022,1,62.906
GNB,Guinea-Bissau,1972,1,38.698
GNB,Guinea-Bissau,1978,1,43.033
GNB,Guinea-Bissau,1982,1,44.374
GNB,Guinea-Bissau,1986,1,45.446
GNB,Guinea-Bissau,1987,3,45.785
GNB,Guinea-Bissau,1993,1,48.228
GNB,Guinea-Bissau,1994,1,48.156
GNB,Guinea-Bissau,1996,1,49.065
GNB,Guinea-Bissau,1997,1,47.997
GNB,Guinea-Bissau,1998,1,47.716
GNB,Guinea-Bissau,1999,1,48.006
GNB,Guinea-Bissau,2002,1,50.986
GNB,Guinea-Bissau,2003,1,51.405
GNB,Guinea-Bissau,2004,2,52.15
GNB,Guinea-Bissau,2005,1,52.249
GNB,Guinea-Bissau,2006,1,53.371
GNB,Guinea-Bissau,2008,2,54.646
GNB,Guinea-Bissau,2010,1,56.23
GNB,Guinea-Bissau,2018,1,60.502
GNQ,"Equatorial Guinea",2004,1,55.036
GRC,Greece,1961,1,70.3158536585366
GRC,Greece,1965,2,71.4283170731707
GRC,Greece,1966,2,71.7527073170732
GRC,Greece,1967,1,71.2987804878049
GRC,Greece,1968,1,71.4301951219512
GRC,Greece,1977,1,73.6708048780488
GRC,Greece,1978,1,74.358756097561
GRC,Greece,1979,1,74.6210731707317
GRC,Greece,1980,1,74.5462682926829
GRC,Greece,1981,2,74.9574390243902
GRC,Greece,1983,2,75.5177317073171
GRC,Greece,1984,2,75.7743902439024
GRC,Greece,1985,2,76.0829024390244
GRC,Greece,1986,1,76.4826585365854
GRC,Greece,1987,3,76.2798536585366
GRC,Greece,1988,2,76.980756097561
GRC,Greece,1990,4,76.9390243902439
GRC,Greece,1991,1,77.1365853658537
GRC,Greece,1993,2,77.390243902439
GRC,Greece,1994,1,77.6390243902439
GRC,Greece,1995,3,77.5853658536585
GRC,Greece,1996,1,77.6853658536585
GRC,Greece,1997,1,78.1365853658537
GRC,Greece,1998,2,77.8390243902439
GRC,Greece,1999,1,77.9878048780488
GRC,Greece,2000,6,77.8878048780488
GRC,Greece,2001,3,78.3878048780488
GRC,Greece,2002,6,78.6414634146341
GRC,Greece,2003,3,78.8414634146341
GRC,Greece,2004,2,79.0390243902439
GRC,Greece,2006,3,79.4390243902439
GRC,Greece,2007,3,79.4390243902439
GRC,Greece,2008,1,79.9390243902439
GRC,Greece,2009,2,80.1878048780488
GRC,Greece,2010,1,80.3878048780488
GRC,Greece,2012,2,80.6341463414634
GRC,Greece,2014,3,81.3853658536585
GRC,Greece,2015,2,81.0365853658537
GRC,Greece,2016,1,81.3878048780488
GRC,Greece,2017,4,81.2878048780488
GRC,Greece,2018,1,81.7878048780488
GRC,Greece,2019,1,81.6390243902439
GRC,Greece,2020,3,81.2878048780488
GRC,Greece,2021,3,80.0829268292683
GRC,Greece,2022,2,80.6365853658537
GRD,Grenada,1963,1,64.077
GRD,Grenada,1975,1,67.971
GRD,Grenada,1980,1,68.144
GRD,Grenada,1990,1,70.683
GRD,Grenada,1999,1,72.903
GRD,Grenada,2002,1,73.167
GRD,Grenada,2004,1,71.788
GRD,Grenada,2010,1,74.999
GTM,Guatemala,1969,2,48.548
GTM,Guatemala,1973,1,53.003
GTM,Guatemala,1976,1,49.169
GTM,Guatemala,1979,1,56.185
GTM,Guatemala,1982,1,50.134
GTM,Guatemala,1983,1,58.718
GTM,Guatemala,1984,1,59.558
GTM,Guatemala,1985,1,60.203
GTM,Guatemala,1986,1,60.772
GTM,Guatemala,1987,4,61.432
GTM,Guatemala,1988,3,62.029
GTM,Guatemala,1989,1,62.374
GTM,Guatemala,1990,1,62.473
GTM,Guatemala,1991,3,62.725
GTM,Guatemala,1992,2,62.913
GTM,Guatemala,1994,2,63.726
GTM,Guatemala,1995,2,64.195
GTM,Guatemala,1996,2,64.863
GTM,Guatemala,1998,4,66.114
GTM,Guatemala,1999,2,66.869
GTM,Guatemala,2000,3,67.446
GTM,Guatemala,2001,4,67.946
GTM,Guatemala,2002,4,68.386
GTM,Guatemala,2003,2,68.797
GTM,Guatemala,2005,4,69.168
GTM,Guatemala,2006,1,69.812
GTM,Guatemala,2007,3,70.1
GTM,Guatemala,2008,4,70.356
GTM,Guatemala,2009,3,70.641
GTM,Guatemala,2010,6,70.878
GTM,Guatemala,2011,7,71.177
GTM,Guatemala,2012,3,71.463
GTM,Guatemala,2013,2,71.728
GTM,Guatemala,2014,5,71.964
GTM,Guatemala,2015,4,72.103
GTM,Guatemala,2016,2,72.355
GTM,Guatemala,2017,7,72.551
GTM,Guatemala,2018,4,72.726
GTM,Guatemala,2019,3,73.129
GTM,Guatemala,2020,5,71.797
GTM,Guatemala,2021,3,69.237
GTM,Guatemala,2022,3,68.674
GUM,Guam,1962,1,61.708
GUM,Guam,1976,1,67.032
GUM,Guam,1987,1,71.564
GUM,Guam,1992,1,72.718
GUM,Guam,1993,1,72.952
GUM,Guam,1997,1,73.349
GUM,Guam,2002,2,75.793
GUM,Guam,2004,2,76.923
GUY,Guyana,1971,1,60.555
GUY,Guyana,1989,1,62.238
GUY,Guyana,1996,1,63.205
GUY,Guyana,1997,1,63.356
GUY,Guyana,2005,1,65.132
GUY,Guyana,2006,1,65.667
GUY,Guyana,2008,1,66.288
GUY,Guyana,2010,1,66.743
GUY,Guyana,2015,1,68.201
GUY,Guyana,2017,1,68.667
GUY,Guyana,2021,1,65.673
GUY,Guyana,2022,1,65.989
HKG,"Hong Kong",1960,3,65.8662926829268
HKG,"Hong Kong",1961,2,66.5588780487805
HKG,"Hong Kong",1962,1,66.9771707317073
HKG,"Hong Kong",1964,2,68.4460975609756
HKG,"Hong Kong",1965,1,69.2512195121951
HKG,"Hong Kong",1966,4,69.5388780487805
HKG,"Hong Kong",1967,1,69.9254390243902
HKG,"Hong Kong",1968,3,70.3558292682927
HKG,"Hong Kong",1969,3,70.5685609756098
HKG,"Hong Kong",1970,2,71.0499512195122
HKG,"Hong Kong",1971,1,71.4680487804878
HKG,"Hong Kong",1972,3,71.4509756097561
HKG,"Hong Kong",1973,2,72.090243902439
HKG,"Hong Kong",1974,2,72.5978048780488
HKG,"Hong Kong",1975,4,73.3621951219512
HKG,"Hong Kong",1976,5,72.7890243902439
HKG,"Hong Kong",1977,3,73.3492682926829
HKG,"Hong Kong",1978,4,73.5407317073171
HKG,"Hong Kong",1979,4,73.6631707317073
HKG,"Hong Kong",1980,2,74.6534146341464
HKG,"Hong Kong",1981,1,75.3490243902439
HKG,"Hong Kong",1982,4,75.4385365853659
HKG,"Hong Kong",1983,4,75.2863414634146
HKG,"Hong Kong",1985,3,76.4292682926829
HKG,"Hong Kong",1986,2,76.6843902439024
HKG,"Hong Kong",1987,2,76.8978048780488
HKG,"Hong Kong",1988,1,77.0834146341464
HKG,"Hong Kong",1989,3,77.0287804878049
HKG,"Hong Kong",1991,1,77.8729268292683
HKG,"Hong Kong",1992,3,77.6734146341464
HKG,"Hong Kong",1993,7,78.0160975609756
HKG,"Hong Kong",1994,1,78.5436585365854
HKG,"Hong Kong",1997,2,80.1121951219512
HKG,"Hong Kong",1999,1,80.3726829268293
HKG,"Hong Kong",2003,2,81.3434146341464
HKG,"Hong Kong",2008,3,82.3404878048781
HKG,"Hong Kong",2009,1,82.7751219512195
HKG,"Hong Kong",2010,1,82.9575609756098
HKG,"Hong Kong",2017,2,84.6956097560976
HKG,"Hong Kong",2018,1,84.869756097561
HKG,"Hong Kong",2021,2,85.5326829268293
HND,Honduras,1961,1,48.73
HND,Honduras,1965,3,51.465
HND,Honduras,1969,2,53.896
HND,Honduras,1971,1,54.966
HND,Honduras,1972,1,55.607
HND,Honduras,1973,1,54.415
HND,Honduras,1974,1,52.313
HND,Honduras,1976,1,58.158
HND,Honduras,1978,1,59.334
HND,Honduras,1979,1,59.908
HND,Honduras,1981,1,61.016
HND,Honduras,1982,2,61.527
HND,Honduras,1984,1,62.642
HND,Honduras,1986,1,63.591
HND,Honduras,1988,3,64.345
HND,Honduras,1989,1,64.856
HND,Honduras,1990,1,65.243
HND,Honduras,1993,2,66.251
HND,Honduras,1994,3,66.574
HND,Honduras,1995,3,67.139
HND,Honduras,1996,3,67.439
HND,Honduras,1997,1,67.777
HND,Honduras,1998,3,62.721
HND,Honduras,1999,1,68.422
HND,Honduras,2000,2,68.662
HND,Honduras,2001,2,69.006
HND,Honduras,2002,4,69.366
HND,Honduras,2003,2,69.507
HND,Honduras,2004,1,69.796
HND,Honduras,2005,5,70.104
HND,Honduras,2006,1,70.261
HND,Honduras,2007,4,70.376
HND,Honduras,2008,2,70.441
HND,Honduras,2009,3,70.911
HND,Honduras,2010,5,71.088
HND,Honduras,2011,1,71.439
HND,Honduras,2012,1,71.734
HND,Honduras,2013,1,71.963
HND,Honduras,2014,3,72.259
HND,Honduras,2016,2,72.588
HND,Honduras,2017,4,72.692
HND,Honduras,2018,2,72.814
HND,Honduras,2019,1,72.881
HND,Honduras,2020,4,71.462
HND,Honduras,2021,1,70.123
HND,Honduras,2022,3,70.728
HRV,Croatia,1996,1,72.3653658536585
HRV,Croatia,1997,1,72.4951219512195
HRV,Croatia,2000,3,72.8078048780488
HRV,Croatia,2001,1,74.5129268292683
HRV,Croatia,2003,3,74.6139024390244
HRV,Croatia,2005,3,75.2446341463415
HRV,Croatia,2006,1,75.8368292682927
HRV,Croatia,2007,2,75.7056097560976
HRV,Croatia,2010,2,76.4756097560976
HRV,Croatia,2012,3,76.9243902439024
HRV,Croatia,2014,2,77.4780487804878
HRV,Croatia,2015,1,77.2756097560976
HRV,Croatia,2017,2,77.8268292682927
HRV,Croatia,2018,1,78.0707317073171
HRV,Croatia,2019,1,78.4243902439025
HRV,Croatia,2020,2,77.7243902439024
HRV,Croatia,2022,2,77.5756097560976
HTI,Haiti,1962,1,44.291
HTI,Haiti,1963,3,42.769
HTI,Haiti,1964,1,44.968
HTI,Haiti,1966,1,45.594
HTI,Haiti,1968,1,46.512
HTI,Haiti,1972,1,47.945
HTI,Haiti,1974,1,48.419
HTI,Haiti,1977,1,49.209
HTI,Haiti,1979,1,49.675
HTI,Haiti,1980,2,49.902
HTI,Haiti,1986,2,51.875
HTI,Haiti,1987,4,52.239
HTI,Haiti,1988,5,52.632
HTI,Haiti,1989,3,52.755
HTI,Haiti,1990,1,52.975
HTI,Haiti,1992,1,53.842
HTI,Haiti,1993,2,54.35
HTI,Haiti,1994,1,54.653
HTI,Haiti,1996,4,56.154
HTI,Haiti,1998,1,57.135
HTI,Haiti,1999,1,57.961
HTI,Haiti,2000,1,58.365
HTI,Haiti,2001,2,58.489
HTI,Haiti,2002,2,58.855
HTI,Haiti,2003,6,59.507
HTI,Haiti,2004,3,58.475
HTI,Haiti,2005,8,60.415
HTI,Haiti,2006,3,60.763
HTI,Haiti,2007,7,61.103
HTI,Haiti,2008,4,61.332
HTI,Haiti,2009,3,61.741
HTI,Haiti,2010,7,46.019
HTI,Haiti,2011,4,61.623
HTI,Haiti,2012,7,62.291
HTI,Haiti,2013,1,62.605
HTI,Haiti,2014,3,62.987
HTI,Haiti,2015,3,63.237
HTI,Haiti,2016,9,63.392
HTI,Haiti,2017,5,63.854
HTI,Haiti,2018,1,64.019
HTI,Haiti,2019,2,64.255
HTI,Haiti,2020,1,64.052
HTI,Haiti,2021,4,63.192
HTI,Haiti,2022,4,63.728
HUN,Hungary,1970,1,69.1646341463415
HUN,Hungary,1984,1,69.0258536585366
HUN,Hungary,1986,1,69.1734146341463
HUN,Hungary,1992,1,69.1170731707317
HUN,Hungary,1996,1,70.3287804878049
HUN,Hungary,1997,1,70.7024390243902
HUN,Hungary,1999,3,70.6770731707317
HUN,Hungary,2000,1,71.2463414634146
HUN,Hungary,2001,2,72.2487804878049
HUN,Hungary,2002,1,72.3487804878049
HUN,Hungary,2003,1,72.3
HUN,Hungary,2004,1,72.6487804878049
HUN,Hungary,2005,4,72.6487804878049
HUN,Hungary,2006,2,73.0975609756098
HUN,Hungary,2007,1,73.1512195121951
HUN,Hungary,2008,1,73.7024390243903
HUN,Hungary,2010,1,74.2073170731707
HUN,Hungary,2012,1,75.0634146341463
HUN,Hungary,2013,3,75.5658536585366
HUN,Hungary,2014,1,75.7634146341463
HUN,Hungary,2016,1,76.0634146341464
HUN,Hungary,2017,1,75.8170731707317
HUN,Hungary,2018,1,76.0658536585366
HUN,Hungary,2019,1,76.3195121951219
HUN,Hungary,2022,1,76.0170731707317
IDN,Indonesia,1963,2,48.429
IDN,Indonesia,1965,1,42.599
IDN,Indonesia,1966,4,48.2
IDN,Indonesia,1967,7,51.066
IDN,Indonesia,1968,3,51.63
IDN,Indonesia,1969,2,52.354
IDN,Indonesia,1970,1,52.992
IDN,Indonesia,1971,1,53.576
IDN,Indonesia,1972,1,54.242
IDN,Indonesia,1973,1,54.85
IDN,Indonesia,1974,1,55.429
IDN,Indonesia,1976,6,56.514
IDN,Indonesia,1977,8,57.081
IDN,Indonesia,1978,7,57.565
IDN,Indonesia,1979,12,58.153
IDN,Indonesia,1980,5,58.754
IDN,Indonesia,1981,6,59.138
IDN,Indonesia,1982,12,59.757
IDN,Indonesia,1983,10,60.273
IDN,Indonesia,1984,10,60.728
IDN,Indonesia,1985,6,61.307
IDN,Indonesia,1986,7,61.722
IDN,Indonesia,1987,10,61.973
IDN,Indonesia,1988,5,62.211
IDN,Indonesia,1989,7,62.696
IDN,Indonesia,1990,7,63.181
IDN,Indonesia,1991,12,63.537
IDN,Indonesia,1992,4,64.126
IDN,Indonesia,1993,4,64.598
IDN,Indonesia,1994,15,64.856
IDN,Indonesia,1995,8,65.237
IDN,Indonesia,1996,9,65.355
IDN,Indonesia,1997,6,65.733
IDN,Indonesia,1998,7,65.962
IDN,Indonesia,1999,8,66.221
IDN,Indonesia,2000,15,66.433
IDN,Indonesia,2001,9,66.758
IDN,Indonesia,2002,15,67.134
IDN,Indonesia,2003,16,67.413
IDN,Indonesia,2004,18,65.75
IDN,Indonesia,2005,10,67.649
IDN,Indonesia,2006,18,67.914
IDN,Indonesia,2007,19,68.189
IDN,Indonesia,2008,16,68.226
IDN,Indonesia,2009,12,68.494
IDN,Indonesia,2010,12,68.679
IDN,Indonesia,2011,12,68.823
IDN,Indonesia,2012,13,68.973
IDN,Indonesia,2013,16,69.264
IDN,Indonesia,2014,10,69.533
IDN,Indonesia,2015,12,69.699
IDN,Indonesia,2016,15,69.798
IDN,Indonesia,2017,12,69.936
IDN,Indonesia,2018,15,70.338
IDN,Indonesia,2019,19,70.518
IDN,Indonesia,2020,29,68.808
IDN,Indonesia,2021,28,67.57
IDN,Indonesia,2022,20,68.25
IND,India,1960,4,45.218
IND,India,1961,5,45.398
IND,India,1962,3,45.659
IND,India,1963,3,45.936
IND,India,1964,7,46.184
IND,India,1965,2,44.98
IND,India,1966,3,45.333
IND,India,1967,4,45.674
IND,India,1968,6,47.471
IND,India,1969,4,47.857
IND,India,1970,4,48.241
IND,India,1971,5,48.632
IND,India,1972,4,49.025
IND,India,1973,2,49.539
IND,India,1974,3,50.244
IND,India,1975,6,50.812
IND,India,1976,5,51.388
IND,India,1977,5,51.909
IND,India,1978,13,52.492
IND,India,1979,11,53.06
IND,India,1980,14,53.611
IND,India,1981,6,54.175
IND,India,1982,7,54.732
IND,India,1983,10,55.281
IND,India,1984,13,55.816
IND,India,1985,12,56.334
IND,India,1986,13,56.835
IND,India,1987,11,57.315
IND,India,1988,12,57.777
IND,India,1989,9,58.233
IND,India,1990,14,58.652
IND,India,1991,11,59.055
IND,India,1992,8,59.452
IND,India,1993,12,59.815
IND,India,1994,6,60.216
IND,India,1995,9,60.596
IND,India,1996,13,60.984
IND,India,1997,13,61.388
IND,India,1998,16,61.792
IND,India,1999,13,62.207
IND,India,2000,20,62.669
IND,India,2001,21,63.091
IND,India,2002,18,63.616
IND,India,2003,17,64.094
IND,India,2004,7,64.524
IND,India,2005,31,64.996
IND,India,2006,20,65.412
IND,India,2007,20,65.788
IND,India,2008,11,66.149
IND,India,2009,17,66.513
IND,India,2010,18,66.909
IND,India,2011,13,67.359
IND,India,2012,10,67.887
IND,India,2013,12,68.46
IND,India,2014,16,69.074
IND,India,2015,22,69.636
IND,India,2016,16,70.117
IND,India,2017,18,70.467
IND,India,2018,23,70.71
IND,India,2019,14,70.91
IND,India,2020,11,70.15
IND,India,2021,19,67.24
IND,India,2022,7,67.744
IRL,Ireland,1983,1,73.2400975609756
IRL,Ireland,1986,1,73.6655365853659
IRL,Ireland,1987,1,74.4323902439024
IRL,Ireland,1990,3,74.8460731707317
IRL,Ireland,1991,1,75.025
IRL,Ireland,1993,1,75.2921951219512
IRL,Ireland,1996,1,75.8317073170732
IRL,Ireland,1998,1,76.1804878048781
IRL,Ireland,1999,1,76.0829268292683
IRL,Ireland,2000,2,76.5365853658537
IRL,Ireland,2002,1,77.6341463414634
IRL,Ireland,2004,1,78.5390243902439
IRL,Ireland,2005,1,78.9439024390244
IRL,Ireland,2009,1,80.190243902439
IRL,Ireland,2011,1,80.7463414634146
IRL,Ireland,2014,1,81.3487804878049
IRL,Ireland,2015,1,81.4536585365854
IRL,Ireland,2017,1,82.1560975609756
IRL,Ireland,2018,1,82.2048780487805
IRL,Ireland,2021,1,82.3536585365854
IRL,Ireland,2022,2,83.0560975609756
IRN,"Iran, Islamic Republic of",1960,1,43.957
IRN,"Iran, Islamic Republic of",1961,1,44.55
IRN,"Iran, Islamic Republic of",1962,1,44.269
IRN,"Iran, Islamic Republic of",1964,1,46.196
IRN,"Iran, Islamic Republic of",1965,2,46.744
IRN,"Iran, Islamic Republic of",1966,1,47.421
IRN,"Iran, Islamic Republic of",1968,4,48.136
IRN,"Iran, Islamic Republic of",1969,2,49.438
IRN,"Iran, Islamic Republic of",1970,2,50.204
IRN,"Iran, Islamic Republic of",1972,2,51.659
IRN,"Iran, Islamic Republic of",1975,1,54.761
IRN,"Iran, Islamic Republic of",1976,1,55.7
IRN,"Iran, Islamic Republic of",1977,5,56.577
IRN,"Iran, Islamic Republic of",1978,3,55.926
IRN,"Iran, Islamic Republic of",1979,3,58.55
IRN,"Iran, Islamic Republic of",1980,5,58.537
IRN,"Iran, Islamic Republic of",1981,4,56.715
IRN,"Iran, Islamic Republic of",1983,2,58.748
IRN,"Iran, Islamic Republic of",1985,1,61.893
IRN,"Iran, Islamic Republic of",1986,4,62.487
IRN,"Iran, Islamic Republic of",1987,7,62.823
IRN,"Iran, Islamic Republic of",1988,3,63.446
IRN,"Iran, Islamic Republic of",1989,3,65.718
IRN,"Iran, Islamic Republic of",1990,4,64.367
IRN,"Iran, Islamic Republic of",1991,6,66.459
IRN,"Iran, Islamic Republic of",1992,4,66.776
IRN,"Iran, Islamic Republic of",1993,6,67.139
IRN,"Iran, Islamic Republic of",1994,6,67.468
IRN,"Iran, Islamic Republic of",1995,3,67.785
IRN,"Iran, Islamic Republic of",1996,4,68.07
IRN,"Iran, Islamic Republic of",1997,6,68.359
IRN,"Iran, Islamic Republic of",1998,8,68.73
IRN,"Iran, Islamic Republic of",1999,8,69.297
IRN,"Iran, Islamic Republic of",2000,5,69.691
IRN,"Iran, Islamic Republic of",2001,5,69.955
IRN,"Iran, Islamic Republic of",2002,9,70.445
IRN,"Iran, Islamic Republic of",2003,7,69.823
IRN,"Iran, Islamic Republic of",2004,3,71.37
IRN,"Iran, Islamic Republic of",2005,9,71.838
IRN,"Iran, Islamic Republic of",2006,4,72.276
IRN,"Iran, Islamic Republic of",2007,2,72.772
IRN,"Iran, Islamic Republic of",2008,5,72.624
IRN,"Iran, Islamic Republic of",2009,1,72.698
IRN,"Iran, Islamic Republic of",2010,5,73.069
IRN,"Iran, Islamic Republic of",2012,4,74.186
IRN,"Iran, Islamic Republic of",2013,3,74.449
IRN,"Iran, Islamic Republic of",2014,3,74.782
IRN,"Iran, Islamic Republic of",2015,5,75.124
IRN,"Iran, Islamic Republic of",2016,1,75.6
IRN,"Iran, Islamic Republic of",2017,5,75.971
IRN,"Iran, Islamic Republic of",2018,4,76.195
IRN,"Iran, Islamic Republic of",2019,5,76.103
IRN,"Iran, Islamic Republic of",2020,9,74.832
IRN,"Iran, Islamic Republic of",2021,7,73.875
IRN,"Iran, Islamic Republic of",2022,5,74.556
IRQ,Iraq,1967,1,58.37
IRQ,Iraq,1968,1,58.781
IRQ,Iraq,1969,1,59.32
IRQ,Iraq,1978,1,64.401
IRQ,Iraq,1991,1,62.519
IRQ,Iraq,1997,1,65.837
IRQ,Iraq,1998,1,65.486
IRQ,Iraq,2003,1,65.643
IRQ,Iraq,2006,2,63.587
IRQ,Iraq,2007,1,63.553
IRQ,Iraq,2008,2,64.942
IRQ,Iraq,2009,1,66.446
IRQ,Iraq,2011,1,67.659
IRQ,Iraq,2012,1,68.023
IRQ,Iraq,2013,1,68.253
IRQ,Iraq,2015,2,69.44
IRQ,Iraq,2017,1,70.413
IRQ,Iraq,2018,1,71.514
IRQ,Iraq,2019,1,71.576
IRQ,Iraq,2020,1,69.123
IRQ,Iraq,2021,3,70.378
IRQ,Iraq,2022,1,71.336
ISL,Iceland,1973,1,74.4509756097561
ISL,Iceland,1974,1,74.5117073170732
ISL,Iceland,1976,1,76.9721951219512
ISL,Iceland,1983,2,76.8456097560976
ISL,Iceland,1984,1,77.5765853658537
ISL,Iceland,1988,1,77.0829268292683
ISL,Iceland,1995,2,77.9843902439024
ISL,Iceland,1996,1,78.7778048780488
ISL,Iceland,2000,2,79.6536585365854
ISL,Iceland,2010,1,81.8975609756097
ISR,Israel,1970,1,71.2134146341463
ISR,Israel,1983,1,74.4585365853658
ISR,Israel,1991,1,76.7585365853659
ISR,Israel,1992,1,76.5048780487805
ISR,Israel,1995,1,77.4512195121951
ISR,Israel,1997,1,78
ISR,Israel,1998,1,78.1487804878049
ISR,Israel,1999,1,78.6585365853659
ISR,Israel,2000,3,78.9536585365854
ISR,Israel,2010,2,81.6024390243903
ISR,Israel,2013,1,82.0560975609756
ISR,Israel,2015,1,82.0512195121951
ISR,Israel,2016,1,82.4073170731707
ISR,Israel,2018,1,82.8024390243903
ISR,Israel,2020,2,82.6487804878049
ITA,Italy,1960,1,69.1239024390244
ITA,Italy,1962,1,69.149756097561
ITA,Italy,1963,1,69.2480487804878
ITA,Italy,1965,2,70.1717073170732
ITA,Italy,1966,1,70.9260975609756
ITA,Italy,1968,2,70.78
ITA,Italy,1970,2,71.5587804878049
ITA,Italy,1971,1,71.8068292682927
ITA,Italy,1972,2,72.0753658536586
ITA,Italy,1973,3,72.0263414634146
ITA,Italy,1975,1,72.6473170731708
ITA,Italy,1976,3,72.9919512195122
ITA,Italy,1977,2,73.3646341463415
ITA,Italy,1978,2,73.6931707317073
ITA,Italy,1979,2,74.0026829268293
ITA,Italy,1980,1,73.9431707317073
ITA,Italy,1981,2,74.3539024390244
ITA,Italy,1982,3,74.8146341463415
ITA,Italy,1983,4,74.640243902439
ITA,Italy,1984,3,75.389512195122
ITA,Italy,1985,1,75.4707317073171
ITA,Italy,1986,1,75.7707317073171
ITA,Italy,1987,6,76.219512195122
ITA,Italy,1990,5,76.9707317073171
ITA,Italy,1991,1,77.0195121951219
ITA,Italy,1992,2,77.419512195122
ITA,Italy,1993,1,77.7219512195122
ITA,Italy,1994,3,77.9219512195122
ITA,Italy,1996,3,78.5219512195122
ITA,Italy,1997,3,78.8243902439024
ITA,Italy,1998,3,78.9756097560976
ITA,Italy,1999,2,79.4243902439024
ITA,Italy,2000,4,79.7780487804878
ITA,Italy,2001,3,80.1268292682927
ITA,Italy,2002,8,80.2292682926829
ITA,Italy,2003,4,79.9829268292683
ITA,Italy,2004,1,80.7804878048781
ITA,Italy,2005,1,80.7829268292683
ITA,Italy,2006,2,81.2829268292683
ITA,Italy,2007,2,81.4341463414634
ITA,Italy,2008,3,81.4853658536585
ITA,Italy,2009,5,81.6365853658537
ITA,Italy,2010,3,82.0365853658537
ITA,Italy,2011,3,82.1878048780488
ITA,Italy,2012,5,82.2390243902439
ITA,Italy,2013,1,82.690243902439
ITA,Italy,2014,5,83.090243902439
ITA,Italy,2015,4,82.5439024390244
ITA,Italy,2016,4,83.2439024390244
ITA,Italy,2017,6,82.9463414634147
ITA,Italy,2018,5,83.3463414634146
ITA,Italy,2019,5,83.4975609756098
ITA,Italy,2020,7,82.1951219512195
ITA,Italy,2021,2,82.6463414634146
ITA,Italy,2022,6,82.9
JAM,Jamaica,1963,1,65.27
JAM,Jamaica,1968,1,66.265
JAM,Jamaica,1973,1,67.551
JAM,Jamaica,1977,1,68.534
JAM,Jamaica,1979,2,69.048
JAM,Jamaica,1980,1,69.435
JAM,Jamaica,1985,1,70.52
JAM,Jamaica,1986,1,70.732
JAM,Jamaica,1987,1,71.273
JAM,Jamaica,1988,2,71.541
JAM,Jamaica,1990,1,72.304
JAM,Jamaica,1991,1,72.186
JAM,Jamaica,1993,1,71.921
JAM,Jamaica,1994,1,71.739
JAM,Jamaica,1996,1,71.488
JAM,Jamaica,2000,1,70.944
JAM,Jamaica,2001,1,70.758
JAM,Jamaica,2002,3,70.888
JAM,Jamaica,2004,2,70.86
JAM,Jamaica,2005,3,71.044
JAM,Jamaica,2006,2,71.199
JAM,Jamaica,2007,2,71.418
JAM,Jamaica,2008,2,71.612
JAM,Jamaica,2010,1,72.622
JAM,Jamaica,2012,1,73.433
JAM,Jamaica,2014,1,72.982
JAM,Jamaica,2016,1,72.02
JAM,Jamaica,2017,1,71.911
JOR,Jordan,1963,1,55.575
JOR,Jordan,1965,1,57.415
JOR,Jordan,1966,1,57.869
JOR,Jordan,1981,1,66.714
JOR,Jordan,1987,1,68.884
JOR,Jordan,1989,1,69.57
JOR,Jordan,1991,2,70.093
JOR,Jordan,1992,1,70.316
JOR,Jordan,1997,1,71.272
JOR,Jordan,1999,1,71.694
JOR,Jordan,2000,3,71.918
JOR,Jordan,2018,2,75.774
JPN,Japan,1960,2,67.6956097560976
JPN,Japan,1961,4,68.3519512195122
JPN,Japan,1962,1,68.6348780487805
JPN,Japan,1963,3,69.7124390243902
JPN,Japan,1964,4,70.2065853658537
JPN,Japan,1965,5,70.2668292682927
JPN,Japan,1966,2,70.9158536585366
JPN,Japan,1967,4,71.4660975609756
JPN,Japan,1968,4,71.6109756097561
JPN,Japan,1969,1,71.8580487804878
JPN,Japan,1971,1,72.8090243902439
JPN,Japan,1972,3,73.1536585365854
JPN,Japan,1973,2,73.2951219512195
JPN,Japan,1974,5,73.6721951219512
JPN,Japan,1975,2,74.2470731707317
JPN,Japan,1976,2,74.6865853658537
JPN,Japan,1977,6,75.2558536585366
JPN,Japan,1978,5,75.5846341463415
JPN,Japan,1979,2,76.1087804878049
JPN,Japan,1980,3,75.9890243902439
JPN,Japan,1981,5,76.3948780487805
JPN,Japan,1982,6,76.8736585365854
JPN,Japan,1983,7,76.9219512195122
JPN,Japan,1984,3,77.2912195121951
JPN,Japan,1985,2,77.5604878048781
JPN,Japan,1986,6,78.0104878048781
JPN,Japan,1987,2,78.429512195122
JPN,Japan,1988,1,78.349756097561
JPN,Japan,1989,4,78.7685365853659
JPN,Japan,1990,3,78.8370731707317
JPN,Japan,1991,6,79.0368292682927
JPN,Japan,1992,4,79.080243902439
JPN,Japan,1993,9,79.3036585365854
JPN,Japan,1994,5,79.6968292682927
JPN,Japan,1995,4,79.5360975609756
JPN,Japan,1996,2,80.219756097561
JPN,Japan,1997,4,80.4241463414634
JPN,Japan,1998,7,80.5014634146342
JPN,Japan,1999,3,80.4609756097561
JPN,Japan,2000,8,81.0760975609756
JPN,Japan,2001,6,81.4163414634146
JPN,Japan,2002,6,81.6907317073171
JPN,Japan,2003,6,81.76
JPN,Japan,2004,12,82.030243902439
JPN,Japan,2005,6,81.9551219512195
JPN,Japan,2006,5,82.3219512195122
JPN,Japan,2007,8,82.5070731707317
JPN,Japan,2008,4,82.5875609756098
JPN,Japan,2009,6,82.9314634146342
JPN,Japan,2010,2,82.8426829268293
JPN,Japan,2011,7,82.5912195121951
JPN,Japan,2012,7,83.0960975609756
JPN,Japan,2013,10,83.3319512195122
JPN,Japan,2014,13,83.5878048780488
JPN,Japan,2015,10,83.7939024390244
JPN,Japan,2016,10,83.9848780487805
JPN,Japan,2017,4,84.099756097561
JPN,Japan,2018,7,84.2109756097561
JPN,Japan,2019,10,84.3563414634146
JPN,Japan,2020,4,84.56
JPN,Japan,2021,6,84.4456097560976
JPN,Japan,2022,7,83.9963414634146
KAZ,Kazakhstan,1993,1,65.4
KAZ,Kazakhstan,1995,1,63.5
KAZ,Kazakhstan,1997,2,64
KAZ,Kazakhstan,1998,1,64.5
KAZ,Kazakhstan,1999,1,65.63
KAZ,Kazakhstan,2000,2,65.45
KAZ,Kazakhstan,2001,2,65.76
KAZ,Kazakhstan,2003,1,65.74
KAZ,Kazakhstan,2004,1,66.06
KAZ,Kazakhstan,2005,1,65.86
KAZ,Kazakhstan,2008,1,67.11
KAZ,Kazakhstan,2010,2,68.45
KAZ,Kazakhstan,2011,1,68.69
KAZ,Kazakhstan,2012,2,69.52
KAZ,Kazakhstan,2014,1,71.44
KAZ,Kazakhstan,2015,1,71.97
KAZ,Kazakhstan,2017,1,72.95
KAZ,Kazakhstan,2018,1,73.15
KAZ,Kazakhstan,2020,1,71.37
KAZ,Kazakhstan,2021,1,70.23
KEN,Kenya,1964,1,51.328
KEN,Kenya,1965,1,51.7
KEN,Kenya,1968,1,52.781
KEN,Kenya,1971,1,54.258
KEN,Kenya,1975,1,55.826
KEN,Kenya,1977,1,56.486
KEN,Kenya,1979,1,57.722
KEN,Kenya,1982,1,60.953
KEN,Kenya,1984,1,60.804
KEN,Kenya,1988,1,59.539
KEN,Kenya,1990,2,58.614
KEN,Kenya,1991,2,58.005
KEN,Kenya,1994,2,56.273
KEN,Kenya,1996,1,55.161
KEN,Kenya,1997,6,54.816
KEN,Kenya,1998,2,54.526
KEN,Kenya,1999,4,54.495
KEN,Kenya,2000,5,54.411
KEN,Kenya,2001,4,54.508
KEN,Kenya,2002,5,54.99
KEN,Kenya,2003,2,55.601
KEN,Kenya,2004,5,56.361
KEN,Kenya,2005,6,57.344
KEN,Kenya,2006,7,58.222
KEN,Kenya,2007,4,58.865
KEN,Kenya,2008,9,59.614
KEN,Kenya,2009,5,60.365
KEN,Kenya,2010,5,60.649
KEN,Kenya,2011,5,61.046
KEN,Kenya,2012,1,61.115
KEN,Kenya,2013,4,61.389
KEN,Kenya,2014,2,61.816
KEN,Kenya,2015,3,61.892
KEN,Kenya,2016,3,62.163
KEN,Kenya,2017,3,62.481
KEN,Kenya,2018,3,62.676
KEN,Kenya,2019,4,62.943
KEN,Kenya,2020,3,62.675
KEN,Kenya,2021,2,61.427
KEN,Kenya,2022,1,62.055
KGZ,Kyrgyzstan,1992,2,68.1024390243903
KGZ,Kyrgyzstan,1994,2,66.0390243902439
KGZ,Kyrgyzstan,1997,2,66.8926829268293
KGZ,Kyrgyzstan,1998,2,67.0512195121951
KGZ,Kyrgyzstan,2000,1,68.5585365853659
KGZ,Kyrgyzstan,2002,1,68.1560975609756
KGZ,Kyrgyzstan,2003,1,68.2560975609756
KGZ,Kyrgyzstan,2004,3,68.1536585365854
KGZ,Kyrgyzstan,2005,1,67.9560975609756
KGZ,Kyrgyzstan,2006,2,67.6951219512195
KGZ,Kyrgyzstan,2007,1,67.8951219512195
KGZ,Kyrgyzstan,2008,2,68.4512195121951
KGZ,Kyrgyzstan,2009,1,69.1024390243903
KGZ,Kyrgyzstan,2010,2,69.3
KGZ,Kyrgyzstan,2011,1,69.6024390243903
KGZ,Kyrgyzstan,2012,2,70.0024390243902
KGZ,Kyrgyzstan,2014,1,70.4024390243902
KGZ,Kyrgyzstan,2015,1,70.6512195121951
KGZ,Kyrgyzstan,2017,2,71.2
KGZ,Kyrgyzstan,2021,1,71.9
KGZ,Kyrgyzstan,2022,1,72.0487804878049
KHM,Cambodia,1987,1,53.454
KHM,Cambodia,1991,1,55.793
KHM,Cambodia,1992,2,56.021
KHM,Cambodia,1994,2,56.035
KHM,Cambodia,1996,1,56.346
KHM,Cambodia,1997,2,56.743
KHM,Cambodia,1998,2,57.028
KHM,Cambodia,1999,3,57.69
KHM,Cambodia,2000,1,58.625
KHM,Cambodia,2001,2,59.966
KHM,Cambodia,2002,2,61.226
KHM,Cambodia,2004,1,63.552
KHM,Cambodia,2005,2,64.293
KHM,Cambodia,2006,3,65.059
KHM,Cambodia,2007,2,65.731
KHM,Cambodia,2009,2,67.444
KHM,Cambodia,2010,1,67.712
KHM,Cambodia,2011,1,68.416
KHM,Cambodia,2012,1,68.915
KHM,Cambodia,2013,1,69.304
KHM,Cambodia,2014,1,69.736
KHM,Cambodia,2015,2,69.873
KHM,Cambodia,2016,1,70.224
KHM,Cambodia,2018,1,70.561
KHM,Cambodia,2019,1,70.692
KHM,Cambodia,2020,2,70.416
KHM,Cambodia,2021,4,69.584
KHM,Cambodia,2022,2,69.896
KIR,Kiribati,1972,1,55.476
KIR,Kiribati,1977,1,56.032
KIR,Kiribati,1999,1,64.136
KIR,Kiribati,2008,1,64.834
KIR,Kiribati,2014,1,65.815
KIR,Kiribati,2015,1,66.059
KNA,"Saint Kitts and Nevis",1984,1,65.278
KNA,"Saint Kitts and Nevis",1987,1,65.476
KNA,"Saint Kitts and Nevis",1989,1,64.992
KNA,"Saint Kitts and Nevis",1990,1,65.188
KNA,"Saint Kitts and Nevis",1995,1,67.152
KNA,"Saint Kitts and Nevis",1998,1,67.69
KNA,"Saint Kitts and Nevis",1999,1,68.709
KNA,"Saint Kitts and Nevis",2008,1,71.374
KNA,"Saint Kitts and Nevis",2017,1,71.84
KOR,"Korea, Republic of",1961,1,54.924
KOR,"Korea, Republic of",1962,1,55.519512195122
KOR,"Korea, Republic of",1963,1,55.9748780487805
KOR,"Korea, Republic of",1964,1,57.1747804878049
KOR,"Korea, Republic of",1965,1,58.2404878048781
KOR,"Korea, Republic of",1966,1,59.5047073170732
KOR,"Korea, Republic of",1967,1,61.2881219512195
KOR,"Korea, Republic of",1968,1,61.559
KOR,"Korea, Republic of",1969,3,62.0510243902439
KOR,"Korea, Republic of",1970,2,62.1634146341463
KOR,"Korea, Republic of",1971,2,62.6121951219512
KOR,"Korea, Republic of",1972,2,63.009756097561
KOR,"Korea, Republic of",1976,1,64.5024390243902
KOR,"Korea, Republic of",1977,2,64.9
KOR,"Korea, Republic of",1978,2,65.1975609756098
KOR,"Korea, Republic of",1979,1,65.5463414634146
KOR,"Korea, Republic of",1980,2,66.0463414634146
KOR,"Korea, Republic of",1981,2,66.5463414634146
KOR,"Korea, Republic of",1982,2,67.0951219512195
KOR,"Korea, Republic of",1984,2,68.1951219512195
KOR,"Korea, Republic of",1985,1,68.7951219512195
KOR,"Korea, Republic of",1986,1,69.4463414634146
KOR,"Korea, Republic of",1987,3,69.9975609756098
KOR,"Korea, Republic of",1988,1,70.5487804878049
KOR,"Korea, Republic of",1989,1,71.0487804878049
KOR,"Korea, Republic of",1990,3,71.5975609756098
KOR,"Korea, Republic of",1991,2,72.0463414634146
KOR,"Korea, Republic of",1992,2,72.4975609756098
KOR,"Korea, Republic of",1993,2,72.9975609756098
KOR,"Korea, Republic of",1994,1,73.3975609756098
KOR,"Korea, Republic of",1995,2,73.7
KOR,"Korea, Republic of",1996,2,74.1512195121951
KOR,"Korea, Republic of",1997,2,74.6024390243903
KOR,"Korea, Republic of",1998,5,75.0048780487805
KOR,"Korea, Republic of",1999,2,75.409756097561
KOR,"Korea, Republic of",2000,6,75.909756097561
KOR,"Korea, Republic of",2001,4,76.4121951219512
KOR,"Korea, Republic of",2002,4,76.7658536585366
KOR,"Korea, Republic of",2003,1,77.2146341463415
KOR,"Korea, Republic of",2004,7,77.6658536585366
KOR,"Korea, Republic of",2005,5,78.1682926829268
KOR,"Korea, Republic of",2006,1,78.6682926829268
KOR,"Korea, Republic of",2007,2,79.119512195122
KOR,"Korea, Republic of",2008,1,79.5170731707317
KOR,"Korea, Republic of",2010,1,80.1170731707317
KOR,"Korea, Republic of",2011,3,80.5682926829269
KOR,"Korea, Republic of",2012,3,80.819512195122
KOR,"Korea, Republic of",2014,3,81.7219512195122
KOR,"Korea, Republic of",2015,1,82.0243902439024
KOR,"Korea, Republic of",2016,3,82.2756097560976
KOR,"Korea, Republic of",2017,1,82.6268292682927
KOR,"Korea, Republic of",2018,1,82.6268292682927
KOR,"Korea, Republic of",2019,4,83.2268292682927
KOR,"Korea, Republic of",2020,5,83.4268292682927
KOR,"Korea, Republic of",2021,1,83.5268292682927
KOR,"Korea, Republic of",2022,4,82.6804878048781
KWT,Kuwait,1997,1,75.879
KWT,Kuwait,2018,1,79.722
LAO,"Lao People's Democratic Republic",1966,1,42.096
LAO,"Lao People's Democratic Republic",1968,1,42.984
LAO,"Lao People's Democratic Republic",1969,1,43.21
LAO,"Lao People's Democratic Republic",1971,1,43.983
LAO,"Lao People's Democratic Republic",1977,1,45.973
LAO,"Lao People's Democratic Republic",1978,1,46.207
LAO,"Lao People's Democratic Republic",1981,1,48.73
LAO,"Lao People's Democratic Republic",1984,1,50.535
LAO,"Lao People's Democratic Republic",1985,1,51.108
LAO,"Lao People's Democratic Republic",1987,2,52.152
LAO,"Lao People's Democratic Republic",1988,1,52.731
LAO,"Lao People's Democratic Republic",1991,2,54.46
LAO,"Lao People's Democratic Republic",1992,3,54.952
LAO,"Lao People's Democratic Republic",1993,1,55.435
LAO,"Lao People's Democratic Republic",1994,2,55.749
LAO,"Lao People's Democratic Republic",1995,4,56.385
LAO,"Lao People's Democratic Republic",1996,1,56.891
LAO,"Lao People's Democratic Republic",1999,1,57.873
LAO,"Lao People's Democratic Republic",2000,3,58.378
LAO,"Lao People's Democratic Republic",2001,1,59.07
LAO,"Lao People's Democratic Republic",2002,1,59.534
LAO,"Lao People's Democratic Republic",2008,1,62.603
LAO,"Lao People's Democratic Republic",2009,2,63.273
LAO,"Lao People's Democratic Republic",2011,2,64.736
LAO,"Lao People's Democratic Republic",2013,3,65.718
LAO,"Lao People's Democratic Republic",2014,1,66.361
LAO,"Lao People's Democratic Republic",2015,2,66.67
LAO,"Lao People's Democratic Republic",2016,1,67.167
LAO,"Lao People's Democratic Republic",2017,1,67.434
LAO,"Lao People's Democratic Republic",2018,3,67.634
LAO,"Lao People's Democratic Republic",2019,2,68.138
LAO,"Lao People's Democratic Republic",2020,2,68.497
LAO,"Lao People's Democratic Republic",2021,2,68.061
LAO,"Lao People's Democratic Republic",2022,1,68.999
LBN,Lebanon,1983,1,59.955
LBN,Lebanon,1987,1,61.428
LBN,Lebanon,1992,1,71.192
LBN,Lebanon,2002,1,75.064
LBN,Lebanon,2003,1,75.593
LBN,Lebanon,2007,1,77.08
LBN,Lebanon,2015,3,79.229
LBN,Lebanon,2018,1,79.729
LBN,Lebanon,2019,1,79.236
LBN,Lebanon,2020,1,77.804
LBN,Lebanon,2022,1,74.416
LBR,Liberia,1980,1,44.631
LBR,Liberia,1982,1,45.204
LBR,Liberia,1983,1,45.383
LBR,Liberia,1990,1,36.688
LBR,Liberia,1995,2,43.917
LBR,Liberia,1996,1,44.419
LBR,Liberia,1998,2,48.901
LBR,Liberia,1999,1,49.953
LBR,Liberia,2000,2,51.356
LBR,Liberia,2002,1,53.788
LBR,Liberia,2003,2,53.042
LBR,Liberia,2005,1,56.912
LBR,Liberia,2007,2,58.285
LBR,Liberia,2008,1,58.772
LBR,Liberia,2009,2,59.194
LBR,Liberia,2010,1,59.433
LBR,Liberia,2014,1,59.121
LBR,Liberia,2016,1,60.416
LBR,Liberia,2022,1,61.1
LBY,Libya,1963,1,45.305
LBY,Libya,1995,1,71.09
LBY,Libya,2013,1,72.34
LBY,Libya,2019,1,72.463
LCA,"Saint Lucia",1960,1,55.724
LCA,"Saint Lucia",1963,1,58.889
LCA,"Saint Lucia",1967,1,62.687
LCA,"Saint Lucia",1980,1,67.7
LCA,"Saint Lucia",1983,1,69.91
LCA,"Saint Lucia",1986,1,70.281
LCA,"Saint Lucia",1987,1,70.005
LCA,"Saint Lucia",1988,1,70.053
LCA,"Saint Lucia",1994,1,70.992
LCA,"Saint Lucia",1996,1,70.904
LCA,"Saint Lucia",1999,1,70.709
LCA,"Saint Lucia",2004,1,72.028
LCA,"Saint Lucia",2007,2,72.599
LCA,"Saint Lucia",2010,3,72.72
LCA,"Saint Lucia",2013,1,72.735
LCA,"Saint Lucia",2016,1,73.112
LCA,"Saint Lucia",2020,1,73.416
LCA,"Saint Lucia",2021,1,71.111
LCA,"Saint Lucia",2022,1,71.294
LKA,"Sri Lanka",1964,1,62.174
LKA,"Sri Lanka",1966,1,63.055
LKA,"Sri Lanka",1967,2,63.51
LKA,"Sri Lanka",1969,1,63.993
LKA,"Sri Lanka",1974,1,65.999
LKA,"Sri Lanka",1977,3,66.551
LKA,"Sri Lanka",1978,3,67.566
LKA,"Sri Lanka",1980,1,68.661
LKA,"Sri Lanka",1981,2,69.212
LKA,"Sri Lanka",1982,3,69.674
LKA,"Sri Lanka",1983,1,70.068
LKA,"Sri Lanka",1984,4,70.649
LKA,"Sri Lanka",1985,1,70.969
LKA,"Sri Lanka",1986,1,71.421
LKA,"Sri Lanka",1987,2,71.457
LKA,"Sri Lanka",1988,1,71.549
LKA,"Sri Lanka",1989,1,69.761
LKA,"Sri Lanka",1990,2,71.927
LKA,"Sri Lanka",1991,1,71.751
LKA,"Sri Lanka",1992,2,72.53
LKA,"Sri Lanka",1993,3,73.052
LKA,"Sri Lanka",1994,3,72.882
LKA,"Sri Lanka",1995,1,72.26
LKA,"Sri Lanka",1996,1,72.261
LKA,"Sri Lanka",1997,2,72.136
LKA,"Sri Lanka",1998,2,72.081
LKA,"Sri Lanka",1999,2,72.618
LKA,"Sri Lanka",2000,4,70.355
LKA,"Sri Lanka",2001,2,70.787
LKA,"Sri Lanka",2002,1,71.117
LKA,"Sri Lanka",2003,1,71.373
LKA,"Sri Lanka",2004,3,67.091
LKA,"Sri Lanka",2005,1,72.118
LKA,"Sri Lanka",2006,1,71.969
LKA,"Sri Lanka",2007,3,72.049
LKA,"Sri Lanka",2008,4,71.729
LKA,"Sri Lanka",2009,4,69.187
LKA,"Sri Lanka",2010,2,73.215
LKA,"Sri Lanka",2011,5,73.38
LKA,"Sri Lanka",2012,3,73.906
LKA,"Sri Lanka",2013,3,74.239
LKA,"Sri Lanka",2014,7,74.651
LKA,"Sri Lanka",2015,2,74.927
LKA,"Sri Lanka",2016,2,75.331
LKA,"Sri Lanka",2017,4,75.403
LKA,"Sri Lanka",2018,3,75.748
LKA,"Sri Lanka",2019,7,76.008
LKA,"Sri Lanka",2020,3,76.393
LKA,"Sri Lanka",2021,5,76.399
LKA,"Sri Lanka",2022,5,76.61
LSO,Lesotho,1968,1,50.431
LSO,Lesotho,1974,1,52.372
LSO,Lesotho,1983,1,58.094
LSO,Lesotho,1985,1,59.104
LSO,Lesotho,1987,1,59.495
LSO,Lesotho,1989,1,59.531
LSO,Lesotho,1990,1,59.398
LSO,Lesotho,1992,1,58.555
LSO,Lesotho,1996,1,55.232
LSO,Lesotho,1999,1,50.081
LSO,Lesotho,2000,1,48.427
LSO,Lesotho,2001,2,46.849
LSO,Lesotho,2002,1,45.595
LSO,Lesotho,2007,1,43.123
LSO,Lesotho,2008,1,43.566
LSO,Lesotho,2011,3,46.692
LSO,Lesotho,2014,1,50.033
LSO,Lesotho,2016,1,52.264
LSO,Lesotho,2019,1,54.173
LSO,Lesotho,2020,1,54.693
LSO,Lesotho,2021,1,53.062
LTU,Lithuania,1992,1,70.2343902439025
LTU,Lithuania,1993,1,68.9104878048781
LTU,Lithuania,1999,2,71.5707317073171
LTU,Lithuania,2001,1,71.6585365853659
LTU,Lithuania,2005,2,71.2536585365854
LTU,Lithuania,2006,1,71.0560975609756
LTU,Lithuania,2010,2,73.2682926829268
LTU,Lithuania,2012,2,73.8634146341464
LTU,Lithuania,2018,2,75.6804878048781
LTU,Lithuania,2022,1,75.7926829268293
LUX,Luxembourg,1983,1,72.7811219512195
LUX,Luxembourg,1990,6,75.4383170731707
LUX,Luxembourg,1993,1,75.7121951219512
LUX,Luxembourg,1995,1,76.5121951219512
LUX,Luxembourg,2003,1,77.7268292682927
LUX,Luxembourg,2010,1,80.6317073170732
LUX,Luxembourg,2019,1,82.6390243902439
LUX,Luxembourg,2021,1,82.5975609756098
LUX,Luxembourg,2022,1,83.0463414634146
LVA,Latvia,1999,1,69.7429268292683
LVA,Latvia,2000,1,70.3146341463415
LVA,Latvia,2001,1,70.7609756097561
LVA,Latvia,2003,1,71.2658536585366
LVA,Latvia,2005,2,71.3560975609756
LVA,Latvia,2006,1,70.8658536585366
LVA,Latvia,2012,1,73.7780487804878
LVA,Latvia,2018,1,74.7829268292683
LVA,Latvia,2022,1,74.580487804878
MAC,Macao,1993,4,78.63
MAC,Macao,2017,2,84.563
MAF,"Saint Martin (French part)",2017,1,78.59
MAR,Morocco,1960,1,42.017
MAR,Morocco,1963,2,44.82
MAR,Morocco,1964,1,45.392
MAR,Morocco,1965,2,45.973
MAR,Morocco,1966,2,46.562
MAR,Morocco,1969,1,48.315
MAR,Morocco,1970,1,48.807
MAR,Morocco,1971,1,49.243
MAR,Morocco,1975,1,51.244
MAR,Morocco,1977,1,52.704
MAR,Morocco,1979,1,54.351
MAR,Morocco,1982,1,56.897
MAR,Morocco,1987,1,60.711
MAR,Morocco,1988,3,61.32
MAR,Morocco,1995,3,64.736
MAR,Morocco,1996,2,65.238
MAR,Morocco,1997,1,65.629
MAR,Morocco,1999,1,66.406
MAR,Morocco,2000,3,66.787
MAR,Morocco,2001,1,67.18
MAR,Morocco,2002,1,67.547
MAR,Morocco,2003,1,67.915
MAR,Morocco,2004,2,68.231
MAR,Morocco,2005,1,68.704
MAR,Morocco,2006,3,69.128
MAR,Morocco,2008,1,70.048
MAR,Morocco,2009,2,70.458
MAR,Morocco,2010,2,70.829
MAR,Morocco,2012,1,71.679
MAR,Morocco,2014,3,72.538
MAR,Morocco,2016,1,73.284
MAR,Morocco,2017,2,73.66
MAR,Morocco,2018,1,73.986
MAR,Morocco,2019,3,74.27
MAR,Morocco,2021,2,74.042
MDA,"Moldova, Republic of",1994,2,65.07
MDA,"Moldova, Republic of",1997,1,65.172
MDA,"Moldova, Republic of",1999,2,65.561
MDA,"Moldova, Republic of",2000,2,66.417
MDA,"Moldova, Republic of",2002,1,66.938
MDA,"Moldova, Republic of",2005,1,68.169
MDA,"Moldova, Republic of",2006,1,68.479
MDA,"Moldova, Republic of",2007,1,68.947
MDA,"Moldova, Republic of",2008,1,69.394
MDA,"Moldova, Republic of",2010,1,69.357
MDA,"Moldova, Republic of",2012,2,69.143
MDA,"Moldova, Republic of",2019,1,70.935
MDG,Madagascar,1968,1,46.521
MDG,Madagascar,1969,1,47.016
MDG,Madagascar,1970,1,47.507
MDG,Madagascar,1972,1,48.337
MDG,Madagascar,1975,1,49.527
MDG,Madagascar,1976,1,49.666
MDG,Madagascar,1977,1,49.757
MDG,Madagascar,1978,1,49.813
MDG,Madagascar,1981,2,49.727
MDG,Madagascar,1982,1,49.633
MDG,Madagascar,1983,1,49.566
MDG,Madagascar,1984,1,49.545
MDG,Madagascar,1986,2,49.806
MDG,Madagascar,1988,1,50.594
MDG,Madagascar,1989,1,51.107
MDG,Madagascar,1991,1,52.357
MDG,Madagascar,1994,3,54.436
MDG,Madagascar,1996,1,55.522
MDG,Madagascar,1997,3,56.223
MDG,Madagascar,1998,1,56.917
MDG,Madagascar,1999,2,57.372
MDG,Madagascar,2000,3,57.938
MDG,Madagascar,2002,4,58.892
MDG,Madagascar,2003,4,59.491
MDG,Madagascar,2004,2,60.149
MDG,Madagascar,2005,4,60.57
MDG,Madagascar,2006,2,61.315
MDG,Madagascar,2007,3,61.757
MDG,Madagascar,2008,5,62.142
MDG,Madagascar,2009,4,62.734
MDG,Madagascar,2010,2,62.873
MDG,Madagascar,2011,1,63.494
MDG,Madagascar,2012,3,63.544
MDG,Madagascar,2013,3,63.962
MDG,Madagascar,2014,2,64.255
MDG,Madagascar,2015,3,64.339
MDG,Madagascar,2016,1,64.997
MDG,Madagascar,2017,3,65.094
MDG,Madagascar,2018,3,65.27
MDG,Madagascar,2019,3,65.882
MDG,Madagascar,2020,3,65.182
MDG,Madagascar,2021,2,64.485
MDG,Madagascar,2022,7,65.23
MDV,Maldives,1978,1,51.105
MDV,Maldives,1987,1,61.31
MDV,Maldives,1991,1,64.304
MDV,Maldives,2004,1,73.538
MDV,Maldives,2007,1,75.686
MDV,Maldives,2011,1,78.124
MDV,Maldives,2019,1,80.116
MDV,Maldives,2021,1,79.918
MEX,Mexico,1961,1,55.831
MEX,Mexico,1962,1,56.599
MEX,Mexico,1964,1,57.947
MEX,Mexico,1965,1,58.499
MEX,Mexico,1966,1,58.981
MEX,Mexico,1967,3,59.42
MEX,Mexico,1968,3,59.835
MEX,Mexico,1969,2,60.25
MEX,Mexico,1970,1,60.69
MEX,Mexico,1971,1,61.155
MEX,Mexico,1972,1,61.614
MEX,Mexico,1973,4,62.055
MEX,Mexico,1974,1,62.459
MEX,Mexico,1975,1,62.81
MEX,Mexico,1976,2,63.123
MEX,Mexico,1977,1,63.434
MEX,Mexico,1978,3,63.778
MEX,Mexico,1979,2,64.189
MEX,Mexico,1980,4,64.703
MEX,Mexico,1981,2,65.313
MEX,Mexico,1982,6,65.975
MEX,Mexico,1983,3,66.644
MEX,Mexico,1984,2,67.29
MEX,Mexico,1985,1,67.874
MEX,Mexico,1986,1,68.388
MEX,Mexico,1987,3,68.844
MEX,Mexico,1988,5,69.253
MEX,Mexico,1989,3,69.623
MEX,Mexico,1990,3,69.971
MEX,Mexico,1991,4,70.298
MEX,Mexico,1992,3,70.616
MEX,Mexico,1993,8,70.942
MEX,Mexico,1994,2,71.279
MEX,Mexico,1995,11,71.646
MEX,Mexico,1996,6,72.037
MEX,Mexico,1997,9,72.445
MEX,Mexico,1998,10,72.845
MEX,Mexico,1999,11,73.225
MEX,Mexico,2000,7,73.569
MEX,Mexico,2001,5,73.867
MEX,Mexico,2002,8,74.106
MEX,Mexico,2003,9,74.274
MEX,Mexico,2004,3,74.372
MEX,Mexico,2005,7,74.376
MEX,Mexico,2006,7,74.331
MEX,Mexico,2007,7,74.238
MEX,Mexico,2008,3,74.152
MEX,Mexico,2009,8,74.119
MEX,Mexico,2010,9,74.19
MEX,Mexico,2011,12,74.365
MEX,Mexico,2012,3,74.574
MEX,Mexico,2013,5,74.739
MEX,Mexico,2014,8,74.797
MEX,Mexico,2015,4,74.682
MEX,Mexico,2016,7,74.412
MEX,Mexico,2017,7,74.138
MEX,Mexico,2018,4,74.015
MEX,Mexico,2019,6,74.202
MEX,Mexico,2020,8,70.133
MEX,Mexico,2021,10,70.213
MEX,Mexico,2022,7,74.832
MHL,"Marshall Islands",1991,1,62.282
MHL,"Marshall Islands",2000,1,63.275
MHL,"Marshall Islands",2008,1,63.236
MHL,"Marshall Islands",2013,1,63.464
MHL,"Marshall Islands",2014,1,63.623
MHL,"Marshall Islands",2015,1,63.827
MHL,"Marshall Islands",2019,1,64.746
MHL,"Marshall Islands",2022,1,65.146
MKD,"North Macedonia",1993,1,71.9252926829268
MKD,"North Macedonia",1995,1,71.8487804878049
MKD,"North Macedonia",2000,1,72.9463414634147
MKD,"North Macedonia",2001,1,73.4365853658537
MKD,"North Macedonia",2002,2,73.0390243902439
MKD,"North Macedonia",2003,2,73.2414634146342
MKD,"North Macedonia",2004,2,73.5975609756098
MKD,"North Macedonia",2005,2,73.6975609756098
MKD,"North Macedonia",2006,1,73.8951219512195
MKD,"North Macedonia",2007,2,73.8
MKD,"North Macedonia",2012,1,74.9024390243903
MKD,"North Macedonia",2013,1,75.4
MKD,"North Macedonia",2014,1,75.4512195121951
MKD,"North Macedonia",2015,2,75.4024390243902
MKD,"North Macedonia",2016,2,75.4
MKD,"North Macedonia",2017,1,75.9536585365854
MKD,"North Macedonia",2021,1,73.2463414634146
MLI,Mali,1966,1,30.871
MLI,Mali,1969,2,32.045
MLI,Mali,1978,1,39.062
MLI,Mali,1979,1,39.953
MLI,Mali,1980,1,40.751
MLI,Mali,1981,1,41.215
MLI,Mali,1984,1,42.699
MLI,Mali,1985,1,43.207
MLI,Mali,1986,1,43.977
MLI,Mali,1987,3,44.693
MLI,Mali,1988,3,45.393
MLI,Mali,1989,1,45.877
MLI,Mali,1991,1,47.216
MLI,Mali,1996,2,47.792
MLI,Mali,1997,1,48.531
MLI,Mali,1998,2,49.164
MLI,Mali,1999,1,49.797
MLI,Mali,2000,1,50.539
MLI,Mali,2001,2,51.284
MLI,Mali,2002,2,52.222
MLI,Mali,2003,2,52.893
MLI,Mali,2004,1,53.538
MLI,Mali,2005,5,54.003
MLI,Mali,2006,3,54.615
MLI,Mali,2007,2,54.941
MLI,Mali,2008,1,55.291
MLI,Mali,2009,2,55.874
MLI,Mali,2010,3,56.382
MLI,Mali,2011,3,56.755
MLI,Mali,2013,2,57.357
MLI,Mali,2014,1,57.9
MLI,Mali,2015,1,58.363
MLI,Mali,2016,1,58.731
MLI,Mali,2018,1,59.393
MLI,Mali,2019,2,59.664
MLI,Mali,2020,1,58.633
MLI,Mali,2022,2,59.417
MLT,Malta,2022,1,82.7
MMR,Myanmar,1963,2,45.636
MMR,Myanmar,1965,2,47.46
MMR,Myanmar,1967,2,49.297
MMR,Myanmar,1968,1,50.101
MMR,Myanmar,1970,1,50.713
MMR,Myanmar,1974,1,52.246
MMR,Myanmar,1975,1,52.516
MMR,Myanmar,1976,1,52.982
MMR,Myanmar,1977,1,53.305
MMR,Myanmar,1978,1,53.474
MMR,Myanmar,1979,2,53.944
MMR,Myanmar,1981,1,54.646
MMR,Myanmar,1982,1,54.955
MMR,Myanmar,1983,1,55.202
MMR,Myanmar,1991,2,57.014
MMR,Myanmar,1992,1,57.251
MMR,Myanmar,1994,1,57.956
MMR,Myanmar,1995,2,58.259
MMR,Myanmar,1997,1,59.243
MMR,Myanmar,1999,1,59.881
MMR,Myanmar,2001,1,60.416
MMR,Myanmar,2002,1,60.725
MMR,Myanmar,2004,2,61.25
MMR,Myanmar,2005,1,61.599
MMR,Myanmar,2006,2,61.893
MMR,Myanmar,2007,5,62.371
MMR,Myanmar,2008,1,56.506
MMR,Myanmar,2009,1,63.155
MMR,Myanmar,2010,3,63.329
MMR,Myanmar,2011,2,63.901
MMR,Myanmar,2012,2,64.141
MMR,Myanmar,2013,2,64.815
MMR,Myanmar,2014,2,65.056
MMR,Myanmar,2015,6,65.561
MMR,Myanmar,2016,7,65.685
MMR,Myanmar,2017,2,65.843
MMR,Myanmar,2018,5,66.465
MMR,Myanmar,2019,3,66.61
MMR,Myanmar,2020,2,66.797
MMR,Myanmar,2021,1,65.672
MNE,Montenegro,2007,1,74.3390243902439
MNE,Montenegro,2009,1,75.1439024390244
MNE,Montenegro,2010,2,75.990243902439
MNE,Montenegro,2012,1,76.2
MNE,Montenegro,2017,1,76.4853658536585
MNE,Montenegro,2022,1,76.1878048780488
MNG,Mongolia,1966,1,50.186
MNG,Mongolia,1982,1,55.777
MNG,Mongolia,1986,1,56.911
MNG,Mongolia,1990,2,58.765
MNG,Mongolia,1991,1,59.237
MNG,Mongolia,1993,1,60.038
MNG,Mongolia,1994,1,60.405
MNG,Mongolia,1996,3,60.305
MNG,Mongolia,2000,3,62.882
MNG,Mongolia,2001,1,63.279
MNG,Mongolia,2002,1,63.518
MNG,Mongolia,2003,1,64.208
MNG,Mongolia,2008,2,66.382
MNG,Mongolia,2009,2,66.766
MNG,Mongolia,2015,1,69.498
MNG,Mongolia,2016,1,69.865
MNG,Mongolia,2017,1,70.237
MNG,Mongolia,2018,3,71.199
MNG,Mongolia,2019,3,71.822
MNG,Mongolia,2020,4,72.141
MNG,Mongolia,2021,2,70.975
MNG,Mongolia,2022,2,72.667
MOZ,Mozambique,1967,1,41.663
MOZ,Mozambique,1971,1,41.739
MOZ,Mozambique,1975,2,42.582
MOZ,Mozambique,1977,2,42.7
MOZ,Mozambique,1978,2,42.795
MOZ,Mozambique,1979,1,42.744
MOZ,Mozambique,1980,1,42.801
MOZ,Mozambique,1981,2,40.536
MOZ,Mozambique,1983,1,40.83
MOZ,Mozambique,1984,1,38.38
MOZ,Mozambique,1985,2,38.657
MOZ,Mozambique,1987,1,40.843
MOZ,Mozambique,1988,2,43.844
MOZ,Mozambique,1989,1,44.143
MOZ,Mozambique,1990,2,44.469
MOZ,Mozambique,1991,1,44.66
MOZ,Mozambique,1992,1,44.949
MOZ,Mozambique,1994,1,45.606
MOZ,Mozambique,1996,1,46.636
MOZ,Mozambique,1997,5,47.408
MOZ,Mozambique,1998,4,48.024
MOZ,Mozambique,1999,1,48.812
MOZ,Mozambique,2000,7,49.491
MOZ,Mozambique,2001,4,50.065
MOZ,Mozambique,2002,4,50.59
MOZ,Mozambique,2003,9,50.87
MOZ,Mozambique,2005,3,51.561
MOZ,Mozambique,2006,2,51.961
MOZ,Mozambique,2007,7,52.566
MOZ,Mozambique,2008,5,53.164
MOZ,Mozambique,2009,4,53.788
MOZ,Mozambique,2010,3,54.198
MOZ,Mozambique,2011,4,54.869
MOZ,Mozambique,2012,3,55.639
MOZ,Mozambique,2013,2,56.492
MOZ,Mozambique,2014,3,57.274
MOZ,Mozambique,2015,1,58.151
MOZ,Mozambique,2016,4,59.038
MOZ,Mozambique,2017,2,59.771
MOZ,Mozambique,2018,2,60.526
MOZ,Mozambique,2019,6,61.166
MOZ,Mozambique,2020,3,61.172
MOZ,Mozambique,2021,3,59.325
MOZ,Mozambique,2022,4,59.625
MRT,Mauritania,1965,1,48.059
MRT,Mauritania,1969,1,50.633
MRT,Mauritania,1976,1,52.917
MRT,Mauritania,1978,1,53.855
MRT,Mauritania,1980,1,55.061
MRT,Mauritania,1982,1,56.275
MRT,Mauritania,1984,1,57.16
MRT,Mauritania,1985,2,57.575
MRT,Mauritania,1987,2,58.581
MRT,Mauritania,1988,2,59.141
MRT,Mauritania,1991,1,59.936
MRT,Mauritania,1993,1,60.379
MRT,Mauritania,1995,1,60.259
MRT,Mauritania,1996,1,60.063
MRT,Mauritania,1997,1,60.452
MRT,Mauritania,1998,1,60.609
MRT,Mauritania,1999,3,60.819
MRT,Mauritania,2001,2,61.185
MRT,Mauritania,2002,1,61.268
MRT,Mauritania,2003,1,61.347
MRT,Mauritania,2004,1,61.593
MRT,Mauritania,2005,2,61.656
MRT,Mauritania,2006,2,61.891
MRT,Mauritania,2007,2,62.228
MRT,Mauritania,2009,1,62.8
MRT,Mauritania,2010,2,63.105
MRT,Mauritania,2011,1,63.346
MRT,Mauritania,2013,1,63.911
MRT,Mauritania,2017,2,65.083
MRT,Mauritania,2018,1,65.31
MRT,Mauritania,2019,1,65.687
MRT,Mauritania,2020,3,64.532
MRT,Mauritania,2022,1,64.691
MUS,Mauritius,1960,1,55.4665365853659
MUS,Mauritius,1967,1,58.3205365853659
MUS,Mauritius,1972,1,60.7334634146342
MUS,Mauritius,1975,1,62.3558048780488
MUS,Mauritius,1979,2,65.3064390243902
MUS,Mauritius,1980,1,65.8164878048781
MUS,Mauritius,1982,2,67.034756097561
MUS,Mauritius,1983,1,67.2856341463415
MUS,Mauritius,1989,1,68.95
MUS,Mauritius,1991,1,69.9560975609756
MUS,Mauritius,1994,1,70.1585365853659
MUS,Mauritius,1996,1,70.3229268292683
MUS,Mauritius,1999,2,70.9609756097561
MUS,Mauritius,2002,1,71.9658536585366
MUS,Mauritius,2006,1,72.4321951219512
MUS,Mauritius,2007,1,72.5707317073171
MUS,Mauritius,2013,1,74.0170731707317
MUS,Mauritius,2018,1,74.4163414634146
MUS,Mauritius,2022,1,73.5146341463415
MWI,Malawi,1967,1,35.897
MWI,Malawi,1969,1,36.321
MWI,Malawi,1979,1,44.268
MWI,Malawi,1982,1,45.991
MWI,Malawi,1987,1,43.811
MWI,Malawi,1989,3,43.34
MWI,Malawi,1990,1,43.323
MWI,Malawi,1991,1,43.312
MWI,Malawi,1992,2,43.413
MWI,Malawi,1995,2,43.641
MWI,Malawi,1997,3,43.131
MWI,Malawi,1998,1,42.848
MWI,Malawi,1999,1,43.568
MWI,Malawi,2000,2,44.518
MWI,Malawi,2001,5,45.895
MWI,Malawi,2002,5,47.221
MWI,Malawi,2003,2,48.79
MWI,Malawi,2005,3,52.044
MWI,Malawi,2006,3,53.238
MWI,Malawi,2007,5,53.946
MWI,Malawi,2008,2,54.604
MWI,Malawi,2009,3,55.448
MWI,Malawi,2010,1,56.381
MWI,Malawi,2011,3,57.455
MWI,Malawi,2012,4,58.679
MWI,Malawi,2013,1,59.729
MWI,Malawi,2015,4,61.378
MWI,Malawi,2016,1,62.209
MWI,Malawi,2017,2,62.977
MWI,Malawi,2018,3,63.276
MWI,Malawi,2019,3,64.119
MWI,Malawi,2020,1,63.717
MWI,Malawi,2021,1,62.904
MWI,Malawi,2022,6,62.898
MYS,Malaysia,1965,1,60.95
MYS,Malaysia,1967,1,61.797
MYS,Malaysia,1968,2,62.194
MYS,Malaysia,1970,1,63.111
MYS,Malaysia,1977,1,66.811
MYS,Malaysia,1978,1,67.285
MYS,Malaysia,1983,1,69.567
MYS,Malaysia,1986,1,70.458
MYS,Malaysia,1987,1,70.666
MYS,Malaysia,1988,1,70.896
MYS,Malaysia,1991,1,71.442
MYS,Malaysia,1993,2,71.826
MYS,Malaysia,1995,2,72.384
MYS,Malaysia,1996,5,72.327
MYS,Malaysia,1997,5,72.284
MYS,Malaysia,1998,4,72.168
MYS,Malaysia,1999,1,72.283
MYS,Malaysia,2000,4,72.775
MYS,Malaysia,2001,4,73.344
MYS,Malaysia,2002,2,73.563
MYS,Malaysia,2003,3,73.796
MYS,Malaysia,2004,6,73.898
MYS,Malaysia,2005,3,74.096
MYS,Malaysia,2006,4,74.164
MYS,Malaysia,2007,3,74.211
MYS,Malaysia,2008,2,74.25
MYS,Malaysia,2009,2,74.227
MYS,Malaysia,2011,2,74.746
MYS,Malaysia,2013,1,75.035
MYS,Malaysia,2014,2,75.146
MYS,Malaysia,2015,2,75.094
MYS,Malaysia,2016,4,75.289
MYS,Malaysia,2017,4,75.476
MYS,Malaysia,2018,2,75.644
MYS,Malaysia,2019,4,75.76
MYS,Malaysia,2020,5,75.938
MYS,Malaysia,2021,8,74.884
MYS,Malaysia,2022,6,76.26
NAM,Namibia,1982,1,57.644
NAM,Namibia,1988,1,60.248
NAM,Namibia,1991,1,62.098
NAM,Namibia,1995,1,58.634
NAM,Namibia,1998,1,54.101
NAM,Namibia,2000,2,51.99
NAM,Namibia,2001,2,51.26
NAM,Namibia,2002,1,51.254
NAM,Namibia,2003,1,51.083
NAM,Namibia,2004,2,51.246
NAM,Namibia,2006,3,52.655
NAM,Namibia,2007,2,53.68
NAM,Namibia,2008,2,54.653
NAM,Namibia,2009,1,55.496
NAM,Namibia,2010,1,56.015
NAM,Namibia,2011,1,56.553
NAM,Namibia,2012,1,57.64
NAM,Namibia,2013,3,58.694
NAM,Namibia,2015,1,60.7
NAM,Namibia,2017,1,62.293
NAM,Namibia,2018,1,62.586
NAM,Namibia,2020,1,62.829
NAM,Namibia,2021,1,59.269
NCL,"New Caledonia",1968,1,62.1317073170732
NCL,"New Caledonia",1969,1,62.5804878048781
NCL,"New Caledonia",1972,1,63.9268292682927
NCL,"New Caledonia",1975,1,65.2731707317073
NCL,"New Caledonia",1976,1,65.7219512195122
NCL,"New Caledonia",1981,3,66.7024390243903
NCL,"New Caledonia",1999,1,73.8756097560976
NCL,"New Caledonia",2003,2,75.2707317073171
NCL,"New Caledonia",2021,1,79.1273414634146
NER,Niger,1966,1,36.807
NER,Niger,1969,1,36.354
NER,Niger,1970,1,36.062
NER,Niger,1974,1,36.003
NER,Niger,1980,1,39.678
NER,Niger,1984,1,40.059
NER,Niger,1986,1,40.129
NER,Niger,1987,1,40.433
NER,Niger,1988,3,40.79
NER,Niger,1989,2,41.221
NER,Niger,1990,1,41.852
NER,Niger,1991,2,42.218
NER,Niger,1994,1,44.714
NER,Niger,1995,1,45.774
NER,Niger,1996,2,46.676
NER,Niger,1997,3,47.505
NER,Niger,1998,1,48.191
NER,Niger,1999,4,48.738
NER,Niger,2000,4,49.322
NER,Niger,2001,5,49.841
NER,Niger,2002,3,50.562
NER,Niger,2003,2,51.434
NER,Niger,2004,3,52.589
NER,Niger,2005,2,53.59
NER,Niger,2006,3,54.596
NER,Niger,2007,1,55.553
NER,Niger,2008,3,56.508
NER,Niger,2009,3,57.396
NER,Niger,2010,4,58.367
NER,Niger,2011,4,58.994
NER,Niger,2012,3,59.65
NER,Niger,2013,2,60.239
NER,Niger,2014,4,60.786
NER,Niger,2015,3,61.083
NER,Niger,2016,3,61.629
NER,Niger,2017,5,62.16
NER,Niger,2018,2,62.454
NER,Niger,2019,2,62.897
NER,Niger,2020,3,61.451
NER,Niger,2021,2,61.576
NER,Niger,2022,2,62.08
NGA,Nigeria,1969,1,38.718
NGA,Nigeria,1978,1,46.019
NGA,Nigeria,1983,1,46.638
NGA,Nigeria,1985,1,46.317
NGA,Nigeria,1986,3,45.975
NGA,Nigeria,1987,5,46.018
NGA,Nigeria,1988,2,46.072
NGA,Nigeria,1989,1,46.182
NGA,Nigeria,1990,1,46.037
NGA,Nigeria,1991,2,45.691
NGA,Nigeria,1992,2,45.668
NGA,Nigeria,1994,1,45.513
NGA,Nigeria,1996,2,45.567
NGA,Nigeria,1998,3,46.036
NGA,Nigeria,1999,9,46.614
NGA,Nigeria,2000,12,47.193
NGA,Nigeria,2001,8,47.619
NGA,Nigeria,2002,9,47.928
NGA,Nigeria,2003,1,48.441
NGA,Nigeria,2004,9,48.767
NGA,Nigeria,2005,6,49.297
NGA,Nigeria,2006,3,49.73
NGA,Nigeria,2007,4,50.033
NGA,Nigeria,2008,3,50.225
NGA,Nigeria,2009,4,50.712
NGA,Nigeria,2010,3,50.945
NGA,Nigeria,2011,6,51.357
NGA,Nigeria,2012,3,51.497
NGA,Nigeria,2013,1,51.707
NGA,Nigeria,2014,3,51.791
NGA,Nigeria,2015,2,51.841
NGA,Nigeria,2016,4,52.043
NGA,Nigeria,2017,4,52.305
NGA,Nigeria,2018,3,52.554
NGA,Nigeria,2019,5,52.91
NGA,Nigeria,2020,5,52.887
NGA,Nigeria,2021,3,52.676
NGA,Nigeria,2022,4,53.633
NIC,Nicaragua,1960,1,46.125
NIC,Nicaragua,1967,1,52.394
NIC,Nicaragua,1968,2,53.465
NIC,Nicaragua,1969,1,54.324
NIC,Nicaragua,1971,2,55.322
NIC,Nicaragua,1972,1,48.626
NIC,Nicaragua,1976,1,56.299
NIC,Nicaragua,1979,1,50.813
NIC,Nicaragua,1980,1,57.914
NIC,Nicaragua,1982,1,58.605
NIC,Nicaragua,1988,1,60.3
NIC,Nicaragua,1990,2,63.096
NIC,Nicaragua,1991,2,63.931
NIC,Nicaragua,1992,2,64.266
NIC,Nicaragua,1993,1,64.685
NIC,Nicaragua,1994,1,65.181
NIC,Nicaragua,1995,4,65.608
NIC,Nicaragua,1996,2,66.052
NIC,Nicaragua,1997,1,66.515
NIC,Nicaragua,1998,6,65.209
NIC,Nicaragua,1999,4,67.12
NIC,Nicaragua,2000,5,67.234
NIC,Nicaragua,2001,2,67.215
NIC,Nicaragua,2002,3,67.18
NIC,Nicaragua,2004,2,67.423
NIC,Nicaragua,2005,2,67.936
NIC,Nicaragua,2007,2,69.559
NIC,Nicaragua,2008,3,70.586
NIC,Nicaragua,2009,4,71.433
NIC,Nicaragua,2010,5,72.009
NIC,Nicaragua,2011,1,72.416
NIC,Nicaragua,2012,1,72.615
NIC,Nicaragua,2013,2,72.704
NIC,Nicaragua,2014,3,72.812
NIC,Nicaragua,2015,1,72.983
NIC,Nicaragua,2016,1,73.256
NIC,Nicaragua,2017,2,73.554
NIC,Nicaragua,2018,2,73.85
NIC,Nicaragua,2019,1,74.054
NIC,Nicaragua,2020,2,71.795
NIC,Nicaragua,2022,2,74.615
NLD,Netherlands,1972,1,73.7270731707317
NLD,Netherlands,1976,1,74.6470731707317
NLD,Netherlands,1984,1,76.2331707317073
NLD,Netherlands,1985,1,76.2846341463415
NLD,Netherlands,1986,1,76.2704878048781
NLD,Netherlands,1990,6,76.8780487804878
NLD,Netherlands,1992,2,77.2170731707317
NLD,Netherlands,1993,1,76.9165853658537
NLD,Netherlands,1994,1,77.3751219512195
NLD,Netherlands,1995,1,77.4046341463415
NLD,Netherlands,1997,1,77.7943902439024
NLD,Netherlands,1998,2,77.8829268292683
NLD,Netherlands,1999,1,77.8365853658537
NLD,Netherlands,2002,1,78.2926829268293
NLD,Netherlands,2003,1,78.4926829268293
NLD,Netherlands,2005,3,79.3463414634146
NLD,Netherlands,2006,1,79.6975609756098
NLD,Netherlands,2007,1,80.0975609756098
NLD,Netherlands,2008,1,80.2512195121951
NLD,Netherlands,2010,1,80.7024390243902
NLD,Netherlands,2012,1,81.1048780487805
NLD,Netherlands,2013,3,81.3048780487805
NLD,Netherlands,2016,1,81.5609756097561
NLD,Netherlands,2018,2,81.8121951219512
NLD,Netherlands,2019,1,82.1121951219512
NLD,Netherlands,2020,1,81.3585365853659
NLD,Netherlands,2021,2,81.309756097561
NLD,Netherlands,2022,2,81.7146341463415
NOR,Norway,1990,2,76.5373170731707
NOR,Norway,1992,1,77.1843902439025
NOR,Norway,1993,1,77.1517073170732
NOR,Norway,1995,1,77.7365853658537
NOR,Norway,2000,1,78.6341463414634
NOR,Norway,2001,1,78.7853658536585
NOR,Norway,2005,1,80.0414634146342
NOR,Norway,2008,1,80.5926829268293
NOR,Norway,2011,1,81.2951219512195
NOR,Norway,2019,1,82.9585365853659
NOR,Norway,2020,1,83.209756097561
NOR,Norway,2022,2,82.5609756097561
NPL,Nepal,1963,2,39.453
NPL,Nepal,1964,1,39.994
NPL,Nepal,1966,1,40.866
NPL,Nepal,1967,2,41.404
NPL,Nepal,1968,1,41.802
NPL,Nepal,1970,2,42.827
NPL,Nepal,1972,2,43.689
NPL,Nepal,1975,1,45.04
NPL,Nepal,1976,1,45.544
NPL,Nepal,1978,1,46.682
NPL,Nepal,1979,1,47.266
NPL,Nepal,1980,1,47.889
NPL,Nepal,1981,2,48.387
NPL,Nepal,1982,2,48.936
NPL,Nepal,1983,2,49.431
NPL,Nepal,1984,1,50.225
NPL,Nepal,1985,1,50.882
NPL,Nepal,1986,2,51.535
NPL,Nepal,1987,1,52.475
NPL,Nepal,1988,4,53.071
NPL,Nepal,1989,1,54.127
NPL,Nepal,1990,2,54.833
NPL,Nepal,1991,3,55.712
NPL,Nepal,1992,2,56.71
NPL,Nepal,1993,3,57.619
NPL,Nepal,1995,4,59.318
NPL,Nepal,1996,4,59.981
NPL,Nepal,1997,2,60.771
NPL,Nepal,1998,4,61.549
NPL,Nepal,1999,3,62.113
NPL,Nepal,2000,3,62.614
NPL,Nepal,2001,3,63.336
NPL,Nepal,2002,3,63.264
NPL,Nepal,2003,2,64.197
NPL,Nepal,2004,1,64.818
NPL,Nepal,2005,3,65.457
NPL,Nepal,2006,4,65.868
NPL,Nepal,2007,1,66.329
NPL,Nepal,2008,2,66.421
NPL,Nepal,2009,6,66.761
NPL,Nepal,2010,4,66.814
NPL,Nepal,2011,7,67.313
NPL,Nepal,2012,2,67.47
NPL,Nepal,2013,3,67.965
NPL,Nepal,2014,6,68.085
NPL,Nepal,2015,4,67.456
NPL,Nepal,2016,3,68.776
NPL,Nepal,2017,3,68.91
NPL,Nepal,2018,2,68.979
NPL,Nepal,2019,2,69.558
NPL,Nepal,2020,1,69.246
NPL,Nepal,2021,4,68.45
NPL,Nepal,2022,6,70.484
NZL,"New Zealand",1968,2,71.1243902439025
NZL,"New Zealand",1976,2,72.4219512195122
NZL,"New Zealand",1977,1,72.1682926829268
NZL,"New Zealand",1978,3,73.019512195122
NZL,"New Zealand",1979,1,73.0682926829269
NZL,"New Zealand",1980,2,72.8292682926829
NZL,"New Zealand",1981,1,73.6219512195122
NZL,"New Zealand",1983,1,73.7756097560976
NZL,"New Zealand",1984,1,74.3707317073171
NZL,"New Zealand",1985,2,73.8292682926829
NZL,"New Zealand",1986,3,74.1219512195122
NZL,"New Zealand",1987,3,74.1780487804878
NZL,"New Zealand",1988,4,74.4243902439024
NZL,"New Zealand",1989,1,74.8243902439024
NZL,"New Zealand",1991,1,76.0317073170732
NZL,"New Zealand",1992,2,76.1243902439025
NZL,"New Zealand",1994,2,76.8829268292683
NZL,"New Zealand",1995,1,76.7341463414634
NZL,"New Zealand",1996,1,76.7878048780488
NZL,"New Zealand",1997,2,77.3341463414634
NZL,"New Zealand",1998,1,78.0853658536585
NZL,"New Zealand",1999,1,77.890243902439
NZL,"New Zealand",2000,2,78.6365853658537
NZL,"New Zealand",2001,1,78.6926829268293
NZL,"New Zealand",2002,1,78.8463414634146
NZL,"New Zealand",2003,1,79.1463414634146
NZL,"New Zealand",2004,2,79.5487804878049
NZL,"New Zealand",2005,2,79.8512195121951
NZL,"New Zealand",2006,1,80.0487804878049
NZL,"New Zealand",2007,1,80.1512195121951
NZL,"New Zealand",2010,1,80.9048780487805
NZL,"New Zealand",2011,2,81.1560975609756
NZL,"New Zealand",2012,1,81.4073170731707
NZL,"New Zealand",2013,3,81.4048780487805
NZL,"New Zealand",2015,2,81.6124390243903
NZL,"New Zealand",2016,2,81.6585365853659
NZL,"New Zealand",2017,2,81.8585365853659
NZL,"New Zealand",2018,1,81.7073170731707
NZL,"New Zealand",2019,1,82.0560975609756
NZL,"New Zealand",2020,3,82.2560975609756
NZL,"New Zealand",2021,4,82.2073170731707
NZL,"New Zealand",2022,1,82.7609756097561
OMN,Oman,1977,2,56.257
OMN,Oman,1981,1,61.646
OMN,Oman,2003,1,74.14
OMN,Oman,2007,1,74.461
OMN,Oman,2010,1,76.269
OMN,Oman,2011,1,76.608
OMN,Oman,2015,1,77.687
OMN,Oman,2016,1,77.916
OMN,Oman,2017,1,77.924
OMN,Oman,2018,2,77.966
OMN,Oman,2019,1,78.002
OMN,Oman,2020,1,74.757
OMN,Oman,2021,2,72.541
PAK,Pakistan,1964,2,48.595
PAK,Pakistan,1965,1,49.444
PAK,Pakistan,1967,1,51.901
PAK,Pakistan,1968,1,52.898
PAK,Pakistan,1972,1,55.239
PAK,Pakistan,1973,1,55.486
PAK,Pakistan,1974,1,55.472
PAK,Pakistan,1975,1,55.905
PAK,Pakistan,1976,1,56.113
PAK,Pakistan,1977,1,56.252
PAK,Pakistan,1978,1,56.737
PAK,Pakistan,1979,2,57.146
PAK,Pakistan,1980,2,57.606
PAK,Pakistan,1981,4,58.052
PAK,Pakistan,1982,1,58.416
PAK,Pakistan,1983,3,58.947
PAK,Pakistan,1984,2,59.332
PAK,Pakistan,1985,1,59.363
PAK,Pakistan,1986,2,59.464
PAK,Pakistan,1988,3,59.356
PAK,Pakistan,1989,1,59.62
PAK,Pakistan,1990,3,60.066
PAK,Pakistan,1991,4,60.259
PAK,Pakistan,1992,5,60.116
PAK,Pakistan,1993,5,59.934
PAK,Pakistan,1994,3,60.116
PAK,Pakistan,1995,3,59.878
PAK,Pakistan,1996,3,60.398
PAK,Pakistan,1997,6,60.603
PAK,Pakistan,1998,5,61.09
PAK,Pakistan,1999,6,61.679
PAK,Pakistan,2000,4,62.102
PAK,Pakistan,2001,6,62.421
PAK,Pakistan,2002,10,62.626
PAK,Pakistan,2003,6,62.843
PAK,Pakistan,2004,4,63.052
PAK,Pakistan,2005,11,62.466
PAK,Pakistan,2006,9,63.731
PAK,Pakistan,2007,10,63.852
PAK,Pakistan,2008,4,64.036
PAK,Pakistan,2009,3,64.14
PAK,Pakistan,2010,7,64.436
PAK,Pakistan,2011,2,64.648
PAK,Pakistan,2012,5,64.782
PAK,Pakistan,2013,5,65.15
PAK,Pakistan,2014,3,65.284
PAK,Pakistan,2015,10,65.697
PAK,Pakistan,2016,9,65.88
PAK,Pakistan,2017,6,66.297
PAK,Pakistan,2018,2,66.482
PAK,Pakistan,2019,12,66.756
PAK,Pakistan,2020,7,66.269
PAK,Pakistan,2021,8,66.098
PAK,Pakistan,2022,5,66.431
PAN,Panama,1964,2,63.203
PAN,Panama,1966,1,63.789
PAN,Panama,1970,2,65.083
PAN,Panama,1972,1,66.457
PAN,Panama,1973,1,67.087
PAN,Panama,1978,1,68.761
PAN,Panama,1983,1,70.27
PAN,Panama,1984,1,70.543
PAN,Panama,1986,1,70.833
PAN,Panama,1988,1,70.888
PAN,Panama,1991,4,71.207
PAN,Panama,1992,2,71.462
PAN,Panama,1995,2,72.385
PAN,Panama,1998,1,73.279
PAN,Panama,1999,2,73.622
PAN,Panama,2000,1,74.001
PAN,Panama,2001,1,74.414
PAN,Panama,2002,3,74.824
PAN,Panama,2003,3,75.218
PAN,Panama,2004,3,75.544
PAN,Panama,2005,1,75.829
PAN,Panama,2006,3,76.012
PAN,Panama,2007,1,76.154
PAN,Panama,2008,2,76.225
PAN,Panama,2009,1,76.343
PAN,Panama,2010,4,76.448
PAN,Panama,2011,2,76.627
PAN,Panama,2012,2,76.819
PAN,Panama,2013,1,77.038
PAN,Panama,2014,1,77.248
PAN,Panama,2015,2,77.468
PAN,Panama,2016,1,77.653
PAN,Panama,2017,1,77.795
PAN,Panama,2018,1,77.863
PAN,Panama,2020,3,76.657
PAN,Panama,2021,2,76.223
PAN,Panama,2022,1,76.826
PER,Peru,1960,1,50.495
PER,Peru,1962,3,51.31
PER,Peru,1965,1,53.183
PER,Peru,1966,2,53.699
PER,Peru,1967,1,54.223
PER,Peru,1968,1,54.747
PER,Peru,1969,2,55.255
PER,Peru,1970,4,47.16
PER,Peru,1971,2,56.163
PER,Peru,1972,1,56.737
PER,Peru,1973,1,57.085
PER,Peru,1974,3,57.483
PER,Peru,1977,3,58.617
PER,Peru,1978,1,58.973
PER,Peru,1979,1,59.303
PER,Peru,1980,2,59.589
PER,Peru,1981,4,59.847
PER,Peru,1982,4,60.015
PER,Peru,1983,5,60.161
PER,Peru,1984,1,60.467
PER,Peru,1985,4,61.292
PER,Peru,1986,4,62.024
PER,Peru,1987,4,62.804
PER,Peru,1988,4,63.601
PER,Peru,1989,1,64.352
PER,Peru,1990,7,65.106
PER,Peru,1991,5,65.434
PER,Peru,1992,3,66.149
PER,Peru,1993,2,66.681
PER,Peru,1994,2,67.227
PER,Peru,1995,1,67.644
PER,Peru,1996,2,68.147
PER,Peru,1997,4,68.605
PER,Peru,1998,5,69.082
PER,Peru,1999,5,69.743
PER,Peru,2000,3,70.424
PER,Peru,2001,7,71.041
PER,Peru,2002,5,71.661
PER,Peru,2003,3,72.217
PER,Peru,2004,4,72.668
PER,Peru,2005,2,72.986
PER,Peru,2006,3,73.172
PER,Peru,2007,3,73.223
PER,Peru,2008,1,73.377
PER,Peru,2009,7,73.466
PER,Peru,2010,4,73.711
PER,Peru,2011,6,74.133
PER,Peru,2012,5,74.544
PER,Peru,2013,5,74.967
PER,Peru,2014,5,75.333
PER,Peru,2015,3,75.621
PER,Peru,2016,4,75.789
PER,Peru,2017,3,75.879
PER,Peru,2018,1,76.009
PER,Peru,2019,7,76.156
PER,Peru,2020,4,73.665
PER,Peru,2021,10,72.377
PER,Peru,2022,5,73.385
PHL,Philippines,1960,8,59.227
PHL,Philippines,1962,2,59.959
PHL,Philippines,1963,1,60.388
PHL,Philippines,1964,2,60.541
PHL,Philippines,1965,2,60.898
PHL,Philippines,1966,1,61.198
PHL,Philippines,1967,1,61.447
PHL,Philippines,1968,5,61.65
PHL,Philippines,1969,2,61.798
PHL,Philippines,1970,9,61.692
PHL,Philippines,1971,4,61.988
PHL,Philippines,1972,4,61.831
PHL,Philippines,1973,5,61.641
PHL,Philippines,1974,9,61.68
PHL,Philippines,1975,2,61.704
PHL,Philippines,1976,7,61.614
PHL,Philippines,1977,12,62.149
PHL,Philippines,1978,16,62.185
PHL,Philippines,1979,6,62.349
PHL,Philippines,1980,9,62.499
PHL,Philippines,1981,12,62.555
PHL,Philippines,1982,13,62.784
PHL,Philippines,1983,7,62.992
PHL,Philippines,1984,5,63.112
PHL,Philippines,1985,7,63.505
PHL,Philippines,1986,7,63.745
PHL,Philippines,1987,6,64.335
PHL,Philippines,1988,8,64.898
PHL,Philippines,1989,12,65.464
PHL,Philippines,1990,13,65.909
PHL,Philippines,1991,12,66.304
PHL,Philippines,1992,9,67.088
PHL,Philippines,1993,11,67.542
PHL,Philippines,1994,19,67.942
PHL,Philippines,1995,16,68.223
PHL,Philippines,1996,7,68.614
PHL,Philippines,1997,4,68.884
PHL,Philippines,1998,7,69.1
PHL,Philippines,1999,18,69.298
PHL,Philippines,2000,13,69.413
PHL,Philippines,2001,11,69.614
PHL,Philippines,2002,12,69.781
PHL,Philippines,2003,10,69.924
PHL,Philippines,2004,13,70.037
PHL,Philippines,2005,4,70.24
PHL,Philippines,2006,20,70.282
PHL,Philippines,2007,15,70.483
PHL,Philippines,2008,20,70.564
PHL,Philippines,2009,25,70.633
PHL,Philippines,2010,15,70.754
PHL,Philippines,2011,36,70.788
PHL,Philippines,2012,22,70.881
PHL,Philippines,2013,14,70.835
PHL,Philippines,2014,13,71.151
PHL,Philippines,2015,16,71.268
PHL,Philippines,2016,11,71.387
PHL,Philippines,2017,14,71.516
PHL,Philippines,2018,11,71.689
PHL,Philippines,2019,18,71.865
PHL,Philippines,2020,9,72.119
PHL,Philippines,2021,14,69.266
PHL,Philippines,2022,12,72.187
PNG,"Papua New Guinea",1960,1,45.679
PNG,"Papua New Guinea",1970,1,52.127
PNG,"Papua New Guinea",1971,1,52.579
PNG,"Papua New Guinea",1972,1,53.215
PNG,"Papua New Guinea",1979,1,57.003
PNG,"Papua New Guinea",1980,1,57.435
PNG,"Papua New Guinea",1983,4,58.368
PNG,"Papua New Guinea",1985,1,58.866
PNG,"Papua New Guinea",1986,1,58.959
PNG,"Papua New Guinea",1987,1,59.213
PNG,"Papua New Guinea",1988,1,59.336
PNG,"Papua New Guinea",1990,1,59.721
PNG,"Papua New Guinea",1991,1,59.908
PNG,"Papua New Guinea",1992,2,60.218
PNG,"Papua New Guinea",1993,3,60.506
PNG,"Papua New Guinea",1994,1,60.756
PNG,"Papua New Guinea",1996,3,61.105
PNG,"Papua New Guinea",1997,3,61.377
PNG,"Papua New Guinea",1998,2,60.629
PNG,"Papua New Guinea",1999,1,61.672
PNG,"Papua New Guinea",2000,1,61.72
PNG,"Papua New Guinea",2001,2,61.773
PNG,"Papua New Guinea",2002,6,61.698
PNG,"Papua New Guinea",2003,2,61.797
PNG,"Papua New Guinea",2004,2,61.761
PNG,"Papua New Guinea",2005,3,61.801
PNG,"Papua New Guinea",2006,6,61.917
PNG,"Papua New Guinea",2007,1,62.034
PNG,"Papua New Guinea",2008,3,62.571
PNG,"Papua New Guinea",2009,4,62.788
PNG,"Papua New Guinea",2011,1,63.526
PNG,"Papua New Guinea",2012,2,63.733
PNG,"Papua New Guinea",2013,1,63.961
PNG,"Papua New Guinea",2014,3,64.259
PNG,"Papua New Guinea",2015,3,64.701
PNG,"Papua New Guinea",2016,1,64.84
PNG,"Papua New Guinea",2018,4,65.182
PNG,"Papua New Guinea",2019,4,65.474
PNG,"Papua New Guinea",2020,5,65.787
PNG,"Papua New Guinea",2022,1,65.958
POL,Poland,1977,1,70.4024390243902
POL,Poland,1980,1,70.0975609756098
POL,Poland,1982,2,71.1024390243903
POL,Poland,1983,2,71
POL,Poland,1987,1,70.8975609756098
POL,Poland,1990,1,70.890243902439
POL,Poland,1992,1,71.090243902439
POL,Poland,1994,1,71.6951219512195
POL,Poland,1997,2,72.6463414634146
POL,Poland,1998,2,72.9975609756098
POL,Poland,1999,2,73.0439024390244
POL,Poland,2000,1,73.7487804878049
POL,Poland,2001,2,74.2
POL,Poland,2002,3,74.4975609756098
POL,Poland,2004,1,74.8463414634146
POL,Poland,2005,4,74.9951219512195
POL,Poland,2006,1,75.1439024390244
POL,Poland,2007,2,75.2439024390244
POL,Poland,2008,2,75.5439024390244
POL,Poland,2009,3,75.6951219512195
POL,Poland,2010,3,76.2463414634146
POL,Poland,2011,1,76.6951219512195
POL,Poland,2012,4,76.7463414634146
POL,Poland,2013,2,77
POL,Poland,2014,1,77.6024390243903
POL,Poland,2015,2,77.4512195121951
POL,Poland,2016,2,77.8512195121951
POL,Poland,2017,1,77.7536585365854
POL,Poland,2018,2,77.6024390243903
POL,Poland,2019,1,77.9048780487805
POL,Poland,2020,2,76.5
POL,Poland,2021,3,75.5024390243902
POL,Poland,2022,4,77.3048780487805
PRI,"Puerto Rico",1960,1,68.934
PRI,"Puerto Rico",1970,1,71.048
PRI,"Puerto Rico",1975,1,71.92
PRI,"Puerto Rico",1979,1,73.04
PRI,"Puerto Rico",1981,1,73.36
PRI,"Puerto Rico",1985,2,73.083
PRI,"Puerto Rico",1989,2,73.853
PRI,"Puerto Rico",1992,1,73.939
PRI,"Puerto Rico",1994,1,74.083
PRI,"Puerto Rico",1995,2,74.364
PRI,"Puerto Rico",1996,1,74.585
PRI,"Puerto Rico",1998,1,75.194
PRI,"Puerto Rico",1999,1,75.536
PRI,"Puerto Rico",2001,1,76.456
PRI,"Puerto Rico",2003,2,76.874
PRI,"Puerto Rico",2004,3,77.143
PRI,"Puerto Rico",2007,1,77.621
PRI,"Puerto Rico",2011,2,78.316
PRI,"Puerto Rico",2012,1,78.461
PRI,"Puerto Rico",2014,1,78.929
PRI,"Puerto Rico",2017,2,79.258
PRI,"Puerto Rico",2018,2,79.77
PRI,"Puerto Rico",2020,3,78.041
PRI,"Puerto Rico",2022,2,79.72
PRK,"Korea, Democratic People's Republic of",1987,2,69.442
PRK,"Korea, Democratic People's Republic of",1993,1,71.871
PRK,"Korea, Democratic People's Republic of",1995,2,60.894
PRK,"Korea, Democratic People's Republic of",1996,2,60.956
PRK,"Korea, Democratic People's Republic of",1997,2,60.974
PRK,"Korea, Democratic People's Republic of",1998,1,60.906
PRK,"Korea, Democratic People's Republic of",1999,1,60.798
PRK,"Korea, Democratic People's Republic of",2000,1,60.763
PRK,"Korea, Democratic People's Republic of",2001,2,60.745
PRK,"Korea, Democratic People's Republic of",2002,2,60.792
PRK,"Korea, Democratic People's Republic of",2004,2,69.437
PRK,"Korea, Democratic People's Republic of",2005,1,69.285
PRK,"Korea, Democratic People's Republic of",2006,3,69.085
PRK,"Korea, Democratic People's Republic of",2007,2,68.911
PRK,"Korea, Democratic People's Republic of",2010,3,70.419
PRK,"Korea, Democratic People's Republic of",2011,3,70.978
PRK,"Korea, Democratic People's Republic of",2012,3,71.626
PRK,"Korea, Democratic People's Republic of",2013,1,72.319
PRK,"Korea, Democratic People's Republic of",2015,2,72.784
PRK,"Korea, Democratic People's Republic of",2016,2,72.805
PRK,"Korea, Democratic People's Republic of",2017,1,72.978
PRK,"Korea, Democratic People's Republic of",2018,3,73.031
PRK,"Korea, Democratic People's Republic of",2019,2,73.198
PRK,"Korea, Democratic People's Republic of",2020,1,73.274
PRK,"Korea, Democratic People's Republic of",2021,1,73.284
PRT,Portugal,1966,1,65.4876585365854
PRT,Portugal,1967,1,66.3340731707317
PRT,Portugal,1969,1,66.2781707317073
PRT,Portugal,1973,1,67.5243902439024
PRT,Portugal,1979,2,71.1682926829268
PRT,Portugal,1981,1,71.6146341463415
PRT,Portugal,1983,3,72.2658536585366
PRT,Portugal,1985,1,72.8146341463415
PRT,Portugal,1986,1,73.2658536585366
PRT,Portugal,1989,1,74.2658536585366
PRT,Portugal,1991,1,74.0146341463415
PRT,Portugal,1996,2,75.2609756097561
PRT,Portugal,1997,2,75.4121951219512
PRT,Portugal,2001,2,76.8146341463415
PRT,Portugal,2003,3,77.219512195122
PRT,Portugal,2004,2,77.6707317073171
PRT,Portugal,2005,2,78.0707317073171
PRT,Portugal,2006,2,78.419512195122
PRT,Portugal,2008,1,78.5243902439025
PRT,Portugal,2009,1,78.7268292682927
PRT,Portugal,2010,3,79.0268292682927
PRT,Portugal,2013,3,80.7219512195122
PRT,Portugal,2014,2,81.1219512195122
PRT,Portugal,2015,1,81.1243902439025
PRT,Portugal,2016,1,81.1243902439025
PRT,Portugal,2017,2,81.4243902439025
PRT,Portugal,2018,3,81.3243902439024
PRT,Portugal,2019,1,81.6756097560976
PRT,Portugal,2022,3,81.5804878048781
PRY,Paraguay,1963,1,61.334
PRY,Paraguay,1965,1,61.819
PRY,Paraguay,1966,1,61.988
PRY,Paraguay,1971,1,62.803
PRY,Paraguay,1979,1,64.448
PRY,Paraguay,1982,1,65.385
PRY,Paraguay,1983,1,65.614
PRY,Paraguay,1988,1,67.319
PRY,Paraguay,1990,1,67.944
PRY,Paraguay,1992,1,68.395
PRY,Paraguay,1995,2,69.009
PRY,Paraguay,1997,2,69.325
PRY,Paraguay,1998,1,69.478
PRY,Paraguay,1999,2,69.634
PRY,Paraguay,2000,1,69.75
PRY,Paraguay,2002,2,70.025
PRY,Paraguay,2004,1,70.481
PRY,Paraguay,2005,1,70.527
PRY,Paraguay,2006,1,70.781
PRY,Paraguay,2007,1,71.106
PRY,Paraguay,2008,5,71.384
PRY,Paraguay,2009,4,71.635
PRY,Paraguay,2010,1,71.887
PRY,Paraguay,2011,3,72.131
PRY,Paraguay,2012,3,72.454
PRY,Paraguay,2013,3,72.757
PRY,Paraguay,2014,2,72.878
PRY,Paraguay,2015,3,73.191
PRY,Paraguay,2016,1,73.534
PRY,Paraguay,2018,2,73.568
PRY,Paraguay,2019,4,73.621
PRY,Paraguay,2020,1,73.182
PRY,Paraguay,2021,2,70.262
PSE,"Palestine, State of",2010,1,73.004
PSE,"Palestine, State of",2012,1,73.466
PSE,"Palestine, State of",2013,2,74.029
PSE,"Palestine, State of",2015,2,74.406
PSE,"Palestine, State of",2020,1,74.403
PSE,"Palestine, State of",2022,1,73.444
PYF,"French Polynesia",1983,2,69.804
PYF,"French Polynesia",1987,1,72.897
PYF,"French Polynesia",1998,2,78.386
PYF,"French Polynesia",2010,1,81.039
PYF,"French Polynesia",2017,1,82.618
QAT,Qatar,2018,1,80.898
ROU,Romania,1970,1,67.4824146341464
ROU,Romania,1975,1,69.6139024390244
ROU,Romania,1977,1,69.7419512195122
ROU,Romania,1984,1,69.6587804878049
ROU,Romania,1990,1,69.7412195121951
ROU,Romania,1991,3,69.7843902439024
ROU,Romania,1993,1,69.5634146341464
ROU,Romania,1994,3,69.509756097561
ROU,Romania,1995,1,69.4560975609756
ROU,Romania,1996,2,69.1048780487805
ROU,Romania,1997,2,69.0048780487805
ROU,Romania,1998,3,69.8073170731708
ROU,Romania,1999,4,70.5121951219512
ROU,Romania,2000,5,71.1634146341463
ROU,Romania,2001,3,71.1609756097561
ROU,Romania,2002,4,71.009756097561
ROU,Romania,2003,2,71.309756097561
ROU,Romania,2004,6,71.5609756097561
ROU,Romania,2005,8,71.9121951219512
ROU,Romania,2006,8,72.1634146341463
ROU,Romania,2007,6,72.5658536585366
ROU,Romania,2008,2,72.5658536585366
ROU,Romania,2009,4,73.309756097561
ROU,Romania,2010,2,73.4585365853659
ROU,Romania,2012,1,74.4121951219512
ROU,Romania,2013,1,75.0634146341463
ROU,Romania,2014,3,74.909756097561
ROU,Romania,2015,1,74.9121951219512
ROU,Romania,2016,2,75.209756097561
ROU,Romania,2017,1,75.209756097561
ROU,Romania,2018,3,75.3585365853659
ROU,Romania,2019,1,75.6073170731707
ROU,Romania,2020,1,74.2536585365854
ROU,Romania,2021,1,72.809756097561
ROU,Romania,2022,1,75.3048780487805
RUS,"Russian Federation",1992,3,66.8731707317073
RUS,"Russian Federation",1993,5,64.9358536585366
RUS,"Russian Federation",1994,9,64.4670731707317
RUS,"Russian Federation",1995,8,64.6907317073171
RUS,"Russian Federation",1996,4,65.8541463414634
RUS,"Russian Federation",1997,4,66.6987804878049
RUS,"Russian Federation",1998,8,67.029756097561
RUS,"Russian Federation",1999,9,65.9821951219512
RUS,"Russian Federation",2000,23,65.4836585365854
RUS,"Russian Federation",2001,11,65.3834146341463
RUS,"Russian Federation",2002,11,65.1287804878049
RUS,"Russian Federation",2003,5,65.0275609756098
RUS,"Russian Federation",2004,8,65.4709756097561
RUS,"Russian Federation",2005,8,65.529756097561
RUS,"Russian Federation",2006,5,66.7275609756098
RUS,"Russian Federation",2007,3,67.5868292682927
RUS,"Russian Federation",2008,1,67.9492682926829
RUS,"Russian Federation",2010,8,68.8412195121951
RUS,"Russian Federation",2011,3,69.6839024390244
RUS,"Russian Federation",2012,8,70.0721951219512
RUS,"Russian Federation",2013,3,70.5787804878049
RUS,"Russian Federation",2014,1,70.7436585365854
RUS,"Russian Federation",2015,2,71.1834146341463
RUS,"Russian Federation",2016,3,71.6512195121951
RUS,"Russian Federation",2017,2,72.4514634146342
RUS,"Russian Federation",2018,2,72.6621951219512
RUS,"Russian Federation",2019,5,73.0839024390244
RUS,"Russian Federation",2021,5,69.900243902439
RUS,"Russian Federation",2022,3,72.5456097560976
RWA,Rwanda,1974,1,45.304
RWA,Rwanda,1976,1,44.647
RWA,Rwanda,1978,2,45.48
RWA,Rwanda,1984,1,51.64
RWA,Rwanda,1988,1,50.976
RWA,Rwanda,1989,1,50.22
RWA,Rwanda,1991,1,46.519
RWA,Rwanda,1996,2,40.698
RWA,Rwanda,1998,1,41.681
RWA,Rwanda,1999,4,44.616
RWA,Rwanda,2000,1,47.129
RWA,Rwanda,2001,2,49.021
RWA,Rwanda,2002,3,51.032
RWA,Rwanda,2003,2,53.368
RWA,Rwanda,2004,1,55.491
RWA,Rwanda,2006,2,58.714
RWA,Rwanda,2007,2,59.965
RWA,Rwanda,2008,2,61.134
RWA,Rwanda,2010,2,62.54
RWA,Rwanda,2011,1,63.261
RWA,Rwanda,2012,1,64.009
RWA,Rwanda,2015,1,65.298
RWA,Rwanda,2016,2,65.737
RWA,Rwanda,2017,2,65.941
RWA,Rwanda,2018,4,66.251
RWA,Rwanda,2019,2,66.437
RWA,Rwanda,2020,5,66.774
RWA,Rwanda,2021,2,66.072
RWA,Rwanda,2022,3,67.129
SAU,"Saudi Arabia",1964,1,48.148
SAU,"Saudi Arabia",1982,1,64.304
SAU,"Saudi Arabia",1985,1,66.33
SAU,"Saudi Arabia",2000,2,72.467
SAU,"Saudi Arabia",2001,1,72.974
SAU,"Saudi Arabia",2002,1,73.337
SAU,"Saudi Arabia",2003,2,73.628
SAU,"Saudi Arabia",2004,1,74.153
SAU,"Saudi Arabia",2005,2,74.588
SAU,"Saudi Arabia",2009,1,75.431
SAU,"Saudi Arabia",2010,2,75.763
SAU,"Saudi Arabia",2011,1,76.234
SAU,"Saudi Arabia",2012,1,76.461
SAU,"Saudi Arabia",2013,2,76.626
SAU,"Saudi Arabia",2015,2,76.918
SAU,"Saudi Arabia",2016,3,77.064
SAU,"Saudi Arabia",2017,1,77.16
SAU,"Saudi Arabia",2019,3,77.304
SAU,"Saudi Arabia",2020,1,76.239
SDN,Sudan,1965,1,46.935
SDN,Sudan,1966,1,44.626
SDN,Sudan,1975,1,53.377
SDN,Sudan,1976,1,53.462
SDN,Sudan,1978,1,53.44
SDN,Sudan,1980,1,53.934
SDN,Sudan,1983,3,47.45
SDN,Sudan,1986,1,51.481
SDN,Sudan,1987,3,43.441
SDN,Sudan,1988,5,35.923
SDN,Sudan,1990,2,49.732
SDN,Sudan,1991,2,50.213
SDN,Sudan,1993,2,46.575
SDN,Sudan,1994,1,56.644
SDN,Sudan,1996,5,52.276
SDN,Sudan,1997,1,52.833
SDN,Sudan,1998,6,48.81
SDN,Sudan,1999,7,57.015
SDN,Sudan,2000,2,58.319
SDN,Sudan,2001,1,58.562
SDN,Sudan,2002,4,58.976
SDN,Sudan,2003,2,58.2
SDN,Sudan,2004,3,56.773
SDN,Sudan,2005,5,57.279
SDN,Sudan,2006,8,60.281
SDN,Sudan,2007,4,61.256
SDN,Sudan,2008,2,61.206
SDN,Sudan,2009,1,62.644
SDN,Sudan,2010,2,63.016
SDN,Sudan,2011,1,63.246
SDN,Sudan,2012,3,63.792
SDN,Sudan,2013,1,63.678
SDN,Sudan,2014,1,64.269
SDN,Sudan,2015,3,64.659
SDN,Sudan,2016,2,64.78
SDN,Sudan,2017,2,65.445
SDN,Sudan,2018,3,65.681
SDN,Sudan,2019,4,65.876
SDN,Sudan,2020,3,65.614
SDN,Sudan,2021,3,65.267
SDN,Sudan,2022,2,65.578
SEN,Senegal,1965,1,39.838
SEN,Senegal,1966,2,39.961
SEN,Senegal,1969,1,40.459
SEN,Senegal,1977,1,46.152
SEN,Senegal,1978,2,47.197
SEN,Senegal,1979,1,48.196
SEN,Senegal,1982,1,50.564
SEN,Senegal,1983,1,51.153
SEN,Senegal,1984,1,52.015
SEN,Senegal,1985,2,52.758
SEN,Senegal,1986,1,53.928
SEN,Senegal,1987,1,54.819
SEN,Senegal,1988,3,55.774
SEN,Senegal,1993,1,56.996
SEN,Senegal,1994,1,56.955
SEN,Senegal,1995,1,56.839
SEN,Senegal,1998,2,56.418
SEN,Senegal,1999,2,56.609
SEN,Senegal,2002,4,58.231
SEN,Senegal,2003,1,59.122
SEN,Senegal,2004,3,60.027
SEN,Senegal,2005,2,60.915
SEN,Senegal,2007,2,62.543
SEN,Senegal,2008,1,63.242
SEN,Senegal,2009,1,63.923
SEN,Senegal,2010,2,64.615
SEN,Senegal,2011,2,65.262
SEN,Senegal,2012,1,65.457
SEN,Senegal,2013,1,66.072
SEN,Senegal,2014,2,66.452
SEN,Senegal,2016,1,67.497
SEN,Senegal,2018,1,68.097
SEN,Senegal,2019,1,68.526
SEN,Senegal,2020,1,68.006
SEN,Senegal,2022,1,67.913
SGP,Singapore,1999,1,77.5512195121951
SGP,Singapore,2000,1,77.9512195121951
SGP,Singapore,2016,1,82.8463414634146
SLB,"Solomon Islands",1966,1,52.461
SLB,"Solomon Islands",1967,1,53.208
SLB,"Solomon Islands",1968,1,54.239
SLB,"Solomon Islands",1971,1,56.978
SLB,"Solomon Islands",1975,1,58.078
SLB,"Solomon Islands",1977,1,60.864
SLB,"Solomon Islands",1979,1,62.388
SLB,"Solomon Islands",1982,1,63.509
SLB,"Solomon Islands",1985,1,64.29
SLB,"Solomon Islands",1986,1,63.76
SLB,"Solomon Islands",1988,1,64.973
SLB,"Solomon Islands",1992,1,65.767
SLB,"Solomon Islands",1993,1,65.958
SLB,"Solomon Islands",1997,1,66.742
SLB,"Solomon Islands",1998,1,66.92
SLB,"Solomon Islands",2002,1,67.515
SLB,"Solomon Islands",2003,2,67.644
SLB,"Solomon Islands",2007,1,67.986
SLB,"Solomon Islands",2009,1,68.466
SLB,"Solomon Islands",2010,3,68.732
SLB,"Solomon Islands",2011,1,68.908
SLB,"Solomon Islands",2012,1,69.084
SLB,"Solomon Islands",2013,3,69.188
SLB,"Solomon Islands",2014,1,69.234
SLB,"Solomon Islands",2015,3,69.583
SLB,"Solomon Islands",2016,2,69.801
SLB,"Solomon Islands",2018,1,70.173
SLB,"Solomon Islands",2020,1,70.199
SLE,"Sierra Leone",1975,1,41.173
SLE,"Sierra Leone",1984,1,43.916
SLE,"Sierra Leone",1985,1,43.888
SLE,"Sierra Leone",1996,4,43.68
SLE,"Sierra Leone",1997,2,43.715
SLE,"Sierra Leone",1998,1,42.789
SLE,"Sierra Leone",1999,3,42.071
SLE,"Sierra Leone",2000,1,45.05
SLE,"Sierra Leone",2001,1,45.661
SLE,"Sierra Leone",2003,1,46.963
SLE,"Sierra Leone",2004,2,47.577
SLE,"Sierra Leone",2005,1,48.237
SLE,"Sierra Leone",2007,1,50.365
SLE,"Sierra Leone",2008,1,51.526
SLE,"Sierra Leone",2009,1,52.626
SLE,"Sierra Leone",2010,2,53.693
SLE,"Sierra Leone",2011,1,54.62
SLE,"Sierra Leone",2012,1,55.451
SLE,"Sierra Leone",2013,1,56.313
SLE,"Sierra Leone",2014,1,56.393
SLE,"Sierra Leone",2015,1,57.189
SLE,"Sierra Leone",2017,1,58.652
SLE,"Sierra Leone",2019,2,60.255
SLE,"Sierra Leone",2022,1,60.411
SLV,"El Salvador",1965,1,50.897
SLV,"El Salvador",1969,2,50.9
SLV,"El Salvador",1982,2,51.105
SLV,"El Salvador",1986,1,57.741
SLV,"El Salvador",1988,2,61.476
SLV,"El Salvador",1989,1,59.685
SLV,"El Salvador",1991,1,63.856
SLV,"El Salvador",1992,2,64.657
SLV,"El Salvador",1993,1,65.235
SLV,"El Salvador",1994,1,65.838
SLV,"El Salvador",1995,2,66.33
SLV,"El Salvador",1996,1,67.076
SLV,"El Salvador",1997,1,67.895
SLV,"El Salvador",1998,3,68.478
SLV,"El Salvador",1999,1,69.379
SLV,"El Salvador",2000,3,69.865
SLV,"El Salvador",2001,4,69.598
SLV,"El Salvador",2002,3,70.232
SLV,"El Salvador",2003,1,70.14
SLV,"El Salvador",2005,6,70.44
SLV,"El Salvador",2006,2,70.773
SLV,"El Salvador",2007,2,71.108
SLV,"El Salvador",2008,2,71.424
SLV,"El Salvador",2009,3,71.576
SLV,"El Salvador",2010,3,71.848
SLV,"El Salvador",2011,1,71.859
SLV,"El Salvador",2013,1,71.771
SLV,"El Salvador",2014,1,71.746
SLV,"El Salvador",2015,3,71.814
SLV,"El Salvador",2017,1,72.311
SLV,"El Salvador",2018,3,72.555
SLV,"El Salvador",2019,2,72.559
SLV,"El Salvador",2020,4,71.061
SLV,"El Salvador",2021,1,70.748
SLV,"El Salvador",2022,2,71.475
SOM,Somalia,1961,1,43.563
SOM,Somalia,1964,1,44.3
SOM,Somalia,1965,1,44.544
SOM,Somalia,1969,1,45.37
SOM,Somalia,1974,1,43.818
SOM,Somalia,1977,2,46.918
SOM,Somalia,1980,1,47.489
SOM,Somalia,1981,1,47.666
SOM,Somalia,1983,1,48.166
SOM,Somalia,1985,1,48.281
SOM,Somalia,1986,1,48.37
SOM,Somalia,1987,2,48.903
SOM,Somalia,1988,1,43.835
SOM,Somalia,1989,2,46.717
SOM,Somalia,1994,3,50.327
SOM,Somalia,1995,1,50.6
SOM,Somalia,1996,2,50.447
SOM,Somalia,1997,4,50.195
SOM,Somalia,1998,2,50.66
SOM,Somalia,1999,1,50.525
SOM,Somalia,2000,8,50.66
SOM,Somalia,2001,2,50.74
SOM,Somalia,2002,2,50.731
SOM,Somalia,2003,2,50.614
SOM,Somalia,2004,3,50.538
SOM,Somalia,2005,5,50.661
SOM,Somalia,2006,9,50.597
SOM,Somalia,2007,3,50.515
SOM,Somalia,2008,3,51.12
SOM,Somalia,2009,1,51.853
SOM,Somalia,2010,3,50.563
SOM,Somalia,2011,1,51.304
SOM,Somalia,2012,3,53.161
SOM,Somalia,2013,3,53.843
SOM,Somalia,2014,2,54.277
SOM,Somalia,2015,5,54.857
SOM,Somalia,2016,2,55.044
SOM,Somalia,2017,1,55.654
SOM,Somalia,2018,2,56.375
SOM,Somalia,2019,4,57.078
SOM,Somalia,2020,3,55.967
SOM,Somalia,2021,2,55.28
SOM,Somalia,2022,1,56.107
SRB,Serbia,2007,2,73.6317073170732
SRB,Serbia,2009,2,73.9853658536585
SRB,Serbia,2010,5,74.3365853658537
SRB,Serbia,2012,3,74.8365853658537
SRB,Serbia,2013,2,75.1853658536585
SRB,Serbia,2014,5,75.3365853658537
SRB,Serbia,2016,2,75.6878048780488
SRB,Serbia,2017,1,75.5390243902439
SRB,Serbia,2018,1,75.890243902439
SRB,Serbia,2019,1,75.9365853658537
SRB,Serbia,2020,1,74.4780487804878
SRB,Serbia,2021,1,72.780487804878
SRB,Serbia,2022,1,75.4821951219512
SSD,"South Sudan",2008,3,53.538
SSD,"South Sudan",2009,1,53.891
SSD,"South Sudan",2010,2,54.812
SSD,"South Sudan",2012,2,55.865
SSD,"South Sudan",2013,3,55.751
SSD,"South Sudan",2014,2,54.973
SSD,"South Sudan",2015,1,55.566
SSD,"South Sudan",2016,4,55.544
SSD,"South Sudan",2019,4,55.912
SSD,"South Sudan",2020,1,55.48
SSD,"South Sudan",2021,2,54.975
SSD,"South Sudan",2022,1,55.567
STP,"Sao Tome and Principe",1983,1,59.432
STP,"Sao Tome and Principe",1986,1,57.527
STP,"Sao Tome and Principe",1989,1,60.158
STP,"Sao Tome and Principe",2005,1,63.709
STP,"Sao Tome and Principe",2021,1,67.591
STP,"Sao Tome and Principe",2022,1,68.794
SUR,Suriname,1969,1,60.224
SUR,Suriname,2006,1,67.571
SUR,Suriname,2008,1,68.816
SUR,Suriname,2021,1,70.274
SUR,Suriname,2022,1,70.289
SVK,Slovakia,1997,1,72.7048780487805
SVK,Slovakia,1998,1,72.5512195121951
SVK,Slovakia,1999,1,72.9024390243902
SVK,Slovakia,2000,1,73.0512195121951
SVK,Slovakia,2001,1,73.4024390243903
SVK,Slovakia,2002,1,73.6048780487805
SVK,Slovakia,2003,1,73.6048780487805
SVK,Slovakia,2004,2,73.9585365853659
SVK,Slovakia,2005,2,73.9048780487805
SVK,Slovakia,2006,2,74.2048780487805
SVK,Slovakia,2007,1,74.2073170731707
SVK,Slovakia,2010,3,75.1121951219512
SVK,Slovakia,2012,1,76.109756097561
SVK,Slovakia,2013,1,76.4121951219512
SVK,Slovakia,2017,1,77.1658536585366
SVK,Slovakia,2019,1,77.6658536585366
SVK,Slovakia,2020,1,76.8658536585366
SVK,Slovakia,2021,1,74.6146341463415
SVK,Slovakia,2022,1,77.0658536585366
SVN,Slovenia,1998,1,74.8073170731708
SVN,Slovenia,2003,1,76.8585365853659
SVN,Slovenia,2004,1,77.2073170731707
SVN,Slovenia,2005,1,77.6121951219512
SVN,Slovenia,2007,2,78.5609756097561
SVN,Slovenia,2012,1,80.1243902439024
SVN,Slovenia,2014,2,81.0780487804878
SVN,Slovenia,2020,1,80.5317073170732
SVN,Slovenia,2021,1,80.6756097560976
SVN,Slovenia,2022,1,81.2829268292683
SWE,Sweden,1976,1,74.9692682926829
SWE,Sweden,1977,2,75.379756097561
SWE,Sweden,1985,1,76.6678048780488
SWE,Sweden,1990,2,77.5368292682927
SWE,Sweden,1999,1,79.4414634146342
SWE,Sweden,2002,2,79.8463414634146
SWE,Sweden,2005,2,80.5463414634146
SWE,Sweden,2013,1,81.9560975609756
SWE,Sweden,2018,1,82.5585365853659
SWE,Sweden,2020,1,82.3560975609756
SWE,Sweden,2021,1,83.0560975609756
SWE,Sweden,2022,1,83.109756097561
SWZ,Eswatini,1983,1,58.172
SWZ,Eswatini,1984,1,59.999
SWZ,Eswatini,1990,1,63.072
SWZ,Eswatini,1992,1,61.735
SWZ,Eswatini,1996,1,53.873
SWZ,Eswatini,2000,2,47.256
SWZ,Eswatini,2001,1,45.975
SWZ,Eswatini,2005,1,42.125
SWZ,Eswatini,2006,1,43.12
SWZ,Eswatini,2007,2,43.641
SWZ,Eswatini,2008,1,44.175
SWZ,Eswatini,2014,1,53.05
SWZ,Eswatini,2016,1,56.659
SWZ,Eswatini,2019,1,60.549
SWZ,Eswatini,2021,1,57.066
SWZ,Eswatini,2022,1,56.36
SXM,"Sint Maarten (Dutch part)",2017,1,75.03
SYC,Seychelles,1997,1,71.2121951219512
SYC,Seychelles,2002,1,71.0878048780488
SYC,Seychelles,2004,1,72.6609756097561
SYC,Seychelles,2006,1,72.2170731707317
SYC,Seychelles,2013,1,73.119512195122
SYC,Seychelles,2014,1,73.2292682926829
SYC,Seychelles,2016,1,74.309756097561
SYR,"Syrian Arab Republic",1967,1,58.095
SYR,"Syrian Arab Republic",1974,1,63.119
SYR,"Syrian Arab Republic",1977,2,63.764
SYR,"Syrian Arab Republic",1999,1,70.425
SYR,"Syrian Arab Republic",2001,1,71.644
SYR,"Syrian Arab Republic",2002,1,71.939
SYR,"Syrian Arab Republic",2004,1,72.475
SYR,"Syrian Arab Republic",2006,1,73.35
SYR,"Syrian Arab Republic",2008,1,73.551
SYR,"Syrian Arab Republic",2015,2,65.124
SYR,"Syrian Arab Republic",2019,1,71.822
SYR,"Syrian Arab Republic",2020,1,72.14
SYR,"Syrian Arab Republic",2021,2,72.063
SYR,"Syrian Arab Republic",2022,2,72.3
TCA,"Turks and Caicos Islands",1985,1,69.197
TCA,"Turks and Caicos Islands",1990,1,69.001
TCA,"Turks and Caicos Islands",2004,1,76.786
TCA,"Turks and Caicos Islands",2008,3,76.632
TCA,"Turks and Caicos Islands",2017,1,76.702
TCD,Chad,1966,1,39.15
TCD,Chad,1969,1,40.265
TCD,Chad,1971,1,40.19
TCD,Chad,1977,1,42.255
TCD,Chad,1981,1,43.312
TCD,Chad,1985,1,45.05
TCD,Chad,1986,1,45.21
TCD,Chad,1987,2,42.798
TCD,Chad,1988,4,45.785
TCD,Chad,1991,2,45.941
TCD,Chad,1993,1,46.318
TCD,Chad,1995,1,46.711
TCD,Chad,1996,1,47.013
TCD,Chad,1997,2,47.217
TCD,Chad,1998,1,47.224
TCD,Chad,1999,1,47.372
TCD,Chad,2000,2,47.443
TCD,Chad,2001,3,47.85
TCD,Chad,2003,1,48.206
TCD,Chad,2004,3,48.232
TCD,Chad,2005,1,48.312
TCD,Chad,2006,2,48.286
TCD,Chad,2007,3,48.751
TCD,Chad,2008,3,49.024
TCD,Chad,2009,4,49.196
TCD,Chad,2010,4,49.584
TCD,Chad,2011,2,50.009
TCD,Chad,2012,4,50.54
TCD,Chad,2017,2,52.308
TCD,Chad,2018,1,52.825
TCD,Chad,2019,2,53.259
TCD,Chad,2020,2,52.777
TCD,Chad,2021,1,52.525
TCD,Chad,2022,2,52.997
TGO,Togo,1966,1,44.373
TGO,Togo,1971,1,46.587
TGO,Togo,1983,1,52.635
TGO,Togo,1988,1,54.348
TGO,Togo,1989,1,54.39
TGO,Togo,1994,1,54.037
TGO,Togo,1995,2,54.037
TGO,Togo,1996,2,54.098
TGO,Togo,1998,2,54.199
TGO,Togo,1999,1,54.538
TGO,Togo,2001,2,54.86
TGO,Togo,2002,1,55.311
TGO,Togo,2003,1,55.639
TGO,Togo,2006,1,56.222
TGO,Togo,2007,1,56.511
TGO,Togo,2008,2,56.695
TGO,Togo,2009,1,57.011
TGO,Togo,2010,3,57.304
TGO,Togo,2013,1,58.684
TGO,Togo,2015,1,59.396
TGO,Togo,2017,1,60.154
TGO,Togo,2020,1,61.035
TGO,Togo,2022,1,61.588
THA,Thailand,1962,1,52.79
THA,Thailand,1966,1,55.254
THA,Thailand,1975,1,61.272
THA,Thailand,1977,1,62.354
THA,Thailand,1978,3,62.74
THA,Thailand,1980,1,64.012
THA,Thailand,1981,2,64.595
THA,Thailand,1983,1,65.789
THA,Thailand,1984,2,66.733
THA,Thailand,1985,1,67.587
THA,Thailand,1986,1,68.419
THA,Thailand,1987,1,69.448
THA,Thailand,1988,1,69.689
THA,Thailand,1989,1,70.122
THA,Thailand,1990,1,70.445
THA,Thailand,1991,4,70.717
THA,Thailand,1992,4,70.885
THA,Thailand,1993,5,71.068
THA,Thailand,1994,7,71.227
THA,Thailand,1995,3,70.948
THA,Thailand,1996,2,71.653
THA,Thailand,1997,3,72.501
THA,Thailand,1999,7,72.542
THA,Thailand,2000,6,72.316
THA,Thailand,2001,6,72.613
THA,Thailand,2002,6,72.93
THA,Thailand,2003,5,73.155
THA,Thailand,2004,7,73.08
THA,Thailand,2005,6,73.82
THA,Thailand,2006,3,74.938
THA,Thailand,2007,5,75.187
THA,Thailand,2008,6,75.492
THA,Thailand,2009,1,75.842
THA,Thailand,2010,3,76.131
THA,Thailand,2011,5,76.421
THA,Thailand,2012,2,76.772
THA,Thailand,2013,3,77.083
THA,Thailand,2014,8,77.415
THA,Thailand,2015,2,77.717
THA,Thailand,2016,4,78.049
THA,Thailand,2017,6,78.394
THA,Thailand,2019,3,78.975
THA,Thailand,2020,7,79.274
THA,Thailand,2021,6,78.715
THA,Thailand,2022,11,79.68
TJK,Tajikistan,1992,3,55.074
TJK,Tajikistan,1993,1,52.867
TJK,Tajikistan,1994,1,57.48
TJK,Tajikistan,1995,1,59.338
TJK,Tajikistan,1996,2,59.129
TJK,Tajikistan,1997,2,60.348
TJK,Tajikistan,1998,3,61.519
TJK,Tajikistan,1999,3,62.621
TJK,Tajikistan,2000,2,63.26
TJK,Tajikistan,2001,3,64.057
TJK,Tajikistan,2002,6,64.846
TJK,Tajikistan,2003,4,65.552
TJK,Tajikistan,2004,2,66.028
TJK,Tajikistan,2005,3,66.514
TJK,Tajikistan,2006,3,67.013
TJK,Tajikistan,2007,4,67.217
TJK,Tajikistan,2008,2,67.688
TJK,Tajikistan,2009,1,68.039
TJK,Tajikistan,2010,4,67.742
TJK,Tajikistan,2011,2,68.148
TJK,Tajikistan,2012,3,68.484
TJK,Tajikistan,2013,1,68.885
TJK,Tajikistan,2014,2,69.069
TJK,Tajikistan,2015,4,69.306
TJK,Tajikistan,2016,2,69.549
TJK,Tajikistan,2017,3,69.905
TJK,Tajikistan,2018,1,70.353
TJK,Tajikistan,2019,1,70.867
TJK,Tajikistan,2020,1,67.994
TJK,Tajikistan,2021,3,71.594
TKM,Turkmenistan,1993,1,63.804
TKM,Turkmenistan,2000,1,65.026
TLS,Timor-Leste,2001,1,59.362
TLS,Timor-Leste,2003,2,60.871
TLS,Timor-Leste,2005,1,62.328
TLS,Timor-Leste,2006,1,63.073
TLS,Timor-Leste,2007,2,63.723
TLS,Timor-Leste,2014,1,66.787
TLS,Timor-Leste,2015,1,67.137
TLS,Timor-Leste,2016,1,67.446
TLS,Timor-Leste,2020,1,68.475
TLS,Timor-Leste,2021,1,67.737
TLS,Timor-Leste,2022,1,69.056
TON,Tonga,1961,1,58.589
TON,Tonga,1973,1,64.242
TON,Tonga,1977,2,65.302
TON,Tonga,1982,2,66.072
TON,Tonga,1990,1,67.294
TON,Tonga,1997,1,68.49
TON,Tonga,1998,2,68.642
TON,Tonga,2001,1,69.127
TON,Tonga,2004,1,69.67
TON,Tonga,2009,1,70.012
TON,Tonga,2011,1,70.381
TON,Tonga,2014,1,70.54
TON,Tonga,2015,1,70.607
TON,Tonga,2016,3,70.661
TON,Tonga,2018,1,70.779
TON,Tonga,2019,2,70.871
TON,Tonga,2020,1,70.928
TON,Tonga,2022,1,71.27
TTO,"Trinidad and Tobago",1963,1,63.822
TTO,"Trinidad and Tobago",1974,1,66.848
TTO,"Trinidad and Tobago",1990,1,68.272
TTO,"Trinidad and Tobago",1993,1,68.811
TTO,"Trinidad and Tobago",1996,1,69.009
TTO,"Trinidad and Tobago",1997,2,68.719
TTO,"Trinidad and Tobago",2004,2,71.076
TTO,"Trinidad and Tobago",2005,1,71.308
TTO,"Trinidad and Tobago",2010,1,72.725
TTO,"Trinidad and Tobago",2018,1,73.802
TTO,"Trinidad and Tobago",2022,1,74.708
TUN,Tunisia,1962,1,45.513
TUN,Tunisia,1964,2,47.365
TUN,Tunisia,1969,1,52.523
TUN,Tunisia,1973,2,57.2
TUN,Tunisia,1977,1,61.543
TUN,Tunisia,1979,1,63.211
TUN,Tunisia,1982,1,65.417
TUN,Tunisia,1986,1,68.228
TUN,Tunisia,1988,3,69.569
TUN,Tunisia,1990,1,70.11
TUN,Tunisia,2003,1,74.305
TUN,Tunisia,2007,2,75.072
TUN,Tunisia,2009,1,75.267
TUN,Tunisia,2017,1,75.845
TUN,Tunisia,2018,1,75.95
TUN,Tunisia,2020,1,75.292
TUN,Tunisia,2021,2,73.772
TUN,Tunisia,2022,1,74.263
TUR,Turkey,1964,4,53.714
TUR,Turkey,1965,1,54.258
TUR,Turkey,1966,4,54.71
TUR,Turkey,1967,2,55.361
TUR,Turkey,1968,3,55.835
TUR,Turkey,1969,1,56.378
TUR,Turkey,1970,2,56.895
TUR,Turkey,1971,2,57.409
TUR,Turkey,1972,1,58.069
TUR,Turkey,1974,1,59.051
TUR,Turkey,1975,1,59.497
TUR,Turkey,1976,5,59.965
TUR,Turkey,1977,2,60.743
TUR,Turkey,1978,2,61.37
TUR,Turkey,1979,1,61.912
TUR,Turkey,1980,2,62.504
TUR,Turkey,1981,1,63.01
TUR,Turkey,1983,1,64.146
TUR,Turkey,1984,3,64.706
TUR,Turkey,1985,2,65.24
TUR,Turkey,1986,2,65.772
TUR,Turkey,1987,2,66.278
TUR,Turkey,1988,2,66.794
TUR,Turkey,1990,2,67.709
TUR,Turkey,1991,2,68.169
TUR,Turkey,1992,2,68.486
TUR,Turkey,1993,1,68.911
TUR,Turkey,1994,2,69.295
TUR,Turkey,1995,4,69.609
TUR,Turkey,1996,2,70.141
TUR,Turkey,1998,6,71.039
TUR,Turkey,1999,6,70.695
TUR,Turkey,2000,5,71.861
TUR,Turkey,2001,7,72.231
TUR,Turkey,2002,3,72.579
TUR,Turkey,2003,3,72.89
TUR,Turkey,2004,9,73.24
TUR,Turkey,2005,8,73.534
TUR,Turkey,2006,3,73.845
TUR,Turkey,2007,4,74.193
TUR,Turkey,2008,1,74.45
TUR,Turkey,2009,3,74.765
TUR,Turkey,2010,2,75.069
TUR,Turkey,2011,3,74.941
TUR,Turkey,2012,1,75.678
TUR,Turkey,2014,1,76.565
TUR,Turkey,2015,1,76.646
TUR,Turkey,2017,2,77.141
TUR,Turkey,2018,1,77.563
TUR,Turkey,2019,4,77.832
TUR,Turkey,2020,10,75.85
TUR,Turkey,2021,3,76.032
TUR,Turkey,2022,3,78.475
TUV,Tuvalu,1972,1,54.364
TUV,Tuvalu,1984,1,61.541
TUV,Tuvalu,1987,1,61.444
TUV,Tuvalu,1990,1,61.661
TUV,Tuvalu,1993,1,62.654
TUV,Tuvalu,2011,1,63.974
TUV,Tuvalu,2015,1,64.06
TUV,Tuvalu,2020,1,64.382
TUV,Tuvalu,2021,1,64.547
TZA,"Tanzania, United Republic of",1964,2,43.747
TZA,"Tanzania, United Republic of",1967,1,44.756
TZA,"Tanzania, United Republic of",1968,1,45.366
TZA,"Tanzania, United Republic of",1974,1,48.306
TZA,"Tanzania, United Republic of",1977,3,49.842
TZA,"Tanzania, United Republic of",1978,1,50.321
TZA,"Tanzania, United Republic of",1979,1,50.907
TZA,"Tanzania, United Republic of",1980,1,51.201
TZA,"Tanzania, United Republic of",1982,1,51.528
TZA,"Tanzania, United Republic of",1983,1,51.543
TZA,"Tanzania, United Republic of",1984,1,51.546
TZA,"Tanzania, United Republic of",1985,1,51.556
TZA,"Tanzania, United Republic of",1986,2,51.672
TZA,"Tanzania, United Republic of",1987,1,51.726
TZA,"Tanzania, United Republic of",1988,1,51.843
TZA,"Tanzania, United Republic of",1989,1,51.739
TZA,"Tanzania, United Republic of",1990,3,51.485
TZA,"Tanzania, United Republic of",1991,3,51.306
TZA,"Tanzania, United Republic of",1992,1,50.989
TZA,"Tanzania, United Republic of",1993,2,50.87
TZA,"Tanzania, United Republic of",1994,2,50.797
TZA,"Tanzania, United Republic of",1995,2,50.786
TZA,"Tanzania, United Republic of",1996,1,50.744
TZA,"Tanzania, United Republic of",1997,5,50.624
TZA,"Tanzania, United Republic of",1998,4,50.914
TZA,"Tanzania, United Republic of",1999,1,51.748
TZA,"Tanzania, United Republic of",2000,6,52.362
TZA,"Tanzania, United Republic of",2001,5,53.161
TZA,"Tanzania, United Republic of",2002,3,53.863
TZA,"Tanzania, United Republic of",2003,2,54.895
TZA,"Tanzania, United Republic of",2004,2,55.596
TZA,"Tanzania, United Republic of",2005,3,56.299
TZA,"Tanzania, United Republic of",2006,8,56.911
TZA,"Tanzania, United Republic of",2007,2,57.52
TZA,"Tanzania, United Republic of",2008,4,58.086
TZA,"Tanzania, United Republic of",2009,4,58.894
TZA,"Tanzania, United Republic of",2011,4,61.049
TZA,"Tanzania, United Republic of",2012,1,62.03
TZA,"Tanzania, United Republic of",2014,2,63.873
TZA,"Tanzania, United Republic of",2015,4,64.651
TZA,"Tanzania, United Republic of",2016,4,65.386
TZA,"Tanzania, United Republic of",2017,1,65.999
TZA,"Tanzania, United Republic of",2018,1,66.535
TZA,"Tanzania, United Republic of",2019,6,66.989
TZA,"Tanzania, United Republic of",2020,5,66.408
TZA,"Tanzania, United Republic of",2021,3,66.201
TZA,"Tanzania, United Republic of",2022,2,66.782
UGA,Uganda,1966,1,48.338
UGA,Uganda,1967,1,48.962
UGA,Uganda,1979,1,44.981
UGA,Uganda,1982,1,43.185
UGA,Uganda,1986,1,45.322
UGA,Uganda,1987,1,46.619
UGA,Uganda,1988,1,46.701
UGA,Uganda,1989,1,46.472
UGA,Uganda,1990,3,46.443
UGA,Uganda,1991,1,46.316
UGA,Uganda,1992,1,46.368
UGA,Uganda,1994,1,46.353
UGA,Uganda,1996,1,46.67
UGA,Uganda,1997,4,46.977
UGA,Uganda,1998,3,47.175
UGA,Uganda,1999,4,47.786
UGA,Uganda,2000,4,48.342
UGA,Uganda,2001,4,49.006
UGA,Uganda,2002,4,49.648
UGA,Uganda,2003,3,50.368
UGA,Uganda,2004,3,51.547
UGA,Uganda,2005,3,52.976
UGA,Uganda,2006,6,54.369
UGA,Uganda,2007,4,55.236
UGA,Uganda,2008,3,55.823
UGA,Uganda,2009,2,56.488
UGA,Uganda,2010,2,57.055
UGA,Uganda,2011,3,57.965
UGA,Uganda,2012,5,58.817
UGA,Uganda,2013,4,59.763
UGA,Uganda,2016,3,61.648
UGA,Uganda,2017,1,62.115
UGA,Uganda,2018,2,62.714
UGA,Uganda,2019,8,62.991
UGA,Uganda,2020,7,62.851
UGA,Uganda,2021,3,62.705
UGA,Uganda,2022,6,63.638
UKR,Ukraine,1992,1,68.7709756097561
UKR,Ukraine,1993,2,68.1307317073171
UKR,Ukraine,1994,1,67.5412195121951
UKR,Ukraine,1995,2,66.7419512195122
UKR,Ukraine,1996,1,67.0224390243903
UKR,Ukraine,1997,3,67.5763414634146
UKR,Ukraine,1998,1,68.3748780487805
UKR,Ukraine,2000,4,67.6756097560976
UKR,Ukraine,2001,1,67.8370731707317
UKR,Ukraine,2003,1,68.2107317073171
UKR,Ukraine,2005,1,67.9568292682927
UKR,Ukraine,2006,3,68.0775609756098
UKR,Ukraine,2007,2,68.2221951219512
UKR,Ukraine,2008,1,68.2514634146342
UKR,Ukraine,2009,2,69.19
UKR,Ukraine,2010,1,70.2653658536586
UKR,Ukraine,2012,3,70.9441463414634
UKR,Ukraine,2013,1,71.159512195122
UKR,Ukraine,2016,2,71.4763414634146
UKR,Ukraine,2017,1,71.7809756097561
UKR,Ukraine,2018,1,71.5826829268293
UKR,Ukraine,2020,3,71.1851219512195
UKR,Ukraine,2021,1,69.6478048780488
URY,Uruguay,1967,1,68.558
URY,Uruguay,1986,1,72.381
URY,Uruguay,1991,1,73.305
URY,Uruguay,1992,1,73.441
URY,Uruguay,1993,1,73.579
URY,Uruguay,1997,1,74.298
URY,Uruguay,1998,1,74.527
URY,Uruguay,1999,2,74.769
URY,Uruguay,2000,3,75.025
URY,Uruguay,2001,1,75.285
URY,Uruguay,2002,2,75.54
URY,Uruguay,2003,1,75.785
URY,Uruguay,2004,1,76.007
URY,Uruguay,2005,1,76.194
URY,Uruguay,2007,3,76.498
URY,Uruguay,2009,1,76.738
URY,Uruguay,2010,1,76.858
URY,Uruguay,2015,3,77.483
URY,Uruguay,2016,1,77.571
URY,Uruguay,2017,1,77.625
URY,Uruguay,2018,1,77.611
URY,Uruguay,2019,3,77.508
URY,Uruguay,2020,2,78.43
URY,Uruguay,2022,2,78
USA,"United States",1960,2,69.7707317073171
USA,"United States",1961,2,70.2707317073171
USA,"United States",1962,3,70.119512195122
USA,"United States",1963,3,69.9170731707317
USA,"United States",1964,6,70.1658536585366
USA,"United States",1965,3,70.2146341463415
USA,"United States",1966,6,70.2121951219512
USA,"United States",1967,5,70.5609756097561
USA,"United States",1968,3,69.9512195121951
USA,"United States",1969,7,70.5073170731708
USA,"United States",1970,3,70.8073170731707
USA,"United States",1971,3,71.1073170731707
USA,"United States",1972,5,71.1560975609756
USA,"United States",1973,7,71.3560975609756
USA,"United States",1974,2,71.9560975609756
USA,"United States",1975,5,72.6048780487805
USA,"United States",1976,1,72.8560975609756
USA,"United States",1977,6,73.2560975609756
USA,"United States",1978,5,73.3560975609756
USA,"United States",1979,4,73.8048780487805
USA,"United States",1980,8,73.609756097561
USA,"United States",1981,4,74.009756097561
USA,"United States",1982,13,74.3609756097561
USA,"United States",1983,12,74.4634146341463
USA,"United States",1984,14,74.5634146341464
USA,"United States",1985,15,74.5634146341464
USA,"United States",1986,7,74.6146341463415
USA,"United States",1987,11,74.7658536585366
USA,"United States",1988,22,74.7658536585366
USA,"United States",1989,19,75.0170731707317
USA,"United States",1990,24,75.2146341463415
USA,"United States",1991,36,75.3658536585366
USA,"United States",1992,32,75.6170731707317
USA,"United States",1993,30,75.419512195122
USA,"United States",1994,16,75.619512195122
USA,"United States",1995,17,75.6219512195122
USA,"United States",1996,14,76.0268292682927
USA,"United States",1997,33,76.4292682926829
USA,"United States",1998,32,76.5804878048781
USA,"United States",1999,22,76.5829268292683
USA,"United States",2000,31,76.6365853658537
USA,"United States",2001,27,76.8365853658537
USA,"United States",2002,31,76.9365853658537
USA,"United States",2003,23,77.0365853658537
USA,"United States",2004,20,77.4878048780488
USA,"United States",2005,16,77.4878048780488
USA,"United States",2006,30,77.6878048780488
USA,"United States",2007,23,77.9878048780488
USA,"United States",2008,22,78.0390243902439
USA,"United States",2009,17,78.390243902439
USA,"United States",2010,15,78.5414634146342
USA,"United States",2011,22,78.6414634146341
USA,"United States",2012,25,78.7414634146342
USA,"United States",2013,28,78.7414634146342
USA,"United States",2014,20,78.8414634146341
USA,"United States",2015,29,78.690243902439
USA,"United States",2016,27,78.5390243902439
USA,"United States",2017,24,78.5390243902439
USA,"United States",2018,20,78.6390243902439
USA,"United States",2019,21,78.7878048780488
USA,"United States",2020,23,76.9804878048781
USA,"United States",2021,43,76.3292682926829
USA,"United States",2022,27,77.4341463414634
UZB,Uzbekistan,1992,2,65.109
UZB,Uzbekistan,1998,1,65.035
UZB,Uzbekistan,1999,1,65.383
UZB,Uzbekistan,2000,1,65.724
UZB,Uzbekistan,2005,1,67.49
UZB,Uzbekistan,2011,1,69.649
UZB,Uzbekistan,2020,1,70.331
UZB,Uzbekistan,2021,1,70.862
UZB,Uzbekistan,2022,1,71.674
VCT,"Saint Vincent and the Grenadines",1967,1,66.666
VCT,"Saint Vincent and the Grenadines",1971,1,68.733
VCT,"Saint Vincent and the Grenadines",1977,1,69.676
VCT,"Saint Vincent and the Grenadines",1979,1,69.752
VCT,"Saint Vincent and the Grenadines",1980,1,70.184
VCT,"Saint Vincent and the Grenadines",1986,1,71.639
VCT,"Saint Vincent and the Grenadines",1987,2,72.046
VCT,"Saint Vincent and the Grenadines",1992,1,72.624
VCT,"Saint Vincent and the Grenadines",1999,1,71.3
VCT,"Saint Vincent and the Grenadines",2002,1,72.168
VCT,"Saint Vincent and the Grenadines",2004,1,73.035
VCT,"Saint Vincent and the Grenadines",2005,1,73.516
VCT,"Saint Vincent and the Grenadines",2010,2,74.718
VCT,"Saint Vincent and the Grenadines",2011,1,74.596
VCT,"Saint Vincent and the Grenadines",2013,1,73.798
VCT,"Saint Vincent and the Grenadines",2016,2,74.28
VCT,"Saint Vincent and the Grenadines",2020,1,72.126
VCT,"Saint Vincent and the Grenadines",2021,2,69.629
VEN,"Venezuela, Bolivarian Republic of",1962,1,59.529
VEN,"Venezuela, Bolivarian Republic of",1967,2,62.348
VEN,"Venezuela, Bolivarian Republic of",1971,1,64.933
VEN,"Venezuela, Bolivarian Republic of",1980,1,68.762
VEN,"Venezuela, Bolivarian Republic of",1981,1,69.442
VEN,"Venezuela, Bolivarian Republic of",1985,1,70.596
VEN,"Venezuela, Bolivarian Republic of",1986,2,71.037
VEN,"Venezuela, Bolivarian Republic of",1987,2,71.047
VEN,"Venezuela, Bolivarian Republic of",1988,3,71.252
VEN,"Venezuela, Bolivarian Republic of",1989,2,71.348
VEN,"Venezuela, Bolivarian Republic of",1990,1,71.532
VEN,"Venezuela, Bolivarian Republic of",1991,1,71.832
VEN,"Venezuela, Bolivarian Republic of",1992,1,71.806
VEN,"Venezuela, Bolivarian Republic of",1993,1,71.925
VEN,"Venezuela, Bolivarian Republic of",1994,2,71.853
VEN,"Venezuela, Bolivarian Republic of",1995,1,72.143
VEN,"Venezuela, Bolivarian Republic of",1996,2,72.111
VEN,"Venezuela, Bolivarian Republic of",1997,2,72.703
VEN,"Venezuela, Bolivarian Republic of",1999,3,72.254
VEN,"Venezuela, Bolivarian Republic of",2000,2,72.478
VEN,"Venezuela, Bolivarian Republic of",2002,1,72.662
VEN,"Venezuela, Bolivarian Republic of",2003,2,71.94
VEN,"Venezuela, Bolivarian Republic of",2004,2,72.514
VEN,"Venezuela, Bolivarian Republic of",2005,4,72.782
VEN,"Venezuela, Bolivarian Republic of",2006,1,72.742
VEN,"Venezuela, Bolivarian Republic of",2008,1,72.436
VEN,"Venezuela, Bolivarian Republic of",2009,1,72.579
VEN,"Venezuela, Bolivarian Republic of",2010,2,72.89
VEN,"Venezuela, Bolivarian Republic of",2011,4,72.913
VEN,"Venezuela, Bolivarian Republic of",2012,1,73.036
VEN,"Venezuela, Bolivarian Republic of",2015,1,73.006
VEN,"Venezuela, Bolivarian Republic of",2016,1,72.058
VEN,"Venezuela, Bolivarian Republic of",2018,2,71.979
VEN,"Venezuela, Bolivarian Republic of",2019,1,72.161
VEN,"Venezuela, Bolivarian Republic of",2020,1,71.095
VEN,"Venezuela, Bolivarian Republic of",2021,2,70.554
VEN,"Venezuela, Bolivarian Republic of",2022,8,71.105
VGB,"Virgin Islands, British",1996,1,74.622
VGB,"Virgin Islands, British",2017,2,74.785
VIR,"Virgin Islands, U.S.",1989,1,71.0024634146341
VIR,"Virgin Islands, U.S.",1995,2,72.0099756097561
VIR,"Virgin Islands, U.S.",1998,1,72.3258292682927
VIR,"Virgin Islands, U.S.",1999,1,72.1968536585366
VIR,"Virgin Islands, U.S.",2004,1,77.7731707317073
VIR,"Virgin Islands, U.S.",2017,2,79.3682926829268
VNM,"Viet Nam",1964,3,59.323
VNM,"Viet Nam",1966,1,58.467
VNM,"Viet Nam",1970,1,56.222
VNM,"Viet Nam",1971,2,56.749
VNM,"Viet Nam",1973,1,56.786
VNM,"Viet Nam",1977,1,65.049
VNM,"Viet Nam",1978,2,65.529
VNM,"Viet Nam",1980,3,66.195
VNM,"Viet Nam",1982,1,67.106
VNM,"Viet Nam",1983,3,67.148
VNM,"Viet Nam",1984,3,67.305
VNM,"Viet Nam",1985,2,67.601
VNM,"Viet Nam",1986,2,68.013
VNM,"Viet Nam",1987,3,68.392
VNM,"Viet Nam",1988,2,68.469
VNM,"Viet Nam",1989,3,69.076
VNM,"Viet Nam",1990,5,69.213
VNM,"Viet Nam",1991,7,69.849
VNM,"Viet Nam",1992,5,69.958
VNM,"Viet Nam",1993,4,70.621
VNM,"Viet Nam",1994,3,70.759
VNM,"Viet Nam",1995,2,71.384
VNM,"Viet Nam",1996,7,71.51
VNM,"Viet Nam",1997,4,71.802
VNM,"Viet Nam",1998,6,72.107
VNM,"Viet Nam",1999,5,72.317
VNM,"Viet Nam",2000,11,72.462
VNM,"Viet Nam",2001,7,72.647
VNM,"Viet Nam",2002,6,72.801
VNM,"Viet Nam",2003,5,72.98
VNM,"Viet Nam",2004,6,73.135
VNM,"Viet Nam",2005,11,73.271
VNM,"Viet Nam",2006,11,73.319
VNM,"Viet Nam",2007,7,73.436
VNM,"Viet Nam",2008,10,73.411
VNM,"Viet Nam",2009,6,73.498
VNM,"Viet Nam",2010,7,73.513
VNM,"Viet Nam",2011,5,73.692
VNM,"Viet Nam",2012,4,73.704
VNM,"Viet Nam",2013,10,73.775
VNM,"Viet Nam",2014,3,73.855
VNM,"Viet Nam",2015,5,73.876
VNM,"Viet Nam",2016,9,73.938
VNM,"Viet Nam",2017,9,73.963
VNM,"Viet Nam",2018,7,73.976
VNM,"Viet Nam",2019,8,74.093
VNM,"Viet Nam",2020,11,75.378
VNM,"Viet Nam",2021,8,73.618
VNM,"Viet Nam",2022,8,74.58
VUT,Vanuatu,1972,3,56.271
VUT,Vanuatu,1975,1,58.087
VUT,Vanuatu,1977,1,59.223
VUT,Vanuatu,1979,1,60.446
VUT,Vanuatu,1981,2,61.824
VUT,Vanuatu,1985,1,64.231
VUT,Vanuatu,1987,1,64.578
VUT,Vanuatu,1988,3,66.04
VUT,Vanuatu,1989,1,66.134
VUT,Vanuatu,1990,3,66.675
VUT,Vanuatu,1992,2,67.353
VUT,Vanuatu,1993,1,67.528
VUT,Vanuatu,1994,1,67.739
VUT,Vanuatu,1998,1,68.763
VUT,Vanuatu,1999,2,68.237
VUT,Vanuatu,2001,3,69.037
VUT,Vanuatu,2002,3,69.196
VUT,Vanuatu,2004,1,69.313
VUT,Vanuatu,2005,1,69.39
VUT,Vanuatu,2006,1,69.462
VUT,Vanuatu,2008,1,69.602
VUT,Vanuatu,2009,2,69.653
VUT,Vanuatu,2011,2,69.551
VUT,Vanuatu,2014,1,69.465
VUT,Vanuatu,2015,1,69.513
VUT,Vanuatu,2016,1,69.65
VUT,Vanuatu,2017,2,69.71
VUT,Vanuatu,2018,2,69.795
VUT,Vanuatu,2020,1,70.299
VUT,Vanuatu,2021,1,70.449
WSM,Samoa,1964,1,53.601
WSM,Samoa,1966,1,57.922
WSM,Samoa,1968,1,59.076
WSM,Samoa,1983,2,65.736
WSM,Samoa,1989,1,67.471
WSM,Samoa,1990,1,67.658
WSM,Samoa,1991,1,67.881
WSM,Samoa,2001,1,71.019
WSM,Samoa,2004,1,71.696
WSM,Samoa,2005,1,71.754
WSM,Samoa,2009,1,70.066
WSM,Samoa,2012,1,72.167
WSM,Samoa,2015,1,72.515
WSM,Samoa,2018,1,72.636
WSM,Samoa,2019,1,72.157
YEM,Yemen,1991,2,59.049
YEM,Yemen,1993,1,59.859
YEM,Yemen,1996,2,60.568
YEM,Yemen,1998,2,61.375
YEM,Yemen,1999,1,61.975
YEM,Yemen,2000,1,62.588
YEM,Yemen,2001,3,63.222
YEM,Yemen,2002,4,63.906
YEM,Yemen,2003,1,64.541
YEM,Yemen,2005,4,65.543
YEM,Yemen,2006,2,65.988
YEM,Yemen,2007,4,66.565
YEM,Yemen,2008,1,66.963
YEM,Yemen,2009,1,67.196
YEM,Yemen,2010,2,67.28
YEM,Yemen,2013,1,67.545
YEM,Yemen,2015,3,65.873
YEM,Yemen,2016,3,66.064
YEM,Yemen,2017,3,65.957
YEM,Yemen,2018,2,64.575
YEM,Yemen,2019,5,65.092
YEM,Yemen,2020,4,64.65
YEM,Yemen,2021,2,63.753
YEM,Yemen,2022,3,63.72
ZAF,"South Africa",1964,1,53.906
ZAF,"South Africa",1968,1,54.876
ZAF,"South Africa",1969,1,55.194
ZAF,"South Africa",1974,1,57.117
ZAF,"South Africa",1977,1,58.492
ZAF,"South Africa",1978,1,58.979
ZAF,"South Africa",1981,1,60.364
ZAF,"South Africa",1982,1,60.933
ZAF,"South Africa",1983,1,61.465
ZAF,"South Africa",1984,2,61.907
ZAF,"South Africa",1986,1,62.912
ZAF,"South Africa",1987,1,63.041
ZAF,"South Africa",1988,2,63.345
ZAF,"South Africa",1990,2,63.375
ZAF,"South Africa",1991,2,63.265
ZAF,"South Africa",1993,2,63.045
ZAF,"South Africa",1994,2,62.612
ZAF,"South Africa",1995,2,62.262
ZAF,"South Africa",1996,4,61.459
ZAF,"South Africa",1997,2,60.805
ZAF,"South Africa",1998,2,60.001
ZAF,"South Africa",1999,5,59.241
ZAF,"South Africa",2000,5,58.47
ZAF,"South Africa",2001,6,57.261
ZAF,"South Africa",2002,9,55.666
ZAF,"South Africa",2003,2,54.331
ZAF,"South Africa",2004,3,54.043
ZAF,"South Africa",2005,1,53.98
ZAF,"South Africa",2006,2,54.278
ZAF,"South Africa",2007,3,54.992
ZAF,"South Africa",2008,4,56.022
ZAF,"South Africa",2009,3,57.447
ZAF,"South Africa",2010,1,58.899
ZAF,"South Africa",2011,3,60.651
ZAF,"South Africa",2012,2,61.846
ZAF,"South Africa",2013,1,62.533
ZAF,"South Africa",2014,2,63.38
ZAF,"South Africa",2015,1,63.95
ZAF,"South Africa",2016,3,64.747
ZAF,"South Africa",2017,5,65.402
ZAF,"South Africa",2019,6,66.175
ZAF,"South Africa",2020,2,65.252
ZAF,"South Africa",2021,4,62.341
ZAF,"South Africa",2022,8,61.48
ZMB,Zambia,1978,1,54.61
ZMB,Zambia,1979,1,54.439
ZMB,Zambia,1982,2,53.859
ZMB,Zambia,1986,1,51.061
ZMB,Zambia,1989,1,48.696
ZMB,Zambia,1990,1,47.926
ZMB,Zambia,1991,2,47.097
ZMB,Zambia,1992,1,46.512
ZMB,Zambia,1995,1,45.553
ZMB,Zambia,1998,1,44.701
ZMB,Zambia,1999,4,44.659
ZMB,Zambia,2000,3,45.231
ZMB,Zambia,2001,2,46.019
ZMB,Zambia,2003,3,48.284
ZMB,Zambia,2004,1,49.487
ZMB,Zambia,2005,3,50.659
ZMB,Zambia,2006,1,51.795
ZMB,Zambia,2007,4,52.739
ZMB,Zambia,2008,2,53.945
ZMB,Zambia,2009,2,55.3
ZMB,Zambia,2010,2,56.799
ZMB,Zambia,2011,1,57.771
ZMB,Zambia,2012,1,58.867
ZMB,Zambia,2013,1,59.878
ZMB,Zambia,2014,1,60.699
ZMB,Zambia,2017,1,62.12
ZMB,Zambia,2019,2,62.793
ZMB,Zambia,2020,3,62.38
ZMB,Zambia,2021,1,61.223
ZMB,Zambia,2022,1,61.803
ZWE,Zimbabwe,1975,1,57.552
ZWE,Zimbabwe,1982,1,59.875
ZWE,Zimbabwe,1991,1,58.091
ZWE,Zimbabwe,1992,1,56.435
ZWE,Zimbabwe,1996,1,48.955
ZWE,Zimbabwe,1998,4,46.819
ZWE,Zimbabwe,1999,2,45.206
ZWE,Zimbabwe,2000,4,44.686
ZWE,Zimbabwe,2001,2,41.957
ZWE,Zimbabwe,2002,2,44.565
ZWE,Zimbabwe,2003,3,43.393
ZWE,Zimbabwe,2005,2,44.768
ZWE,Zimbabwe,2007,5,45.61
ZWE,Zimbabwe,2008,1,46.723
ZWE,Zimbabwe,2009,2,48.063
ZWE,Zimbabwe,2010,4,50.652
ZWE,Zimbabwe,2011,2,53.347
ZWE,Zimbabwe,2013,2,57.458
ZWE,Zimbabwe,2014,2,58.846
ZWE,Zimbabwe,2015,2,59.591
ZWE,Zimbabwe,2016,1,60.306
ZWE,Zimbabwe,2017,2,60.709
ZWE,Zimbabwe,2018,2,61.414
ZWE,Zimbabwe,2019,2,61.292
ZWE,Zimbabwe,2021,2,59.253
ZWE,Zimbabwe,2022,3,59.391
