iso,country_name,start_year,gdp_per_capita,income_group,life_expectancy,num_disasters
AFG,Afghanistan,2000,308.32,3,55.3,5
AFG,Afghanistan,2001,277.12,3,55.8,5
AFG,Afghanistan,2002,338.14,3,56.45,16
AFG,Afghanistan,2003,346.07,3,57.34,9
AFG,Afghanistan,2004,338.64,3,57.94,3
AFG,Afghanistan,2005,363.64,3,58.36,13
AFG,Afghanistan,2006,367.76,3,58.68,13
AFG,Afghanistan,2007,410.76,3,59.11,7
AFG,Afghanistan,2008,417.65,3,59.85,4
AFG,Afghanistan,2009,488.83,3,60.36,5
AFG,Afghanistan,2010,542.87,3,60.85,5
AFG,Afghanistan,2011,525.43,3,61.42,4
AFG,Afghanistan,2012,568.93,3,61.92,11
AFG,Afghanistan,2013,580.6,3,62.42,6
AFG,Afghanistan,2014,575.15,3,62.54,3
AFG,Afghanistan,2015,565.57,3,62.66,7
AFG,Afghanistan,2016,563.87,3,63.14,4
AFG,Afghanistan,2017,562.77,3,63.02,5
AFG,Afghanistan,2018,553.13,3,63.08,5
AFG,Afghanistan,2019,557.86,3,63.56,7
AFG,Afghanistan,2020,527.83,3,62.58,7
AFG,Afghanistan,2021,408.63,3,61.98,4
AFG,Afghanistan,2022,377.67,3,62.88,8
AGO,Angola,1981,2613.74,2,42.77,1
AGO,Angola,1985,2577.47,2,42.65,1
AGO,Angola,1987,2571.5,2,40.92,1
AGO,Angola,1989,2550.29,2,41.76,3
AGO,Angola,1995,1701.7,2,45.85,1
AGO,Angola,1997,1936.92,2,46.31,1
AGO,Angola,1998,1961.04,2,45.06,1
AGO,Angola,1999,1938.86,2,45.39,2
AGO,Angola,2000,1932.99,2,46.02,6
AGO,Angola,2001,1947.86,2,46.59,3
AGO,Angola,2003,2128.2,2,49.62,2
AGO,Angola,2004,2277.87,2,50.59,5
AGO,Angola,2005,2526.41,2,51.57,1
AGO,Angola,2006,2716.25,2,52.37,3
AGO,Angola,2007,2983.04,2,53.64,4
AGO,Angola,2008,3193.29,2,54.63,2
AGO,Angola,2009,3100.61,2,55.75,5
AGO,Angola,2010,3114.7,2,56.73,3
AGO,Angola,2011,3099.94,2,57.6,4
AGO,Angola,2012,3236.57,2,58.62,1
AGO,Angola,2013,3268.64,2,59.31,1
AGO,Angola,2015,3213.9,2,60.66,4
AGO,Angola,2016,3020.98,2,61.09,4
AGO,Angola,2017,2911.6,2,61.68,2
AGO,Angola,2018,2775.75,2,62.14,2
AGO,Angola,2019,2664.44,2,62.45,3
AGO,Angola,2020,2433.38,2,62.26,3
AGO,Angola,2021,2385.45,2,61.64,2
ALB,Albania,1982,1818.37,2,71.02,1
ALB,Albania,1985,1735.29,2,71.66,2
ALB,Albania,1988,1691.53,2,72.64,1
ALB,Albania,1989,1808.65,2,72.88,1
ALB,Albania,1992,1086.44,3,73.72,1
ALB,Albania,1995,1488.02,2,74.36,2
ALB,Albania,1996,1633.55,2,74.59,1
ALB,Albania,1997,1464.3,2,73.9,1
ALB,Albania,1998,1603.65,2,74.99,1
ALB,Albania,2002,2247.5,2,75.89,3
ALB,Albania,2004,2522.45,2,76.38,2
ALB,Albania,2005,2675.51,2,76.62,2
ALB,Albania,2007,3044.9,2,77.55,2
ALB,Albania,2009,3432.17,2,77.78,2
ALB,Albania,2010,3577.11,2,77.94,1
ALB,Albania,2012,3736.34,2,78.06,1
ALB,Albania,2015,3952.8,2,78.64,3
ALB,Albania,2016,4090.37,2,78.86,1
ALB,Albania,2017,4249.82,2,79.05,2
ALB,Albania,2018,4431.56,2,79.18,1
ALB,Albania,2019,4542.27,2,79.28,3
ALB,Albania,2021,4858.05,2,76.46,1
ALB,Albania,2022,5154.83,2,76.83,1
ARE,"United Arab Emirates",2017,42690.21,1,79.5,1
ARG,Argentina,1965,8219.55,2,64.59,1
ARG,Argentina,1966,8041.22,2,64.89,1
ARG,Argentina,1967,8172.27,2,64.99,1
ARG,Argentina,1970,9244.12,2,65.59,1
ARG,Argentina,1972,9617.69,2,65.92,1
ARG,Argentina,1973,9729.53,2,66.32,1
ARG,Argentina,1974,10100.45,2,66.56,1
ARG,Argentina,1975,9936.5,2,67.08,1
ARG,Argentina,1977,10088.34,2,67.86,2
ARG,Argentina,1978,9480.94,2,68.2,2
ARG,Argentina,1979,10284.61,2,68.49,1
ARG,Argentina,1980,10275.8,2,68.56,2
ARG,Argentina,1982,9365.68,2,68.94,1
ARG,Argentina,1983,9617.7,2,69.27,2
ARG,Argentina,1984,9614.45,2,69.19,1
ARG,Argentina,1985,8973.32,2,69.65,3
ARG,Argentina,1986,9378.47,2,70.12,2
ARG,Argentina,1987,9484.46,2,70.56,3
ARG,Argentina,1988,9236.81,2,71.05,1
ARG,Argentina,1990,8115.09,2,71.78,1
ARG,Argentina,1991,8729.82,2,72.32,1
ARG,Argentina,1992,9293.19,2,72.43,3
ARG,Argentina,1993,9920.67,2,72.56,4
ARG,Argentina,1994,10359.89,2,73.17,1
ARG,Argentina,1995,9934.11,2,73.13,4
ARG,Argentina,1997,11056.69,2,73.09,1
ARG,Argentina,1998,11348.2,2,73.47,2
ARG,Argentina,1999,10838.32,2,73.72,1
ARG,Argentina,2000,10631.65,2,73.93,8
ARG,Argentina,2001,10051.94,2,74.19,7
ARG,Argentina,2002,8861.56,2,74.41,4
ARG,Argentina,2003,9545.53,2,74.08,4
ARG,Argentina,2004,10302.45,2,74.86,3
ARG,Argentina,2005,11099.75,2,75.14,1
ARG,Argentina,2006,11870.28,2,75.43,1
ARG,Argentina,2007,12811.9,1,75.01,3
ARG,Argentina,2008,13197.36,1,75.64,2
ARG,Argentina,2009,12285.38,2,75.94,6
ARG,Argentina,2010,13387.16,1,75.72,1
ARG,Argentina,2011,14040.62,1,76.12,1
ARG,Argentina,2012,13754.43,1,76.47,3
ARG,Argentina,2013,13946.1,1,76.49,2
ARG,Argentina,2014,13456.13,1,76.76,4
ARG,Argentina,2015,13679.63,1,76.76,5
ARG,Argentina,2016,13265.89,1,76.31,2
ARG,Argentina,2017,13520.11,1,76.83,4
ARG,Argentina,2018,13058.33,1,77,5
ARG,Argentina,2019,12706.4,1,77.28,4
ARG,Argentina,2020,11393.05,2,75.89,2
ARG,Argentina,2021,12549.28,2,75.39,3
ARG,Argentina,2022,13182.79,1,76.06,1
ARM,Armenia,1997,1039.08,3,69.91,2
ARM,Armenia,1998,1128.1,3,70.51,1
ARM,Armenia,2000,1229.22,2,70.62,1
ARM,Armenia,2004,1955.22,2,71.42,1
ARM,Armenia,2013,3266.3,2,73.68,2
ARM,Armenia,2016,3533.89,2,74.66,1
ARM,Armenia,2018,4027.83,2,75.06,1
ARM,Armenia,2019,4343.46,2,75.44,1
ARM,Armenia,2020,4032.09,2,72.17,1
ATG,"Antigua and Barbuda",1983,7950.26,2,73.47,1
ATG,"Antigua and Barbuda",1989,12727.13,1,73.42,1
ATG,"Antigua and Barbuda",1990,13164.23,1,73.49,1
ATG,"Antigua and Barbuda",1995,13517.21,1,73.64,1
ATG,"Antigua and Barbuda",1998,14989.18,1,74.04,1
ATG,"Antigua and Barbuda",1999,15280.32,1,74.35,2
ATG,"Antigua and Barbuda",2008,20461.26,1,76.41,1
ATG,"Antigua and Barbuda",2010,16132.61,1,76.82,1
ATG,"Antigua and Barbuda",2017,16951.51,1,78.27,1
AUS,Australia,1967,23587.63,1,70.87,2
AUS,Australia,1968,24355.63,1,70.92,2
AUS,Australia,1970,26829.76,1,71.02,1
AUS,Australia,1971,26975.67,1,71.07,2
AUS,Australia,1973,27812.45,1,71.85,1
AUS,Australia,1974,28231.02,1,72.24,4
AUS,Australia,1976,28700.29,1,73.01,4
AUS,Australia,1977,29399,1,73.34,1
AUS,Australia,1978,29318.75,1,73.67,4
AUS,Australia,1979,30178.39,1,74,1
AUS,Australia,1981,31251.82,1,74.66,2
AUS,Australia,1982,31736.04,1,74.9,3
AUS,Australia,1983,30608.37,1,75.15,1
AUS,Australia,1984,31632.39,1,75.39,1
AUS,Australia,1985,32861.42,1,75.63,3
AUS,Australia,1986,33674.17,1,75.87,4
AUS,Australia,1988,35389.46,1,76.43,3
AUS,Australia,1989,36143.15,1,76.71,4
AUS,Australia,1990,36886.14,1,76.99,4
AUS,Australia,1991,36279.75,1,77.28,3
AUS,Australia,1992,36029.48,1,77.38,3
AUS,Australia,1993,37155.51,1,77.88,4
AUS,Australia,1994,38264.15,1,77.88,9
AUS,Australia,1995,39310.8,1,77.83,5
AUS,Australia,1996,40337.11,1,78.08,9
AUS,Australia,1997,41464.5,1,78.48,4
AUS,Australia,1998,42967.66,1,78.63,6
AUS,Australia,1999,44636.94,1,78.93,5
AUS,Australia,2000,45859.52,1,79.23,6
AUS,Australia,2001,46191.31,1,79.63,9
AUS,Australia,2002,47486.28,1,79.94,5
AUS,Australia,2003,48394.13,1,80.24,10
AUS,Australia,2004,49902.02,1,80.49,7
AUS,Australia,2005,50853.2,1,80.84,4
AUS,Australia,2006,51553.97,1,81.04,8
AUS,Australia,2007,52531.76,1,81.29,2
AUS,Australia,2008,53336.1,1,81.4,5
AUS,Australia,2009,53237.01,1,81.54,6
AUS,Australia,2010,53578.81,1,81.7,8
AUS,Australia,2011,54111.36,1,81.9,3
AUS,Australia,2012,55257.57,1,82.05,2
AUS,Australia,2013,55728.02,1,82.15,3
AUS,Australia,2014,56327.85,1,82.3,4
AUS,Australia,2015,56739.03,1,82.4,8
AUS,Australia,2016,57401.07,1,82.45,4
AUS,Australia,2017,57750.65,1,82.5,3
AUS,Australia,2018,58530.78,1,82.75,3
AUS,Australia,2019,58924.73,1,82.9,3
AUS,Australia,2020,58132.8,1,83.2,3
AUS,Australia,2021,59276.5,1,83.3,7
AUS,Australia,2022,61009.81,1,83.2,5
AUT,Austria,1975,21509.31,1,71.11,1
AUT,Austria,1976,22533.88,1,71.57,1
AUT,Austria,1980,25379.46,1,72.46,1
AUT,Austria,1981,25278.3,1,72.81,1
AUT,Austria,1982,25768.22,1,72.96,2
AUT,Austria,1983,26577.25,1,73.01,1
AUT,Austria,1984,26592.55,1,73.61,2
AUT,Austria,1985,27244.21,1,73.81,1
AUT,Austria,1990,31167.19,1,75.57,5
AUT,Austria,1991,31919.56,1,75.62,2
AUT,Austria,1993,32134.83,1,76.07,1
AUT,Austria,1994,32780.34,1,76.42,1
AUT,Austria,1995,33603.43,1,76.67,1
AUT,Austria,1996,34301.66,1,76.87,1
AUT,Austria,1997,34998.03,1,77.32,1
AUT,Austria,1998,36180.75,1,77.67,1
AUT,Austria,1999,37468.87,1,77.88,2
AUT,Austria,2000,38571.09,1,78.13,2
AUT,Austria,2002,39313.72,1,78.68,3
AUT,Austria,2003,39569.29,1,78.63,1
AUT,Austria,2005,40989.01,1,79.33,3
AUT,Austria,2006,42120.16,1,79.88,1
AUT,Austria,2007,43568.83,1,80.18,2
AUT,Austria,2008,44063.86,1,80.43,1
AUT,Austria,2009,42372.48,1,80.33,4
AUT,Austria,2012,44221.46,1,80.94,1
AUT,Austria,2013,43851.37,1,81.14,1
AUT,Austria,2016,44362.67,1,81.64,1
AUT,Austria,2017,45056.64,1,81.64,2
AUT,Austria,2019,46550.56,1,81.9,2
AUT,Austria,2021,45313.4,1,81.19,1
AUT,Austria,2022,47250.97,1,81.09,2
AZE,Azerbaijan,1995,1102.5,3,62.3,3
AZE,Azerbaijan,1997,1158.48,2,62.97,1
AZE,Azerbaijan,1998,1262.29,2,63.56,1
AZE,Azerbaijan,1999,1343.86,2,64.19,1
AZE,Azerbaijan,2000,1480.81,2,64.89,3
AZE,Azerbaijan,2003,1918.61,2,66.76,1
AZE,Azerbaijan,2009,5023.97,2,69.36,1
AZE,Azerbaijan,2010,5215.2,2,69.53,1
AZE,Azerbaijan,2012,5194.92,2,70.36,3
BDI,Burundi,1978,366.43,3,43.76,1
BDI,Burundi,1989,421.29,3,45.62,1
BDI,Burundi,1992,431.92,3,43.9,1
BDI,Burundi,1997,313.36,3,45.39,2
BDI,Burundi,1999,311.23,3,47.53,4
BDI,Burundi,2000,302.22,3,47.51,4
BDI,Burundi,2002,305.44,3,49.89,5
BDI,Burundi,2003,292.32,3,50.86,2
BDI,Burundi,2004,295.24,3,52.01,4
BDI,Burundi,2005,287.03,3,53.02,2
BDI,Burundi,2006,291.87,3,53.87,7
BDI,Burundi,2007,290.98,3,54.73,2
BDI,Burundi,2008,292.79,3,55.71,3
BDI,Burundi,2009,288.94,3,56.39,2
BDI,Burundi,2010,289.86,3,57.08,3
BDI,Burundi,2011,290.95,3,57.77,4
BDI,Burundi,2014,299.08,3,59.87,1
BDI,Burundi,2015,280.97,3,60.22,2
BDI,Burundi,2016,274.51,3,60.79,1
BDI,Burundi,2017,269.48,3,61.55,1
BDI,Burundi,2018,265.67,3,61.69,3
BDI,Burundi,2019,261.75,3,62.35,3
BDI,Burundi,2020,255.08,3,61.57,3
BDI,Burundi,2021,255.92,3,61.66,1
BEL,Belgium,1963,13305.13,1,70.05,1
BEL,Belgium,1967,15310.62,1,71.01,1
BEL,Belgium,1971,18632.84,1,71.06,1
BEL,Belgium,1972,19542.89,1,71.41,1
BEL,Belgium,1976,22270.85,1,72.12,2
BEL,Belgium,1983,24695.56,1,73.87,1
BEL,Belgium,1984,25305.03,1,74.4,1
BEL,Belgium,1985,25715.36,1,74.52,2
BEL,Belgium,1990,29609.62,1,76.05,6
BEL,Belgium,1992,30376.87,1,76.35,1
BEL,Belgium,1993,29967.39,1,76.35,2
BEL,Belgium,1994,30839.24,1,76.69,1
BEL,Belgium,1995,31508.62,1,76.84,1
BEL,Belgium,1998,33566.99,1,77.47,2
BEL,Belgium,1999,34676.61,1,77.62,2
BEL,Belgium,2002,36600.86,1,78.08,4
BEL,Belgium,2003,36826.27,1,78.13,2
BEL,Belgium,2005,38645.26,1,78.98,3
BEL,Belgium,2006,39371.09,1,79.38,1
BEL,Belgium,2007,40520.08,1,79.78,1
BEL,Belgium,2008,40380.91,1,79.68,1
BEL,Belgium,2009,39293.64,1,80.03,1
BEL,Belgium,2010,39991.56,1,80.18,3
BEL,Belgium,2011,40236.96,1,80.59,1
BEL,Belgium,2012,40074.49,1,80.39,1
BEL,Belgium,2013,40007.9,1,80.59,2
BEL,Belgium,2014,40533.91,1,81.29,1
BEL,Belgium,2015,40893.8,1,80.99,1
BEL,Belgium,2016,41172.89,1,81.44,2
BEL,Belgium,2018,42208.36,1,81.6,2
BEL,Belgium,2019,43006.4,1,82,3
BEL,Belgium,2020,40769.02,1,80.7,2
BEL,Belgium,2021,43119.89,1,81.79,3
BEL,Belgium,2022,44583.58,1,81.7,2
BEN,Benin,1970,720.61,3,42.19,1
BEN,Benin,1972,721.88,3,43.16,1
BEN,Benin,1976,674.04,3,45.49,1
BEN,Benin,1978,680.65,3,46.96,1
BEN,Benin,1982,778.64,3,48.81,1
BEN,Benin,1983,723.48,3,49.33,1
BEN,Benin,1984,758.36,3,49.75,1
BEN,Benin,1985,791.73,3,50.37,1
BEN,Benin,1987,750.4,3,51.66,2
BEN,Benin,1988,752.7,3,52.29,1
BEN,Benin,1989,709.19,3,52.68,1
BEN,Benin,1991,757.4,3,53.62,1
BEN,Benin,1994,752.28,3,54.91,1
BEN,Benin,1995,781.06,3,55.3,1
BEN,Benin,1996,793.8,3,55.56,2
BEN,Benin,1997,814.9,3,55.98,2
BEN,Benin,1998,821.46,3,56.22,2
BEN,Benin,1999,838.98,3,56.53,2
BEN,Benin,2000,861.21,3,56.58,3
BEN,Benin,2001,879.85,3,56.66,3
BEN,Benin,2002,893.14,3,56.61,1
BEN,Benin,2003,896.15,3,56.74,1
BEN,Benin,2005,893.92,3,57.12,1
BEN,Benin,2007,926.74,3,57.68,1
BEN,Benin,2008,943.2,3,57.87,4
BEN,Benin,2009,936.57,3,57.96,3
BEN,Benin,2010,928.25,3,58.36,4
BEN,Benin,2011,927.72,3,58.46,1
BEN,Benin,2012,943.92,3,58.72,1
BEN,Benin,2013,982.4,3,58.96,3
BEN,Benin,2016,1006.04,3,59.54,1
BEN,Benin,2019,1114.17,3,60.45,1
BEN,Benin,2020,1126.65,3,60.09,1
BEN,Benin,2021,1176.38,2,59.82,1
BEN,Benin,2022,1218.5,2,59.95,1
BFA,"Burkina Faso",1966,259.13,3,37.92,1
BFA,"Burkina Faso",1969,281.74,3,38.86,3
BFA,"Burkina Faso",1977,306.32,3,44.15,2
BFA,"Burkina Faso",1979,315.72,3,45.9,1
BFA,"Burkina Faso",1980,309.81,3,46.54,1
BFA,"Burkina Faso",1981,314.29,3,46.87,2
BFA,"Burkina Faso",1983,326.73,3,48.09,1
BFA,"Burkina Faso",1984,311.79,3,48.64,2
BFA,"Burkina Faso",1985,328.72,3,48.95,1
BFA,"Burkina Faso",1986,344.99,3,49.01,1
BFA,"Burkina Faso",1987,334.89,3,49.06,1
BFA,"Burkina Faso",1988,344.9,3,49.13,2
BFA,"Burkina Faso",1990,332.15,3,49.44,1
BFA,"Burkina Faso",1991,353.21,3,49.45,1
BFA,"Burkina Faso",1994,344.37,3,49.31,1
BFA,"Burkina Faso",1995,354.84,3,49.45,1
BFA,"Burkina Faso",1996,383.97,3,49.61,2
BFA,"Burkina Faso",1997,397.84,3,49.4,1
BFA,"Burkina Faso",1998,415.27,3,49.99,2
BFA,"Burkina Faso",1999,433.1,3,50.32,1
BFA,"Burkina Faso",2001,442.91,3,51.07,4
BFA,"Burkina Faso",2003,468.26,3,51.79,2
BFA,"Burkina Faso",2004,474.09,3,52.42,2
BFA,"Burkina Faso",2005,499.19,3,53.09,1
BFA,"Burkina Faso",2006,514.11,3,53.74,3
BFA,"Burkina Faso",2007,519.26,3,54.38,2
BFA,"Burkina Faso",2008,533.47,3,55.34,4
BFA,"Burkina Faso",2009,533.47,3,55.96,3
BFA,"Burkina Faso",2010,561.85,3,56.48,2
BFA,"Burkina Faso",2011,581.6,3,57.12,1
BFA,"Burkina Faso",2012,600.73,3,57.62,1
BFA,"Burkina Faso",2013,616.74,3,57.82,1
BFA,"Burkina Faso",2014,624.58,3,58.36,1
BFA,"Burkina Faso",2015,630.12,3,58.84,1
BFA,"Burkina Faso",2016,648.42,3,59.33,1
BFA,"Burkina Faso",2017,669.28,3,59.54,2
BFA,"Burkina Faso",2020,713.84,3,59.73,4
BFA,"Burkina Faso",2022,739.36,3,59.77,1
BGD,Bangladesh,1960,429.4,3,44.74,3
BGD,Bangladesh,1961,442.75,3,45.66,3
BGD,Bangladesh,1963,438.5,3,46.66,3
BGD,Bangladesh,1964,472.53,3,47.74,2
BGD,Bangladesh,1965,466.3,3,46.86,3
BGD,Bangladesh,1966,464.56,3,48.58,2
BGD,Bangladesh,1967,442.63,3,48.86,2
BGD,Bangladesh,1968,470.58,3,49.09,2
BGD,Bangladesh,1969,462.97,3,49.17,1
BGD,Bangladesh,1970,476.5,3,42.59,4
BGD,Bangladesh,1971,442.58,3,26,1
BGD,Bangladesh,1972,373.48,3,49.59,2
BGD,Bangladesh,1973,375.01,3,49.83,5
BGD,Bangladesh,1974,399.51,3,49.16,5
BGD,Bangladesh,1976,384.51,3,50.65,3
BGD,Bangladesh,1977,385.09,3,51.2,6
BGD,Bangladesh,1978,402.39,3,51.25,4
BGD,Bangladesh,1979,411.67,3,51.46,2
BGD,Bangladesh,1980,405.23,3,51.85,2
BGD,Bangladesh,1981,423.54,3,52.17,3
BGD,Bangladesh,1982,420.87,3,52.54,2
BGD,Bangladesh,1983,425.65,3,53.01,10
BGD,Bangladesh,1984,434.78,3,53.54,2
BGD,Bangladesh,1985,438.38,3,53.9,7
BGD,Bangladesh,1986,446.08,3,54.42,7
BGD,Bangladesh,1987,452.66,3,54.93,6
BGD,Bangladesh,1988,453.84,3,55.03,7
BGD,Bangladesh,1989,457.25,3,55.09,8
BGD,Bangladesh,1990,473.44,3,55.99,8
BGD,Bangladesh,1991,480.67,3,54.15,8
BGD,Bangladesh,1992,497.37,3,57.64,6
BGD,Bangladesh,1993,511.19,3,57.93,12
BGD,Bangladesh,1994,521.32,3,58.62,9
BGD,Bangladesh,1995,537.93,3,59.47,11
BGD,Bangladesh,1996,552.08,3,59.49,8
BGD,Bangladesh,1997,566.27,3,61.43,9
BGD,Bangladesh,1998,584.45,3,63.92,8
BGD,Bangladesh,1999,600.23,3,66.23,12
BGD,Bangladesh,2000,620.56,3,65.78,15
BGD,Bangladesh,2001,641.29,3,66.14,7
BGD,Bangladesh,2002,655.67,3,66.61,7
BGD,Bangladesh,2003,676.83,3,66.82,7
BGD,Bangladesh,2004,702.66,3,67.19,10
BGD,Bangladesh,2005,739.2,3,67.3,12
BGD,Bangladesh,2006,779.42,3,67.24,7
BGD,Bangladesh,2007,825.51,3,66.71,7
BGD,Bangladesh,2008,866.46,3,67.05,5
BGD,Bangladesh,2009,901.73,3,67.4,6
BGD,Bangladesh,2010,943.66,3,68.64,6
BGD,Bangladesh,2011,995.58,3,68.81,5
BGD,Bangladesh,2012,1050.39,3,69.55,5
BGD,Bangladesh,2013,1103.16,3,69.56,3
BGD,Bangladesh,2014,1159.41,2,69.99,4
BGD,Bangladesh,2015,1224.39,2,70.49,8
BGD,Bangladesh,2016,1299.83,2,71.09,4
BGD,Bangladesh,2017,1373.75,2,71.79,6
BGD,Bangladesh,2018,1462.25,2,72.57,4
BGD,Bangladesh,2019,1564.21,2,72.81,6
BGD,Bangladesh,2020,1604.67,2,71.97,2
BGD,Bangladesh,2021,1702.08,2,72.38,2
BGD,Bangladesh,2022,1804.35,2,73.7,2
BGR,Bulgaria,1981,3587.69,2,71.57,1
BGR,Bulgaria,1986,4169.92,2,71.73,1
BGR,Bulgaria,1990,4431.03,2,71.64,1
BGR,Bulgaria,1993,3813.7,2,71.35,1
BGR,Bulgaria,1997,3678.52,2,70.35,1
BGR,Bulgaria,1998,3843.46,2,71.06,1
BGR,Bulgaria,1999,3540.56,2,71.41,1
BGR,Bulgaria,2000,3721.3,2,71.66,4
BGR,Bulgaria,2001,3941.28,2,71.77,2
BGR,Bulgaria,2002,4264.27,2,71.87,1
BGR,Bulgaria,2005,5236.09,2,72.56,6
BGR,Bulgaria,2006,5634.91,2,72.61,4
BGR,Bulgaria,2007,6054.23,2,72.66,6
BGR,Bulgaria,2008,6470.59,2,72.96,1
BGR,Bulgaria,2010,6434.55,2,73.51,2
BGR,Bulgaria,2012,6699.5,2,74.31,4
BGR,Bulgaria,2014,6802.71,2,74.47,5
BGR,Bulgaria,2015,7078.86,2,74.61,1
BGR,Bulgaria,2018,7851.73,2,74.96,1
BGR,Bulgaria,2021,8682.88,2,71.46,2
BGR,Bulgaria,2022,9352.33,2,74.36,2
BHR,Bahrain,1978,23251.05,1,69.98,1
BHS,Bahamas,1963,21857.17,1,63.73,1
BHS,Bahamas,1965,24351.45,1,64.36,1
BHS,Bahamas,1966,25373.49,1,64.66,2
BHS,Bahamas,1988,30582.45,1,69.22,1
BHS,Bahamas,1990,31013.41,1,70.13,1
BHS,Bahamas,1992,27581.92,1,70.67,1
BHS,Bahamas,1995,28252.71,1,70.76,1
BHS,Bahamas,1999,31562.6,1,71.77,1
BHS,Bahamas,2001,32889.1,1,72.11,1
BHS,Bahamas,2004,32462.84,1,72.48,3
BHS,Bahamas,2005,33163.96,1,72.76,1
BHS,Bahamas,2007,33568.74,1,72.68,1
BHS,Bahamas,2008,32350.53,1,72.67,2
BHS,Bahamas,2011,30510.31,1,72.56,1
BHS,Bahamas,2012,31111.96,1,72.75,1
BHS,Bahamas,2013,29943.28,1,73.02,1
BHS,Bahamas,2015,30289.4,1,73.1,1
BHS,Bahamas,2016,29788.63,1,73.54,1
BHS,Bahamas,2017,30432,1,73.63,1
BHS,Bahamas,2019,30481.35,1,71.2,1
BIH,"Bosnia and Herzegovina",1999,2452.13,2,75.08,1
BIH,"Bosnia and Herzegovina",2000,2566.59,2,74.5,3
BIH,"Bosnia and Herzegovina",2001,2616.41,2,75.06,1
BIH,"Bosnia and Herzegovina",2003,2854.85,2,75.78,1
BIH,"Bosnia and Herzegovina",2004,3062.94,2,76.13,2
BIH,"Bosnia and Herzegovina",2005,3216.87,2,75.42,2
BIH,"Bosnia and Herzegovina",2007,3663.94,2,76.16,1
BIH,"Bosnia and Herzegovina",2009,3876.4,2,76.98,3
BIH,"Bosnia and Herzegovina",2010,3980.04,2,77.07,2
BIH,"Bosnia and Herzegovina",2012,4138.7,2,77.19,1
BIH,"Bosnia and Herzegovina",2014,4411.38,2,75.66,4
BIH,"Bosnia and Herzegovina",2015,4662.26,2,76.18,1
BIH,"Bosnia and Herzegovina",2019,5583.3,2,77.24,2
BIH,"Bosnia and Herzegovina",2020,5490.75,2,76.22,1
BIH,"Bosnia and Herzegovina",2021,5995.45,2,75.3,1
BIH,"Bosnia and Herzegovina",2022,6327.06,2,75.29,2
BLR,Belarus,1993,2372.49,2,68.97,1
BLR,Belarus,1995,1885.36,2,68.46,1
BLR,Belarus,1996,1944.69,2,68.51,1
BLR,Belarus,1997,2175.41,2,68.46,2
BLR,Belarus,1999,2460.37,2,67.91,1
BLR,Belarus,2000,2615.37,2,68.91,1
BLR,Belarus,2006,4291.7,2,69.4,1
BLR,Belarus,2007,4682.22,2,70.21,1
BLR,Belarus,2012,6052.65,2,71.97,1
BLR,Belarus,2013,6115.45,2,72.47,1
BLR,Belarus,2014,6212.93,2,72.97,1
BLR,Belarus,2017,5964.91,2,74.13,1
BLR,Belarus,2018,6165.93,2,74.18,1
BLZ,Belize,1961,1590.5,2,53.36,1
BLZ,Belize,1974,2511.39,2,65.03,1
BLZ,Belize,1978,2762.21,2,66.89,1
BLZ,Belize,1979,2907.69,2,67.4,1
BLZ,Belize,1990,4111.68,2,70.74,2
BLZ,Belize,1995,4966.8,2,69.89,1
BLZ,Belize,1998,4930.25,2,68.6,1
BLZ,Belize,2000,5662.33,2,68.56,1
BLZ,Belize,2001,5763.68,2,68.36,1
BLZ,Belize,2005,6335.68,2,69.38,2
BLZ,Belize,2007,6465.22,2,70.66,1
BLZ,Belize,2008,6183.94,2,71.15,2
BLZ,Belize,2010,5919.56,2,72.27,1
BLZ,Belize,2015,6154.5,2,73.19,1
BLZ,Belize,2016,6016.5,2,73.4,1
BLZ,Belize,2020,5003.88,2,72.85,1
BLZ,Belize,2022,6269.38,2,70.96,1
BMU,Bermuda,1985,79797.38,1,73.34,1
BMU,Bermuda,1986,84596.35,1,73.43,1
BMU,Bermuda,1987,87182.19,1,74,1
BMU,Bermuda,1989,89743.06,1,74.27,1
BMU,Bermuda,2003,118018.83,1,79.34,1
BOL,"Bolivia, Plurinational State of",1965,1444.23,2,44.71,1
BOL,"Bolivia, Plurinational State of",1966,1514.71,2,45.12,2
BOL,"Bolivia, Plurinational State of",1968,1672.33,2,45.8,1
BOL,"Bolivia, Plurinational State of",1969,1708.5,2,46.22,2
BOL,"Bolivia, Plurinational State of",1974,1983.72,2,48.45,1
BOL,"Bolivia, Plurinational State of",1977,2182.68,2,49.73,2
BOL,"Bolivia, Plurinational State of",1978,2176.91,2,50.18,2
BOL,"Bolivia, Plurinational State of",1980,2054.8,2,51.18,1
BOL,"Bolivia, Plurinational State of",1982,1894.06,2,52.05,1
BOL,"Bolivia, Plurinational State of",1983,1778.79,2,52.4,3
BOL,"Bolivia, Plurinational State of",1984,1737.69,2,52.97,1
BOL,"Bolivia, Plurinational State of",1985,1672.79,2,53.45,1
BOL,"Bolivia, Plurinational State of",1986,1595.84,2,53.93,1
BOL,"Bolivia, Plurinational State of",1987,1601.02,2,54.49,1
BOL,"Bolivia, Plurinational State of",1988,1613.05,2,55.16,1
BOL,"Bolivia, Plurinational State of",1989,1639.11,2,55.77,1
BOL,"Bolivia, Plurinational State of",1990,1679.41,2,56.42,1
BOL,"Bolivia, Plurinational State of",1991,1731.4,2,57.1,1
BOL,"Bolivia, Plurinational State of",1992,1724.36,2,57.63,3
BOL,"Bolivia, Plurinational State of",1994,1809.57,2,58.99,3
BOL,"Bolivia, Plurinational State of",1996,1904.29,2,60.08,1
BOL,"Bolivia, Plurinational State of",1997,1962.86,2,60.75,4
BOL,"Bolivia, Plurinational State of",1998,2025.5,2,61.33,3
BOL,"Bolivia, Plurinational State of",1999,1998.95,2,61.87,3
BOL,"Bolivia, Plurinational State of",2000,2014.19,2,62.35,4
BOL,"Bolivia, Plurinational State of",2001,2013.85,2,62.84,1
BOL,"Bolivia, Plurinational State of",2002,2029.67,2,63.31,2
BOL,"Bolivia, Plurinational State of",2003,2050.07,2,63.64,4
BOL,"Bolivia, Plurinational State of",2004,2099.99,2,64,1
BOL,"Bolivia, Plurinational State of",2005,2156.19,2,64.39,1
BOL,"Bolivia, Plurinational State of",2006,2221.43,2,64.78,2
BOL,"Bolivia, Plurinational State of",2007,2283.43,2,65.03,4
BOL,"Bolivia, Plurinational State of",2008,2383.25,2,65.45,4
BOL,"Bolivia, Plurinational State of",2009,2422.58,2,65.88,1
BOL,"Bolivia, Plurinational State of",2010,2481.41,2,66.16,5
BOL,"Bolivia, Plurinational State of",2011,2568.52,2,66.53,2
BOL,"Bolivia, Plurinational State of",2012,2657.24,2,66.7,1
BOL,"Bolivia, Plurinational State of",2013,2793.51,2,67.02,5
BOL,"Bolivia, Plurinational State of",2014,2900.9,2,67.16,3
BOL,"Bolivia, Plurinational State of",2015,2996.01,2,67.32,2
BOL,"Bolivia, Plurinational State of",2016,3077.57,2,67.63,3
BOL,"Bolivia, Plurinational State of",2018,3246.76,2,67.75,2
BOL,"Bolivia, Plurinational State of",2019,3272.38,2,67.84,5
BOL,"Bolivia, Plurinational State of",2020,2949.82,2,64.47,3
BOL,"Bolivia, Plurinational State of",2021,3098.35,2,63.63,7
BOL,"Bolivia, Plurinational State of",2022,3172.91,2,64.93,1
BRA,Brazil,1964,2785.07,2,54.65,3
BRA,Brazil,1965,2772.67,2,55.08,2
BRA,Brazil,1966,2878.7,2,55.47,5
BRA,Brazil,1967,2921.37,2,55.87,5
BRA,Brazil,1968,3126.54,2,56.31,1
BRA,Brazil,1969,3338.76,2,56.75,1
BRA,Brazil,1970,3595.95,2,57.17,2
BRA,Brazil,1971,3907.01,2,57.59,2
BRA,Brazil,1973,4748.26,2,58.47,1
BRA,Brazil,1974,5013.82,2,58.88,4
BRA,Brazil,1975,5148.91,2,59.35,4
BRA,Brazil,1977,5679.79,2,60.24,5
BRA,Brazil,1978,5821.49,2,60.72,2
BRA,Brazil,1979,6069.05,2,61.25,2
BRA,Brazil,1980,6472.85,2,61.78,3
BRA,Brazil,1981,6055.1,2,62.33,2
BRA,Brazil,1982,5967.78,2,62.86,1
BRA,Brazil,1983,5664.96,2,63.33,4
BRA,Brazil,1984,5841.75,2,63.77,7
BRA,Brazil,1985,6167.51,2,64.2,4
BRA,Brazil,1986,6494.28,2,64.64,3
BRA,Brazil,1987,6591.61,2,65.08,3
BRA,Brazil,1988,6463.01,2,65.45,6
BRA,Brazil,1989,6545.43,2,65.87,8
BRA,Brazil,1990,6149.87,2,65.98,2
BRA,Brazil,1991,6107.65,2,66.31,4
BRA,Brazil,1992,5973.98,2,66.71,5
BRA,Brazil,1994,6427.17,2,67.57,2
BRA,Brazil,1995,6596.34,2,67.92,6
BRA,Brazil,1996,6640.73,2,68.41,4
BRA,Brazil,1997,6764.86,2,68.81,5
BRA,Brazil,1998,6687.5,2,69.19,11
BRA,Brazil,1999,6621.64,2,69.52,4
BRA,Brazil,2000,6817.78,2,69.74,5
BRA,Brazil,2001,6823.03,2,70.19,5
BRA,Brazil,2002,6944.62,2,70.41,6
BRA,Brazil,2003,6941.44,2,70.72,5
BRA,Brazil,2004,7258.78,2,71.13,5
BRA,Brazil,2005,7409.57,2,71.75,4
BRA,Brazil,2006,7622.04,2,72.04,2
BRA,Brazil,2007,8003.25,2,72.36,6
BRA,Brazil,2008,8330.76,2,72.72,6
BRA,Brazil,2009,8246.1,2,72.95,10
BRA,Brazil,2010,8792.63,2,73.18,5
BRA,Brazil,2011,9067.99,2,73.34,9
BRA,Brazil,2012,9167.5,2,73.55,3
BRA,Brazil,2013,9366.74,2,73.92,6
BRA,Brazil,2014,9338.34,2,74.31,5
BRA,Brazil,2015,8936.2,2,74.33,6
BRA,Brazil,2016,8577.84,2,74.44,3
BRA,Brazil,2017,8628.25,2,74.83,2
BRA,Brazil,2018,8722.34,2,75.11,3
BRA,Brazil,2019,8771.44,2,75.34,8
BRA,Brazil,2020,8435.01,2,74.01,7
BRA,Brazil,2021,8799.23,2,72.75,9
BRA,Brazil,2022,9032.08,2,73.42,12
BRB,Barbados,1970,12915.45,1,68.27,1
BRB,Barbados,1980,16318.23,1,71.92,1
BRB,Barbados,1984,15639.67,1,72.6,1
BRB,Barbados,1987,16892.73,1,72.68,1
BRB,Barbados,1995,16347.82,1,73.3,1
BRB,Barbados,2002,18892.17,1,74.37,1
BRB,Barbados,2004,19344.96,1,74.73,1
BRB,Barbados,2007,21454.2,1,75.34,1
BRB,Barbados,2010,19763.95,1,75.71,2
BRB,Barbados,2017,19237.29,1,76.94,1
BRB,Barbados,2021,16099.77,1,77.57,1
BRN,"Brunei Darussalam",1998,36331.18,1,73.62,1
BTN,Bhutan,1985,527.79,3,52.12,1
BTN,Bhutan,1992,863.46,3,57.42,1
BTN,Bhutan,1994,963.02,3,58.64,2
BTN,Bhutan,1999,1248.62,2,62.23,1
BTN,Bhutan,2000,1259.62,2,62.01,1
BTN,Bhutan,2004,1552.74,2,65.27,1
BTN,Bhutan,2009,2148.56,2,67.9,2
BTN,Bhutan,2011,2552.49,2,68.88,1
BTN,Bhutan,2021,3206.2,2,71.82,2
BWA,Botswana,1965,480.49,3,52.81,1
BWA,Botswana,1968,588.91,3,54.19,1
BWA,Botswana,1970,785.47,3,55.2,1
BWA,Botswana,1972,1184.47,2,56.3,1
BWA,Botswana,1982,2276.05,2,61.57,1
BWA,Botswana,1986,2816.77,2,62.68,1
BWA,Botswana,1988,3536.42,2,61.76,2
BWA,Botswana,1992,4226.74,2,58.35,1
BWA,Botswana,1995,4399.14,2,55.06,1
BWA,Botswana,2000,5062.64,2,51.01,1
BWA,Botswana,2004,5369.43,2,51.62,1
BWA,Botswana,2006,5865,2,53.92,1
BWA,Botswana,2008,6158.62,2,57.12,1
BWA,Botswana,2009,5179.41,2,58.28,3
BWA,Botswana,2011,5850.22,2,60.53,1
BWA,Botswana,2013,6285.12,2,62,1
BWA,Botswana,2015,6141.2,2,63.82,1
BWA,Botswana,2017,6662.58,2,66.75,1
BWA,Botswana,2018,6843.81,2,65.42,1
BWA,Botswana,2019,6951.72,2,65.46,1
CAF,"Central African Republic",1973,549.35,3,46.85,1
CAF,"Central African Republic",1981,535.27,3,50.16,1
CAF,"Central African Republic",1983,517.4,3,50.42,1
CAF,"Central African Republic",1992,454.15,3,48.79,1
CAF,"Central African Republic",1995,468.15,3,47.35,2
CAF,"Central African Republic",1996,437.93,3,46.83,1
CAF,"Central African Republic",1998,457.15,3,46.02,1
CAF,"Central African Republic",1999,460.83,3,45.75,3
CAF,"Central African Republic",2000,437.17,3,45.41,3
CAF,"Central African Republic",2001,446.66,3,45.39,2
CAF,"Central African Republic",2002,452.81,3,45.41,2
CAF,"Central African Republic",2003,418.24,3,45.76,2
CAF,"Central African Republic",2004,433.83,3,46.04,1
CAF,"Central African Republic",2005,427.97,3,46.43,1
CAF,"Central African Republic",2007,450.76,3,47.43,1
CAF,"Central African Republic",2008,450.31,3,48.02,1
CAF,"Central African Republic",2009,492.22,3,48.65,3
CAF,"Central African Republic",2010,519.14,3,49.26,1
CAF,"Central African Republic",2011,532.38,3,49.95,3
CAF,"Central African Republic",2012,553.73,3,50.69,2
CAF,"Central African Republic",2013,349.82,3,50.9,2
CAF,"Central African Republic",2015,366.32,3,52.79,1
CAF,"Central African Republic",2016,376.86,3,53.46,1
CAF,"Central African Republic",2017,387.36,3,53.72,2
CAF,"Central African Republic",2018,395.02,3,54.37,1
CAF,"Central African Republic",2019,401.83,3,55.02,2
CAF,"Central African Republic",2021,396.02,3,53.9,1
CAF,"Central African Republic",2022,399.11,3,54.48,3
CAN,Canada,1961,15605.52,1,71.35,1
CAN,Canada,1962,16455.75,1,71.37,1
CAN,Canada,1965,18585.88,1,71.87,1
CAN,Canada,1966,19476.03,1,72,1
CAN,Canada,1970,21428.91,1,72.7,1
CAN,Canada,1971,21642.54,1,73.03,2
CAN,Canada,1974,24257.82,1,73.24,1
CAN,Canada,1975,24275.81,1,73.52,2
CAN,Canada,1977,25960.64,1,74.22,2
CAN,Canada,1979,27384.68,1,74.87,1
CAN,Canada,1980,27622.37,1,75.1,1
CAN,Canada,1981,28215.53,1,75.5,1
CAN,Canada,1982,26999.08,1,75.73,1
CAN,Canada,1983,27418.49,1,76.06,1
CAN,Canada,1984,28762.97,1,76.33,1
CAN,Canada,1985,29851.64,1,76.33,2
CAN,Canada,1986,30183.41,1,76.46,4
CAN,Canada,1987,31001.13,1,76.78,3
CAN,Canada,1988,31951.55,1,76.86,2
CAN,Canada,1989,32116.92,1,77.12,2
CAN,Canada,1990,31700.55,1,77.44,1
CAN,Canada,1991,30654.33,1,77.59,2
CAN,Canada,1992,30563.38,1,77.84,3
CAN,Canada,1993,31032.75,1,77.7,1
CAN,Canada,1994,32074.16,1,77.87,3
CAN,Canada,1995,32595.45,1,77.98,4
CAN,Canada,1996,32801.3,1,78.22,2
CAN,Canada,1997,33867.01,1,78.41,3
CAN,Canada,1998,34894.61,1,78.62,3
CAN,Canada,1999,36391.54,1,78.84,3
CAN,Canada,2000,37906.86,1,79.17,1
CAN,Canada,2001,38200.46,1,79.4,3
CAN,Canada,2002,38921.67,1,79.53,3
CAN,Canada,2003,39270.02,1,79.72,7
CAN,Canada,2004,40108.76,1,79.99,4
CAN,Canada,2005,41006.22,1,80.11,5
CAN,Canada,2006,41663.51,1,80.54,5
CAN,Canada,2007,42106.87,1,80.54,3
CAN,Canada,2008,42067.57,1,80.72,2
CAN,Canada,2009,40376.42,1,81.07,3
CAN,Canada,2011,42043.64,1,81.48,3
CAN,Canada,2012,42320.64,1,81.66,3
CAN,Canada,2013,42851.17,1,81.74,3
CAN,Canada,2014,43643.24,1,81.78,2
CAN,Canada,2015,43594.19,1,81.82,1
CAN,Canada,2016,43551.34,1,81.92,2
CAN,Canada,2017,44339.39,1,81.83,3
CAN,Canada,2018,44907.34,1,81.84,4
CAN,Canada,2019,45100.29,1,82.22,2
CAN,Canada,2020,42366.13,1,81.66,2
CAN,Canada,2021,44359.62,1,81.59,4
CAN,Canada,2022,45227.14,1,81.3,6
CHE,Switzerland,1965,46358.45,1,72.2,1
CHE,Switzerland,1968,48942.14,1,72.59,1
CHE,Switzerland,1970,53989.16,1,73.02,1
CHE,Switzerland,1975,54811.35,1,74.67,1
CHE,Switzerland,1976,54351.76,1,74.79,1
CHE,Switzerland,1977,55863.55,1,75.24,1
CHE,Switzerland,1982,59259.16,1,76.03,1
CHE,Switzerland,1983,59382.7,1,76.03,3
CHE,Switzerland,1984,60949.93,1,76.61,1
CHE,Switzerland,1985,62910.66,1,76.73,1
CHE,Switzerland,1986,63747.34,1,76.9,2
CHE,Switzerland,1987,64352.56,1,77.2,2
CHE,Switzerland,1988,65975.11,1,77.23,1
CHE,Switzerland,1990,70063.85,1,77.24,4
CHE,Switzerland,1993,67079.46,1,78.09,3
CHE,Switzerland,1994,67391.84,1,78.35,1
CHE,Switzerland,1997,68640.07,1,79.08,1
CHE,Switzerland,1998,70510.03,1,79.32,1
CHE,Switzerland,1999,71341.34,1,79.58,3
CHE,Switzerland,2000,73749.94,1,79.68,1
CHE,Switzerland,2002,73824.38,1,80.39,2
CHE,Switzerland,2003,73254.95,1,80.54,2
CHE,Switzerland,2005,76282.98,1,81.24,2
CHE,Switzerland,2006,78893.81,1,81.49,2
CHE,Switzerland,2007,81254.17,1,81.74,3
CHE,Switzerland,2009,79585.52,1,82.04,1
CHE,Switzerland,2010,81315.42,1,82.25,2
CHE,Switzerland,2011,81874.34,1,82.7,1
CHE,Switzerland,2012,81964.89,1,82.7,2
CHE,Switzerland,2013,82479.92,1,82.8,2
CHE,Switzerland,2014,83394.37,1,83.2,1
CHE,Switzerland,2017,84967.59,1,83.55,1
CHE,Switzerland,2018,86756.6,1,83.75,1
CHE,Switzerland,2019,87123.66,1,83.9,1
CHE,Switzerland,2020,84637.01,1,83,1
CHE,Switzerland,2021,88520.32,1,83.75,3
CHE,Switzerland,2022,90043.41,1,83.45,1
CHL,Chile,1960,3283.96,2,57.02,1
CHL,Chile,1964,3598.5,2,58.74,1
CHL,Chile,1965,3564.01,2,59.46,4
CHL,Chile,1966,3891.59,2,59.69,1
CHL,Chile,1968,4030.96,2,61.63,2
CHL,Chile,1971,4437.48,2,62.73,2
CHL,Chile,1974,4069.02,2,64.9,1
CHL,Chile,1977,3879.23,2,67.4,1
CHL,Chile,1978,4115.45,2,68.07,1
CHL,Chile,1979,4396.16,2,68.19,1
CHL,Chile,1982,4306.21,2,70.3,1
CHL,Chile,1983,4030.32,2,70.01,1
CHL,Chile,1984,4133.3,2,70.46,2
CHL,Chile,1985,4233.99,2,71.18,1
CHL,Chile,1986,4393.06,2,71.81,2
CHL,Chile,1987,4603.28,2,72.54,4
CHL,Chile,1988,4861.85,2,72.46,1
CHL,Chile,1989,5257.13,2,72.47,1
CHL,Chile,1990,5342.56,2,72.57,1
CHL,Chile,1991,5664.53,2,73.57,4
CHL,Chile,1992,6196.35,2,74.14,3
CHL,Chile,1993,6502.65,2,74.19,3
CHL,Chile,1995,7222.16,2,74.61,3
CHL,Chile,1997,8058.94,2,75.6,5
CHL,Chile,1999,8161.45,2,76.02,1
CHL,Chile,2000,8465.35,2,76.87,3
CHL,Chile,2001,8632.01,2,76.77,3
CHL,Chile,2002,8810.69,2,77.44,5
CHL,Chile,2003,9130.78,2,77.39,1
CHL,Chile,2004,9642.37,2,77.62,2
CHL,Chile,2005,10104.42,2,78.02,4
CHL,Chile,2006,10611.61,2,78.26,1
CHL,Chile,2007,11051.35,2,77.83,3
CHL,Chile,2008,11356.09,2,78.48,3
CHL,Chile,2010,11649.29,2,78.5,2
CHL,Chile,2011,12252.84,2,79.11,4
CHL,Chile,2012,12882.83,1,79.02,3
CHL,Chile,2013,13182.73,1,79.34,1
CHL,Chile,2014,13285.95,1,79.47,3
CHL,Chile,2015,13433.92,1,79.75,7
CHL,Chile,2016,13505.1,1,80.08,1
CHL,Chile,2017,13473.35,1,80.35,5
CHL,Chile,2019,13630.59,1,80.33,3
CHL,Chile,2021,14053.87,1,78.94,2
CHL,Chile,2022,14272.27,1,79.52,2
CHN,China,1964,203.69,3,52.16,1
CHN,China,1965,232.61,3,52.91,1
CHN,China,1967,229.88,3,54.35,1
CHN,China,1969,244.36,3,55.74,2
CHN,China,1970,283.59,3,56.61,2
CHN,China,1973,315.13,3,59.39,1
CHN,China,1974,315.82,3,60.17,1
CHN,China,1975,337.34,3,60.92,2
CHN,China,1976,326.95,3,61.8,2
CHN,China,1978,381.1,3,63.22,1
CHN,China,1979,404.6,3,63.86,3
CHN,China,1980,430.86,3,64.42,5
CHN,China,1981,447.12,3,64.98,8
CHN,China,1982,480.31,3,65.46,7
CHN,China,1983,524.41,3,65.9,9
CHN,China,1984,596.2,3,66.3,5
CHN,China,1985,667.13,3,66.64,14
CHN,China,1986,716.11,3,66.97,11
CHN,China,1987,786.86,3,67.29,15
CHN,China,1988,861.19,3,67.58,18
CHN,China,1989,883.76,3,67.84,14
CHN,China,1990,905.03,3,68.01,18
CHN,China,1991,975.46,3,68.17,13
CHN,China,1992,1100.65,3,68.73,17
CHN,China,1993,1239.13,2,69.22,18
CHN,China,1994,1384.93,2,69.52,18
CHN,China,1995,1520.03,2,70.01,15
CHN,China,1996,1653.43,2,70.27,20
CHN,China,1997,1787.77,2,70.67,21
CHN,China,1998,1909.62,2,71.17,18
CHN,China,1999,2038.21,2,71.42,21
CHN,China,2000,2193.9,2,71.88,28
CHN,China,2001,2359.57,2,72.61,33
CHN,China,2002,2557.89,2,72.98,28
CHN,China,2003,2797.18,2,73.37,27
CHN,China,2004,3061.83,2,73.75,24
CHN,China,2005,3390.72,2,74.11,31
CHN,China,2006,3800.77,2,74.5,37
CHN,China,2007,4319.03,2,74.76,18
CHN,China,2008,4711.64,2,74.87,30
CHN,China,2009,5128.9,2,75.34,26
CHN,China,2010,5647.07,2,75.6,25
CHN,China,2011,6152.7,2,75.9,20
CHN,China,2012,6591.66,2,76.19,28
CHN,China,2013,7056.42,2,76.45,43
CHN,China,2014,7532.79,2,76.72,41
CHN,China,2015,8016.45,2,76.98,36
CHN,China,2016,8516.53,2,77.22,33
CHN,China,2017,9053.23,2,77.25,30
CHN,China,2018,9619.21,2,77.74,22
CHN,China,2019,10155.51,2,77.97,16
CHN,China,2020,10358.17,2,78.08,12
CHN,China,2021,11223.26,2,78.21,17
CHN,China,2022,11555.93,2,78.59,12
CIV,"Côte d'Ivoire",1970,2340.31,2,44.32,1
CIV,"Côte d'Ivoire",1983,2276.87,2,53.17,1
CIV,"Côte d'Ivoire",1989,1962.42,2,52.88,1
CIV,"Côte d'Ivoire",1991,1794.12,2,52.32,1
CIV,"Côte d'Ivoire",1995,1647.09,2,51.61,1
CIV,"Côte d'Ivoire",1996,1706.98,2,51.52,1
CIV,"Côte d'Ivoire",2001,1636.57,2,50.81,2
CIV,"Côte d'Ivoire",2002,1551.28,2,50.89,3
CIV,"Côte d'Ivoire",2005,1431.73,2,51.82,1
CIV,"Côte d'Ivoire",2006,1437.77,2,52.36,2
CIV,"Côte d'Ivoire",2007,1420.17,2,52.97,2
CIV,"Côte d'Ivoire",2008,1454.63,2,53.65,2
CIV,"Côte d'Ivoire",2009,1473.92,2,54.39,1
CIV,"Côte d'Ivoire",2010,1540.53,2,55.02,2
CIV,"Côte d'Ivoire",2014,1742.54,2,57.21,2
CIV,"Côte d'Ivoire",2015,1814.72,2,57.76,1
CIV,"Côte d'Ivoire",2016,1889.28,2,58.06,1
CIV,"Côte d'Ivoire",2017,1972.81,2,58.48,2
CIV,"Côte d'Ivoire",2018,2013.32,2,58.85,1
CIV,"Côte d'Ivoire",2019,2093.1,2,59.32,1
CIV,"Côte d'Ivoire",2020,2055.08,2,59.03,1
CIV,"Côte d'Ivoire",2022,2223.29,2,58.92,1
CMR,Cameroon,1971,923.6,3,48.25,1
CMR,Cameroon,1984,1695.95,2,53.22,1
CMR,Cameroon,1986,1842.96,2,54.04,1
CMR,Cameroon,1987,1749.42,2,54.72,1
CMR,Cameroon,1988,1565.13,2,54.93,2
CMR,Cameroon,1989,1492.28,2,54.95,1
CMR,Cameroon,1990,1360.48,2,54.87,2
CMR,Cameroon,1991,1271.05,2,54.66,2
CMR,Cameroon,1992,1196.85,2,54.48,1
CMR,Cameroon,1993,1070.98,3,54.06,1
CMR,Cameroon,1994,1060.87,3,53.53,1
CMR,Cameroon,1996,1077.39,3,52.82,1
CMR,Cameroon,1997,1096.7,3,52.74,2
CMR,Cameroon,1998,1118.51,3,52.58,3
CMR,Cameroon,1999,1138.36,2,52.7,3
CMR,Cameroon,2000,1151.28,2,52.93,2
CMR,Cameroon,2001,1169.93,2,53.14,4
CMR,Cameroon,2003,1221.09,2,53.88,1
CMR,Cameroon,2004,1271.74,2,54.18,1
CMR,Cameroon,2005,1264.74,2,54.36,2
CMR,Cameroon,2007,1295.73,2,55.16,1
CMR,Cameroon,2008,1295.02,2,55.66,1
CMR,Cameroon,2009,1290.9,2,56.1,1
CMR,Cameroon,2010,1290.9,2,56.58,2
CMR,Cameroon,2011,1297.31,2,57.13,1
CMR,Cameroon,2012,1319.67,2,57.79,3
CMR,Cameroon,2013,1347.21,2,58.48,1
CMR,Cameroon,2014,1381.82,2,58.94,3
CMR,Cameroon,2015,1415,2,59.66,2
CMR,Cameroon,2017,1444.91,2,60.81,1
CMR,Cameroon,2018,1461.02,2,61.18,1
CMR,Cameroon,2019,1470.32,2,61.58,1
CMR,Cameroon,2020,1434.52,2,60.83,1
CMR,Cameroon,2022,1458.66,2,60.96,5
COD,"Congo, The Democratic Republic of the",1966,1278.49,2,42.05,1
COD,"Congo, The Democratic Republic of the",1968,1245.69,2,42.7,1
COD,"Congo, The Democratic Republic of the",1976,1164.71,2,44.66,1
COD,"Congo, The Democratic Republic of the",1977,1144.26,2,44.76,1
COD,"Congo, The Democratic Republic of the",1978,1050.01,3,44.54,2
COD,"Congo, The Democratic Republic of the",1984,971.07,3,46.44,1
COD,"Congo, The Democratic Republic of the",1987,952.77,3,47.34,2
COD,"Congo, The Democratic Republic of the",1989,886.86,3,48.17,1
COD,"Congo, The Democratic Republic of the",1990,801.57,3,48.6,1
COD,"Congo, The Democratic Republic of the",1991,710.03,3,48.95,1
COD,"Congo, The Democratic Republic of the",1992,614.37,3,49.24,1
COD,"Congo, The Democratic Republic of the",1994,470.16,3,49.88,1
COD,"Congo, The Democratic Republic of the",1995,454.2,3,50.41,1
COD,"Congo, The Democratic Republic of the",1996,440.99,3,49.31,2
COD,"Congo, The Democratic Republic of the",1997,409.59,3,50.4,4
COD,"Congo, The Democratic Republic of the",1998,392.14,3,49.7,5
COD,"Congo, The Democratic Republic of the",1999,362.99,3,49.94,2
COD,"Congo, The Democratic Republic of the",2000,327.24,3,51.78,2
COD,"Congo, The Democratic Republic of the",2001,310.38,3,52.12,11
COD,"Congo, The Democratic Republic of the",2002,309.91,3,52.33,11
COD,"Congo, The Democratic Republic of the",2003,317.78,3,52.83,7
COD,"Congo, The Democratic Republic of the",2004,329.35,3,53.43,5
COD,"Congo, The Democratic Republic of the",2005,338.98,3,53.93,5
COD,"Congo, The Democratic Republic of the",2006,346.18,3,54.53,11
COD,"Congo, The Democratic Republic of the",2007,356.89,3,54.92,3
COD,"Congo, The Democratic Republic of the",2008,367.84,3,55.34,3
COD,"Congo, The Democratic Republic of the",2009,366.83,3,55.84,6
COD,"Congo, The Democratic Republic of the",2010,380.58,3,56.42,6
COD,"Congo, The Democratic Republic of the",2011,393.62,3,57.07,4
COD,"Congo, The Democratic Republic of the",2012,407.67,3,57.25,5
COD,"Congo, The Democratic Republic of the",2014,452.34,3,58.3,3
COD,"Congo, The Democratic Republic of the",2015,467.91,3,58.49,5
COD,"Congo, The Democratic Republic of the",2016,462.47,3,59.07,4
COD,"Congo, The Democratic Republic of the",2017,462.48,3,59.41,3
COD,"Congo, The Democratic Republic of the",2018,473.29,3,59.94,3
COD,"Congo, The Democratic Republic of the",2019,478.63,3,60.28,5
COD,"Congo, The Democratic Republic of the",2020,471.5,3,59.74,7
COD,"Congo, The Democratic Republic of the",2021,484.78,3,59.19,2
COD,"Congo, The Democratic Republic of the",2022,511.3,3,59.74,7
COG,Congo,1967,1201.4,2,52.1,1
COG,Congo,1983,2773.63,2,57.23,1
COG,Congo,1994,2069.8,2,53.74,1
COG,Congo,1997,2064.75,2,47.19,1
COG,Congo,1998,2095.34,2,50.89,1
COG,Congo,1999,1986.85,2,52.76,2
COG,Congo,2000,2057.02,2,53.68,1
COG,Congo,2001,2056.17,2,54.4,1
COG,Congo,2002,2100.17,2,55.09,2
COG,Congo,2003,2058.89,2,55.95,1
COG,Congo,2005,2140.04,2,58.13,2
COG,Congo,2006,2226.02,2,58.88,2
COG,Congo,2007,2004.1,2,59.64,1
COG,Congo,2008,2061.56,2,60.43,2
COG,Congo,2010,2332.29,2,61.68,1
COG,Congo,2011,2307.49,2,61.99,3
COG,Congo,2012,2467.06,2,62.32,2
COG,Congo,2013,2390.66,2,62.7,1
COG,Congo,2019,1885.51,2,62.75,5
COG,Congo,2020,1725.51,2,63.78,2
COG,Congo,2021,1701.79,2,63.52,1
COG,Congo,2022,1686,2,63.05,1
COL,Colombia,1962,2042.64,2,58.3,2
COL,Colombia,1965,2119.99,2,59.82,1
COL,Colombia,1967,2194.44,2,60.53,2
COL,Colombia,1968,2262.17,2,60.87,1
COL,Colombia,1969,2338.11,2,61.22,1
COL,Colombia,1970,2421.23,2,61.57,4
COL,Colombia,1971,2504.5,2,62.05,3
COL,Colombia,1972,2634.72,2,62.57,1
COL,Colombia,1973,2748.15,2,63.06,3
COL,Colombia,1974,2841.38,2,63.64,3
COL,Colombia,1976,2914.01,2,64.84,2
COL,Colombia,1977,2968.66,2,65.42,1
COL,Colombia,1979,3244.09,2,66.38,3
COL,Colombia,1980,3300.51,2,66.87,1
COL,Colombia,1981,3298.73,2,67.2,3
COL,Colombia,1982,3253.88,2,67.53,2
COL,Colombia,1983,3228.36,2,67.74,3
COL,Colombia,1984,3260.28,2,67.98,1
COL,Colombia,1985,3289.71,2,66.28,1
COL,Colombia,1986,3410.16,2,68.26,5
COL,Colombia,1987,3520.16,2,68.27,3
COL,Colombia,1988,3588.97,2,68.39,3
COL,Colombia,1989,3636.08,2,68.53,1
COL,Colombia,1990,3714.18,2,68.64,4
COL,Colombia,1991,3713.18,2,68.81,6
COL,Colombia,1992,3787.59,2,69.04,1
COL,Colombia,1993,3912.66,2,69.34,6
COL,Colombia,1994,4059.32,2,69.61,4
COL,Colombia,1995,4189.73,2,69.93,6
COL,Colombia,1996,4198.69,2,70.19,4
COL,Colombia,1997,4265.69,2,70.49,1
COL,Colombia,1998,4213.83,2,70.74,2
COL,Colombia,1999,3967.11,2,70.93,7
COL,Colombia,2000,4016.81,2,71.32,4
COL,Colombia,2001,4020.51,2,71.5,6
COL,Colombia,2002,4058.28,2,71.94,5
COL,Colombia,2003,4154.18,2,72.36,4
COL,Colombia,2004,4311.92,2,72.69,4
COL,Colombia,2005,4457.28,2,73.08,5
COL,Colombia,2006,4694.03,2,73.47,3
COL,Colombia,2007,4947.25,2,73.84,6
COL,Colombia,2008,5048.57,2,74.3,8
COL,Colombia,2009,5046.97,2,74.74,3
COL,Colombia,2010,5214.25,2,75.03,6
COL,Colombia,2011,5517.1,2,75.32,3
COL,Colombia,2012,5675.76,2,75.6,4
COL,Colombia,2013,5910.81,2,75.83,3
COL,Colombia,2014,6121.84,2,76.04,5
COL,Colombia,2015,6248.51,2,76.26,5
COL,Colombia,2016,6316.07,2,76.47,3
COL,Colombia,2017,6309.68,2,76.65,7
COL,Colombia,2018,6353.55,2,76.75,2
COL,Colombia,2019,6439.96,2,76.75,7
COL,Colombia,2020,5891.96,2,74.77,6
COL,Colombia,2021,6457.17,2,72.83,11
COL,Colombia,2022,6854.21,2,73.66,14
COM,Comoros,1983,1250.62,2,52.27,1
COM,Comoros,1985,1259.29,2,53.48,1
COM,Comoros,1987,1233.66,2,54.37,1
COM,Comoros,1989,1162.34,2,55.22,2
COM,Comoros,1991,1098.65,3,56.19,1
COM,Comoros,1998,1105.54,3,58.41,1
COM,Comoros,1999,1106.91,3,58.78,1
COM,Comoros,2003,1210.73,2,59.26,1
COM,Comoros,2005,1220,2,59.6,3
COM,Comoros,2006,1227.29,2,59.88,2
COM,Comoros,2007,1212.7,2,60.1,1
COM,Comoros,2009,1250.9,2,60.83,1
COM,Comoros,2012,1313.58,2,61.83,1
COM,Comoros,2014,1342.33,2,62.52,2
COM,Comoros,2019,1389.36,2,64.07,2
CPV,"Cabo Verde",1982,630.37,3,61.67,2
CPV,"Cabo Verde",1984,696.05,3,61.66,1
CPV,"Cabo Verde",1988,813.04,3,64.06,1
CPV,"Cabo Verde",1992,896.52,3,65.32,1
CPV,"Cabo Verde",1994,1113.94,3,65.25,1
CPV,"Cabo Verde",1995,1248.28,2,64.09,1
CPV,"Cabo Verde",1998,1652.11,2,66.99,1
CPV,"Cabo Verde",2002,2127.71,2,70.7,1
CPV,"Cabo Verde",2004,2379.8,2,72,1
CPV,"Cabo Verde",2009,3159.59,2,73.09,2
CPV,"Cabo Verde",2014,3383.84,2,75.24,1
CPV,"Cabo Verde",2015,3415.06,2,74.62,1
CPV,"Cabo Verde",2017,3719.71,2,76.59,1
CPV,"Cabo Verde",2020,3255.94,2,74.81,1
CPV,"Cabo Verde",2022,3997.77,2,74.72,1
CRI,"Costa Rica",1963,3713.74,2,61.62,1
CRI,"Costa Rica",1968,4348.21,2,64.43,1
CRI,"Costa Rica",1969,4459.99,2,65.02,1
CRI,"Costa Rica",1970,4665.12,2,65.36,2
CRI,"Costa Rica",1973,5368.04,2,67.95,2
CRI,"Costa Rica",1975,5496.16,2,69.4,1
CRI,"Costa Rica",1976,5650.75,2,70.29,2
CRI,"Costa Rica",1980,6211.83,2,72.9,1
CRI,"Costa Rica",1983,5333.85,2,75.08,2
CRI,"Costa Rica",1988,5802.83,2,76.11,2
CRI,"Costa Rica",1990,6037.05,2,76.63,2
CRI,"Costa Rica",1991,6018.68,2,76.59,5
CRI,"Costa Rica",1992,6408.21,2,76.63,1
CRI,"Costa Rica",1993,6693.49,2,76.7,2
CRI,"Costa Rica",1994,6826.32,2,76.67,2
CRI,"Costa Rica",1995,6940.84,2,76.55,2
CRI,"Costa Rica",1996,6871.61,2,76.8,3
CRI,"Costa Rica",1998,7430.17,2,76.9,3
CRI,"Costa Rica",1999,7584.42,2,77.14,1
CRI,"Costa Rica",2000,7726.52,2,77.59,1
CRI,"Costa Rica",2001,7854.23,2,77.54,1
CRI,"Costa Rica",2002,7989.56,2,77.98,2
CRI,"Costa Rica",2003,8207.46,2,78.07,2
CRI,"Costa Rica",2004,8445.53,2,78.33,3
CRI,"Costa Rica",2005,8655.34,2,78.5,3
CRI,"Costa Rica",2007,9779.51,2,78.46,2
CRI,"Costa Rica",2008,10104.91,2,78.44,4
CRI,"Costa Rica",2009,9883.68,2,78.67,1
CRI,"Costa Rica",2010,10285.09,2,78.67,2
CRI,"Costa Rica",2011,10612.47,2,79.35,1
CRI,"Costa Rica",2012,11001.52,2,79.28,2
CRI,"Costa Rica",2013,11151.14,2,79.4,1
CRI,"Costa Rica",2015,11714.71,2,79.09,3
CRI,"Costa Rica",2016,12084.44,2,79.46,1
CRI,"Costa Rica",2017,12468.57,2,79.38,1
CRI,"Costa Rica",2018,12679.53,2,79.48,1
CRI,"Costa Rica",2019,12877.65,1,79.43,2
CRI,"Costa Rica",2020,12242.21,2,79.28,1
CRI,"Costa Rica",2021,13146.69,1,77.02,1
CRI,"Costa Rica",2022,13686.16,1,77.32,1
CUB,Cuba,1970,2620.09,2,68.4,1
CUB,Cuba,1976,3314.86,2,71.52,1
CUB,Cuba,1977,3574.74,2,71.9,1
CUB,Cuba,1978,3785.6,2,72.2,1
CUB,Cuba,1980,3606.74,2,72.75,1
CUB,Cuba,1982,4650.67,2,73.13,1
CUB,Cuba,1983,4863.89,2,73.31,1
CUB,Cuba,1985,5246.14,2,73.6,2
CUB,Cuba,1986,5206.53,2,73.72,1
CUB,Cuba,1987,5036.67,2,73.82,1
CUB,Cuba,1988,5174.62,2,73.91,3
CUB,Cuba,1990,4961.46,2,74.04,2
CUB,Cuba,1992,3861.87,2,74.16,2
CUB,Cuba,1993,3270.55,2,74.26,4
CUB,Cuba,1994,3280.38,2,74.41,2
CUB,Cuba,1995,3348.89,2,74.62,3
CUB,Cuba,1996,3599.32,2,74.9,3
CUB,Cuba,1997,3687.43,2,75.22,2
CUB,Cuba,1998,3680.98,2,75.56,2
CUB,Cuba,1999,3895.55,2,75.89,2
CUB,Cuba,2000,4112.26,2,76.18,2
CUB,Cuba,2001,4229.9,2,76.42,1
CUB,Cuba,2002,4277.4,2,76.61,3
CUB,Cuba,2003,4426.97,2,76.77,1
CUB,Cuba,2004,4670.19,2,76.91,3
CUB,Cuba,2005,5182.35,2,77.05,2
CUB,Cuba,2006,5799.41,2,77.18,2
CUB,Cuba,2007,6215.77,2,77.31,3
CUB,Cuba,2008,6469.09,2,77.43,5
CUB,Cuba,2012,7109.25,2,77.83,3
CUB,Cuba,2013,7307.82,2,77.87,1
CUB,Cuba,2015,7727.92,2,77.77,2
CUB,Cuba,2016,7774.07,2,77.64,1
CUB,Cuba,2017,7927.28,2,77.53,1
CUB,Cuba,2018,8120.43,2,77.5,2
CUB,Cuba,2019,8124.75,2,77.61,1
CUB,Cuba,2020,7252.32,2,77.57,2
CUB,Cuba,2021,7379.01,2,73.68,2
CUB,Cuba,2022,7552.32,2,78.16,3
CYP,Cyprus,1983,11801.14,2,72.31,1
CYP,Cyprus,1995,19453.76,1,75.13,1
CYP,Cyprus,1996,19385.21,1,75.52,1
CYP,Cyprus,1998,20562.2,1,76.18,1
CYP,Cyprus,2000,22383.87,1,76.57,3
CYP,Cyprus,2003,23930.67,1,77.79,1
CYP,Cyprus,2004,24799.55,1,77.94,1
CYP,Cyprus,2007,27156.68,1,78.81,1
CYP,Cyprus,2021,30227.92,1,81.2,1
CYP,Cyprus,2022,32015.35,1,81.89,1
CZE,Czechia,1996,11944.72,2,73.71,1
CZE,Czechia,1997,11886.35,2,73.82,1
CZE,Czechia,1998,11850.84,2,74.51,1
CZE,Czechia,2000,12543.94,2,74.97,1
CZE,Czechia,2002,13179.99,1,75.22,3
CZE,Czechia,2003,13618.93,1,75.17,1
CZE,Czechia,2005,15147.72,1,75.92,3
CZE,Czechia,2006,16107.3,1,76.52,2
CZE,Czechia,2007,16892.54,1,76.72,1
CZE,Czechia,2008,17190.65,1,76.98,1
CZE,Czechia,2009,16272.81,1,77.08,2
CZE,Czechia,2010,16665.93,1,77.42,4
CZE,Czechia,2012,16772.35,1,78.08,2
CZE,Czechia,2013,16759.78,1,78.18,1
CZE,Czechia,2017,19257.69,1,78.98,1
CZE,Czechia,2018,19736.63,1,79.03,1
CZE,Czechia,2020,19233.15,1,78.18,1
CZE,Czechia,2021,20373.88,1,77.22,3
CZE,Czechia,2022,20627.35,1,79.03,3
DEU,Germany,1990,29747.69,1,75.09,6
DEU,Germany,1991,31040.29,1,75.32,1
DEU,Germany,1992,31425.65,1,75.82,2
DEU,Germany,1993,30915.87,1,75.87,3
DEU,Germany,1994,31609.11,1,76.27,4
DEU,Germany,1995,31990.79,1,76.42,2
DEU,Germany,1996,32229.48,1,76.67,1
DEU,Germany,1997,32779.28,1,77.07,2
DEU,Germany,1998,33461.32,1,77.48,1
DEU,Germany,1999,34152,1,77.73,4
DEU,Germany,2001,35601.36,1,78.33,1
DEU,Germany,2002,35460.41,1,78.23,5
DEU,Germany,2003,35252.97,1,78.38,3
DEU,Germany,2004,35670.49,1,78.68,2
DEU,Germany,2005,36006.86,1,78.93,4
DEU,Germany,2006,37437.39,1,79.13,6
DEU,Germany,2007,38570.91,1,79.53,3
DEU,Germany,2008,38996.14,1,79.74,2
DEU,Germany,2009,36927.19,1,79.84,4
DEU,Germany,2010,38517.44,1,79.99,4
DEU,Germany,2012,40829.03,1,80.54,2
DEU,Germany,2013,40875.03,1,80.49,4
DEU,Germany,2014,41588.08,1,81.09,2
DEU,Germany,2016,42528.06,1,80.99,1
DEU,Germany,2017,43520.19,1,80.99,3
DEU,Germany,2018,43874.01,1,80.89,2
DEU,Germany,2019,44207.63,1,81.29,3
DEU,Germany,2020,42362.65,1,81.04,1
DEU,Germany,2021,43898.77,1,80.79,3
DEU,Germany,2022,44180.43,1,80.71,4
DJI,Djibouti,2018,2677.17,2,63.04,1
DJI,Djibouti,2019,2781.95,2,63.08,1
DJI,Djibouti,2020,2776.54,2,62.69,2
DJI,Djibouti,2022,2925.84,2,62.86,1
DMA,Dominica,1979,2615.82,2,70.97,1
DMA,Dominica,1980,2960.86,2,71.78,1
DMA,Dominica,1984,3703.41,2,72.02,1
DMA,Dominica,1989,4725.57,2,69.55,1
DMA,Dominica,1995,5477.31,2,71.52,2
DMA,Dominica,1999,6062.04,2,70.63,1
DMA,Dominica,2004,6624.09,2,72.4,1
DMA,Dominica,2007,7400.18,2,71.93,1
DMA,Dominica,2011,7846.03,2,69.69,1
DMA,Dominica,2015,7679.83,2,68.73,1
DMA,Dominica,2017,7575.63,2,67.53,1
DNK,Denmark,1976,29723.09,1,73.74,1
DNK,Denmark,1980,31745.92,1,74.1,1
DNK,Denmark,1981,31519.64,1,74.23,1
DNK,Denmark,1983,33663.59,1,74.42,1
DNK,Denmark,1985,36587.45,1,74.43,1
DNK,Denmark,1990,39306.79,1,74.81,3
DNK,Denmark,1992,40447.23,1,75.19,1
DNK,Denmark,1999,47657.17,1,76.34,1
DNK,Denmark,2002,49624.6,1,76.9,1
DNK,Denmark,2005,52015.18,1,77.84,1
DNK,Denmark,2007,54113.98,1,78.2,1
DNK,Denmark,2010,51209.45,1,79.1,1
DNK,Denmark,2013,51970.39,1,80.3,2
DNK,Denmark,2022,60248.67,1,81.3,2
DOM,"Dominican Republic",1963,1537.65,2,51.8,1
DOM,"Dominican Republic",1964,1592.72,2,52.54,1
DOM,"Dominican Republic",1965,1353.52,2,50.86,1
DOM,"Dominican Republic",1966,1491.54,2,53.67,1
DOM,"Dominican Republic",1968,1457.4,2,54.89,1
DOM,"Dominican Republic",1978,2569.11,2,60.82,1
DOM,"Dominican Republic",1979,2619.32,2,60.75,2
DOM,"Dominican Republic",1980,2759.26,2,61.75,1
DOM,"Dominican Republic",1981,2808.99,2,62.19,1
DOM,"Dominican Republic",1983,2853.36,2,63.11,1
DOM,"Dominican Republic",1985,2703.27,2,64.14,1
DOM,"Dominican Republic",1986,2738.51,2,64.73,1
DOM,"Dominican Republic",1987,2952.1,2,65.34,1
DOM,"Dominican Republic",1988,2952.74,2,65.95,1
DOM,"Dominican Republic",1989,3018.16,2,66.55,1
DOM,"Dominican Republic",1991,2763.07,2,67.62,1
DOM,"Dominican Republic",1992,3012.19,2,68.08,1
DOM,"Dominican Republic",1993,3171.39,2,68.47,2
DOM,"Dominican Republic",1995,3310.88,2,68.99,3
DOM,"Dominican Republic",1996,3445.56,2,69.1,2
DOM,"Dominican Republic",1998,3869.94,2,69.1,1
DOM,"Dominican Republic",1999,4033.88,2,69.28,1
DOM,"Dominican Republic",2001,4189.81,2,69.64,1
DOM,"Dominican Republic",2002,4312.88,2,69.92,1
DOM,"Dominican Republic",2003,4194.02,2,70.26,4
DOM,"Dominican Republic",2004,4243.09,2,70.33,4
DOM,"Dominican Republic",2005,4582.67,2,70.88,3
DOM,"Dominican Republic",2007,5243.06,2,71.37,5
DOM,"Dominican Republic",2008,5344.93,2,71.66,3
DOM,"Dominican Republic",2009,5327.53,2,71.87,3
DOM,"Dominican Republic",2010,5698.41,2,72.09,4
DOM,"Dominican Republic",2011,5802.84,2,72.22,4
DOM,"Dominican Republic",2012,5886.67,2,72.51,5
DOM,"Dominican Republic",2013,6098.91,2,72.71,1
DOM,"Dominican Republic",2014,6451.88,2,72.87,1
DOM,"Dominican Republic",2015,6819.93,2,72.95,3
DOM,"Dominican Republic",2016,7193.7,2,72.99,3
DOM,"Dominican Republic",2017,7447.94,2,73.06,3
DOM,"Dominican Republic",2018,7882.86,2,73.23,2
DOM,"Dominican Republic",2019,8195.98,2,73.58,1
DOM,"Dominican Republic",2020,7565.84,2,72.89,2
DOM,"Dominican Republic",2021,8406.37,2,72.61,2
DOM,"Dominican Republic",2022,8730.59,2,74.17,3
DZA,Algeria,1960,2388.42,2,40.53,1
DZA,Algeria,1963,2122.43,2,42.91,1
DZA,Algeria,1965,2311.74,2,42.71,1
DZA,Algeria,1966,2161.49,2,42.54,1
DZA,Algeria,1967,2313.26,2,42.57,2
DZA,Algeria,1969,2655.44,2,42.78,1
DZA,Algeria,1973,3093.38,2,45.08,1
DZA,Algeria,1974,3245.61,2,46.03,1
DZA,Algeria,1979,3830.81,2,51.76,1
DZA,Algeria,1980,3742.71,2,53.26,1
DZA,Algeria,1981,3731.94,2,55.28,1
DZA,Algeria,1982,3840.58,2,57.43,1
DZA,Algeria,1984,3993.4,2,61.66,1
DZA,Algeria,1985,4002.56,2,63.59,2
DZA,Algeria,1987,3746.17,2,65.83,2
DZA,Algeria,1988,3606.27,2,66.97,3
DZA,Algeria,1989,3666.85,2,67.08,1
DZA,Algeria,1991,3478.51,2,67.69,1
DZA,Algeria,1992,3455.93,2,67.76,2
DZA,Algeria,1993,3302.92,2,67.72,2
DZA,Algeria,1994,3201.57,2,67.36,4
DZA,Algeria,1996,3322.96,2,68.75,1
DZA,Algeria,1997,3297.47,2,69.17,2
DZA,Algeria,1999,3471.49,2,70.03,2
DZA,Algeria,2000,3553.32,2,70.48,1
DZA,Algeria,2001,3610.01,2,70.82,1
DZA,Algeria,2002,3754.66,2,71.23,2
DZA,Algeria,2003,3945.9,2,71.29,7
DZA,Algeria,2004,4066.28,2,71.76,4
DZA,Algeria,2005,4223.6,2,72.06,3
DZA,Algeria,2006,4279.62,2,72.33,2
DZA,Algeria,2007,4339.25,2,72.6,7
DZA,Algeria,2008,4367.57,2,72.94,1
DZA,Algeria,2009,4336.1,2,73.62,2
DZA,Algeria,2011,4501.35,2,74.12,1
DZA,Algeria,2012,4518.44,2,74.2,2
DZA,Algeria,2014,4634.1,2,75.11,1
DZA,Algeria,2015,4685.06,2,75.62,2
DZA,Algeria,2017,4742.9,2,75.74,1
DZA,Algeria,2018,4717,2,76.07,1
DZA,Algeria,2019,4672.66,2,76.47,1
DZA,Algeria,2020,4363.69,2,74.45,1
DZA,Algeria,2021,4456.75,2,76.38,3
DZA,Algeria,2022,4544.47,2,77.13,1
ECU,Ecuador,1964,2578.96,2,55.3,1
ECU,Ecuador,1965,2586.07,2,55.66,1
ECU,Ecuador,1966,2501.92,2,55.94,1
ECU,Ecuador,1967,2540.66,2,56.21,2
ECU,Ecuador,1969,2553.06,2,56.65,1
ECU,Ecuador,1970,2648.65,2,57.15,3
ECU,Ecuador,1971,2733.32,2,57.63,2
ECU,Ecuador,1973,3085.04,2,58.84,2
ECU,Ecuador,1975,3595.35,2,60.23,2
ECU,Ecuador,1976,3754.41,2,60.89,4
ECU,Ecuador,1977,3710.31,2,61.56,1
ECU,Ecuador,1980,3889.18,2,63.19,1
ECU,Ecuador,1982,3918.96,2,64.11,1
ECU,Ecuador,1983,3804.53,2,64.53,2
ECU,Ecuador,1985,3852.89,2,65.81,1
ECU,Ecuador,1987,3785.72,2,67.3,4
ECU,Ecuador,1989,3866.17,2,68.75,1
ECU,Ecuador,1990,3919.72,2,69.35,1
ECU,Ecuador,1991,4000.57,2,69.62,1
ECU,Ecuador,1992,4000.03,2,70.12,2
ECU,Ecuador,1993,3996.99,2,70.34,3
ECU,Ecuador,1994,4087.34,2,70.76,1
ECU,Ecuador,1995,4100.69,2,71.04,3
ECU,Ecuador,1996,4093.84,2,71.36,1
ECU,Ecuador,1997,4192.86,2,71.68,3
ECU,Ecuador,1998,4252.04,2,72.04,3
ECU,Ecuador,1999,3979.19,2,72.46,1
ECU,Ecuador,2000,3953.4,2,72.84,5
ECU,Ecuador,2001,4049,2,73.24,3
ECU,Ecuador,2002,4174.9,2,73.61,6
ECU,Ecuador,2003,4220.21,2,73.97,2
ECU,Ecuador,2006,4706.98,2,74.69,3
ECU,Ecuador,2008,4939.9,2,74.98,1
ECU,Ecuador,2009,4909.34,2,75.18,2
ECU,Ecuador,2010,5022.2,2,75.43,4
ECU,Ecuador,2011,5359.46,2,75.74,2
ECU,Ecuador,2012,5579.86,2,76.06,3
ECU,Ecuador,2013,5893.32,2,76.37,4
ECU,Ecuador,2015,5976.16,2,76.79,3
ECU,Ecuador,2016,5849.14,2,76.76,4
ECU,Ecuador,2019,5971.39,2,77.3,4
ECU,Ecuador,2020,5355.69,2,72.15,2
ECU,Ecuador,2021,5836.17,2,73.67,4
ECU,Ecuador,2022,6148.02,2,77.89,6
EGY,Egypt,1969,930.03,3,49.8,1
EGY,Egypt,1975,1048.97,3,52.59,1
EGY,Egypt,1979,1335.53,2,55.8,2
EGY,Egypt,1987,1835.11,2,62.14,1
EGY,Egypt,1991,1940.1,2,64.76,1
EGY,Egypt,1992,1979.02,2,65.03,1
EGY,Egypt,1993,1989.98,2,65.47,1
EGY,Egypt,1994,2024.95,2,65.82,1
EGY,Egypt,1995,2074.84,2,66.31,3
EGY,Egypt,1996,2133.65,2,66.74,2
EGY,Egypt,1997,2204.67,2,67.2,2
EGY,Egypt,2000,2458.61,2,68.01,1
EGY,Egypt,2002,2498.48,2,68.56,3
EGY,Egypt,2004,2574.42,2,68.61,2
EGY,Egypt,2008,3052.21,2,69.32,1
EGY,Egypt,2010,3233.85,2,69.66,3
EGY,Egypt,2015,3306.98,2,70.48,2
EGY,Egypt,2016,3381.22,2,70.84,1
EGY,Egypt,2020,3770.87,2,70.99,1
EGY,Egypt,2021,3837.32,2,70.22,1
ERI,Eritrea,1993,705.99,3,53.23,2
ERI,Eritrea,1995,806.7,3,54.91,1
ERI,Eritrea,1999,886.05,3,43.4,1
ERI,Eritrea,2003,830.38,3,59.41,1
ERI,Eritrea,2004,808.59,3,59.9,1
ERI,Eritrea,2008,693.4,3,62.57,1
ESP,Spain,1962,7586.92,2,69.52,1
ESP,Spain,1971,11952.15,2,71.63,2
ESP,Spain,1972,12784.28,1,72.82,1
ESP,Spain,1973,13628.56,1,72.61,2
ESP,Spain,1978,14805.99,1,74.3,1
ESP,Spain,1979,14682.13,1,74.82,1
ESP,Spain,1980,14886.41,1,75.35,1
ESP,Spain,1981,14761.38,1,75.53,1
ESP,Spain,1982,14855.91,1,76.13,2
ESP,Spain,1983,15045.4,1,75.91,2
ESP,Spain,1984,15250.45,1,76.3,3
ESP,Spain,1985,15548.04,1,76.26,3
ESP,Spain,1987,16850.09,1,76.73,2
ESP,Spain,1989,18494.94,1,76.81,3
ESP,Spain,1990,19174.77,1,76.84,3
ESP,Spain,1991,19612.98,1,76.97,1
ESP,Spain,1994,19762.39,1,77.9,4
ESP,Spain,1995,20217.9,1,77.98,2
ESP,Spain,1996,20658.84,1,78.12,2
ESP,Spain,1997,21310.43,1,78.6,3
ESP,Spain,1998,22135.4,1,78.67,2
ESP,Spain,1999,23017.84,1,78.72,3
ESP,Spain,2000,24106.88,1,78.97,3
ESP,Spain,2001,24878.38,1,79.37,2
ESP,Spain,2002,25205.32,1,79.57,1
ESP,Spain,2003,25481.17,1,79.62,2
ESP,Spain,2004,25825.31,1,79.87,3
ESP,Spain,2005,26294.45,1,80.17,2
ESP,Spain,2006,26899.09,1,80.82,3
ESP,Spain,2007,27338.8,1,80.87,4
ESP,Spain,2009,25860.81,1,81.48,2
ESP,Spain,2010,25766.25,1,81.63,2
ESP,Spain,2011,25510.56,1,82.48,2
ESP,Spain,2012,24763.57,1,82.43,2
ESP,Spain,2013,24490.23,1,83.08,2
ESP,Spain,2014,24937.04,1,83.23,1
ESP,Spain,2015,25969.84,1,82.83,2
ESP,Spain,2016,26704.34,1,83.33,1
ESP,Spain,2017,27413.33,1,83.28,2
ESP,Spain,2018,27947.32,1,83.43,4
ESP,Spain,2019,28291.63,1,83.83,8
ESP,Spain,2020,25073.72,1,82.33,1
ESP,Spain,2021,26721.15,1,83.23,3
ESP,Spain,2022,28168.37,1,83.08,2
EST,Estonia,2005,14703.62,1,72.57,1
EST,Estonia,2006,16234.51,1,72.69,1
EST,Estonia,2012,16460.68,1,76.33,1
EST,Estonia,2018,19914.34,1,78.24,1
EST,Estonia,2022,21080.65,1,77.94,1
ETH,Ethiopia,1961,240.27,3,41,1
ETH,Ethiopia,1965,259.92,3,42.44,1
ETH,Ethiopia,1968,278.86,3,42.84,1
ETH,Ethiopia,1969,275.06,3,42.83,2
ETH,Ethiopia,1970,276.9,3,42.82,1
ETH,Ethiopia,1973,298.11,3,41.64,1
ETH,Ethiopia,1976,289.45,3,41.9,1
ETH,Ethiopia,1977,291.67,3,41.89,2
ETH,Ethiopia,1978,294.62,3,41.9,1
ETH,Ethiopia,1980,303.85,3,43.22,1
ETH,Ethiopia,1981,309.3,3,43.61,2
ETH,Ethiopia,1983,316.02,3,36.04,1
ETH,Ethiopia,1985,258.42,3,37.36,3
ETH,Ethiopia,1986,275.13,3,37.81,1
ETH,Ethiopia,1987,302.77,3,45.44,2
ETH,Ethiopia,1988,292.64,3,45.06,5
ETH,Ethiopia,1989,280.59,3,45.04,1
ETH,Ethiopia,1990,277.77,3,44.56,1
ETH,Ethiopia,1991,247.01,3,46.13,1
ETH,Ethiopia,1992,216.29,3,46.9,1
ETH,Ethiopia,1993,236.27,3,47.39,2
ETH,Ethiopia,1994,235.46,3,47.86,2
ETH,Ethiopia,1995,241.53,3,48.3,1
ETH,Ethiopia,1996,262.72,3,48.92,2
ETH,Ethiopia,1997,262.41,3,49.51,3
ETH,Ethiopia,1998,245.5,3,49.93,1
ETH,Ethiopia,1999,250.24,3,49.42,8
ETH,Ethiopia,2000,257.41,3,50.54,9
ETH,Ethiopia,2001,270.45,3,51.04,5
ETH,Ethiopia,2002,266.32,3,51.52,2
ETH,Ethiopia,2003,252.81,3,52.53,2
ETH,Ethiopia,2005,302.48,3,54.01,8
ETH,Ethiopia,2006,325.54,3,55.15,9
ETH,Ethiopia,2007,352.36,3,56.43,3
ETH,Ethiopia,2008,379.24,3,57.59,5
ETH,Ethiopia,2009,401.07,3,58.8,2
ETH,Ethiopia,2010,438.79,3,59.73,3
ETH,Ethiopia,2011,474.16,3,60.72,2
ETH,Ethiopia,2012,500.92,3,61.54,1
ETH,Ethiopia,2013,539.07,3,62.37,4
ETH,Ethiopia,2015,621.85,3,63.65,2
ETH,Ethiopia,2016,662.33,3,64.39,2
ETH,Ethiopia,2018,734.23,3,65.41,3
ETH,Ethiopia,2019,774.51,3,65.84,5
ETH,Ethiopia,2020,799.48,3,65.37,4
ETH,Ethiopia,2021,822.31,3,64.97,2
ETH,Ethiopia,2022,843.64,3,65.64,3
FIN,Finland,1990,31291.52,1,74.81,2
FIN,Finland,2005,42529.35,1,78.82,1
FIN,Finland,2022,46356.23,1,81.19,1
FJI,Fiji,1964,2256.39,2,60.22,1
FJI,Fiji,1965,2129.25,2,60.8,1
FJI,Fiji,1972,2970.33,2,61.78,1
FJI,Fiji,1973,3263.56,2,61.02,2
FJI,Fiji,1975,3268.68,2,61.85,1
FJI,Fiji,1978,3408.49,2,62.53,1
FJI,Fiji,1979,3735.04,2,62.94,1
FJI,Fiji,1980,3588.63,2,62.73,1
FJI,Fiji,1981,3725.86,2,62.73,1
FJI,Fiji,1983,3206.54,2,63.29,3
FJI,Fiji,1985,3159.91,2,64.53,3
FJI,Fiji,1986,3333.21,2,64.72,2
FJI,Fiji,1987,3066.13,2,64.94,1
FJI,Fiji,1989,3257.2,2,65.28,1
FJI,Fiji,1990,3414.95,2,65.51,3
FJI,Fiji,1992,3471.43,2,65.83,1
FJI,Fiji,1993,3522.84,2,65.93,1
FJI,Fiji,1997,3785.47,2,66.45,1
FJI,Fiji,1998,3787.49,2,66.68,1
FJI,Fiji,1999,4073.38,2,66.76,1
FJI,Fiji,2003,4087.72,2,66.18,1
FJI,Fiji,2004,4264.6,2,66.42,2
FJI,Fiji,2006,4295.41,2,66.86,2
FJI,Fiji,2007,4223.45,2,66.83,4
FJI,Fiji,2008,4240.77,2,66.94,1
FJI,Fiji,2009,4164.29,2,67.09,2
FJI,Fiji,2010,4272.36,2,67.33,1
FJI,Fiji,2012,4427.98,2,67.55,3
FJI,Fiji,2015,5097.53,2,66.84,1
FJI,Fiji,2016,5218.86,2,67.24,2
FJI,Fiji,2018,5720.21,2,67.81,2
FJI,Fiji,2019,5701.1,2,67.89,2
FJI,Fiji,2020,4729.38,2,67.92,3
FJI,Fiji,2021,4489.96,2,67.11,1
FJI,Fiji,2022,5362.79,2,68.31,1
FRA,France,1961,11133.15,2,70.12,1
FRA,France,1967,14690.81,1,71.16,2
FRA,France,1969,16176.74,1,71.46,1
FRA,France,1970,17024.12,1,71.66,2
FRA,France,1976,20707.75,1,73.1,1
FRA,France,1977,21347.56,1,73.35,1
FRA,France,1978,22078.72,1,73.6,1
FRA,France,1979,22792.24,1,73.85,1
FRA,France,1980,23050.93,1,74.05,1
FRA,France,1981,23186.76,1,74.3,1
FRA,France,1982,23666.51,1,74.5,5
FRA,France,1983,23836.4,1,74.8,8
FRA,France,1984,24102.02,1,75,5
FRA,France,1985,24358.14,1,75.3,3
FRA,France,1986,24813.03,1,75.6,1
FRA,France,1987,25308.62,1,75.8,2
FRA,France,1988,26374.12,1,76.1,1
FRA,France,1989,27372.05,1,76.35,2
FRA,France,1990,27992.98,1,76.6,10
FRA,France,1991,28197.24,1,76.85,2
FRA,France,1992,28482.52,1,77.1,4
FRA,France,1993,28257.1,1,77.3,3
FRA,France,1994,28822.5,1,77.65,3
FRA,France,1995,29379.62,1,77.75,1
FRA,France,1996,29683.78,1,77.95,3
FRA,France,1997,30325.52,1,78.3,3
FRA,France,1998,31256.51,1,78.6,2
FRA,France,1999,32152.72,1,78.76,8
FRA,France,2000,33255.14,1,79.06,7
FRA,France,2001,33640.67,1,79.16,7
FRA,France,2002,33753.58,1,79.26,5
FRA,France,2003,33840.62,1,79.11,6
FRA,France,2004,34557.15,1,80.16,1
FRA,France,2005,34946.04,1,80.16,5
FRA,France,2006,35645.42,1,80.81,3
FRA,France,2007,36322.17,1,81.11,3
FRA,France,2008,36257.37,1,81.21,2
FRA,France,2009,35052.85,1,81.41,5
FRA,France,2010,35578.2,1,81.66,4
FRA,France,2011,36269.96,1,82.11,2
FRA,France,2012,36161.29,1,81.97,1
FRA,France,2013,36256.09,1,82.22,3
FRA,France,2014,36444.39,1,82.72,7
FRA,France,2015,36702.43,1,82.32,3
FRA,France,2016,36920.53,1,82.57,1
FRA,France,2017,37580.6,1,82.58,3
FRA,France,2018,38062.44,1,82.68,7
FRA,France,2019,38705.21,1,82.83,10
FRA,France,2020,35709.2,1,82.18,7
FRA,France,2021,38030.86,1,82.32,9
FRA,France,2022,38881.22,1,82.23,6
FSM,"Micronesia, Federated States of",1987,2327.86,2,66.29,1
FSM,"Micronesia, Federated States of",1998,2626.6,2,69.46,1
FSM,"Micronesia, Federated States of",2000,2774.79,2,69.77,1
FSM,"Micronesia, Federated States of",2002,2840.21,2,69.46,2
FSM,"Micronesia, Federated States of",2003,2889.05,2,70.76,1
FSM,"Micronesia, Federated States of",2004,2809.07,2,70.84,1
FSM,"Micronesia, Federated States of",2008,2819.08,2,71.14,1
FSM,"Micronesia, Federated States of",2015,2911.16,2,71.41,1
FSM,"Micronesia, Federated States of",2016,2915.63,2,71.6,1
FSM,"Micronesia, Federated States of",2019,3026.12,2,71.08,1
GAB,Gabon,1988,7730.94,2,60.01,2
GAB,Gabon,1994,8322.61,2,60.7,1
GAB,Gabon,1996,8603.01,2,60.61,1
GAB,Gabon,2001,7556.77,2,61.27,1
GAB,Gabon,2004,7148.99,2,61.84,1
GAB,Gabon,2007,6908.67,2,62.62,1
GAB,Gabon,2009,6264.84,2,63.3,1
GAB,Gabon,2010,6481.5,2,63.9,4
GAB,Gabon,2012,6803.23,2,64.59,1
GBR,"United Kingdom",1966,17307.98,1,71.57,1
GBR,"United Kingdom",1968,18570.52,1,71.72,1
GBR,"United Kingdom",1972,20667.24,1,72.12,1
GBR,"United Kingdom",1976,21719.05,1,72.78,1
GBR,"United Kingdom",1977,22260.16,1,73.22,1
GBR,"United Kingdom",1981,23332.8,1,74.03,1
GBR,"United Kingdom",1983,24803.43,1,74.38,1
GBR,"United Kingdom",1984,25326.13,1,74.78,2
GBR,"United Kingdom",1985,26316.72,1,74.63,1
GBR,"United Kingdom",1986,27082.98,1,74.93,1
GBR,"United Kingdom",1987,28482.87,1,75.28,1
GBR,"United Kingdom",1989,30743.23,1,75.58,1
GBR,"United Kingdom",1990,30876.37,1,75.88,8
GBR,"United Kingdom",1991,30441.48,1,76.08,2
GBR,"United Kingdom",1993,31165.15,1,76.39,2
GBR,"United Kingdom",1994,32281.48,1,76.89,2
GBR,"United Kingdom",1995,33011.29,1,76.84,1
GBR,"United Kingdom",1996,33777.53,1,77.09,1
GBR,"United Kingdom",1997,35349.79,1,77.21,3
GBR,"United Kingdom",1998,36446.26,1,77.19,4
GBR,"United Kingdom",1999,37435.88,1,77.39,3
GBR,"United Kingdom",2000,38921.9,1,77.74,6
GBR,"United Kingdom",2001,39769.87,1,77.99,3
GBR,"United Kingdom",2002,40312.98,1,78.14,4
GBR,"United Kingdom",2003,41390.61,1,78.45,1
GBR,"United Kingdom",2004,42167.36,1,78.75,1
GBR,"United Kingdom",2005,43023.23,1,79.05,4
GBR,"United Kingdom",2007,44524.57,1,79.45,5
GBR,"United Kingdom",2008,44065.62,1,79.6,2
GBR,"United Kingdom",2009,41712.83,1,80.05,3
GBR,"United Kingdom",2010,42311.43,1,80.4,2
GBR,"United Kingdom",2012,42802.02,1,80.9,5
GBR,"United Kingdom",2013,43281.58,1,81,5
GBR,"United Kingdom",2014,44336.54,1,81.3,2
GBR,"United Kingdom",2015,44964.39,1,80.96,2
GBR,"United Kingdom",2017,46374.58,1,81.26,1
GBR,"United Kingdom",2018,46742.15,1,81.26,2
GBR,"United Kingdom",2019,47234.25,1,81.4,3
GBR,"United Kingdom",2020,42215.88,1,80.35,3
GBR,"United Kingdom",2021,45873.87,1,80.7,1
GBR,"United Kingdom",2022,47551.23,1,82.06,5
GEO,Georgia,1991,2768.81,2,68.24,1
GEO,Georgia,1992,1513.85,2,67.78,1
GEO,Georgia,1995,1029.48,3,68.85,1
GEO,Georgia,1997,1354.78,2,69.06,3
GEO,Georgia,2000,1561.2,2,69.58,1
GEO,Georgia,2001,1661.83,2,69.61,1
GEO,Georgia,2002,1768.6,2,70.02,1
GEO,Georgia,2004,2105,2,70.57,2
GEO,Georgia,2005,2321.6,2,71.13,1
GEO,Georgia,2006,2554.81,2,71.39,1
GEO,Georgia,2009,2887.26,2,71.95,1
GEO,Georgia,2011,3362.1,2,72.39,1
GEO,Georgia,2012,3609.78,2,72.41,2
GEO,Georgia,2013,3806.51,2,72.63,3
GEO,Georgia,2014,3960.35,2,73.1,1
GEO,Georgia,2015,4086.62,2,73.3,1
GEO,Georgia,2018,4713.65,2,73.34,1
GEO,Georgia,2019,4975.81,2,73.47,1
GEO,Georgia,2020,4659.61,2,72.76,1
GEO,Georgia,2021,5175.2,2,71.69,1
GEO,Georgia,2022,5736.3,2,71.59,1
GHA,Ghana,1968,1042.42,3,47.57,1
GHA,Ghana,1971,1178.33,2,47.8,1
GHA,Ghana,1977,917.76,3,50.08,2
GHA,Ghana,1983,699.96,3,51.62,1
GHA,Ghana,1984,741.11,3,52.05,1
GHA,Ghana,1985,762.27,3,52.42,1
GHA,Ghana,1988,828.5,3,54.51,1
GHA,Ghana,1989,849.16,3,55.19,2
GHA,Ghana,1991,878.09,3,56.01,2
GHA,Ghana,1995,933.31,3,56.56,1
GHA,Ghana,1996,953.73,3,56.82,1
GHA,Ghana,1997,970.39,3,57.2,1
GHA,Ghana,1998,991.59,3,57.6,1
GHA,Ghana,1999,1010.25,3,58.03,4
GHA,Ghana,2001,1034.58,3,58.11,3
GHA,Ghana,2002,1051.81,3,58.61,2
GHA,Ghana,2005,1142.6,2,59.76,1
GHA,Ghana,2007,1204.57,2,60.22,1
GHA,Ghana,2008,1281.84,2,60.49,1
GHA,Ghana,2009,1310.81,2,60.95,2
GHA,Ghana,2010,1380.37,2,61.16,3
GHA,Ghana,2011,1536.86,2,61.65,3
GHA,Ghana,2012,1639.52,2,62.08,2
GHA,Ghana,2013,1717.53,2,62.42,2
GHA,Ghana,2014,1725.29,2,63.04,1
GHA,Ghana,2015,1721.7,2,63.18,2
GHA,Ghana,2016,1739.73,2,63.89,2
GHA,Ghana,2017,1840.3,2,64.01,2
GHA,Ghana,2018,1914.26,2,64.12,1
GHA,Ghana,2019,1998.31,2,64.74,2
GHA,Ghana,2020,1968.97,2,64.11,2
GHA,Ghana,2021,2028.78,2,63.8,2
GHA,Ghana,2022,2066.17,2,63.94,1
GIN,Guinea,1981,508.56,3,43.32,2
GIN,Guinea,1983,503.25,3,44.38,1
GIN,Guinea,1987,518.46,3,46.42,1
GIN,Guinea,1993,551.01,3,48.96,1
GIN,Guinea,1994,555.96,3,49.17,1
GIN,Guinea,1998,601.91,3,52.05,1
GIN,Guinea,1999,611.01,3,52.36,1
GIN,Guinea,2000,614.14,3,52.48,1
GIN,Guinea,2001,628.32,3,52.66,2
GIN,Guinea,2002,650.55,3,53.28,1
GIN,Guinea,2003,644.07,3,53.68,1
GIN,Guinea,2004,645.18,3,54.12,2
GIN,Guinea,2005,651.36,3,54.63,1
GIN,Guinea,2006,645.47,3,55.11,3
GIN,Guinea,2007,673.7,3,55.55,2
GIN,Guinea,2008,684.78,3,56.04,1
GIN,Guinea,2009,660.76,3,56.35,1
GIN,Guinea,2010,675.74,3,56.72,2
GIN,Guinea,2011,696.2,3,57.02,1
GIN,Guinea,2012,719.51,3,57.41,1
GIN,Guinea,2013,729.83,3,57.79,2
GIN,Guinea,2014,738.27,3,57.89,1
GIN,Guinea,2015,747.36,3,58.13,2
GIN,Guinea,2017,867.91,3,59.11,2
GIN,Guinea,2020,945.57,3,59.33,1
GIN,Guinea,2021,973.65,3,58.89,2
GIN,Guinea,2022,987.5,3,58.98,1
GMB,Gambia,1968,560.87,3,38.87,1
GMB,Gambia,1971,559.63,3,40.35,1
GMB,Gambia,1973,577.94,3,41.39,1
GMB,Gambia,1977,676.46,3,43.44,1
GMB,Gambia,1978,696.18,3,43.58,1
GMB,Gambia,1980,682.14,3,45.15,1
GMB,Gambia,1986,662,3,48.71,1
GMB,Gambia,1987,651.25,3,49.41,1
GMB,Gambia,1988,653,3,50.05,1
GMB,Gambia,1996,605.41,3,56.01,1
GMB,Gambia,1997,617.3,3,56.06,1
GMB,Gambia,1999,642.87,3,56.82,1
GMB,Gambia,2000,659.91,3,56.94,1
GMB,Gambia,2001,679.54,3,57.04,1
GMB,Gambia,2002,640.04,3,57.08,1
GMB,Gambia,2003,665.83,3,57.59,1
GMB,Gambia,2004,693.56,3,58.09,2
GMB,Gambia,2007,637.21,3,59.39,1
GMB,Gambia,2008,657.68,3,60.08,2
GMB,Gambia,2009,681.43,3,60.43,2
GMB,Gambia,2010,701.01,3,60.72,2
GMB,Gambia,2012,639.14,3,62.1,1
GMB,Gambia,2013,638.52,3,62.11,1
GMB,Gambia,2014,611.88,3,62.27,1
GMB,Gambia,2015,619.54,3,62.49,1
GMB,Gambia,2017,628.78,3,63,1
GMB,Gambia,2019,682.8,3,63.76,1
GMB,Gambia,2021,689.49,3,62.08,1
GMB,Gambia,2022,710.69,3,62.91,1
GNB,Guinea-Bissau,1972,539.73,3,38.7,1
GNB,Guinea-Bissau,1978,502.5,3,43.03,1
GNB,Guinea-Bissau,1982,490.62,3,44.37,1
GNB,Guinea-Bissau,1986,501.44,3,45.45,1
GNB,Guinea-Bissau,1987,507.78,3,45.78,3
GNB,Guinea-Bissau,1993,567.86,3,48.23,1
GNB,Guinea-Bissau,1994,568.17,3,48.16,1
GNB,Guinea-Bissau,1996,632.16,3,49.06,1
GNB,Guinea-Bissau,1997,660.54,3,48,1
GNB,Guinea-Bissau,1998,502.82,3,47.72,1
GNB,Guinea-Bissau,1999,576.33,3,48.01,1
GNB,Guinea-Bissau,2002,594.04,3,50.99,1
GNB,Guinea-Bissau,2003,579.09,3,51.4,1
GNB,Guinea-Bissau,2004,572.53,3,52.15,2
GNB,Guinea-Bissau,2005,595.94,3,52.25,1
GNB,Guinea-Bissau,2006,597.26,3,53.37,1
GNB,Guinea-Bissau,2008,608.96,3,54.65,2
GNB,Guinea-Bissau,2010,625.9,3,56.23,1
GNB,Guinea-Bissau,2018,686.46,3,60.5,1
GNQ,"Equatorial Guinea",2004,9208.61,2,55.04,1
GRC,Greece,1961,5599.5,2,70.32,1
GRC,Greece,1965,7481.9,2,71.43,2
GRC,Greece,1966,7909.25,2,71.75,2
GRC,Greece,1967,8289.87,2,71.3,1
GRC,Greece,1968,8829.42,2,71.43,1
GRC,Greece,1977,14162.99,1,73.67,1
GRC,Greece,1978,14993.69,1,74.36,1
GRC,Greece,1979,15293.93,1,74.62,1
GRC,Greece,1980,15246.99,1,74.55,1
GRC,Greece,1981,14876.12,1,74.96,2
GRC,Greece,1983,14375.7,1,75.52,2
GRC,Greece,1984,14591.86,1,75.77,2
GRC,Greece,1985,14900.09,1,76.08,2
GRC,Greece,1986,14927.76,1,76.48,1
GRC,Greece,1987,14541.86,1,76.28,3
GRC,Greece,1988,15110.41,1,76.98,2
GRC,Greece,1990,15438.79,1,76.94,4
GRC,Greece,1991,15727.47,1,77.14,1
GRC,Greece,1993,15374.86,1,77.39,2
GRC,Greece,1994,15604.03,1,77.64,1
GRC,Greece,1995,15857.42,1,77.59,3
GRC,Greece,1996,16005.95,1,77.69,1
GRC,Greece,1997,16501.03,1,78.14,1
GRC,Greece,1998,16973.83,1,77.84,2
GRC,Greece,1999,17358.43,1,77.99,1
GRC,Greece,2000,18002.91,1,77.89,6
GRC,Greece,2001,18742.42,1,78.39,3
GRC,Greece,2002,19548.37,1,78.64,6
GRC,Greece,2003,20632.26,1,78.84,3
GRC,Greece,2004,21688.11,1,79.04,2
GRC,Greece,2006,23220.53,1,79.44,3
GRC,Greece,2007,23973.69,1,79.44,3
GRC,Greece,2008,23923.88,1,79.94,1
GRC,Greece,2009,22878.13,1,80.19,2
GRC,Greece,2010,21547.72,1,80.39,1
GRC,Greece,2012,17924.66,1,80.63,2
GRC,Greece,2014,17903.53,1,81.39,3
GRC,Greece,2015,17980.73,1,81.04,2
GRC,Greece,2016,18049.93,1,81.39,1
GRC,Greece,2017,18352.09,1,81.29,4
GRC,Greece,2018,18769.04,1,81.79,1
GRC,Greece,2019,19216.68,1,81.64,1
GRC,Greece,2020,17486.95,1,81.29,3
GRC,Greece,2021,19232.97,1,80.08,3
GRC,Greece,2022,20595.5,1,80.64,2
GRD,Grenada,1980,3451.94,2,68.14,1
GRD,Grenada,1990,5102.69,2,70.68,1
GRD,Grenada,1999,6409.15,2,72.9,1
GRD,Grenada,2002,6707.37,2,73.17,1
GRD,Grenada,2004,7233.29,2,71.79,1
GRD,Grenada,2010,7670.71,2,75,1
GTM,Guatemala,1969,2354.71,2,48.55,2
GTM,Guatemala,1973,2715.39,2,53,1
GTM,Guatemala,1976,2944.83,2,49.17,1
GTM,Guatemala,1979,3249.1,2,56.18,1
GTM,Guatemala,1982,3041.62,2,50.13,1
GTM,Guatemala,1983,2891.73,2,58.72,1
GTM,Guatemala,1984,2825.72,2,59.56,1
GTM,Guatemala,1985,2730.14,2,60.2,1
GTM,Guatemala,1986,2659.14,2,60.77,1
GTM,Guatemala,1987,2678.49,2,61.43,4
GTM,Guatemala,1988,2705.9,2,62.03,3
GTM,Guatemala,1989,2734.56,2,62.37,1
GTM,Guatemala,1990,2741.54,2,62.47,1
GTM,Guatemala,1991,2765.88,2,62.72,3
GTM,Guatemala,1992,2823.67,2,62.91,2
GTM,Guatemala,1994,2894.43,2,63.73,2
GTM,Guatemala,1995,2958.35,2,64.19,2
GTM,Guatemala,1996,2967.99,2,64.86,2
GTM,Guatemala,1998,3089.98,2,66.11,4
GTM,Guatemala,1999,3129.12,2,66.87,2
GTM,Guatemala,2000,3165.93,2,67.45,3
GTM,Guatemala,2001,3166.2,2,67.95,4
GTM,Guatemala,2002,3213.27,2,68.39,4
GTM,Guatemala,2003,3222.15,2,68.8,2
GTM,Guatemala,2005,3284.81,2,69.17,4
GTM,Guatemala,2006,3388.15,2,69.81,1
GTM,Guatemala,2007,3527.78,2,70.1,3
GTM,Guatemala,2008,3569.93,2,70.36,4
GTM,Guatemala,2009,3516.19,2,70.64,3
GTM,Guatemala,2010,3546.63,2,70.88,6
GTM,Guatemala,2011,3621.37,2,71.18,7
GTM,Guatemala,2012,3655.57,2,71.46,3
GTM,Guatemala,2013,3717.3,2,71.73,2
GTM,Guatemala,2014,3809.62,2,71.96,5
GTM,Guatemala,2015,3893.51,2,72.1,4
GTM,Guatemala,2016,3924.78,2,72.36,2
GTM,Guatemala,2017,3972.74,2,72.55,7
GTM,Guatemala,2018,4040.21,2,72.73,4
GTM,Guatemala,2019,4139.12,2,73.13,3
GTM,Guatemala,2020,4005.84,2,71.8,5
GTM,Guatemala,2021,4268.3,2,69.24,3
GTM,Guatemala,2022,4385.46,2,68.67,3
GUM,Guam,2002,29576.22,1,75.79,2
GUM,Guam,2004,31483.81,1,76.92,2
GUY,Guyana,1971,3182.83,2,60.56,1
GUY,Guyana,1989,2436.3,2,62.24,1
GUY,Guyana,1996,3566.13,2,63.2,1
GUY,Guyana,1997,3778.01,2,63.36,1
GUY,Guyana,2005,3867.93,2,65.13,1
GUY,Guyana,2006,4076.78,2,65.67,1
GUY,Guyana,2008,4472.35,2,66.29,1
GUY,Guyana,2010,4860.09,2,66.74,1
GUY,Guyana,2015,5640.42,2,68.2,1
GUY,Guyana,2017,5997.18,2,68.67,1
GUY,Guyana,2021,10712,2,65.67,1
GUY,Guyana,2022,17365.33,1,65.99,1
HKG,"Hong Kong",1961,3956.03,2,66.56,2
HKG,"Hong Kong",1962,4333.85,2,66.98,1
HKG,"Hong Kong",1964,5139.83,2,68.45,2
HKG,"Hong Kong",1965,5739.6,2,69.25,1
HKG,"Hong Kong",1966,5791.1,2,69.54,4
HKG,"Hong Kong",1967,5737.13,2,69.93,1
HKG,"Hong Kong",1968,5807.42,2,70.36,3
HKG,"Hong Kong",1969,6363.75,2,70.57,3
HKG,"Hong Kong",1970,6782.7,2,71.05,2
HKG,"Hong Kong",1971,7122.1,2,71.47,1
HKG,"Hong Kong",1972,7728.31,2,71.45,3
HKG,"Hong Kong",1973,8435.93,2,72.09,2
HKG,"Hong Kong",1974,8370.88,2,72.6,2
HKG,"Hong Kong",1975,8254.07,2,73.36,4
HKG,"Hong Kong",1976,9468.59,2,72.79,5
HKG,"Hong Kong",1977,10427.23,2,73.35,3
HKG,"Hong Kong",1978,11085.92,2,73.54,4
HKG,"Hong Kong",1979,11709.31,2,73.66,4
HKG,"Hong Kong",1980,12553.22,2,74.65,2
HKG,"Hong Kong",1981,13397.41,1,75.35,1
HKG,"Hong Kong",1982,13580.13,1,75.44,4
HKG,"Hong Kong",1983,14174.79,1,75.29,4
HKG,"Hong Kong",1985,15386.74,1,76.43,3
HKG,"Hong Kong",1986,16876.34,1,76.68,2
HKG,"Hong Kong",1987,18945.83,1,76.9,2
HKG,"Hong Kong",1988,20386.33,1,77.08,1
HKG,"Hong Kong",1989,20635.64,1,77.03,3
HKG,"Hong Kong",1991,22388.73,1,77.87,1
HKG,"Hong Kong",1992,23585.78,1,77.67,3
HKG,"Hong Kong",1993,24621.76,1,78.02,7
HKG,"Hong Kong",1994,25526.53,1,78.54,1
HKG,"Hong Kong",1997,26631.87,1,80.11,2
HKG,"Hong Kong",1999,25237.71,1,80.37,1
HKG,"Hong Kong",2003,28097.15,1,81.34,2
HKG,"Hong Kong",2008,36924.09,1,82.34,3
HKG,"Hong Kong",2009,35938.6,1,82.78,1
HKG,"Hong Kong",2010,38090.03,1,82.96,1
HKG,"Hong Kong",2017,44380.81,1,84.7,2
HKG,"Hong Kong",2018,45280.5,1,84.87,1
HKG,"Hong Kong",2021,44530.94,1,85.53,2
HND,Honduras,1961,1194.77,2,48.73,1
HND,Honduras,1965,1342.51,2,51.46,3
HND,Honduras,1969,1432.03,2,53.9,2
HND,Honduras,1971,1453.79,2,54.97,1
HND,Honduras,1972,1491.54,2,55.61,1
HND,Honduras,1973,1561.17,2,54.42,1
HND,Honduras,1974,1498.04,2,52.31,1
HND,Honduras,1976,1590.74,2,58.16,1
HND,Honduras,1978,1748.68,2,59.33,1
HND,Honduras,1979,1790.83,2,59.91,1
HND,Honduras,1981,1674.49,2,61.02,1
HND,Honduras,1982,1591.31,2,61.53,2
HND,Honduras,1984,1609.3,2,62.64,1
HND,Honduras,1986,1690.23,2,63.59,1
HND,Honduras,1988,1733.1,2,64.34,3
HND,Honduras,1989,1731.04,2,64.86,1
HND,Honduras,1990,1729.83,2,65.24,1
HND,Honduras,1993,1734.98,2,66.25,2
HND,Honduras,1994,1690.05,2,66.57,3
HND,Honduras,1995,1744.5,2,67.14,3
HND,Honduras,1996,1727.67,2,67.44,3
HND,Honduras,1997,1757.26,2,67.78,1
HND,Honduras,1998,1772.76,2,62.72,3
HND,Honduras,1999,1714.07,2,68.42,1
HND,Honduras,2000,1789.48,2,68.66,2
HND,Honduras,2001,1789.19,2,69.01,2
HND,Honduras,2002,1807.97,2,69.37,4
HND,Honduras,2003,1842.3,2,69.51,2
HND,Honduras,2004,1908.91,2,69.8,1
HND,Honduras,2005,1975.86,2,70.1,5
HND,Honduras,2006,2056.53,2,70.26,1
HND,Honduras,2007,2134.2,2,70.38,4
HND,Honduras,2008,2175.15,2,70.44,2
HND,Honduras,2009,2076.31,2,70.91,3
HND,Honduras,2010,2108.47,2,71.09,5
HND,Honduras,2011,2144.56,2,71.44,1
HND,Honduras,2012,2188.39,2,71.73,1
HND,Honduras,2013,2205.4,2,71.96,1
HND,Honduras,2014,2229.25,2,72.26,3
HND,Honduras,2016,2315.73,2,72.59,2
HND,Honduras,2017,2383.37,2,72.69,4
HND,Honduras,2018,2430.14,2,72.81,2
HND,Honduras,2019,2447.62,2,72.88,1
HND,Honduras,2020,2189.43,2,71.46,4
HND,Honduras,2021,2423.77,2,70.12,1
HND,Honduras,2022,2482.22,2,70.73,3
HRV,Croatia,1996,7857.72,2,72.37,1
HRV,Croatia,1997,8383.18,2,72.5,1
HRV,Croatia,2000,8879.96,2,72.81,3
HRV,Croatia,2001,9515.41,2,74.51,1
HRV,Croatia,2003,10618.94,2,74.61,3
HRV,Croatia,2005,11522.4,2,75.24,3
HRV,Croatia,2006,12105.05,2,75.84,1
HRV,Croatia,2007,12719,1,75.71,2
HRV,Croatia,2010,11965.49,2,76.48,2
HRV,Croatia,2012,11780.53,2,76.92,3
HRV,Croatia,2014,11863.86,2,77.48,2
HRV,Croatia,2015,12285.3,2,77.28,1
HRV,Croatia,2017,13485.88,1,77.83,2
HRV,Croatia,2018,14060.72,1,78.07,1
HRV,Croatia,2019,14641.23,1,78.42,1
HRV,Croatia,2020,13544.97,1,77.72,2
HRV,Croatia,2022,16616.39,1,77.58,2
HTI,Haiti,1962,1752,2,44.29,1
HTI,Haiti,1963,1688.67,2,42.77,3
HTI,Haiti,1964,1631.54,2,44.97,1
HTI,Haiti,1966,1596.98,2,45.59,1
HTI,Haiti,1968,1554.13,2,46.51,1
HTI,Haiti,1972,1619.59,2,47.94,1
HTI,Haiti,1974,1727.24,2,48.42,1
HTI,Haiti,1977,1853.92,2,49.21,1
HTI,Haiti,1979,2037.87,2,49.68,1
HTI,Haiti,1980,2146.49,2,49.9,2
HTI,Haiti,1986,1811.09,2,51.88,2
HTI,Haiti,1987,1760.75,2,52.24,4
HTI,Haiti,1988,1728.6,2,52.63,5
HTI,Haiti,1989,1644.1,2,52.76,3
HTI,Haiti,1990,1627.31,2,52.98,1
HTI,Haiti,1992,1507.82,2,53.84,1
HTI,Haiti,1993,1398.25,2,54.35,2
HTI,Haiti,1994,1207.66,2,54.65,1
HTI,Haiti,1996,1330.54,2,56.15,4
HTI,Haiti,1998,1344.94,2,57.14,1
HTI,Haiti,1999,1356.11,2,57.96,1
HTI,Haiti,2000,1342.89,2,58.36,1
HTI,Haiti,2001,1314.11,2,58.49,2
HTI,Haiti,2002,1304.53,2,58.86,2
HTI,Haiti,2003,1326.47,2,59.51,6
HTI,Haiti,2004,1286.9,2,58.48,3
HTI,Haiti,2005,1304.33,2,60.42,8
HTI,Haiti,2006,1305.04,2,60.76,3
HTI,Haiti,2007,1343.61,2,61.1,7
HTI,Haiti,2008,1356.53,2,61.33,4
HTI,Haiti,2009,1412.9,2,61.74,3
HTI,Haiti,2010,1317.58,2,46.02,7
HTI,Haiti,2011,1369.17,2,61.62,4
HTI,Haiti,2012,1354.89,2,62.29,7
HTI,Haiti,2013,1392.38,2,62.6,1
HTI,Haiti,2014,1411.77,2,62.99,3
HTI,Haiti,2015,1411.13,2,63.24,3
HTI,Haiti,2016,1416.75,2,63.39,9
HTI,Haiti,2017,1432.67,2,63.85,5
HTI,Haiti,2018,1437.35,2,64.02,1
HTI,Haiti,2019,1394.42,2,64.26,2
HTI,Haiti,2020,1331.7,2,64.05,1
HTI,Haiti,2021,1292.72,2,63.19,4
HTI,Haiti,2022,1256.72,2,63.73,4
HUN,Hungary,1970,4757.62,2,69.16,1
HUN,Hungary,1984,8181.78,2,69.03,1
HUN,Hungary,1986,8315.59,2,69.17,1
HUN,Hungary,1992,7360.21,2,69.12,1
HUN,Hungary,1996,7695.11,2,70.33,1
HUN,Hungary,1997,7952.98,2,70.7,1
HUN,Hungary,1999,8560.97,2,70.68,3
HUN,Hungary,2000,8967.7,2,71.25,1
HUN,Hungary,2001,9354.48,2,72.25,2
HUN,Hungary,2002,9825.94,2,72.35,1
HUN,Hungary,2003,10255.61,2,72.3,1
HUN,Hungary,2004,10792.74,2,72.65,1
HUN,Hungary,2005,11278.62,2,72.65,4
HUN,Hungary,2006,11741.95,2,73.1,2
HUN,Hungary,2007,11792.77,2,73.15,1
HUN,Hungary,2008,11932.04,2,73.7,1
HUN,Hungary,2010,11307.72,2,74.21,1
HUN,Hungary,2012,11466.14,2,75.06,1
HUN,Hungary,2013,11705.01,2,75.57,3
HUN,Hungary,2014,12233.3,2,75.76,1
HUN,Hungary,2016,13035.35,1,76.06,1
HUN,Hungary,2017,13628.4,1,75.82,1
HUN,Hungary,2018,14377.42,1,76.07,1
HUN,Hungary,2019,15083.6,1,76.32,1
HUN,Hungary,2022,16343.06,1,76.02,1
IDN,Indonesia,1963,578.48,3,48.43,2
IDN,Indonesia,1965,573.64,3,42.6,1
IDN,Indonesia,1966,575.86,3,48.2,4
IDN,Indonesia,1967,568.83,3,51.07,7
IDN,Indonesia,1968,614.07,3,51.63,3
IDN,Indonesia,1969,638.08,3,52.35,2
IDN,Indonesia,1970,667.65,3,52.99,1
IDN,Indonesia,1971,695.45,3,53.58,1
IDN,Indonesia,1972,724.83,3,54.24,1
IDN,Indonesia,1973,763.26,3,54.85,1
IDN,Indonesia,1974,800.65,3,55.43,1
IDN,Indonesia,1976,854.4,3,56.51,6
IDN,Indonesia,1977,906.72,3,57.08,8
IDN,Indonesia,1978,944.76,3,57.56,7
IDN,Indonesia,1979,989.68,3,58.15,12
IDN,Indonesia,1980,1061.79,3,58.75,5
IDN,Indonesia,1981,1119.4,3,59.14,6
IDN,Indonesia,1982,1118.38,3,59.76,12
IDN,Indonesia,1983,1139.01,2,60.27,10
IDN,Indonesia,1984,1191.59,2,60.73,10
IDN,Indonesia,1985,1195.12,2,61.31,6
IDN,Indonesia,1986,1240.06,2,61.72,7
IDN,Indonesia,1987,1276.13,2,61.97,10
IDN,Indonesia,1988,1324.38,2,62.21,5
IDN,Indonesia,1989,1396.7,2,62.7,7
IDN,Indonesia,1990,1470.92,2,63.18,7
IDN,Indonesia,1991,1545,2,63.54,12
IDN,Indonesia,1992,1617.11,2,64.13,4
IDN,Indonesia,1993,1693.11,2,64.6,4
IDN,Indonesia,1994,1790.33,2,64.86,15
IDN,Indonesia,1995,1905.54,2,65.24,8
IDN,Indonesia,1996,2020.99,2,65.36,9
IDN,Indonesia,1997,2081.84,2,65.73,6
IDN,Indonesia,1998,1780.2,2,65.96,7
IDN,Indonesia,1999,1767.51,2,66.22,8
IDN,Indonesia,2000,1828.1,2,66.43,15
IDN,Indonesia,2001,1868.59,2,66.76,9
IDN,Indonesia,2002,1926.37,2,67.13,15
IDN,Indonesia,2003,1991.92,2,67.41,16
IDN,Indonesia,2004,2065.71,2,65.75,18
IDN,Indonesia,2005,2155.45,2,67.65,10
IDN,Indonesia,2006,2244.08,2,67.91,18
IDN,Indonesia,2007,2355.15,2,68.19,19
IDN,Indonesia,2008,2464.6,2,68.23,16
IDN,Indonesia,2009,2546.22,2,68.49,12
IDN,Indonesia,2010,2670.81,2,68.68,12
IDN,Indonesia,2011,2799.62,2,68.82,12
IDN,Indonesia,2012,2930.52,2,68.97,13
IDN,Indonesia,2013,3055.24,2,69.26,16
IDN,Indonesia,2014,3170.72,2,69.53,10
IDN,Indonesia,2015,3288.22,2,69.7,12
IDN,Indonesia,2016,3416.81,2,69.8,15
IDN,Indonesia,2017,3553.52,2,69.94,12
IDN,Indonesia,2018,3701.32,2,70.34,15
IDN,Indonesia,2019,3850.9,2,70.52,19
IDN,Indonesia,2020,3739.45,2,68.81,29
IDN,Indonesia,2021,3850.69,2,67.57,28
IDN,Indonesia,2022,4024.92,2,68.25,20
IND,India,1960,312.78,3,45.22,4
IND,India,1961,316.74,3,45.4,5
IND,India,1962,318.38,3,45.66,3
IND,India,1963,329.64,3,45.94,3
IND,India,1964,346.01,3,46.18,7
IND,India,1965,329.39,3,44.98,2
IND,India,1966,322.24,3,45.33,3
IND,India,1967,340.08,3,45.67,4
IND,India,1968,344.13,3,47.47,6
IND,India,1969,358.97,3,47.86,4
IND,India,1970,369.19,3,48.24,4
IND,India,1971,367.03,3,48.63,5
IND,India,1972,357.08,3,49.02,4
IND,India,1973,360.64,3,49.54,2
IND,India,1974,356.62,3,50.24,3
IND,India,1975,380.16,3,50.81,6
IND,India,1976,377.5,3,51.39,5
IND,India,1977,395.44,3,51.91,5
IND,India,1978,408.52,3,52.49,13
IND,India,1979,378.22,3,53.06,11
IND,India,1980,394.18,3,53.61,14
IND,India,1981,408.15,3,54.18,6
IND,India,1982,412.6,3,54.73,7
IND,India,1983,432.43,3,55.28,10
IND,India,1984,438.54,3,55.82,13
IND,India,1985,450.97,3,56.33,12
IND,India,1986,461.73,3,56.84,13
IND,India,1987,469.21,3,57.32,11
IND,India,1988,502.94,3,57.78,12
IND,India,1989,521.07,3,58.23,9
IND,India,1990,537.87,3,58.65,14
IND,India,1991,531.9,3,59.05,11
IND,India,1992,549.24,3,59.45,8
IND,India,1993,563.37,3,59.82,12
IND,India,1994,588.73,3,60.22,6
IND,India,1995,620.7,3,60.6,9
IND,India,1996,654.36,3,60.98,13
IND,India,1997,667.6,3,61.39,13
IND,India,1998,695.29,3,61.79,16
IND,India,1999,742.54,3,62.21,13
IND,India,2000,756.7,3,62.67,20
IND,India,2001,778.51,3,63.09,21
IND,India,2002,793.62,3,63.62,18
IND,India,2003,841.28,3,64.09,17
IND,India,2004,892.6,3,64.52,7
IND,India,2005,947.73,3,65,31
IND,India,2006,1008.23,3,65.41,20
IND,India,2007,1069.25,3,65.79,20
IND,India,2008,1086.51,3,66.15,11
IND,India,2009,1155.1,2,66.51,17
IND,India,2010,1235.16,2,66.91,18
IND,India,2011,1281.61,2,67.36,13
IND,India,2012,1333.1,2,67.89,10
IND,India,2013,1399.45,2,68.46,12
IND,India,2014,1484.32,2,69.07,16
IND,India,2015,1584,2,69.64,22
IND,India,2016,1694.47,2,70.12,16
IND,India,2017,1788.7,2,70.47,18
IND,India,2018,1883.36,2,70.71,23
IND,India,2019,1936.03,2,70.91,14
IND,India,2020,1806.5,2,70.15,11
IND,India,2021,1965.31,2,67.24,19
IND,India,2022,2086.08,2,67.74,7
IRL,Ireland,1983,17361.02,1,73.24,1
IRL,Ireland,1986,18443.19,1,73.67,1
IRL,Ireland,1987,19301.21,1,74.43,1
IRL,Ireland,1990,23481.31,1,74.85,3
IRL,Ireland,1991,23797.21,1,75.03,1
IRL,Ireland,1993,24958.22,1,75.29,1
IRL,Ireland,1996,30550.04,1,75.83,1
IRL,Ireland,1998,36143.34,1,76.18,1
IRL,Ireland,1999,39501.38,1,76.08,1
IRL,Ireland,2000,42643.63,1,76.54,2
IRL,Ireland,2002,46022.14,1,77.63,1
IRL,Ireland,2004,48906.96,1,78.54,1
IRL,Ireland,2005,50599.6,1,78.94,1
IRL,Ireland,2009,46514.54,1,80.19,1
IRL,Ireland,2011,47607.89,1,80.75,1
IRL,Ireland,2014,52098.1,1,81.35,1
IRL,Ireland,2015,64311.82,1,81.45,1
IRL,Ireland,2017,70069.1,1,82.16,1
IRL,Ireland,2018,74427.55,1,82.2,1
IRL,Ireland,2021,94184.04,1,82.35,1
IRL,Ireland,2022,99677.47,1,83.06,2
IRN,"Iran, Islamic Republic of",1960,2345.11,2,43.96,1
IRN,"Iran, Islamic Republic of",1961,2512.12,2,44.55,1
IRN,"Iran, Islamic Republic of",1962,2629.73,2,44.27,1
IRN,"Iran, Islamic Republic of",1964,2870.38,2,46.2,1
IRN,"Iran, Islamic Republic of",1965,3255.5,2,46.74,2
IRN,"Iran, Islamic Republic of",1966,3518.62,2,47.42,1
IRN,"Iran, Islamic Republic of",1968,4215.94,2,48.14,4
IRN,"Iran, Islamic Republic of",1969,4726.09,2,49.44,2
IRN,"Iran, Islamic Republic of",1970,5085.76,2,50.2,2
IRN,"Iran, Islamic Republic of",1972,6240.7,2,51.66,2
IRN,"Iran, Islamic Republic of",1975,6468.12,2,54.76,1
IRN,"Iran, Islamic Republic of",1976,7422.13,2,55.7,1
IRN,"Iran, Islamic Republic of",1977,6996.18,2,56.58,5
IRN,"Iran, Islamic Republic of",1978,5901.81,2,55.93,3
IRN,"Iran, Islamic Republic of",1979,5016.91,2,58.55,3
IRN,"Iran, Islamic Republic of",1980,3793.35,2,58.54,5
IRN,"Iran, Islamic Republic of",1981,3394.34,2,56.72,4
IRN,"Iran, Islamic Republic of",1983,4236.72,2,58.75,2
IRN,"Iran, Islamic Republic of",1985,3720.53,2,61.89,1
IRN,"Iran, Islamic Republic of",1986,3234.89,2,62.49,4
IRN,"Iran, Islamic Republic of",1987,3115.62,2,62.82,7
IRN,"Iran, Islamic Republic of",1988,2833.19,2,63.45,3
IRN,"Iran, Islamic Republic of",1989,2920.37,2,65.72,3
IRN,"Iran, Islamic Republic of",1990,3222.2,2,64.37,4
IRN,"Iran, Islamic Republic of",1991,3534.65,2,66.46,6
IRN,"Iran, Islamic Republic of",1992,3579.73,2,66.78,4
IRN,"Iran, Islamic Republic of",1993,3514.52,2,67.14,6
IRN,"Iran, Islamic Republic of",1994,3448.26,2,67.47,6
IRN,"Iran, Islamic Republic of",1995,3492.17,2,67.78,3
IRN,"Iran, Islamic Republic of",1996,3674.03,2,68.07,4
IRN,"Iran, Islamic Republic of",1997,3679.28,2,68.36,6
IRN,"Iran, Islamic Republic of",1998,3704.57,2,68.73,8
IRN,"Iran, Islamic Republic of",1999,3725.32,2,69.3,8
IRN,"Iran, Islamic Republic of",2000,3885.3,2,69.69,5
IRN,"Iran, Islamic Republic of",2001,3917.3,2,69.96,5
IRN,"Iran, Islamic Republic of",2002,4198.95,2,70.44,9
IRN,"Iran, Islamic Republic of",2003,4511.43,2,69.82,7
IRN,"Iran, Islamic Republic of",2004,4607.45,2,71.37,3
IRN,"Iran, Islamic Republic of",2005,4650.36,2,71.84,9
IRN,"Iran, Islamic Republic of",2006,4778.79,2,72.28,4
IRN,"Iran, Islamic Republic of",2007,5084.72,2,72.77,2
IRN,"Iran, Islamic Republic of",2008,5035.94,2,72.62,5
IRN,"Iran, Islamic Republic of",2009,5023.89,2,72.7,1
IRN,"Iran, Islamic Republic of",2010,5249.06,2,73.07,5
IRN,"Iran, Islamic Republic of",2012,5058.65,2,74.19,4
IRN,"Iran, Islamic Republic of",2013,4916.97,2,74.45,3
IRN,"Iran, Islamic Republic of",2014,5093.2,2,74.78,3
IRN,"Iran, Islamic Republic of",2015,4952.73,2,75.12,5
IRN,"Iran, Islamic Republic of",2016,5312.62,2,75.6,1
IRN,"Iran, Islamic Republic of",2017,5381.19,2,75.97,5
IRN,"Iran, Islamic Republic of",2018,5215.35,2,76.19,4
IRN,"Iran, Islamic Republic of",2019,5000.99,2,76.1,5
IRN,"Iran, Islamic Republic of",2020,5127.96,2,74.83,9
IRN,"Iran, Islamic Republic of",2021,5325.55,2,73.88,7
IRN,"Iran, Islamic Republic of",2022,5460.69,2,74.56,5
IRQ,Iraq,1967,1117.06,3,58.37,1
IRQ,Iraq,1968,1290.03,2,58.78,1
IRQ,Iraq,1969,1286.79,2,59.32,1
IRQ,Iraq,1978,2066.87,2,64.4,1
IRQ,Iraq,1991,1254.63,2,62.52,1
IRQ,Iraq,1997,2478.84,2,65.84,1
IRQ,Iraq,1998,3242.96,2,65.49,1
IRQ,Iraq,2003,2250.07,2,65.64,1
IRQ,Iraq,2006,3471.99,2,63.59,2
IRQ,Iraq,2007,3565.58,2,63.55,1
IRQ,Iraq,2008,3781.78,2,64.94,2
IRQ,Iraq,2009,3768.17,2,66.45,1
IRQ,Iraq,2011,4030.02,2,67.66,1
IRQ,Iraq,2012,4387.9,2,68.02,1
IRQ,Iraq,2013,4504.83,2,68.25,1
IRQ,Iraq,2015,4440.14,2,69.44,2
IRQ,Iraq,2017,4736.33,2,70.41,1
IRQ,Iraq,2018,4749.01,2,71.51,1
IRQ,Iraq,2019,4898.15,2,71.58,1
IRQ,Iraq,2020,4214,2,69.12,1
IRQ,Iraq,2021,4182.5,2,70.38,3
IRQ,Iraq,2022,4399.95,2,71.34,1
ISL,Iceland,1973,22493.54,1,74.45,1
ISL,Iceland,1974,23457.57,1,74.51,1
ISL,Iceland,1976,24454.2,1,76.97,1
ISL,Iceland,1983,30290.2,1,76.85,2
ISL,Iceland,1984,31207.22,1,77.58,1
ISL,Iceland,1988,35628.64,1,77.08,1
ISL,Iceland,1995,34188.35,1,77.98,2
ISL,Iceland,1996,35557.28,1,78.78,1
ISL,Iceland,2000,42174.67,1,79.65,2
ISL,Iceland,2010,48193.7,1,81.9,1
ISR,Israel,1970,14476.08,1,71.21,1
ISR,Israel,1983,19449.82,1,74.46,1
ISR,Israel,1991,22627.63,1,76.76,1
ISR,Israel,1992,23555.2,1,76.5,1
ISR,Israel,1995,25948.73,1,77.45,1
ISR,Israel,1997,27081.62,1,78,1
ISR,Israel,1998,27545.11,1,78.15,1
ISR,Israel,1999,27744.92,1,78.66,1
ISR,Israel,2000,29352.28,1,78.95,3
ISR,Israel,2010,33112.71,1,81.6,2
ISR,Israel,2013,35338.62,1,82.06,1
ISR,Israel,2015,36123.99,1,82.05,1
ISR,Israel,2016,36969.74,1,82.41,1
ISR,Israel,2018,38599.11,1,82.8,1
ISR,Israel,2020,38049.99,1,82.65,2
ITA,Italy,1960,9731.2,2,69.12,1
ITA,Italy,1962,11033.69,2,69.15,1
ITA,Italy,1963,11567.95,2,69.25,1
ITA,Italy,1965,12077.46,2,70.17,2
ITA,Italy,1966,12701.16,1,70.93,1
ITA,Italy,1968,14308.56,1,70.78,2
ITA,Italy,1970,15813.2,1,71.56,2
ITA,Italy,1971,16025.77,1,71.81,1
ITA,Italy,1972,16523.13,1,72.08,2
ITA,Italy,1973,17580.91,1,72.03,3
ITA,Italy,1975,17934.32,1,72.65,1
ITA,Italy,1976,19116.61,1,72.99,3
ITA,Italy,1977,19523,1,73.36,2
ITA,Italy,1978,20083.88,1,73.69,2
ITA,Italy,1979,21219.27,1,74,2
ITA,Italy,1980,21901.93,1,73.94,1
ITA,Italy,1981,22060.33,1,74.35,2
ITA,Italy,1982,22135.16,1,74.81,3
ITA,Italy,1983,22385.84,1,74.64,4
ITA,Italy,1984,23102.81,1,75.39,3
ITA,Italy,1985,23742.39,1,75.47,1
ITA,Italy,1986,24420.08,1,75.77,1
ITA,Italy,1987,25196.99,1,76.22,6
ITA,Italy,1990,27625.18,1,76.97,5
ITA,Italy,1991,28030.77,1,77.02,1
ITA,Italy,1992,28245.43,1,77.42,2
ITA,Italy,1993,27987.43,1,77.72,1
ITA,Italy,1994,28583.63,1,77.92,3
ITA,Italy,1996,29795.66,1,78.52,3
ITA,Italy,1997,30353.38,1,78.82,3
ITA,Italy,1998,30892.18,1,78.98,3
ITA,Italy,1999,31405.26,1,79.42,2
ITA,Italy,2000,32609.67,1,79.78,4
ITA,Italy,2001,33245.28,1,80.13,3
ITA,Italy,2002,33285.41,1,80.23,8
ITA,Italy,2003,33159.84,1,79.98,4
ITA,Italy,2004,33431.56,1,80.78,1
ITA,Italy,2005,33521.32,1,80.78,1
ITA,Italy,2006,34022.12,1,81.28,2
ITA,Italy,2007,34345.76,1,81.43,2
ITA,Italy,2008,33769.9,1,81.49,3
ITA,Italy,2009,31832.99,1,81.64,5
ITA,Italy,2010,32220.49,1,82.04,3
ITA,Italy,2011,32388.82,1,82.19,3
ITA,Italy,2012,31292.13,1,82.24,5
ITA,Italy,2013,30369.13,1,82.69,1
ITA,Italy,2014,30091.35,1,83.09,5
ITA,Italy,2015,30387.13,1,82.54,4
ITA,Italy,2016,30815.09,1,83.24,4
ITA,Italy,2017,31356.22,1,82.95,6
ITA,Italy,2018,31675.58,1,83.35,5
ITA,Italy,2019,32180.43,1,83.5,5
ITA,Italy,2020,29469.8,1,82.2,7
ITA,Italy,2021,32267.71,1,82.65,2
ITA,Italy,2022,33840.34,1,82.9,6
JAM,Jamaica,1968,4123.88,2,66.26,1
JAM,Jamaica,1973,5213.26,2,67.55,1
JAM,Jamaica,1977,4286.71,2,68.53,1
JAM,Jamaica,1979,4141.34,2,69.05,2
JAM,Jamaica,1980,3857.07,2,69.44,1
JAM,Jamaica,1985,3685.98,2,70.52,1
JAM,Jamaica,1986,3720.5,2,70.73,1
JAM,Jamaica,1987,3982.11,2,71.27,1
JAM,Jamaica,1988,4112.2,2,71.54,2
JAM,Jamaica,1990,4526.5,2,72.3,1
JAM,Jamaica,1991,4704.01,2,72.19,1
JAM,Jamaica,1993,5142.59,2,71.92,1
JAM,Jamaica,1994,5160.43,2,71.74,1
JAM,Jamaica,1996,5172.78,2,71.49,1
JAM,Jamaica,2000,4928.33,2,70.94,1
JAM,Jamaica,2001,4963.07,2,70.76,1
JAM,Jamaica,2002,5031.2,2,70.89,3
JAM,Jamaica,2004,5222.1,2,70.86,2
JAM,Jamaica,2005,5239.67,2,71.04,3
JAM,Jamaica,2006,5363.83,2,71.2,2
JAM,Jamaica,2007,5414.91,2,71.42,2
JAM,Jamaica,2008,5347.63,2,71.61,2
JAM,Jamaica,2010,4998.67,2,72.62,1
JAM,Jamaica,2012,5010.46,2,73.43,1
JAM,Jamaica,2014,5032.44,2,72.98,1
JAM,Jamaica,2016,5119.04,2,72.02,1
JAM,Jamaica,2017,5159.34,2,71.91,1
JOR,Jordan,1981,4816.74,2,66.71,1
JOR,Jordan,1987,4213.35,2,68.88,1
JOR,Jordan,1989,3472.23,2,69.57,1
JOR,Jordan,1991,3010.14,2,70.09,2
JOR,Jordan,1992,3264.84,2,70.32,1
JOR,Jordan,1997,3280.7,2,71.27,1
JOR,Jordan,1999,3341.66,2,71.69,1
JOR,Jordan,2000,3412.08,2,71.92,3
JOR,Jordan,2018,3928.77,2,75.77,2
JPN,Japan,1960,6388.88,2,67.7,2
JPN,Japan,1961,7094.47,2,68.35,4
JPN,Japan,1962,7655.06,2,68.63,1
JPN,Japan,1963,8219.99,2,69.71,3
JPN,Japan,1964,9084.8,2,70.21,4
JPN,Japan,1965,9510.55,2,70.27,5
JPN,Japan,1966,10426.64,2,70.92,2
JPN,Japan,1967,11462.93,2,71.47,4
JPN,Japan,1968,12794.62,1,71.61,4
JPN,Japan,1969,14221.05,1,71.86,1
JPN,Japan,1971,14456.82,1,72.81,1
JPN,Japan,1972,15455.14,1,73.15,3
JPN,Japan,1973,16463.28,1,73.3,2
JPN,Japan,1974,16046.78,1,73.67,5
JPN,Japan,1975,16333.67,1,74.25,2
JPN,Japan,1976,16801.93,1,74.69,2
JPN,Japan,1977,17370.62,1,75.26,6
JPN,Japan,1978,18120.73,1,75.58,5
JPN,Japan,1979,18953.33,1,76.11,2
JPN,Japan,1980,19334.37,1,75.99,3
JPN,Japan,1981,20011.83,1,76.39,5
JPN,Japan,1982,20525.3,1,76.87,6
JPN,Japan,1983,21122.96,1,76.92,7
JPN,Japan,1984,21912.15,1,77.29,3
JPN,Japan,1985,22898.99,1,77.56,2
JPN,Japan,1986,23527.71,1,78.01,6
JPN,Japan,1987,24503.08,1,78.43,2
JPN,Japan,1988,26026.86,1,78.35,1
JPN,Japan,1989,27199.94,1,78.77,4
JPN,Japan,1990,28422.21,1,78.84,3
JPN,Japan,1991,29308.27,1,79.04,6
JPN,Japan,1992,29462.65,1,79.08,4
JPN,Japan,1993,29232.44,1,79.3,9
JPN,Japan,1994,29466.76,1,79.7,5
JPN,Japan,1995,30171.16,1,79.54,4
JPN,Japan,1996,31046.17,1,80.22,2
JPN,Japan,1997,31276.19,1,80.42,4
JPN,Japan,1998,30795.09,1,80.5,7
JPN,Japan,1999,30636.27,1,80.46,3
JPN,Japan,2000,31430.63,1,81.08,8
JPN,Japan,2001,31476.05,1,81.42,6
JPN,Japan,2002,31416.12,1,81.69,6
JPN,Japan,2003,31830.22,1,81.76,6
JPN,Japan,2004,32515.12,1,82.03,12
JPN,Japan,2005,33098.55,1,81.96,6
JPN,Japan,2006,33531.52,1,82.32,5
JPN,Japan,2007,33990.04,1,82.51,8
JPN,Japan,2008,33557.65,1,82.59,4
JPN,Japan,2009,31651.08,1,82.93,6
JPN,Japan,2010,32942.2,1,82.84,2
JPN,Japan,2011,33011.13,1,82.59,7
JPN,Japan,2012,33518.44,1,83.1,7
JPN,Japan,2013,34239.89,1,83.33,10
JPN,Japan,2014,34386.91,1,83.59,13
JPN,Japan,2015,34960.64,1,83.79,10
JPN,Japan,2016,35242.2,1,83.98,10
JPN,Japan,2017,35861.97,1,84.1,4
JPN,Japan,2018,36138.53,1,84.21,7
JPN,Japan,2019,36043.78,1,84.36,10
JPN,Japan,2020,34650.8,1,84.56,4
JPN,Japan,2021,35701.45,1,84.45,6
JPN,Japan,2022,36202.64,1,84,7
KAZ,Kazakhstan,1993,4223.13,2,65.4,1
KAZ,Kazakhstan,1995,3498.51,2,63.5,1
KAZ,Kazakhstan,1997,3728.96,2,64,2
KAZ,Kazakhstan,1998,3750.56,2,64.5,1
KAZ,Kazakhstan,1999,3899.66,2,65.63,1
KAZ,Kazakhstan,2000,4269.33,2,65.45,2
KAZ,Kazakhstan,2001,4822.53,2,65.76,2
KAZ,Kazakhstan,2003,5724.43,2,65.74,1
KAZ,Kazakhstan,2004,6233.29,2,66.06,1
KAZ,Kazakhstan,2005,6787.41,2,65.86,1
KAZ,Kazakhstan,2008,8216.52,2,67.11,1
KAZ,Kazakhstan,2010,8704.71,2,68.45,2
KAZ,Kazakhstan,2011,9223.3,2,68.69,1
KAZ,Kazakhstan,2012,9531.91,2,69.52,2
KAZ,Kazakhstan,2014,10226.71,2,71.44,1
KAZ,Kazakhstan,2015,10196.12,2,71.97,1
KAZ,Kazakhstan,2017,10404.27,2,72.95,1
KAZ,Kazakhstan,2018,10670.21,2,73.15,1
KAZ,Kazakhstan,2020,10565.04,2,71.37,1
KAZ,Kazakhstan,2021,10873.39,2,70.23,1
KEN,Kenya,1964,783.78,3,51.33,1
KEN,Kenya,1965,768.31,3,51.7,1
KEN,Kenya,1968,873.4,3,52.78,1
KEN,Kenya,1971,980.03,3,54.26,1
KEN,Kenya,1975,1113.01,3,55.83,1
KEN,Kenya,1977,1165.37,2,56.49,1
KEN,Kenya,1979,1251.32,2,57.72,1
KEN,Kenya,1982,1250.61,2,60.95,1
KEN,Kenya,1984,1198.09,2,60.8,1
KEN,Kenya,1988,1306.36,2,59.54,1
KEN,Kenya,1990,1329.33,2,58.61,2
KEN,Kenya,1991,1305.46,2,58,2
KEN,Kenya,1994,1219.78,2,56.27,2
KEN,Kenya,1996,1254.21,2,55.16,1
KEN,Kenya,1997,1226.2,2,54.82,6
KEN,Kenya,1998,1232.07,2,54.53,2
KEN,Kenya,1999,1224.63,2,54.5,4
KEN,Kenya,2000,1195.41,2,54.41,5
KEN,Kenya,2001,1202.29,2,54.51,4
KEN,Kenya,2002,1171.43,2,54.99,5
KEN,Kenya,2003,1169.14,2,55.6,2
KEN,Kenya,2004,1191.25,2,56.36,5
KEN,Kenya,2005,1223.45,2,57.34,6
KEN,Kenya,2006,1263.54,2,58.22,7
KEN,Kenya,2007,1309.91,2,58.86,4
KEN,Kenya,2008,1273.77,2,59.61,9
KEN,Kenya,2009,1276.74,2,60.36,5
KEN,Kenya,2010,1340.16,2,60.65,5
KEN,Kenya,2011,1370.58,2,61.05,5
KEN,Kenya,2012,1396.3,2,61.12,1
KEN,Kenya,2013,1413.94,2,61.39,4
KEN,Kenya,2014,1450.59,2,61.82,2
KEN,Kenya,2015,1489.12,2,61.89,3
KEN,Kenya,2016,1517.98,2,62.16,3
KEN,Kenya,2017,1542.34,2,62.48,3
KEN,Kenya,2018,1596.69,2,62.68,3
KEN,Kenya,2019,1645.71,2,62.94,4
KEN,Kenya,2020,1609.33,2,62.67,3
KEN,Kenya,2021,1698.9,2,61.43,2
KEN,Kenya,2022,1747.53,2,62.06,1
KGZ,Kyrgyzstan,1992,928.32,3,68.1,2
KGZ,Kyrgyzstan,1994,627.22,3,66.04,2
KGZ,Kyrgyzstan,1997,671.25,3,66.89,2
KGZ,Kyrgyzstan,1998,675.06,3,67.05,2
KGZ,Kyrgyzstan,2000,718.34,3,68.56,1
KGZ,Kyrgyzstan,2002,742.44,3,68.16,1
KGZ,Kyrgyzstan,2003,786.35,3,68.26,1
KGZ,Kyrgyzstan,2004,831.48,3,68.15,3
KGZ,Kyrgyzstan,2005,820.71,3,67.96,1
KGZ,Kyrgyzstan,2006,837.14,3,67.7,2
KGZ,Kyrgyzstan,2007,900.03,3,67.9,1
KGZ,Kyrgyzstan,2008,966.41,3,68.45,2
KGZ,Kyrgyzstan,2009,981.22,3,69.1,1
KGZ,Kyrgyzstan,2010,962.76,3,69.3,2
KGZ,Kyrgyzstan,2011,1005.48,3,69.6,1
KGZ,Kyrgyzstan,2012,985.85,3,70,2
KGZ,Kyrgyzstan,2014,1088.58,3,70.4,1
KGZ,Kyrgyzstan,2015,1105.65,3,70.65,1
KGZ,Kyrgyzstan,2017,1157.18,2,71.2,2
KGZ,Kyrgyzstan,2021,1132.55,3,71.9,1
KGZ,Kyrgyzstan,2022,1212.18,2,72.05,1
KHM,Cambodia,1987,790.55,3,53.45,1
KHM,Cambodia,1991,850.61,3,55.79,1
KHM,Cambodia,1992,862.48,3,56.02,2
KHM,Cambodia,1994,513.97,3,56.04,2
KHM,Cambodia,1996,511.67,3,56.35,1
KHM,Cambodia,1997,496.77,3,56.74,2
KHM,Cambodia,1998,499.02,3,57.03,2
KHM,Cambodia,1999,552.9,3,57.69,3
KHM,Cambodia,2000,598.56,3,58.62,1
KHM,Cambodia,2001,632.83,3,59.97,2
KHM,Cambodia,2002,662.19,3,61.23,2
KHM,Cambodia,2004,775.85,3,63.55,1
KHM,Cambodia,2005,866.34,3,64.29,2
KHM,Cambodia,2006,947.07,3,65.06,3
KHM,Cambodia,2007,1030.23,3,65.73,2
KHM,Cambodia,2009,1117.26,3,67.44,2
KHM,Cambodia,2010,1155.85,2,67.71,1
KHM,Cambodia,2011,1221.39,2,68.42,1
KHM,Cambodia,2012,1295.25,2,68.92,1
KHM,Cambodia,2013,1376.3,2,69.3,1
KHM,Cambodia,2014,1464.53,2,69.74,1
KHM,Cambodia,2015,1547.32,2,69.87,2
KHM,Cambodia,2016,1645.47,2,70.22,1
KHM,Cambodia,2018,1884.28,2,70.56,1
KHM,Cambodia,2019,2008.32,2,70.69,1
KHM,Cambodia,2020,1908.63,2,70.42,2
KHM,Cambodia,2021,1938.76,2,69.58,4
KHM,Cambodia,2022,2010.77,2,69.9,2
KIR,Kiribati,1972,1552.55,2,55.48,1
KIR,Kiribati,1977,1990.87,2,56.03,1
KIR,Kiribati,1999,1482.19,2,64.14,1
KIR,Kiribati,2008,1361.84,2,64.83,1
KIR,Kiribati,2014,1492.85,2,65.82,1
KIR,Kiribati,2015,1639.85,2,66.06,1
KNA,"Saint Kitts and Nevis",1984,6281.97,2,65.28,1
KNA,"Saint Kitts and Nevis",1987,8203.62,2,65.48,1
KNA,"Saint Kitts and Nevis",1989,9588.26,2,64.99,1
KNA,"Saint Kitts and Nevis",1990,10136.99,2,65.19,1
KNA,"Saint Kitts and Nevis",1995,11743.38,2,67.15,1
KNA,"Saint Kitts and Nevis",1998,12710.96,1,67.69,1
KNA,"Saint Kitts and Nevis",1999,12942.86,1,68.71,1
KNA,"Saint Kitts and Nevis",2008,18325.76,1,71.37,1
KNA,"Saint Kitts and Nevis",2017,21191.6,1,71.84,1
KOR,"Korea, Republic of",1961,1066.8,3,54.92,1
KOR,"Korea, Republic of",1962,1077.12,3,55.52,1
KOR,"Korea, Republic of",1963,1142.03,2,55.97,1
KOR,"Korea, Republic of",1964,1217.95,2,57.17,1
KOR,"Korea, Republic of",1965,1274.27,2,58.24,1
KOR,"Korea, Republic of",1966,1391.67,2,59.5,1
KOR,"Korea, Republic of",1967,1483,2,61.29,1
KOR,"Korea, Republic of",1968,1639.75,2,61.56,1
KOR,"Korea, Republic of",1969,1836.48,2,62.05,3
KOR,"Korea, Republic of",1970,1977.43,2,62.16,2
KOR,"Korea, Republic of",1971,2143.29,2,62.61,2
KOR,"Korea, Republic of",1972,2255.21,2,63.01,2
KOR,"Korea, Republic of",1976,3238.27,2,64.5,1
KOR,"Korea, Republic of",1977,3581.47,2,64.9,2
KOR,"Korea, Republic of",1978,3913.83,2,65.2,2
KOR,"Korea, Republic of",1979,4189.18,2,65.55,1
KOR,"Korea, Republic of",1980,4056.53,2,66.05,2
KOR,"Korea, Republic of",1981,4283.12,2,66.55,2
KOR,"Korea, Republic of",1982,4569.09,2,67.1,2
KOR,"Korea, Republic of",1984,5573.84,2,68.2,2
KOR,"Korea, Republic of",1985,5951.88,2,68.8,1
KOR,"Korea, Republic of",1986,6560.48,2,69.45,1
KOR,"Korea, Republic of",1987,7322.72,2,70,3
KOR,"Korea, Republic of",1988,8120.64,2,70.55,1
KOR,"Korea, Republic of",1989,8609.43,2,71.05,1
KOR,"Korea, Republic of",1990,9367.09,2,71.6,3
KOR,"Korea, Republic of",1991,10274.48,2,72.05,2
KOR,"Korea, Republic of",1992,10798.56,2,72.5,2
KOR,"Korea, Republic of",1993,11424.59,2,73,2
KOR,"Korea, Republic of",1994,12358.52,2,73.4,1
KOR,"Korea, Republic of",1995,13411.11,1,73.7,2
KOR,"Korea, Republic of",1996,14332.14,1,74.15,2
KOR,"Korea, Republic of",1997,15074.49,1,74.6,2
KOR,"Korea, Republic of",1998,14198.39,1,75,5
KOR,"Korea, Republic of",1999,15714.41,1,75.41,2
KOR,"Korea, Republic of",2000,16995.56,1,75.91,6
KOR,"Korea, Republic of",2001,17684.05,1,76.41,4
KOR,"Korea, Republic of",2002,18940.38,1,76.77,4
KOR,"Korea, Republic of",2003,19435.49,1,77.21,1
KOR,"Korea, Republic of",2004,20364.76,1,77.67,7
KOR,"Korea, Republic of",2005,21197.2,1,78.17,5
KOR,"Korea, Republic of",2006,22196.21,1,78.67,1
KOR,"Korea, Republic of",2007,23365.14,1,79.12,2
KOR,"Korea, Republic of",2008,23887.06,1,79.52,1
KOR,"Korea, Republic of",2010,25455.62,1,80.12,1
KOR,"Korea, Republic of",2011,26191.64,1,80.57,3
KOR,"Korea, Republic of",2012,26680.28,1,80.82,3
KOR,"Korea, Republic of",2014,28100.01,1,81.72,3
KOR,"Korea, Republic of",2015,28737.44,1,82.02,1
KOR,"Korea, Republic of",2016,29467.12,1,82.28,3
KOR,"Korea, Republic of",2017,30312.89,1,82.63,1
KOR,"Korea, Republic of",2018,31059.27,1,82.63,1
KOR,"Korea, Republic of",2019,31645.95,1,83.23,4
KOR,"Korea, Republic of",2020,31378.16,1,83.43,5
KOR,"Korea, Republic of",2021,32771.07,1,83.53,1
KOR,"Korea, Republic of",2022,33690.38,1,82.68,4
KWT,Kuwait,1997,32152.44,1,75.88,1
KWT,Kuwait,2018,26706.02,1,79.72,1
LAO,"Lao People's Democratic Republic",1984,579.87,3,50.54,1
LAO,"Lao People's Democratic Republic",1985,592.63,3,51.11,1
LAO,"Lao People's Democratic Republic",1987,579.02,3,52.15,2
LAO,"Lao People's Democratic Republic",1988,551.36,3,52.73,1
LAO,"Lao People's Democratic Republic",1991,643.41,3,54.46,2
LAO,"Lao People's Democratic Republic",1992,660.63,3,54.95,3
LAO,"Lao People's Democratic Republic",1993,680.96,3,55.44,1
LAO,"Lao People's Democratic Republic",1994,717.51,3,55.75,2
LAO,"Lao People's Democratic Republic",1995,749.23,3,56.38,4
LAO,"Lao People's Democratic Republic",1996,782.68,3,56.89,1
LAO,"Lao People's Democratic Republic",1999,881.63,3,57.87,1
LAO,"Lao People's Democratic Republic",2000,917.23,3,58.38,3
LAO,"Lao People's Democratic Republic",2001,954.12,3,59.07,1
LAO,"Lao People's Democratic Republic",2002,994.49,3,59.53,1
LAO,"Lao People's Democratic Republic",2008,1381.74,2,62.6,1
LAO,"Lao People's Democratic Republic",2009,1463.34,2,63.27,2
LAO,"Lao People's Democratic Republic",2011,1666.4,2,64.74,2
LAO,"Lao People's Democratic Republic",2013,1890.28,2,65.72,3
LAO,"Lao People's Democratic Republic",2014,2006.31,2,66.36,1
LAO,"Lao People's Democratic Republic",2015,2121.01,2,66.67,2
LAO,"Lao People's Democratic Republic",2016,2234.76,2,67.17,1
LAO,"Lao People's Democratic Republic",2017,2351.57,2,67.43,1
LAO,"Lao People's Democratic Republic",2018,2459.98,2,67.63,3
LAO,"Lao People's Democratic Republic",2019,2554.96,2,68.14,2
LAO,"Lao People's Democratic Republic",2020,2529.75,2,68.5,2
LAO,"Lao People's Democratic Republic",2021,2556.59,2,68.06,2
LAO,"Lao People's Democratic Republic",2022,2589.05,2,69,1
LBN,Lebanon,1992,4595.58,2,71.19,1
LBN,Lebanon,2002,6207.24,2,75.06,1
LBN,Lebanon,2003,6319.77,2,75.59,1
LBN,Lebanon,2007,7179.35,2,77.08,1
LBN,Lebanon,2015,7714.11,2,79.23,3
LBN,Lebanon,2018,8388.72,2,79.73,1
LBN,Lebanon,2019,8064.05,2,79.24,1
LBN,Lebanon,2020,6440.83,2,77.8,1
LBN,Lebanon,2022,5909.04,2,74.42,1
LBR,Liberia,1980,2792.04,2,44.63,1
LBR,Liberia,1982,2514.92,2,45.2,1
LBR,Liberia,1983,2394.57,2,45.38,1
LBR,Liberia,1990,754.13,3,36.69,1
LBR,Liberia,1995,216.09,3,43.92,2
LBR,Liberia,1996,235.44,3,44.42,1
LBR,Liberia,1998,528.67,3,48.9,2
LBR,Liberia,1999,609.04,3,49.95,1
LBR,Liberia,2000,754.85,3,51.36,2
LBR,Liberia,2002,762.72,3,53.79,1
LBR,Liberia,2003,528.57,3,53.04,2
LBR,Liberia,2005,539.67,3,56.91,1
LBR,Liberia,2007,574.61,3,58.28,2
LBR,Liberia,2008,591.19,3,58.77,1
LBR,Liberia,2009,603.26,3,59.19,2
LBR,Liberia,2010,621.78,3,59.43,1
LBR,Liberia,2014,707.16,3,59.12,1
LBR,Liberia,2016,668.03,3,60.42,1
LBR,Liberia,2022,638.01,3,61.1,1
LBY,Libya,1963,4893.77,2,45.3,1
LBY,Libya,1995,10839.28,2,71.09,1
LBY,Libya,2013,10126.31,2,72.34,1
LBY,Libya,2019,8768.41,2,72.46,1
LCA,"Saint Lucia",1980,4533.62,2,67.7,1
LCA,"Saint Lucia",1983,4926.92,2,69.91,1
LCA,"Saint Lucia",1986,6238.05,2,70.28,1
LCA,"Saint Lucia",1987,6386.08,2,70,1
LCA,"Saint Lucia",1988,7178.19,2,70.05,1
LCA,"Saint Lucia",1994,8808.7,2,70.99,1
LCA,"Saint Lucia",1996,8945.88,2,70.9,1
LCA,"Saint Lucia",1999,9306.78,2,70.71,1
LCA,"Saint Lucia",2004,9637.39,2,72.03,1
LCA,"Saint Lucia",2007,10147.46,2,72.6,2
LCA,"Saint Lucia",2010,10191.33,2,72.72,3
LCA,"Saint Lucia",2013,10259.93,2,72.74,1
LCA,"Saint Lucia",2016,10644.12,2,73.11,1
LCA,"Saint Lucia",2020,8379.31,2,73.42,1
LCA,"Saint Lucia",2021,9337.02,2,71.11,1
LCA,"Saint Lucia",2022,11224.25,2,71.29,1
LKA,"Sri Lanka",1964,677.91,3,62.17,1
LKA,"Sri Lanka",1966,695.4,3,63.06,1
LKA,"Sri Lanka",1967,722.51,3,63.51,2
LKA,"Sri Lanka",1969,785.27,3,63.99,1
LKA,"Sri Lanka",1974,825.88,3,66,1
LKA,"Sri Lanka",1977,901.51,3,66.55,3
LKA,"Sri Lanka",1978,935.13,3,67.57,3
LKA,"Sri Lanka",1980,1015.03,3,68.66,1
LKA,"Sri Lanka",1981,1055.01,3,69.21,2
LKA,"Sri Lanka",1982,1085.26,3,69.67,3
LKA,"Sri Lanka",1983,1129.94,3,70.07,1
LKA,"Sri Lanka",1984,1183.48,2,70.65,4
LKA,"Sri Lanka",1985,1234.47,2,70.97,1
LKA,"Sri Lanka",1986,1272.91,2,71.42,1
LKA,"Sri Lanka",1987,1279.8,2,71.46,2
LKA,"Sri Lanka",1988,1298.23,2,71.55,1
LKA,"Sri Lanka",1989,1314.19,2,69.76,1
LKA,"Sri Lanka",1990,1389.42,2,71.93,2
LKA,"Sri Lanka",1991,1442.49,2,71.75,1
LKA,"Sri Lanka",1992,1482.21,2,72.53,2
LKA,"Sri Lanka",1993,1557.81,2,73.05,3
LKA,"Sri Lanka",1994,1621.26,2,72.88,3
LKA,"Sri Lanka",1995,1682.35,2,72.26,1
LKA,"Sri Lanka",1996,1713.03,2,72.26,1
LKA,"Sri Lanka",1997,1788.47,2,72.14,2
LKA,"Sri Lanka",1998,1837.48,2,72.08,2
LKA,"Sri Lanka",1999,1881.23,2,72.62,2
LKA,"Sri Lanka",2000,1958.1,2,70.36,4
LKA,"Sri Lanka",2001,1897.61,2,70.79,2
LKA,"Sri Lanka",2002,1952.39,2,71.12,1
LKA,"Sri Lanka",2003,2053.25,2,71.37,1
LKA,"Sri Lanka",2004,2150.39,2,67.09,3
LKA,"Sri Lanka",2005,2270.04,2,72.12,1
LKA,"Sri Lanka",2006,2427.79,2,71.97,1
LKA,"Sri Lanka",2007,2575.08,2,72.05,3
LKA,"Sri Lanka",2008,2710.2,2,71.73,4
LKA,"Sri Lanka",2009,2788.93,2,69.19,4
LKA,"Sri Lanka",2010,2994.8,2,73.22,2
LKA,"Sri Lanka",2011,3234.3,2,73.38,5
LKA,"Sri Lanka",2012,3486.86,2,73.91,3
LKA,"Sri Lanka",2013,3731.16,2,74.24,3
LKA,"Sri Lanka",2014,3932.26,2,74.65,7
LKA,"Sri Lanka",2015,4060.13,2,74.93,2
LKA,"Sri Lanka",2016,4217.25,2,75.33,2
LKA,"Sri Lanka",2017,4440.51,2,75.4,4
LKA,"Sri Lanka",2018,4495.71,2,75.75,3
LKA,"Sri Lanka",2019,4458.43,2,76.01,7
LKA,"Sri Lanka",2020,4229.75,2,76.39,3
LKA,"Sri Lanka",2021,4360.57,2,76.4,5
LKA,"Sri Lanka",2022,4035.65,2,76.61,5
LSO,Lesotho,1968,322.8,3,50.43,1
LSO,Lesotho,1974,398.58,3,52.37,1
LSO,Lesotho,1983,452.52,3,58.09,1
LSO,Lesotho,1985,462.89,3,59.1,1
LSO,Lesotho,1987,465.47,3,59.5,1
LSO,Lesotho,1989,513.11,3,59.53,1
LSO,Lesotho,1990,533.82,3,59.4,1
LSO,Lesotho,1992,590.01,3,58.56,1
LSO,Lesotho,1996,670.47,3,55.23,1
LSO,Lesotho,1999,698.44,3,50.08,1
LSO,Lesotho,2000,725.26,3,48.43,1
LSO,Lesotho,2001,752.24,3,46.85,2
LSO,Lesotho,2002,760.03,3,45.6,1
LSO,Lesotho,2007,927.27,3,43.12,1
LSO,Lesotho,2008,971.88,3,43.57,1
LSO,Lesotho,2011,1032,3,46.69,3
LSO,Lesotho,2014,1100.05,3,50.03,1
LSO,Lesotho,2016,1147.59,2,52.26,1
LSO,Lesotho,2019,1040.99,3,54.17,1
LSO,Lesotho,2020,944.83,3,54.69,1
LSO,Lesotho,2021,955.22,3,53.06,1
LTU,Lithuania,1992,6185.54,2,70.23,1
LTU,Lithuania,1993,5206.44,2,68.91,1
LTU,Lithuania,1999,6130,2,71.57,2
LTU,Lithuania,2001,6854.53,2,71.66,1
LTU,Lithuania,2005,9692.87,2,71.25,2
LTU,Lithuania,2006,10577.21,2,71.06,1
LTU,Lithuania,2010,10884.12,2,73.27,2
LTU,Lithuania,2012,12522.34,2,73.86,2
LTU,Lithuania,2018,16709.56,1,75.68,2
LTU,Lithuania,2022,18884.51,1,75.79,1
LUX,Luxembourg,1983,44056.25,1,72.78,1
LUX,Luxembourg,1990,66027.08,1,75.44,6
LUX,Luxembourg,1993,73116.19,1,75.71,1
LUX,Luxembourg,1995,74896.1,1,76.51,1
LUX,Luxembourg,2003,97598,1,77.73,1
LUX,Luxembourg,2010,106544.06,1,80.63,1
LUX,Luxembourg,2019,107350.63,1,82.64,1
LUX,Luxembourg,2021,110425.89,1,82.6,1
LUX,Luxembourg,2022,109714.92,1,83.05,1
LVA,Latvia,1999,5929.27,2,69.74,1
LVA,Latvia,2000,6336.38,2,70.31,1
LVA,Latvia,2001,6833.44,2,70.76,1
LVA,Latvia,2003,8149,2,71.27,1
LVA,Latvia,2005,10106.26,2,71.36,2
LVA,Latvia,2006,11507.46,2,70.87,1
LVA,Latvia,2012,11971.01,2,73.78,1
LVA,Latvia,2018,15120.07,1,74.78,1
LVA,Latvia,2022,16406.65,1,74.58,1
MAC,Macao,1993,33802.98,1,78.63,4
MAC,Macao,2017,75807.99,1,84.56,2
MAR,Morocco,1966,844.24,3,46.56,2
MAR,Morocco,1969,1020.01,3,48.32,1
MAR,Morocco,1970,1039.61,3,48.81,1
MAR,Morocco,1971,1069.33,3,49.24,1
MAR,Morocco,1975,1167.79,2,51.24,1
MAR,Morocco,1977,1306.13,2,52.7,1
MAR,Morocco,1979,1328.21,2,54.35,1
MAR,Morocco,1982,1359.99,2,56.9,1
MAR,Morocco,1987,1507.2,2,60.71,1
MAR,Morocco,1988,1654.01,2,61.32,3
MAR,Morocco,1995,1705.45,2,64.74,3
MAR,Morocco,1996,1886.67,2,65.24,2
MAR,Morocco,1997,1828.97,2,65.63,1
MAR,Morocco,1999,1935.48,2,66.41,1
MAR,Morocco,2000,1957.14,2,66.79,3
MAR,Morocco,2001,2078.97,2,67.18,1
MAR,Morocco,2002,2127.51,2,67.55,1
MAR,Morocco,2003,2229.58,2,67.92,1
MAR,Morocco,2004,2301.08,2,68.23,2
MAR,Morocco,2005,2342.15,2,68.7,1
MAR,Morocco,2006,2489.99,2,69.13,3
MAR,Morocco,2008,2648.59,2,70.05,1
MAR,Morocco,2009,2710.67,2,70.46,2
MAR,Morocco,2010,2767.04,2,70.83,2
MAR,Morocco,2012,2927.45,2,71.68,1
MAR,Morocco,2014,3051.46,2,72.54,3
MAR,Morocco,2016,3124.43,2,73.28,1
MAR,Morocco,2017,3242.64,2,73.66,2
MAR,Morocco,2018,3304.71,2,73.99,1
MAR,Morocco,2019,3364.74,2,74.27,3
MAR,Morocco,2021,3309.13,2,74.04,2
MDA,"Moldova, Republic of",1994,1526.43,2,65.07,2
MDA,"Moldova, Republic of",1997,1454.81,2,65.17,1
MDA,"Moldova, Republic of",1999,1316.43,2,65.56,2
MDA,"Moldova, Republic of",2000,1346.92,2,66.42,2
MDA,"Moldova, Republic of",2002,1547.57,2,66.94,1
MDA,"Moldova, Republic of",2005,1919.45,2,68.17,1
MDA,"Moldova, Republic of",2006,2017.18,2,68.48,1
MDA,"Moldova, Republic of",2007,2082.51,2,68.95,1
MDA,"Moldova, Republic of",2008,2249.23,2,69.39,1
MDA,"Moldova, Republic of",2010,2269.51,2,69.36,1
MDA,"Moldova, Republic of",2012,2389.09,2,69.14,2
MDA,"Moldova, Republic of",2019,3438.68,2,70.94,1
MDG,Madagascar,1968,810.51,3,46.52,1
MDG,Madagascar,1969,817.56,3,47.02,1
MDG,Madagascar,1970,836.54,3,47.51,1
MDG,Madagascar,1972,809.52,3,48.34,1
MDG,Madagascar,1975,744.31,3,49.53,1
MDG,Madagascar,1976,699.99,3,49.67,1
MDG,Madagascar,1977,695.15,3,49.76,1
MDG,Madagascar,1978,656.4,3,49.81,1
MDG,Madagascar,1981,599.78,3,49.73,2
MDG,Madagascar,1982,571.23,3,49.63,1
MDG,Madagascar,1983,559.66,3,49.57,1
MDG,Madagascar,1984,553.13,3,49.54,1
MDG,Madagascar,1986,538.49,3,49.81,2
MDG,Madagascar,1988,532.03,3,50.59,1
MDG,Madagascar,1989,537.84,3,51.11,1
MDG,Madagascar,1991,489.72,3,52.36,1
MDG,Madagascar,1994,461.4,3,54.44,3
MDG,Madagascar,1996,449.63,3,55.52,1
MDG,Madagascar,1997,451.3,3,56.22,3
MDG,Madagascar,1998,453.89,3,56.92,1
MDG,Madagascar,1999,460.03,3,57.37,2
MDG,Madagascar,2000,465.53,3,57.94,3
MDG,Madagascar,2002,406.7,3,58.89,4
MDG,Madagascar,2003,433.6,3,59.49,4
MDG,Madagascar,2004,443.28,3,60.15,2
MDG,Madagascar,2005,450.96,3,60.57,4
MDG,Madagascar,2006,461.54,3,61.32,2
MDG,Madagascar,2007,473.79,3,61.76,3
MDG,Madagascar,2008,490.96,3,62.14,5
MDG,Madagascar,2009,457.79,3,62.73,4
MDG,Madagascar,2010,447.42,3,62.87,2
MDG,Madagascar,2011,441.76,3,63.49,1
MDG,Madagascar,2012,442.64,3,63.54,3
MDG,Madagascar,2013,440.67,3,63.96,3
MDG,Madagascar,2014,443.34,3,64.26,2
MDG,Madagascar,2015,445.32,3,64.34,3
MDG,Madagascar,2016,451.16,3,65,1
MDG,Madagascar,2017,456.85,3,65.09,3
MDG,Madagascar,2018,459.33,3,65.27,3
MDG,Madagascar,2019,467.28,3,65.88,3
MDG,Madagascar,2020,422.92,3,65.18,3
MDG,Madagascar,2021,436.09,3,64.48,2
MDG,Madagascar,2022,442.42,3,65.23,7
MDV,Maldives,1978,1647.98,2,51.1,1
MDV,Maldives,1987,3638.84,2,61.31,1
MDV,Maldives,1991,4515.07,2,64.3,1
MDV,Maldives,2004,8180.3,2,73.54,1
MDV,Maldives,2007,8932.39,2,75.69,1
MDV,Maldives,2011,9005.05,2,78.12,1
MDV,Maldives,2019,11263.19,2,80.12,1
MDV,Maldives,2021,9818.73,2,79.92,1
MEX,Mexico,1961,4219.18,2,55.83,1
MEX,Mexico,1962,4276.14,2,56.6,1
MEX,Mexico,1964,4845.87,2,57.95,1
MEX,Mexico,1965,5021.35,2,58.5,1
MEX,Mexico,1966,5153.81,2,58.98,1
MEX,Mexico,1967,5278.11,2,59.42,3
MEX,Mexico,1968,5589.05,2,59.84,3
MEX,Mexico,1969,5596.4,2,60.25,2
MEX,Mexico,1970,5774.77,2,60.69,1
MEX,Mexico,1971,5809.4,2,61.16,1
MEX,Mexico,1972,6099.2,2,61.61,1
MEX,Mexico,1973,6385.2,2,62.06,4
MEX,Mexico,1974,6559.3,2,62.46,1
MEX,Mexico,1975,6740.62,2,62.81,1
MEX,Mexico,1976,6845.37,2,63.12,2
MEX,Mexico,1977,6888.58,2,63.43,1
MEX,Mexico,1978,7309.61,2,63.78,3
MEX,Mexico,1979,7814.55,2,64.19,2
MEX,Mexico,1980,8290.29,2,64.7,4
MEX,Mexico,1981,8875.07,2,65.31,2
MEX,Mexico,1982,8676.57,2,65.98,6
MEX,Mexico,1983,8098.52,2,66.64,3
MEX,Mexico,1984,8207.92,2,67.29,2
MEX,Mexico,1985,8194.16,2,67.87,1
MEX,Mexico,1986,7713.61,2,68.39,1
MEX,Mexico,1987,7716.5,2,68.84,3
MEX,Mexico,1988,7657.73,2,69.25,5
MEX,Mexico,1989,7783.81,2,69.62,3
MEX,Mexico,1990,8036.86,2,69.97,3
MEX,Mexico,1991,8197.01,2,70.3,4
MEX,Mexico,1992,8330.26,2,70.62,3
MEX,Mexico,1993,8411.8,2,70.94,8
MEX,Mexico,1994,8623.48,2,71.28,2
MEX,Mexico,1995,7970.64,2,71.65,11
MEX,Mexico,1996,8320.65,2,72.04,6
MEX,Mexico,1997,8770.84,2,72.44,9
MEX,Mexico,1998,9161.9,2,72.85,10
MEX,Mexico,1999,9264.98,2,73.23,11
MEX,Mexico,2000,9581.97,2,73.57,7
MEX,Mexico,2001,9398.35,2,73.87,5
MEX,Mexico,2002,9242.28,2,74.11,8
MEX,Mexico,2003,9222,2,74.27,9
MEX,Mexico,2004,9421.29,2,74.37,3
MEX,Mexico,2005,9491.52,2,74.38,7
MEX,Mexico,2006,9813.83,2,74.33,7
MEX,Mexico,2007,9877.7,2,74.24,7
MEX,Mexico,2008,9826.34,2,74.15,3
MEX,Mexico,2009,9074.12,2,74.12,8
MEX,Mexico,2010,9389.07,2,74.19,9
MEX,Mexico,2011,9575.93,2,74.36,12
MEX,Mexico,2012,9782.52,2,74.57,3
MEX,Mexico,2013,9738.71,2,74.74,5
MEX,Mexico,2014,9862.48,2,74.8,8
MEX,Mexico,2015,10021.24,2,74.68,4
MEX,Mexico,2016,10100.5,2,74.41,7
MEX,Mexico,2017,10193.77,2,74.14,7
MEX,Mexico,2018,10296.87,2,74.02,4
MEX,Mexico,2019,10159.44,2,74.2,6
MEX,Mexico,2020,9234.64,2,70.13,8
MEX,Mexico,2021,9728.06,2,70.21,10
MEX,Mexico,2022,10011.25,2,74.83,7
MHL,"Marshall Islands",1991,3085.94,2,62.28,1
MHL,"Marshall Islands",2000,3040.6,2,63.28,1
MHL,"Marshall Islands",2008,3146.26,2,63.24,1
MHL,"Marshall Islands",2013,3602.93,2,63.46,1
MHL,"Marshall Islands",2014,3620.77,2,63.62,1
MHL,"Marshall Islands",2015,3764.34,2,63.83,1
MHL,"Marshall Islands",2019,5162.82,2,64.75,1
MHL,"Marshall Islands",2022,5516.88,2,65.15,1
MKD,"North Macedonia",1993,2948.27,2,71.93,1
MKD,"North Macedonia",1995,2876.07,2,71.85,1
MKD,"North Macedonia",2000,3283.38,2,72.95,1
MKD,"North Macedonia",2001,3169.33,2,73.44,1
MKD,"North Macedonia",2002,3240.11,2,73.04,2
MKD,"North Macedonia",2003,3307.92,2,73.24,2
MKD,"North Macedonia",2004,3473.77,2,73.6,2
MKD,"North Macedonia",2005,3657.56,2,73.7,2
MKD,"North Macedonia",2006,3866.75,2,73.9,1
MKD,"North Macedonia",2007,4140.63,2,73.8,2
MKD,"North Macedonia",2012,4708.05,2,74.9,1
MKD,"North Macedonia",2013,4863.68,2,75.4,1
MKD,"North Macedonia",2014,5053.75,2,75.45,1
MKD,"North Macedonia",2015,5262.69,2,75.4,2
MKD,"North Macedonia",2016,5429.95,2,75.4,2
MKD,"North Macedonia",2017,5510.82,2,75.95,1
MKD,"North Macedonia",2021,6064.92,2,73.25,1
MLI,Mali,1969,337.14,3,32.04,2
MLI,Mali,1978,428.13,3,39.06,1
MLI,Mali,1979,463.31,3,39.95,1
MLI,Mali,1980,434.13,3,40.75,1
MLI,Mali,1981,431.38,3,41.22,1
MLI,Mali,1984,380.17,3,42.7,1
MLI,Mali,1985,448.22,3,43.21,1
MLI,Mali,1986,451.84,3,43.98,1
MLI,Mali,1987,443.42,3,44.69,3
MLI,Mali,1988,467.95,3,45.39,3
MLI,Mali,1989,478.51,3,45.88,1
MLI,Mali,1991,501.12,3,47.22,1
MLI,Mali,1996,504.75,3,47.79,2
MLI,Mali,1997,517.24,3,48.53,1
MLI,Mali,1998,542.49,3,49.16,2
MLI,Mali,1999,557.69,3,49.8,1
MLI,Mali,2000,541.35,3,50.54,1
MLI,Mali,2001,606.09,3,51.28,2
MLI,Mali,2002,605.8,3,52.22,2
MLI,Mali,2003,640.36,3,52.89,2
MLI,Mali,2004,629.63,3,53.54,1
MLI,Mali,2005,649.16,3,54,5
MLI,Mali,2006,657.5,3,54.62,3
MLI,Mali,2007,658.46,3,54.94,2
MLI,Mali,2008,667.58,3,55.29,1
MLI,Mali,2009,677.24,3,55.87,2
MLI,Mali,2010,690.43,3,56.38,3
MLI,Mali,2011,689.95,3,56.76,3
MLI,Mali,2013,660.17,3,57.36,2
MLI,Mali,2014,684.95,3,57.9,1
MLI,Mali,2015,704.82,3,58.36,1
MLI,Mali,2016,722.81,3,58.73,1
MLI,Mali,2018,748.51,3,59.39,1
MLI,Mali,2019,760.8,3,59.66,2
MLI,Mali,2020,729.06,3,58.63,1
MLI,Mali,2022,731.64,3,59.42,2
MLT,Malta,2022,31925.19,1,82.7,1
MMR,Myanmar,1963,144,3,45.64,2
MMR,Myanmar,1965,143.42,3,47.46,2
MMR,Myanmar,1967,122.68,3,49.3,2
MMR,Myanmar,1968,134.39,3,50.1,1
MMR,Myanmar,1970,139.28,3,50.71,1
MMR,Myanmar,1974,142.39,3,52.25,1
MMR,Myanmar,1975,145.46,3,52.52,1
MMR,Myanmar,1976,151.38,3,52.98,1
MMR,Myanmar,1977,157.34,3,53.3,1
MMR,Myanmar,1978,164.36,3,53.47,1
MMR,Myanmar,1979,169.6,3,53.94,2
MMR,Myanmar,1981,187.44,3,54.65,1
MMR,Myanmar,1982,194.36,3,54.96,1
MMR,Myanmar,1983,198.97,3,55.2,1
MMR,Myanmar,1991,166.71,3,57.01,2
MMR,Myanmar,1992,180.33,3,57.25,1
MMR,Myanmar,1994,200.12,3,57.96,1
MMR,Myanmar,1995,211.27,3,58.26,2
MMR,Myanmar,1997,231.59,3,59.24,1
MMR,Myanmar,1999,265.46,3,59.88,1
MMR,Myanmar,2001,328.97,3,60.42,1
MMR,Myanmar,2002,364.86,3,60.72,1
MMR,Myanmar,2004,463.33,3,61.25,2
MMR,Myanmar,2005,522.1,3,61.6,1
MMR,Myanmar,2006,586.09,3,61.89,2
MMR,Myanmar,2007,651.73,3,62.37,5
MMR,Myanmar,2008,714.62,3,56.51,1
MMR,Myanmar,2009,785.63,3,63.16,1
MMR,Myanmar,2010,854.93,3,63.33,3
MMR,Myanmar,2011,895.51,3,63.9,2
MMR,Myanmar,2012,953.12,3,64.14,2
MMR,Myanmar,2013,1024.69,3,64.82,2
MMR,Myanmar,2014,1099.24,3,65.06,2
MMR,Myanmar,2015,1166.73,2,65.56,6
MMR,Myanmar,2016,1225.38,2,65.68,7
MMR,Myanmar,2017,1290.56,2,65.84,2
MMR,Myanmar,2018,1361.57,2,66.46,5
MMR,Myanmar,2019,1440.99,2,66.61,3
MMR,Myanmar,2020,1301.31,2,66.8,2
MMR,Myanmar,2021,1137,2,65.67,1
MNE,Montenegro,2007,5798.06,2,74.34,1
MNE,Montenegro,2009,5833.66,2,75.14,1
MNE,Montenegro,2010,5982.2,2,75.99,2
MNE,Montenegro,2012,5995.77,2,76.2,1
MNE,Montenegro,2017,7023.43,2,76.49,1
MNE,Montenegro,2022,7889.24,2,76.19,1
MNG,Mongolia,1982,1507.62,2,55.78,1
MNG,Mongolia,1986,1770.29,2,56.91,1
MNG,Mongolia,1990,1823.46,2,58.76,2
MNG,Mongolia,1991,1613.7,2,59.24,1
MNG,Mongolia,1993,1418.07,2,60.04,1
MNG,Mongolia,1994,1432.28,2,60.4,1
MNG,Mongolia,1996,1509.33,2,60.3,3
MNG,Mongolia,2000,1598.31,2,62.88,3
MNG,Mongolia,2001,1625.46,2,63.28,1
MNG,Mongolia,2002,1680.65,2,63.52,1
MNG,Mongolia,2003,1775.65,2,64.21,1
MNG,Mongolia,2008,2576.71,2,66.38,2
MNG,Mongolia,2009,2498.73,2,66.77,2
MNG,Mongolia,2015,3838.92,2,69.5,1
MNG,Mongolia,2016,3817.92,2,69.86,1
MNG,Mongolia,2017,3956.2,2,70.24,1
MNG,Mongolia,2018,4183.86,2,71.2,3
MNG,Mongolia,2019,4337.82,2,71.82,3
MNG,Mongolia,2020,4066.03,2,72.14,4
MNG,Mongolia,2021,4063.54,2,70.97,2
MNG,Mongolia,2022,4205.89,2,72.67,2
MOZ,Mozambique,1980,251.57,3,42.8,1
MOZ,Mozambique,1981,258.85,3,40.54,2
MOZ,Mozambique,1983,194.65,3,40.83,1
MOZ,Mozambique,1984,178.42,3,38.38,1
MOZ,Mozambique,1985,176.85,3,38.66,2
MOZ,Mozambique,1987,193.96,3,40.84,1
MOZ,Mozambique,1988,210.22,3,43.84,2
MOZ,Mozambique,1989,222.04,3,44.14,1
MOZ,Mozambique,1990,221.05,3,44.47,2
MOZ,Mozambique,1991,227.46,3,44.66,1
MOZ,Mozambique,1992,206.19,3,44.95,1
MOZ,Mozambique,1994,220.48,3,45.61,1
MOZ,Mozambique,1996,227.2,3,46.64,1
MOZ,Mozambique,1997,247.18,3,47.41,5
MOZ,Mozambique,1998,266.67,3,48.02,4
MOZ,Mozambique,1999,291.56,3,48.81,1
MOZ,Mozambique,2000,287.39,3,49.49,7
MOZ,Mozambique,2001,317.19,3,50.06,4
MOZ,Mozambique,2002,340.14,3,50.59,4
MOZ,Mozambique,2003,356.52,3,50.87,9
MOZ,Mozambique,2005,391.7,3,51.56,3
MOZ,Mozambique,2006,420.53,3,51.96,2
MOZ,Mozambique,2007,442.05,3,52.57,7
MOZ,Mozambique,2008,460.95,3,53.16,5
MOZ,Mozambique,2009,475.79,3,53.79,4
MOZ,Mozambique,2010,494.16,3,54.2,3
MOZ,Mozambique,2011,514.87,3,54.87,4
MOZ,Mozambique,2012,540.29,3,55.64,3
MOZ,Mozambique,2013,559.39,3,56.49,2
MOZ,Mozambique,2014,585.27,3,57.27,3
MOZ,Mozambique,2015,610.56,3,58.15,1
MOZ,Mozambique,2016,620.78,3,59.04,4
MOZ,Mozambique,2017,618.4,3,59.77,2
MOZ,Mozambique,2018,621.15,3,60.53,2
MOZ,Mozambique,2019,617.14,3,61.17,6
MOZ,Mozambique,2020,591.8,3,61.17,3
MOZ,Mozambique,2021,588.22,3,59.33,3
MOZ,Mozambique,2022,596.06,3,59.62,4
MRT,Mauritania,1965,1648.16,2,48.06,1
MRT,Mauritania,1969,1692.51,2,50.63,1
MRT,Mauritania,1976,1712.56,2,52.92,1
MRT,Mauritania,1978,1579.02,2,53.86,1
MRT,Mauritania,1980,1616.07,2,55.06,1
MRT,Mauritania,1982,1541.58,2,56.28,1
MRT,Mauritania,1984,1460.98,2,57.16,1
MRT,Mauritania,1985,1461.93,2,57.58,2
MRT,Mauritania,1987,1486.7,2,58.58,2
MRT,Mauritania,1988,1469.21,2,59.14,2
MRT,Mauritania,1991,1421.33,2,59.94,1
MRT,Mauritania,1993,1416.97,2,60.38,1
MRT,Mauritania,1995,1418.65,2,60.26,1
MRT,Mauritania,1996,1471.8,2,60.06,1
MRT,Mauritania,1997,1381.16,2,60.45,1
MRT,Mauritania,1998,1383.19,2,60.61,1
MRT,Mauritania,1999,1396.17,2,60.82,3
MRT,Mauritania,2001,1262.66,2,61.18,2
MRT,Mauritania,2002,1252.1,2,61.27,1
MRT,Mauritania,2003,1308.56,2,61.35,1
MRT,Mauritania,2004,1338.67,2,61.59,1
MRT,Mauritania,2005,1418.53,2,61.66,2
MRT,Mauritania,2006,1637.04,2,61.89,2
MRT,Mauritania,2007,1563.61,2,62.23,2
MRT,Mauritania,2009,1469.05,2,62.8,1
MRT,Mauritania,2010,1460.19,2,63.1,2
MRT,Mauritania,2011,1472.55,2,63.35,1
MRT,Mauritania,2013,1502.9,2,63.91,1
MRT,Mauritania,2017,1576.07,2,65.08,2
MRT,Mauritania,2018,1602.9,2,65.31,1
MRT,Mauritania,2019,1605.14,2,65.69,1
MRT,Mauritania,2020,1553.31,2,64.53,3
MRT,Mauritania,2022,1576.76,2,64.69,1
MUS,Mauritius,1960,1413.73,2,55.47,1
MUS,Mauritius,1967,1664.81,2,58.32,1
MUS,Mauritius,1972,1683.9,2,60.73,1
MUS,Mauritius,1975,1977.69,2,62.36,1
MUS,Mauritius,1979,2631.99,2,65.31,2
MUS,Mauritius,1980,2327.6,2,65.82,1
MUS,Mauritius,1982,2530.62,2,67.03,2
MUS,Mauritius,1983,2517.08,2,67.29,1
MUS,Mauritius,1989,3580.41,2,68.95,1
MUS,Mauritius,1991,3936.77,2,69.96,1
MUS,Mauritius,1994,4412.94,2,70.16,1
MUS,Mauritius,1996,4768.68,2,70.32,1
MUS,Mauritius,1999,5292.87,2,70.96,2
MUS,Mauritius,2002,5867.77,2,71.97,1
MUS,Mauritius,2006,6756.23,2,72.43,1
MUS,Mauritius,2007,7110.69,2,72.57,1
MUS,Mauritius,2013,8859.21,2,74.02,1
MUS,Mauritius,2018,10652.48,2,74.42,1
MUS,Mauritius,2022,10570.43,2,73.51,1
MWI,Malawi,1967,332.43,3,35.9,1
MWI,Malawi,1969,328.55,3,36.32,1
MWI,Malawi,1979,448.72,3,44.27,1
MWI,Malawi,1982,388.99,3,45.99,1
MWI,Malawi,1987,368.46,3,43.81,1
MWI,Malawi,1989,348.2,3,43.34,3
MWI,Malawi,1990,353.77,3,43.32,1
MWI,Malawi,1991,373,3,43.31,1
MWI,Malawi,1992,335.73,3,43.41,2
MWI,Malawi,1995,385.28,3,43.64,2
MWI,Malawi,1997,412.41,3,43.13,3
MWI,Malawi,1998,419.31,3,42.85,1
MWI,Malawi,1999,422.1,3,43.57,1
MWI,Malawi,2000,418.59,3,44.52,2
MWI,Malawi,2001,388.26,3,45.9,5
MWI,Malawi,2002,385.31,3,47.22,5
MWI,Malawi,2003,397.22,3,48.79,2
MWI,Malawi,2005,410.27,3,52.04,3
MWI,Malawi,2006,417.88,3,53.24,3
MWI,Malawi,2007,445.25,3,53.95,5
MWI,Malawi,2008,465.55,3,54.6,2
MWI,Malawi,2009,489.63,3,55.45,3
MWI,Malawi,2010,508.09,3,56.38,1
MWI,Malawi,2011,517.83,3,57.46,3
MWI,Malawi,2012,512.74,3,58.68,4
MWI,Malawi,2013,525.36,3,59.73,1
MWI,Malawi,2015,539.61,3,61.38,4
MWI,Malawi,2016,538.22,3,62.21,1
MWI,Malawi,2017,544.8,3,62.98,2
MWI,Malawi,2018,553.53,3,63.28,3
MWI,Malawi,2019,569.87,3,64.12,3
MWI,Malawi,2020,559.45,3,63.72,1
MWI,Malawi,2021,569.97,3,62.9,1
MWI,Malawi,2022,560.64,3,62.9,6
MYS,Malaysia,1965,1551.34,2,60.95,1
MYS,Malaysia,1967,1654.77,2,61.8,1
MYS,Malaysia,1968,1746.7,2,62.19,2
MYS,Malaysia,1970,1855.25,2,63.11,1
MYS,Malaysia,1977,2768.89,2,66.81,1
MYS,Malaysia,1978,2883.07,2,67.28,1
MYS,Malaysia,1983,3518.79,2,69.57,1
MYS,Malaysia,1986,3444.12,2,70.46,1
MYS,Malaysia,1987,3508.01,2,70.67,1
MYS,Malaysia,1988,3737.26,2,70.9,1
MYS,Malaysia,1991,4456.93,2,71.44,1
MYS,Malaysia,1993,5062.59,2,71.83,2
MYS,Malaysia,1995,5771.35,2,72.38,2
MYS,Malaysia,1996,6190.46,2,72.33,5
MYS,Malaysia,1997,6480.56,2,72.28,5
MYS,Malaysia,1998,5857.97,2,72.17,4
MYS,Malaysia,1999,6070.96,2,72.28,1
MYS,Malaysia,2000,6455.61,2,72.78,4
MYS,Malaysia,2001,6334.93,2,73.34,4
MYS,Malaysia,2002,6516.91,2,73.56,2
MYS,Malaysia,2003,6732.92,2,73.8,3
MYS,Malaysia,2004,7025.35,2,73.9,6
MYS,Malaysia,2005,7234.02,2,74.1,3
MYS,Malaysia,2006,7469.81,2,74.16,4
MYS,Malaysia,2007,7769.6,2,74.21,3
MYS,Malaysia,2008,7976.12,2,74.25,2
MYS,Malaysia,2009,7700.46,2,74.23,2
MYS,Malaysia,2011,8400.32,2,74.75,2
MYS,Malaysia,2013,8964.81,2,75.04,1
MYS,Malaysia,2014,9341.73,2,75.15,2
MYS,Malaysia,2015,9648.68,2,75.09,2
MYS,Malaysia,2016,9901.48,2,75.29,4
MYS,Malaysia,2017,10293.76,2,75.48,4
MYS,Malaysia,2018,10610.2,2,75.64,2
MYS,Malaysia,2019,10902.98,2,75.76,4
MYS,Malaysia,2020,10171.47,2,75.94,5
MYS,Malaysia,2021,10388.27,2,74.88,8
MYS,Malaysia,2022,11174.21,2,76.26,6
NAM,Namibia,1982,3461.86,2,57.64,1
NAM,Namibia,1988,3111.61,2,60.25,1
NAM,Namibia,1991,2989.4,2,62.1,1
NAM,Namibia,1995,2945.36,2,58.63,1
NAM,Namibia,1998,3025.33,2,54.1,1
NAM,Namibia,2000,3083.6,2,51.99,2
NAM,Namibia,2001,3055.4,2,51.26,2
NAM,Namibia,2002,3145.95,2,51.25,1
NAM,Namibia,2003,3232.31,2,51.08,1
NAM,Namibia,2004,3582.9,2,51.25,2
NAM,Namibia,2006,3835,2,52.66,3
NAM,Namibia,2007,3987.62,2,53.68,2
NAM,Namibia,2008,4036.38,2,54.65,2
NAM,Namibia,2009,3989.21,2,55.5,1
NAM,Namibia,2010,4165.13,2,56.02,1
NAM,Namibia,2011,4302.72,2,56.55,1
NAM,Namibia,2012,4420.97,2,57.64,1
NAM,Namibia,2013,4549.27,2,58.69,3
NAM,Namibia,2015,4774.11,2,60.7,1
NAM,Namibia,2017,4476.73,2,62.29,1
NAM,Namibia,2018,4400.48,2,62.59,1
NAM,Namibia,2020,3787.5,2,62.83,1
NAM,Namibia,2021,3809.81,2,59.27,1
NER,Niger,1966,840.54,3,36.81,1
NER,Niger,1969,734.91,3,36.35,1
NER,Niger,1970,737.08,3,36.06,1
NER,Niger,1974,598.96,3,36,1
NER,Niger,1980,631.84,3,39.68,1
NER,Niger,1984,457.61,3,40.06,1
NER,Niger,1986,493.8,3,40.13,1
NER,Niger,1987,479.51,3,40.43,1
NER,Niger,1988,497.16,3,40.79,3
NER,Niger,1989,486.87,3,41.22,2
NER,Niger,1990,465.92,3,41.85,1
NER,Niger,1991,449.72,3,42.22,2
NER,Niger,1994,426.27,3,44.71,1
NER,Niger,1995,422.52,3,45.77,1
NER,Niger,1996,409.04,3,46.68,2
NER,Niger,1997,401.72,3,47.5,3
NER,Niger,1998,427.09,3,48.19,1
NER,Niger,1999,411.74,3,48.74,4
NER,Niger,2000,392.9,3,49.32,4
NER,Niger,2001,406.92,3,49.84,5
NER,Niger,2002,412.12,3,50.56,3
NER,Niger,2003,406.33,3,51.43,2
NER,Niger,2004,393.4,3,52.59,3
NER,Niger,2005,407.19,3,53.59,2
NER,Niger,2006,415.85,3,54.6,3
NER,Niger,2007,413.42,3,55.55,1
NER,Niger,2008,429.2,3,56.51,3
NER,Niger,2009,421.65,3,57.4,3
NER,Niger,2010,441.08,3,58.37,4
NER,Niger,2011,434.99,3,58.99,4
NER,Niger,2012,463.07,3,59.65,3
NER,Niger,2013,469.69,3,60.24,2
NER,Niger,2014,482.75,3,60.79,4
NER,Niger,2015,485.66,3,61.08,3
NER,Niger,2016,495.02,3,61.63,3
NER,Niger,2017,501.62,3,62.16,5
NER,Niger,2018,519.55,3,62.45,2
NER,Niger,2019,532.19,3,62.9,2
NER,Niger,2020,533.19,3,61.45,3
NER,Niger,2021,523.26,3,61.58,2
NER,Niger,2022,566.8,3,62.08,2
NGA,Nigeria,1969,1480.05,2,38.72,1
NGA,Nigeria,1978,2082.55,2,46.02,1
NGA,Nigeria,1983,1440.02,2,46.64,1
NGA,Nigeria,1985,1428.93,2,46.32,1
NGA,Nigeria,1986,1391.48,2,45.98,3
NGA,Nigeria,1987,1398.25,2,46.02,5
NGA,Nigeria,1988,1461.19,2,46.07,2
NGA,Nigeria,1989,1449.68,2,46.18,1
NGA,Nigeria,1990,1577.2,2,46.04,1
NGA,Nigeria,1991,1541.59,2,45.69,2
NGA,Nigeria,1992,1571.19,2,45.67,2
NGA,Nigeria,1994,1433.39,2,45.51,1
NGA,Nigeria,1996,1416.1,2,45.57,2
NGA,Nigeria,1998,1419.32,2,46.04,3
NGA,Nigeria,1999,1390.47,2,46.61,9
NGA,Nigeria,2000,1421.68,2,47.19,12
NGA,Nigeria,2001,1465.46,2,47.62,8
NGA,Nigeria,2002,1644.4,2,47.93,9
NGA,Nigeria,2003,1717.21,2,48.44,1
NGA,Nigeria,2004,1824.8,2,48.77,9
NGA,Nigeria,2005,1889.25,2,49.3,6
NGA,Nigeria,2006,1949.16,2,49.73,3
NGA,Nigeria,2007,2020.83,2,50.03,4
NGA,Nigeria,2008,2098.28,2,50.22,3
NGA,Nigeria,2009,2204.61,2,50.71,4
NGA,Nigeria,2010,2315.47,2,50.94,3
NGA,Nigeria,2011,2370.98,2,51.36,6
NGA,Nigeria,2012,2403.65,2,51.5,3
NGA,Nigeria,2013,2495.34,2,51.71,1
NGA,Nigeria,2014,2583.62,2,51.79,3
NGA,Nigeria,2015,2585.73,2,51.84,2
NGA,Nigeria,2016,2481.81,2,52.04,4
NGA,Nigeria,2017,2441.71,2,52.3,4
NGA,Nigeria,2018,2431.78,2,52.55,3
NGA,Nigeria,2019,2431.54,2,52.91,5
NGA,Nigeria,2020,2337.58,2,52.89,5
NGA,Nigeria,2021,2372.57,2,52.68,3
NGA,Nigeria,2022,2398.99,2,53.63,4
NIC,Nicaragua,1960,1672.28,2,46.12,1
NIC,Nicaragua,1967,2414.37,2,52.39,1
NIC,Nicaragua,1968,2371.25,2,53.46,2
NIC,Nicaragua,1969,2441.32,2,54.32,1
NIC,Nicaragua,1971,2401.31,2,55.32,2
NIC,Nicaragua,1972,2384.29,2,48.63,1
NIC,Nicaragua,1976,2697.48,2,56.3,1
NIC,Nicaragua,1979,1817.56,2,50.81,1
NIC,Nicaragua,1980,1850.01,2,57.91,1
NIC,Nicaragua,1982,1828.55,2,58.6,1
NIC,Nicaragua,1988,1345.34,2,60.3,1
NIC,Nicaragua,1990,1260.88,2,63.1,2
NIC,Nicaragua,1991,1229.81,2,63.93,2
NIC,Nicaragua,1992,1206.97,2,64.27,2
NIC,Nicaragua,1993,1176.12,2,64.68,1
NIC,Nicaragua,1994,1189.84,2,65.18,1
NIC,Nicaragua,1995,1234.77,2,65.61,4
NIC,Nicaragua,1996,1288.94,2,66.05,2
NIC,Nicaragua,1997,1317.89,2,66.52,1
NIC,Nicaragua,1998,1346.08,2,65.21,6
NIC,Nicaragua,1999,1420.32,2,67.12,4
NIC,Nicaragua,2000,1458.38,2,67.23,5
NIC,Nicaragua,2001,1482.32,2,67.22,2
NIC,Nicaragua,2002,1475.49,2,67.18,3
NIC,Nicaragua,2004,1555.88,2,67.42,2
NIC,Nicaragua,2005,1601.49,2,67.94,2
NIC,Nicaragua,2007,1703.21,2,69.56,2
NIC,Nicaragua,2008,1736.64,2,70.59,3
NIC,Nicaragua,2009,1655.73,2,71.43,4
NIC,Nicaragua,2010,1704.38,2,72.01,5
NIC,Nicaragua,2011,1786.64,2,72.42,1
NIC,Nicaragua,2012,1876.19,2,72.61,1
NIC,Nicaragua,2013,1941.45,2,72.7,2
NIC,Nicaragua,2014,2006.66,2,72.81,3
NIC,Nicaragua,2015,2074.45,2,72.98,1
NIC,Nicaragua,2016,2140.14,2,73.26,1
NIC,Nicaragua,2017,2209.65,2,73.55,2
NIC,Nicaragua,2018,2107.35,2,73.85,2
NIC,Nicaragua,2019,2019.93,2,74.05,1
NIC,Nicaragua,2020,1959.79,2,71.8,2
NIC,Nicaragua,2022,2187.97,2,74.61,2
NLD,Netherlands,1972,22717.68,1,73.73,1
NLD,Netherlands,1976,25045.88,1,74.65,1
NLD,Netherlands,1984,26833.45,1,76.23,1
NLD,Netherlands,1985,27397.74,1,76.28,1
NLD,Netherlands,1986,28005.46,1,76.27,1
NLD,Netherlands,1990,31308.91,1,76.88,6
NLD,Netherlands,1992,32119.95,1,77.22,2
NLD,Netherlands,1993,32297.98,1,76.92,1
NLD,Netherlands,1994,33054.45,1,77.38,1
NLD,Netherlands,1995,33916.5,1,77.4,1
NLD,Netherlands,1997,36211.65,1,77.79,1
NLD,Netherlands,1998,37661.73,1,77.88,2
NLD,Netherlands,1999,39298.73,1,77.84,1
NLD,Netherlands,2002,41135.42,1,78.29,1
NLD,Netherlands,2003,40981.85,1,78.49,1
NLD,Netherlands,2005,42411.35,1,79.35,3
NLD,Netherlands,2006,43841.12,1,79.7,1
NLD,Netherlands,2007,45445.52,1,80.1,1
NLD,Netherlands,2008,46227.21,1,80.25,1
NLD,Netherlands,2010,44659.27,1,80.7,1
NLD,Netherlands,2012,44631.87,1,81.1,1
NLD,Netherlands,2013,44487.03,1,81.3,3
NLD,Netherlands,2016,46655.04,1,81.56,1
NLD,Netherlands,2018,48463.03,1,81.81,2
NLD,Netherlands,2019,49254.02,1,82.11,1
NLD,Netherlands,2020,47086.58,1,81.36,1
NLD,Netherlands,2021,49780.84,1,81.31,2
NLD,Netherlands,2022,51777.54,1,81.71,2
NOR,Norway,1990,49937.46,1,76.54,2
NOR,Norway,1992,52758.95,1,77.18,1
NOR,Norway,1993,53938.02,1,77.15,1
NOR,Norway,1995,58380.54,1,77.74,1
NOR,Norway,2000,67846.6,1,78.63,1
NOR,Norway,2001,68899.53,1,78.79,1
NOR,Norway,2005,73524.25,1,80.04,1
NOR,Norway,2008,75535.21,1,80.59,1
NOR,Norway,2011,72660.68,1,81.3,1
NOR,Norway,2019,76712.29,1,82.96,1
NOR,Norway,2020,75287.21,1,83.21,1
NOR,Norway,2022,79434.63,1,82.56,2
NPL,Nepal,1963,326.65,3,39.45,2
NPL,Nepal,1964,344.3,3,39.99,1
NPL,Nepal,1966,349.35,3,40.87,1
NPL,Nepal,1967,336.66,3,41.4,2
NPL,Nepal,1968,331.72,3,41.8,1
NPL,Nepal,1970,340.31,3,42.83,2
NPL,Nepal,1972,331.96,3,43.69,2
NPL,Nepal,1975,333.77,3,45.04,1
NPL,Nepal,1976,340.91,3,45.54,1
NPL,Nepal,1978,350.31,3,46.68,1
NPL,Nepal,1979,350.32,3,47.27,1
NPL,Nepal,1980,334.22,3,47.89,1
NPL,Nepal,1981,353.7,3,48.39,2
NPL,Nepal,1982,358.61,3,48.94,2
NPL,Nepal,1983,339.78,3,49.43,2
NPL,Nepal,1984,364.03,3,50.22,1
NPL,Nepal,1985,377.73,3,50.88,1
NPL,Nepal,1986,386.34,3,51.54,2
NPL,Nepal,1987,384.66,3,52.48,1
NPL,Nepal,1988,405.64,3,53.07,4
NPL,Nepal,1989,413.89,3,54.13,1
NPL,Nepal,1990,422.72,3,54.83,2
NPL,Nepal,1991,438.16,3,55.71,3
NPL,Nepal,1992,443.46,3,56.71,2
NPL,Nepal,1993,448.13,3,57.62,3
NPL,Nepal,1995,477.74,3,59.32,4
NPL,Nepal,1996,492.21,3,59.98,4
NPL,Nepal,1997,506.43,3,60.77,2
NPL,Nepal,1998,511.55,3,61.55,4
NPL,Nepal,1999,524.27,3,62.11,3
NPL,Nepal,2000,547.22,3,62.61,3
NPL,Nepal,2001,564.29,3,63.34,3
NPL,Nepal,2002,556.44,3,63.26,3
NPL,Nepal,2003,570.29,3,64.2,2
NPL,Nepal,2004,589.47,3,64.82,1
NPL,Nepal,2005,603.19,3,65.46,3
NPL,Nepal,2006,617.48,3,65.87,4
NPL,Nepal,2007,633.23,3,66.33,1
NPL,Nepal,2008,666.87,3,66.42,2
NPL,Nepal,2009,692.4,3,66.76,6
NPL,Nepal,2010,721.27,3,66.81,4
NPL,Nepal,2011,742.62,3,67.31,7
NPL,Nepal,2012,775.31,3,67.47,2
NPL,Nepal,2013,801.04,3,67.96,3
NPL,Nepal,2014,846.67,3,68.08,6
NPL,Nepal,2015,875.54,3,67.46,4
NPL,Nepal,2016,875.19,3,68.78,3
NPL,Nepal,2017,951.86,3,68.91,3
NPL,Nepal,2018,1021.91,3,68.98,2
NPL,Nepal,2019,1077.12,3,69.56,2
NPL,Nepal,2020,1031.54,3,69.25,1
NPL,Nepal,2021,1062.79,3,68.45,4
NPL,Nepal,2022,1113.55,3,70.48,6
NZL,"New Zealand",1968,19777,1,71.12,2
NZL,"New Zealand",1976,23472.35,1,72.42,2
NZL,"New Zealand",1977,22478.3,1,72.17,1
NZL,"New Zealand",1978,22542.68,1,73.02,3
NZL,"New Zealand",1979,23127.13,1,73.07,1
NZL,"New Zealand",1980,23394.77,1,72.83,2
NZL,"New Zealand",1981,24389.86,1,73.62,1
NZL,"New Zealand",1983,24883.59,1,73.78,1
NZL,"New Zealand",1984,25851.73,1,74.37,1
NZL,"New Zealand",1985,26107.49,1,73.83,2
NZL,"New Zealand",1986,26820.43,1,74.12,3
NZL,"New Zealand",1987,26848.63,1,74.18,3
NZL,"New Zealand",1988,26680.11,1,74.42,4
NZL,"New Zealand",1989,26595.19,1,74.82,1
NZL,"New Zealand",1991,24868.74,1,76.03,1
NZL,"New Zealand",1992,24880.2,1,76.12,2
NZL,"New Zealand",1994,27146.83,1,76.88,2
NZL,"New Zealand",1995,28015.59,1,76.73,1
NZL,"New Zealand",1996,28571.41,1,76.79,1
NZL,"New Zealand",1997,28785.2,1,77.33,2
NZL,"New Zealand",1998,28776.02,1,78.09,1
NZL,"New Zealand",1999,30164.09,1,77.89,1
NZL,"New Zealand",2000,30848.19,1,78.64,2
NZL,"New Zealand",2001,31713.13,1,78.69,1
NZL,"New Zealand",2002,32636.14,1,78.85,1
NZL,"New Zealand",2003,33511.55,1,79.15,1
NZL,"New Zealand",2004,34367.01,1,79.55,2
NZL,"New Zealand",2005,35120.74,1,79.85,2
NZL,"New Zealand",2006,35659.6,1,80.05,1
NZL,"New Zealand",2007,36406.14,1,80.15,1
NZL,"New Zealand",2010,35392.02,1,80.9,1
NZL,"New Zealand",2011,35910.42,1,81.16,2
NZL,"New Zealand",2012,36531.75,1,81.41,1
NZL,"New Zealand",2013,37252.76,1,81.4,3
NZL,"New Zealand",2015,38639.35,1,81.61,2
NZL,"New Zealand",2016,39197.33,1,81.66,2
NZL,"New Zealand",2017,39691.21,1,81.86,2
NZL,"New Zealand",2018,40350.91,1,81.71,1
NZL,"New Zealand",2019,40651.97,1,82.06,1
NZL,"New Zealand",2020,39596.53,1,82.26,3
NZL,"New Zealand",2021,41225.79,1,82.21,4
NZL,"New Zealand",2022,42320.89,1,82.76,1
OMN,Oman,1977,13631.62,1,56.26,2
OMN,Oman,1981,13751.5,1,61.65,1
OMN,Oman,2003,19485.64,1,74.14,1
OMN,Oman,2007,20642.75,1,74.46,1
OMN,Oman,2010,22766.05,1,76.27,1
OMN,Oman,2011,20993.91,1,76.61,1
OMN,Oman,2015,18808.31,1,77.69,1
OMN,Oman,2016,18830.61,1,77.92,1
OMN,Oman,2017,18277.95,1,77.92,1
OMN,Oman,2018,18269.68,1,77.97,2
OMN,Oman,2019,18089.59,1,78,1
OMN,Oman,2020,17743.89,1,74.76,1
OMN,Oman,2021,18291.34,1,72.54,2
PAK,Pakistan,1964,482.25,3,48.6,2
PAK,Pakistan,1965,518.13,3,49.44,1
PAK,Pakistan,1967,546.28,3,51.9,1
PAK,Pakistan,1968,569.34,3,52.9,1
PAK,Pakistan,1972,605.33,3,55.24,1
PAK,Pakistan,1973,629.5,3,55.49,1
PAK,Pakistan,1974,632.89,3,55.47,1
PAK,Pakistan,1975,640.12,3,55.9,1
PAK,Pakistan,1976,652.84,3,56.11,1
PAK,Pakistan,1977,657.66,3,56.25,1
PAK,Pakistan,1978,688.19,3,56.74,1
PAK,Pakistan,1979,689.74,3,57.15,2
PAK,Pakistan,1980,729.78,3,57.61,2
PAK,Pakistan,1981,755.35,3,58.05,4
PAK,Pakistan,1982,775.04,3,58.42,1
PAK,Pakistan,1983,799.41,3,58.95,3
PAK,Pakistan,1984,813.98,3,59.33,2
PAK,Pakistan,1985,848.46,3,59.36,1
PAK,Pakistan,1986,865.38,3,59.46,2
PAK,Pakistan,1988,926.56,3,59.36,3
PAK,Pakistan,1989,941.24,3,59.62,1
PAK,Pakistan,1990,950.88,3,60.07,3
PAK,Pakistan,1991,966.52,3,60.26,4
PAK,Pakistan,1992,1011.63,3,60.12,5
PAK,Pakistan,1993,1001.26,3,59.93,5
PAK,Pakistan,1994,1009.06,3,60.12,3
PAK,Pakistan,1995,1028.97,3,59.88,3
PAK,Pakistan,1996,1047.89,3,60.4,3
PAK,Pakistan,1997,1029,3,60.6,6
PAK,Pakistan,1998,1026.5,3,61.09,5
PAK,Pakistan,1999,1035.5,3,61.68,6
PAK,Pakistan,2000,1049.54,3,62.1,4
PAK,Pakistan,2001,1057.87,3,62.42,6
PAK,Pakistan,2002,1059.04,3,62.63,10
PAK,Pakistan,2003,1090.28,3,62.84,6
PAK,Pakistan,2004,1147,2,63.05,4
PAK,Pakistan,2005,1201.23,2,62.47,11
PAK,Pakistan,2006,1243.94,2,63.73,9
PAK,Pakistan,2007,1265.36,2,63.85,10
PAK,Pakistan,2008,1258.05,2,64.04,4
PAK,Pakistan,2009,1269.07,2,64.14,3
PAK,Pakistan,2010,1256.69,2,64.44,7
PAK,Pakistan,2011,1261.83,2,64.65,2
PAK,Pakistan,2012,1275.49,2,64.78,5
PAK,Pakistan,2013,1309.7,2,65.15,5
PAK,Pakistan,2014,1343.31,2,65.28,3
PAK,Pakistan,2015,1380.47,2,65.7,10
PAK,Pakistan,2016,1452.19,2,65.88,9
PAK,Pakistan,2017,1495.26,2,66.3,6
PAK,Pakistan,2018,1561.68,2,66.48,2
PAK,Pakistan,2019,1573.83,2,66.76,12
PAK,Pakistan,2020,1526.01,2,66.27,7
PAK,Pakistan,2021,1595.03,2,66.1,8
PAK,Pakistan,2022,1642.28,2,66.43,5
PAN,Panama,1964,3389.55,2,63.2,2
PAN,Panama,1966,3749.34,2,63.79,1
PAN,Panama,1970,4500.46,2,65.08,2
PAN,Panama,1972,4879.85,2,66.46,1
PAN,Panama,1973,5004.09,2,67.09,1
PAN,Panama,1978,5183.57,2,68.76,1
PAN,Panama,1983,5979.52,2,70.27,1
PAN,Panama,1984,5999.68,2,70.54,1
PAN,Panama,1986,6229.62,2,70.83,1
PAN,Panama,1988,5069.86,2,70.89,1
PAN,Panama,1991,5712.99,2,71.21,4
PAN,Panama,1992,6053.47,2,71.46,2
PAN,Panama,1995,6280.46,2,72.39,2
PAN,Panama,1998,6504.97,2,73.28,1
PAN,Panama,1999,6709.72,2,73.62,2
PAN,Panama,2000,6856.15,2,74,1
PAN,Panama,2001,6787.86,2,74.41,1
PAN,Panama,2002,6825.18,2,74.82,3
PAN,Panama,2003,7037.08,2,75.22,3
PAN,Panama,2004,7468.77,2,75.54,3
PAN,Panama,2005,7935.87,2,75.83,1
PAN,Panama,2006,8557.98,2,76.01,3
PAN,Panama,2007,9507.65,2,76.15,1
PAN,Panama,2008,10288.15,2,76.22,2
PAN,Panama,2009,10267.06,2,76.34,1
PAN,Panama,2010,10698.07,2,76.45,4
PAN,Panama,2011,11761.5,2,76.63,2
PAN,Panama,2012,12668.29,2,76.82,2
PAN,Panama,2013,13236.83,1,77.04,1
PAN,Panama,2014,13611.55,1,77.25,1
PAN,Panama,2015,14082.65,1,77.47,2
PAN,Panama,2016,14474.12,1,77.65,1
PAN,Panama,2017,15045.55,1,77.8,1
PAN,Panama,2018,15375.64,1,77.86,1
PAN,Panama,2020,12647.08,2,76.66,3
PAN,Panama,2021,14552.94,1,76.22,2
PAN,Panama,2022,15917.43,1,76.83,1
PER,Peru,1960,2704.37,2,50.5,1
PER,Peru,1962,3013.57,2,51.31,3
PER,Peru,1965,3244.43,2,53.18,1
PER,Peru,1966,3413.01,2,53.7,2
PER,Peru,1967,3445.55,2,54.22,1
PER,Peru,1968,3355.07,2,54.75,1
PER,Peru,1969,3377.29,2,55.26,2
PER,Peru,1970,3404.49,2,47.16,4
PER,Peru,1971,3474.1,2,56.16,2
PER,Peru,1972,3500.78,2,56.74,1
PER,Peru,1973,3625.43,2,57.08,1
PER,Peru,1974,3866.66,2,57.48,3
PER,Peru,1977,3811.7,2,58.62,3
PER,Peru,1978,3619.69,2,58.97,1
PER,Peru,1979,3674.96,2,59.3,1
PER,Peru,1980,3797.44,2,59.59,2
PER,Peru,1981,3909.67,2,59.85,4
PER,Peru,1982,3805.24,2,60.02,4
PER,Peru,1983,3325.46,2,60.16,5
PER,Peru,1984,3361.22,2,60.47,1
PER,Peru,1985,3347.83,2,61.29,4
PER,Peru,1986,3578,2,62.02,4
PER,Peru,1987,3837.27,2,62.8,4
PER,Peru,1988,3397.02,2,63.6,4
PER,Peru,1989,2912.66,2,64.35,1
PER,Peru,1990,2706.92,2,65.11,7
PER,Peru,1991,2709.28,2,65.43,5
PER,Peru,1992,2640.31,2,66.15,3
PER,Peru,1993,2723.28,2,66.68,2
PER,Peru,1994,2998.58,2,67.23,2
PER,Peru,1995,3158.98,2,67.64,1
PER,Peru,1996,3186.9,2,68.15,2
PER,Peru,1997,3331.15,2,68.6,4
PER,Peru,1998,3258.3,2,69.08,5
PER,Peru,1999,3250.38,2,69.74,5
PER,Peru,2000,3286.27,2,70.42,3
PER,Peru,2001,3261.66,2,71.04,7
PER,Peru,2002,3398.75,2,71.66,5
PER,Peru,2003,3502.79,2,72.22,3
PER,Peru,2004,3640.6,2,72.67,4
PER,Peru,2005,3835.13,2,72.99,2
PER,Peru,2006,4091.36,2,73.17,3
PER,Peru,2007,4407.79,2,73.22,3
PER,Peru,2008,4778.53,2,73.38,1
PER,Peru,2009,4801.17,2,73.47,7
PER,Peru,2010,5167.39,2,73.71,4
PER,Peru,2011,5453.46,2,74.13,6
PER,Peru,2012,5740.04,2,74.54,5
PER,Peru,2013,6021.46,2,74.97,5
PER,Peru,2014,6103.92,2,75.33,5
PER,Peru,2015,6231.71,2,75.62,3
PER,Peru,2016,6392.25,2,75.79,4
PER,Peru,2017,6457.42,2,75.88,3
PER,Peru,2018,6593.14,2,76.01,1
PER,Peru,2019,6626.26,2,76.16,7
PER,Peru,2020,5831.83,2,73.67,4
PER,Peru,2021,6547.42,2,72.38,10
PER,Peru,2022,6661.66,2,73.39,5
PHL,Philippines,1960,1123.78,3,59.23,8
PHL,Philippines,1962,1168.61,2,59.96,2
PHL,Philippines,1963,1211.82,2,60.39,1
PHL,Philippines,1964,1214.71,2,60.54,2
PHL,Philippines,1965,1241.11,2,60.9,2
PHL,Philippines,1966,1257.98,2,61.2,1
PHL,Philippines,1967,1285.29,2,61.45,1
PHL,Philippines,1968,1311.52,2,61.65,5
PHL,Philippines,1969,1334.73,2,61.8,2
PHL,Philippines,1970,1348.65,2,61.69,9
PHL,Philippines,1971,1388.25,2,61.99,4
PHL,Philippines,1972,1430.59,2,61.83,4
PHL,Philippines,1973,1522.02,2,61.64,5
PHL,Philippines,1974,1540.04,2,61.68,9
PHL,Philippines,1975,1587.5,2,61.7,2
PHL,Philippines,1976,1683.66,2,61.61,7
PHL,Philippines,1977,1730.59,2,62.15,12
PHL,Philippines,1978,1772.23,2,62.18,16
PHL,Philippines,1979,1822.15,2,62.35,6
PHL,Philippines,1980,1867.57,2,62.5,9
PHL,Philippines,1981,1881.82,2,62.55,12
PHL,Philippines,1982,1898.14,2,62.78,13
PHL,Philippines,1983,1878.6,2,62.99,7
PHL,Philippines,1984,1696.58,2,63.11,5
PHL,Philippines,1985,1537.67,2,63.5,7
PHL,Philippines,1986,1551.41,2,63.74,7
PHL,Philippines,1987,1576.97,2,64.33,6
PHL,Philippines,1988,1638.04,2,64.9,8
PHL,Philippines,1989,1696,2,65.46,12
PHL,Philippines,1990,1704.08,2,65.91,13
PHL,Philippines,1991,1656.38,2,66.3,12
PHL,Philippines,1992,1624.35,2,67.09,9
PHL,Philippines,1993,1620.36,2,67.54,11
PHL,Philippines,1994,1654.75,2,67.94,19
PHL,Philippines,1995,1693.81,2,68.22,16
PHL,Philippines,1996,1752.24,2,68.61,7
PHL,Philippines,1997,1800.26,2,68.88,4
PHL,Philippines,1998,1746.53,2,69.1,7
PHL,Philippines,1999,1759.42,2,69.3,18
PHL,Philippines,2000,1793.35,2,69.41,13
PHL,Philippines,2001,1807.71,2,69.61,11
PHL,Philippines,2002,1837.25,2,69.78,12
PHL,Philippines,2003,1892.82,2,69.92,10
PHL,Philippines,2004,1978.34,2,70.04,13
PHL,Philippines,2005,2037.88,2,70.24,4
PHL,Philippines,2006,2110.42,2,70.28,20
PHL,Philippines,2007,2209.35,2,70.48,15
PHL,Philippines,2008,2264.95,2,70.56,20
PHL,Philippines,2009,2256.73,2,70.63,25
PHL,Philippines,2010,2373.14,2,70.75,15
PHL,Philippines,2011,2416.75,2,70.79,36
PHL,Philippines,2012,2533.74,2,70.88,22
PHL,Philippines,2013,2654.42,2,70.84,14
PHL,Philippines,2014,2776.92,2,71.15,13
PHL,Philippines,2015,2909.86,2,71.27,16
PHL,Philippines,2016,3076.34,2,71.39,11
PHL,Philippines,2017,3247.45,2,71.52,14
PHL,Philippines,2018,3410.94,2,71.69,11
PHL,Philippines,2019,3575.88,2,71.86,18
PHL,Philippines,2020,3198.67,2,72.12,9
PHL,Philippines,2021,3350.98,2,69.27,14
PHL,Philippines,2022,3577.7,2,72.19,12
PNG,"Papua New Guinea",1960,1312.56,2,45.68,1
PNG,"Papua New Guinea",1970,2028.54,2,52.13,1
PNG,"Papua New Guinea",1971,2105.16,2,52.58,1
PNG,"Papua New Guinea",1972,2171.5,2,53.22,1
PNG,"Papua New Guinea",1979,2171.06,2,57,1
PNG,"Papua New Guinea",1980,2077.58,2,57.44,1
PNG,"Papua New Guinea",1983,2016.08,2,58.37,4
PNG,"Papua New Guinea",1985,2002.02,2,58.87,1
PNG,"Papua New Guinea",1986,2051.25,2,58.96,1
PNG,"Papua New Guinea",1987,2062.96,2,59.21,1
PNG,"Papua New Guinea",1988,2077.6,2,59.34,1
PNG,"Papua New Guinea",1990,1892.31,2,59.72,1
PNG,"Papua New Guinea",1991,2008.35,2,59.91,1
PNG,"Papua New Guinea",1992,2207,2,60.22,2
PNG,"Papua New Guinea",1993,2515.64,2,60.51,3
PNG,"Papua New Guinea",1994,2570.34,2,60.76,1
PNG,"Papua New Guinea",1996,2492.08,2,61.1,3
PNG,"Papua New Guinea",1997,2310.99,2,61.38,3
PNG,"Papua New Guinea",1998,2147.05,2,60.63,2
PNG,"Papua New Guinea",1999,2112.1,2,61.67,1
PNG,"Papua New Guinea",2000,1989.58,2,61.72,1
PNG,"Papua New Guinea",2001,1920.78,2,61.77,2
PNG,"Papua New Guinea",2002,1854.42,2,61.7,6
PNG,"Papua New Guinea",2003,1832.68,2,61.8,2
PNG,"Papua New Guinea",2004,1821.85,2,61.76,2
PNG,"Papua New Guinea",2005,1875.82,2,61.8,3
PNG,"Papua New Guinea",2006,1915.23,2,61.92,6
PNG,"Papua New Guinea",2007,2000.97,2,62.03,1
PNG,"Papua New Guinea",2008,1934.03,2,62.57,3
PNG,"Papua New Guinea",2009,2003.24,2,62.79,4
PNG,"Papua New Guinea",2011,2102.03,2,63.53,1
PNG,"Papua New Guinea",2012,2139.48,2,63.73,2
PNG,"Papua New Guinea",2013,2162.11,2,63.96,1
PNG,"Papua New Guinea",2014,2391.36,2,64.26,3
PNG,"Papua New Guinea",2015,2484.6,2,64.7,3
PNG,"Papua New Guinea",2016,2557.09,2,64.84,1
PNG,"Papua New Guinea",2018,2518.46,2,65.18,4
PNG,"Papua New Guinea",2019,2572.56,2,65.47,4
PNG,"Papua New Guinea",2020,2438.61,2,65.79,5
PNG,"Papua New Guinea",2022,2467.23,2,65.96,1
POL,Poland,1990,5111.35,2,70.89,1
POL,Poland,1992,4840.17,2,71.09,1
POL,Poland,1994,5262.32,2,71.7,1
POL,Poland,1997,6391.13,2,72.65,2
POL,Poland,1998,6684.11,2,73,2
POL,Poland,1999,6998.79,2,73.04,2
POL,Poland,2000,7401.58,2,73.75,1
POL,Poland,2001,7494.96,2,74.2,2
POL,Poland,2002,7640.99,2,74.5,3
POL,Poland,2004,8323.39,2,74.85,1
POL,Poland,2005,8598.58,2,75,4
POL,Poland,2006,9137.66,2,75.14,1
POL,Poland,2007,9760.7,2,75.24,2
POL,Poland,2008,10187.2,2,75.54,2
POL,Poland,2009,10446.53,2,75.7,3
POL,Poland,2010,10808.4,2,76.25,3
POL,Poland,2011,11370.31,2,76.7,1
POL,Poland,2012,11542.24,2,76.75,4
POL,Poland,2013,11628.23,2,77,2
POL,Poland,2014,12093.16,2,77.6,1
POL,Poland,2015,12637.52,2,77.45,2
POL,Poland,2016,13026.19,1,77.85,2
POL,Poland,2017,13695.65,1,77.75,1
POL,Poland,2018,14551.09,1,77.6,2
POL,Poland,2019,15221.31,1,77.9,1
POL,Poland,2020,14937.6,1,76.5,2
POL,Poland,2021,16368.62,1,75.5,3
POL,Poland,2022,17303.64,1,77.3,4
PRI,"Puerto Rico",1960,6307.41,2,68.93,1
PRI,"Puerto Rico",1970,11476.95,2,71.05,1
PRI,"Puerto Rico",1975,12914.15,1,71.92,1
PRI,"Puerto Rico",1979,15851.89,1,73.04,1
PRI,"Puerto Rico",1981,16330.42,1,73.36,1
PRI,"Puerto Rico",1985,16463,1,73.08,2
PRI,"Puerto Rico",1989,19453.77,1,73.85,2
PRI,"Puerto Rico",1992,19770.77,1,73.94,1
PRI,"Puerto Rico",1994,21176.67,1,74.08,1
PRI,"Puerto Rico",1995,21936.42,1,74.36,2
PRI,"Puerto Rico",1996,22193.58,1,74.58,1
PRI,"Puerto Rico",1998,24197.31,1,75.19,1
PRI,"Puerto Rico",1999,25374.1,1,75.54,1
PRI,"Puerto Rico",2001,27722.37,1,76.46,1
PRI,"Puerto Rico",2003,27937.82,1,76.87,2
PRI,"Puerto Rico",2004,30375.79,1,77.14,3
PRI,"Puerto Rico",2007,29347.85,1,77.62,1
PRI,"Puerto Rico",2011,28820.98,1,78.32,2
PRI,"Puerto Rico",2012,29180.37,1,78.46,1
PRI,"Puerto Rico",2014,29554.58,1,78.93,1
PRI,"Puerto Rico",2017,29809.23,1,79.26,2
PRI,"Puerto Rico",2018,29686.97,1,79.77,2
PRI,"Puerto Rico",2020,28145.01,1,78.04,3
PRI,"Puerto Rico",2022,29819.89,1,79.72,2
PRT,Portugal,1966,5713.62,2,65.49,1
PRT,Portugal,1967,6183.79,2,66.33,1
PRT,Portugal,1969,6967.12,2,66.28,1
PRT,Portugal,1973,9877.27,2,67.52,1
PRT,Portugal,1979,10469.8,2,71.17,2
PRT,Portugal,1981,10912.76,2,71.61,1
PRT,Portugal,1983,11007.49,2,72.27,3
PRT,Portugal,1985,11030.94,2,72.81,1
PRT,Portugal,1986,11477.28,2,73.27,1
PRT,Portugal,1989,14008.09,1,74.27,1
PRT,Portugal,1991,15265.86,1,74.01,1
PRT,Portugal,1996,16304.38,1,75.26,2
PRT,Portugal,1997,16946.09,1,75.41,2
PRT,Portugal,2001,19053.09,1,76.81,2
PRT,Portugal,2003,18846.54,1,77.22,3
PRT,Portugal,2004,19137.84,1,77.67,2
PRT,Portugal,2005,19251.71,1,78.07,2
PRT,Portugal,2006,19529.31,1,78.42,2
PRT,Portugal,2008,20014.47,1,78.52,1
PRT,Portugal,2009,19371.13,1,78.73,1
PRT,Portugal,2010,19698.68,1,79.03,3
PRT,Portugal,2013,18597.72,1,80.72,3
PRT,Portugal,2014,18836.9,1,81.12,2
PRT,Portugal,2015,19215.78,1,81.12,1
PRT,Portugal,2016,19662.82,1,81.12,1
PRT,Portugal,2017,20364.2,1,81.42,2
PRT,Portugal,2018,20997.77,1,81.32,3
PRT,Portugal,2019,21569.19,1,81.68,1
PRT,Portugal,2022,22042.87,1,81.58,3
PRY,Paraguay,1963,1624.52,2,61.33,1
PRY,Paraguay,1965,1710.03,2,61.82,1
PRY,Paraguay,1966,1702.11,2,61.99,1
PRY,Paraguay,1971,2019.34,2,62.8,1
PRY,Paraguay,1979,3301.62,2,64.45,1
PRY,Paraguay,1982,3659.88,2,65.39,1
PRY,Paraguay,1983,3450.27,2,65.61,1
PRY,Paraguay,1988,3851.52,2,67.32,1
PRY,Paraguay,1990,4059.77,2,67.94,1
PRY,Paraguay,1992,4054.04,2,68.4,1
PRY,Paraguay,1995,4445.19,2,69.01,2
PRY,Paraguay,1997,4496.02,2,69.32,2
PRY,Paraguay,1998,4402.11,2,69.48,1
PRY,Paraguay,1999,4252.49,2,69.63,2
PRY,Paraguay,2000,4074.49,2,69.75,1
PRY,Paraguay,2002,3916.44,2,70.03,2
PRY,Paraguay,2004,4151.35,2,70.48,1
PRY,Paraguay,2005,4193.28,2,70.53,1
PRY,Paraguay,2006,4349.31,2,70.78,1
PRY,Paraguay,2007,4540.38,2,71.11,1
PRY,Paraguay,2008,4788.66,2,71.38,5
PRY,Paraguay,2009,4727.6,2,71.64,4
PRY,Paraguay,2010,5191.05,2,71.89,1
PRY,Paraguay,2011,5342.19,2,72.13,3
PRY,Paraguay,2012,5230.26,2,72.45,3
PRY,Paraguay,2013,5583.12,2,72.76,3
PRY,Paraguay,2014,5794.48,2,72.88,2
PRY,Paraguay,2015,5879.34,2,73.19,3
PRY,Paraguay,2016,6041.96,2,73.53,1
PRY,Paraguay,2018,6354.24,2,73.57,2
PRY,Paraguay,2019,6243.54,2,73.62,4
PRY,Paraguay,2020,6109.2,2,73.18,1
PRY,Paraguay,2021,6278.11,2,70.26,2
PSE,"Palestine, State of",2010,2927.08,2,73,1
PSE,"Palestine, State of",2012,3237.92,2,73.47,1
PSE,"Palestine, State of",2013,3309.63,2,74.03,2
PSE,"Palestine, State of",2015,3272.15,2,74.41,2
PSE,"Palestine, State of",2020,2922.47,2,74.4,1
PSE,"Palestine, State of",2022,3099.96,2,73.44,1
PYF,"French Polynesia",1983,26212.28,1,69.8,2
PYF,"French Polynesia",1987,27497.83,1,72.9,1
PYF,"French Polynesia",1998,22101.07,1,78.39,2
PYF,"French Polynesia",2010,19940.1,1,81.04,1
PYF,"French Polynesia",2017,20317.08,1,82.62,1
QAT,Qatar,2018,64410.82,1,80.9,1
ROU,Romania,1990,5019.44,2,69.74,1
ROU,Romania,1991,4409.15,2,69.78,3
ROU,Romania,1993,4126.77,2,69.56,1
ROU,Romania,1994,4295.27,2,69.51,3
ROU,Romania,1995,4572.26,2,69.46,1
ROU,Romania,1996,4764.64,2,69.1,2
ROU,Romania,1997,4546.67,2,69,2
ROU,Romania,1998,4463.61,2,69.81,3
ROU,Romania,1999,4453.78,2,70.51,4
ROU,Romania,2000,4569.31,2,71.16,5
ROU,Romania,2001,4875.3,2,71.16,3
ROU,Romania,2002,5248.55,2,71.01,4
ROU,Romania,2003,5410.31,2,71.31,2
ROU,Romania,2004,6008.64,2,71.56,6
ROU,Romania,2005,6328.09,2,71.91,8
ROU,Romania,2006,6876.78,2,72.16,8
ROU,Romania,2007,7483.97,2,72.57,6
ROU,Romania,2008,8318,2,72.57,2
ROU,Romania,2009,7924.87,2,73.31,4
ROU,Romania,2010,7660.71,2,73.46,2
ROU,Romania,2012,8234.29,2,74.41,1
ROU,Romania,2013,8287.96,2,75.06,1
ROU,Romania,2014,8661.47,2,74.91,3
ROU,Romania,2015,8977.02,2,74.91,1
ROU,Romania,2016,9286.88,2,75.21,2
ROU,Romania,2017,10106.23,2,75.21,1
ROU,Romania,2018,10788.02,2,75.36,3
ROU,Romania,2019,11270.48,2,75.61,1
ROU,Romania,2020,10916.31,2,74.25,1
ROU,Romania,2021,11607.98,2,72.81,1
ROU,Romania,2022,12114.87,2,75.3,1
RUS,"Russian Federation",1992,6345.91,2,66.87,3
RUS,"Russian Federation",1993,5798.91,2,64.94,5
RUS,"Russian Federation",1994,5071.74,2,64.47,9
RUS,"Russian Federation",1995,4862.65,2,64.69,8
RUS,"Russian Federation",1996,4686.86,2,65.85,4
RUS,"Russian Federation",1997,4760.34,2,66.7,4
RUS,"Russian Federation",1998,4515.51,2,67.03,8
RUS,"Russian Federation",1999,4819.38,2,65.98,9
RUS,"Russian Federation",2000,5323.67,2,65.48,23
RUS,"Russian Federation",2001,5618.96,2,65.38,11
RUS,"Russian Federation",2002,5910.17,2,65.13,11
RUS,"Russian Federation",2003,6370.45,2,65.03,5
RUS,"Russian Federation",2004,6856.68,2,65.47,8
RUS,"Russian Federation",2005,7323.39,2,65.53,8
RUS,"Russian Federation",2006,7949.9,2,66.73,5
RUS,"Russian Federation",2007,8640.41,2,67.59,3
RUS,"Russian Federation",2008,9093.7,2,67.95,1
RUS,"Russian Federation",2010,8755.12,2,68.84,8
RUS,"Russian Federation",2011,9120.82,2,69.68,3
RUS,"Russian Federation",2012,9464.01,2,70.07,8
RUS,"Russian Federation",2013,9601.54,2,70.58,3
RUS,"Russian Federation",2014,9493.81,2,70.74,1
RUS,"Russian Federation",2015,9277.71,2,71.18,2
RUS,"Russian Federation",2016,9269.32,2,71.65,3
RUS,"Russian Federation",2017,9418.91,2,72.45,2
RUS,"Russian Federation",2018,9674.79,2,72.66,2
RUS,"Russian Federation",2019,9882.02,2,73.08,5
RUS,"Russian Federation",2021,10206.95,2,69.9,5
RUS,"Russian Federation",2022,10030.04,2,72.55,3
RWA,Rwanda,1974,312.73,3,45.3,1
RWA,Rwanda,1976,344.88,3,44.65,1
RWA,Rwanda,1978,361.9,3,45.48,2
RWA,Rwanda,1984,396.15,3,51.64,1
RWA,Rwanda,1988,399.47,3,50.98,1
RWA,Rwanda,1989,387.28,3,50.22,1
RWA,Rwanda,1991,351.73,3,46.52,1
RWA,Rwanda,1996,291.21,3,40.7,2
RWA,Rwanda,1998,299.6,3,41.68,1
RWA,Rwanda,1999,310.1,3,44.62,4
RWA,Rwanda,2000,333.36,3,47.13,1
RWA,Rwanda,2001,358.45,3,49.02,2
RWA,Rwanda,2002,400.27,3,51.03,3
RWA,Rwanda,2003,400.19,3,53.37,2
RWA,Rwanda,2004,418.78,3,55.49,1
RWA,Rwanda,2006,474.36,3,58.71,2
RWA,Rwanda,2007,497.17,3,59.96,2
RWA,Rwanda,2008,538.33,3,61.13,2
RWA,Rwanda,2010,583.37,3,62.54,2
RWA,Rwanda,2011,614.54,3,63.26,1
RWA,Rwanda,2012,651.85,3,64.01,1
RWA,Rwanda,2015,734,3,65.3,1
RWA,Rwanda,2016,759.61,3,65.74,2
RWA,Rwanda,2017,771.07,3,65.94,2
RWA,Rwanda,2018,817.58,3,66.25,4
RWA,Rwanda,2019,874.64,3,66.44,2
RWA,Rwanda,2020,826.39,3,66.77,5
RWA,Rwanda,2021,896.27,3,66.07,2
RWA,Rwanda,2022,948.38,3,67.13,3
SAU,"Saudi Arabia",1964,20138.55,1,48.15,1
SAU,"Saudi Arabia",1982,43708.94,1,64.3,1
SAU,"Saudi Arabia",1985,29009.48,1,66.33,1
SAU,"Saudi Arabia",2000,21862.72,1,72.47,2
SAU,"Saudi Arabia",2001,20826.21,1,72.97,1
SAU,"Saudi Arabia",2002,19678.76,1,73.34,1
SAU,"Saudi Arabia",2003,20406.45,1,73.63,2
SAU,"Saudi Arabia",2004,21172.9,1,74.15,1
SAU,"Saudi Arabia",2005,21460.14,1,74.59,2
SAU,"Saudi Arabia",2009,20221.32,1,75.43,1
SAU,"Saudi Arabia",2010,21452.23,1,75.76,2
SAU,"Saudi Arabia",2011,22754.11,1,76.23,1
SAU,"Saudi Arabia",2012,22997.75,1,76.46,1
SAU,"Saudi Arabia",2013,22338.53,1,76.63,2
SAU,"Saudi Arabia",2015,22453.57,1,76.92,2
SAU,"Saudi Arabia",2016,22035.8,1,77.06,3
SAU,"Saudi Arabia",2017,22219.94,1,77.16,1
SAU,"Saudi Arabia",2019,23886.98,1,77.3,3
SAU,"Saudi Arabia",2020,21944.79,1,76.24,1
SDN,Sudan,1965,808.85,3,46.94,1
SDN,Sudan,1966,757.52,3,44.63,1
SDN,Sudan,1975,795.95,3,53.38,1
SDN,Sudan,1976,898.2,3,53.46,1
SDN,Sudan,1978,837.25,3,53.44,1
SDN,Sudan,1980,747.92,3,53.93,1
SDN,Sudan,1983,782.23,3,47.45,3
SDN,Sudan,1986,692.2,3,51.48,1
SDN,Sudan,1987,776.53,3,43.44,3
SDN,Sudan,1988,764.45,3,35.92,5
SDN,Sudan,1990,764.45,3,49.73,2
SDN,Sudan,1991,805.37,3,50.21,2
SDN,Sudan,1993,862.98,3,46.58,2
SDN,Sudan,1994,850.3,3,56.64,1
SDN,Sudan,1996,908.66,3,52.28,5
SDN,Sudan,1997,1050.32,3,52.83,1
SDN,Sudan,1998,1069.27,3,48.81,6
SDN,Sudan,1999,1074.88,3,57.01,7
SDN,Sudan,2000,1111.12,3,58.32,2
SDN,Sudan,2001,1150.18,2,58.56,1
SDN,Sudan,2002,1185.22,2,58.98,4
SDN,Sudan,2003,1226.42,2,58.2,2
SDN,Sudan,2004,1255.67,2,56.77,3
SDN,Sudan,2005,1290.24,2,57.28,5
SDN,Sudan,2006,1336.12,2,60.28,8
SDN,Sudan,2007,1372.11,2,61.26,4
SDN,Sudan,2008,1381.63,2,61.21,2
SDN,Sudan,2009,1301.35,2,62.64,1
SDN,Sudan,2010,1311.22,2,63.02,2
SDN,Sudan,2011,1388.22,2,63.25,1
SDN,Sudan,2012,1288.26,2,63.79,3
SDN,Sudan,2013,1283.46,2,63.68,1
SDN,Sudan,2014,1307.39,2,64.27,1
SDN,Sudan,2015,1292.38,2,64.66,3
SDN,Sudan,2016,1297.15,2,64.78,2
SDN,Sudan,2017,1261.87,2,65.44,2
SDN,Sudan,2018,1185.94,2,65.68,3
SDN,Sudan,2019,1126.55,3,65.88,4
SDN,Sudan,2020,1056.86,3,65.61,3
SDN,Sudan,2021,1009.55,3,65.27,3
SDN,Sudan,2022,973.23,3,65.58,2
SEN,Senegal,1965,1101.64,3,39.84,1
SEN,Senegal,1966,1100.59,3,39.96,2
SEN,Senegal,1969,987.49,3,40.46,1
SEN,Senegal,1977,1017.81,3,46.15,1
SEN,Senegal,1978,955,3,47.2,2
SEN,Senegal,1979,997.71,3,48.2,1
SEN,Senegal,1982,1091.73,3,50.56,1
SEN,Senegal,1983,1002.79,3,51.15,1
SEN,Senegal,1984,1014.22,3,52.02,1
SEN,Senegal,1985,1020.46,3,52.76,2
SEN,Senegal,1986,1022.55,3,53.93,1
SEN,Senegal,1987,1055.32,3,54.82,1
SEN,Senegal,1988,1016.83,3,55.77,3
SEN,Senegal,1993,960.51,3,57,1
SEN,Senegal,1994,934.69,3,56.96,1
SEN,Senegal,1995,960.85,3,56.84,1
SEN,Senegal,1998,995.98,3,56.42,2
SEN,Senegal,1999,1033.76,3,56.61,2
SEN,Senegal,2002,1042.26,3,58.23,4
SEN,Senegal,2003,1074.39,3,59.12,1
SEN,Senegal,2004,1098.2,3,60.03,3
SEN,Senegal,2005,1119.05,3,60.92,2
SEN,Senegal,2007,1124,3,62.54,2
SEN,Senegal,2008,1138.67,2,63.24,1
SEN,Senegal,2009,1142.65,2,63.92,1
SEN,Senegal,2010,1153.53,2,64.61,2
SEN,Senegal,2011,1139.74,2,65.26,2
SEN,Senegal,2012,1154.06,2,65.46,1
SEN,Senegal,2013,1147.39,2,66.07,1
SEN,Senegal,2014,1180.8,2,66.45,2
SEN,Senegal,2016,1257.41,2,67.5,1
SEN,Senegal,2018,1355.1,2,68.1,1
SEN,Senegal,2019,1379.61,2,68.53,1
SEN,Senegal,2020,1361.79,2,68.01,1
SEN,Senegal,2022,1432.86,2,67.91,1
SGP,Singapore,1999,32557.05,1,77.55,1
SGP,Singapore,2000,34890.08,1,77.95,1
SGP,Singapore,2016,56899.49,1,82.85,1
SLB,"Solomon Islands",1982,1992.78,2,63.51,1
SLB,"Solomon Islands",1985,1815.03,2,64.29,1
SLB,"Solomon Islands",1986,1753.11,2,63.76,1
SLB,"Solomon Islands",1988,1804.42,2,64.97,1
SLB,"Solomon Islands",1992,2029.97,2,65.77,1
SLB,"Solomon Islands",1993,2049.29,2,65.96,1
SLB,"Solomon Islands",1997,2186.42,2,66.74,1
SLB,"Solomon Islands",1998,2153.37,2,66.92,1
SLB,"Solomon Islands",2002,1504.86,2,67.52,1
SLB,"Solomon Islands",2003,1573.86,2,67.64,2
SLB,"Solomon Islands",2007,1830.24,2,67.99,1
SLB,"Solomon Islands",2009,1930.46,2,68.47,1
SLB,"Solomon Islands",2010,2058.95,2,68.73,3
SLB,"Solomon Islands",2011,2132.02,2,68.91,1
SLB,"Solomon Islands",2012,2105.91,2,69.08,1
SLB,"Solomon Islands",2013,2136.72,2,69.19,3
SLB,"Solomon Islands",2014,2085.16,2,69.23,1
SLB,"Solomon Islands",2015,2045.48,2,69.58,3
SLB,"Solomon Islands",2016,2084.25,2,69.8,2
SLB,"Solomon Islands",2018,2061.9,2,70.17,1
SLB,"Solomon Islands",2020,1930.64,2,70.2,1
SLE,"Sierra Leone",1975,1024.05,3,41.17,1
SLE,"Sierra Leone",1984,1050.88,3,43.92,1
SLE,"Sierra Leone",1985,973.27,3,43.89,1
SLE,"Sierra Leone",1996,683.06,3,43.68,4
SLE,"Sierra Leone",1997,634.67,3,43.72,2
SLE,"Sierra Leone",1998,639.68,3,42.79,1
SLE,"Sierra Leone",1999,623.78,3,42.07,3
SLE,"Sierra Leone",2000,649.4,3,45.05,1
SLE,"Sierra Leone",2001,573.32,3,45.66,1
SLE,"Sierra Leone",2003,719.79,3,46.96,1
SLE,"Sierra Leone",2004,740.95,3,47.58,2
SLE,"Sierra Leone",2005,752.69,3,48.24,1
SLE,"Sierra Leone",2007,811.03,3,50.36,1
SLE,"Sierra Leone",2008,834.03,3,51.53,1
SLE,"Sierra Leone",2009,837.92,3,52.63,1
SLE,"Sierra Leone",2010,869.55,3,53.69,2
SLE,"Sierra Leone",2011,898.06,3,54.62,1
SLE,"Sierra Leone",2012,1008.71,3,55.45,1
SLE,"Sierra Leone",2013,1191.69,2,56.31,1
SLE,"Sierra Leone",2014,1216.61,2,56.39,1
SLE,"Sierra Leone",2015,945.15,3,57.19,1
SLE,"Sierra Leone",2017,994.58,3,58.65,1
SLE,"Sierra Leone",2019,1036.23,3,60.26,2
SLE,"Sierra Leone",2022,1066.04,3,60.41,1
SLV,"El Salvador",1965,2637,2,50.9,1
SLV,"El Salvador",1969,2847.56,2,50.9,2
SLV,"El Salvador",1982,2392.38,2,51.1,2
SLV,"El Salvador",1986,2297.54,2,57.74,1
SLV,"El Salvador",1988,2305.62,2,61.48,2
SLV,"El Salvador",1989,2282.54,2,59.68,1
SLV,"El Salvador",1991,2341.93,2,63.86,1
SLV,"El Salvador",1992,2465.76,2,64.66,2
SLV,"El Salvador",1993,2574.95,2,65.24,1
SLV,"El Salvador",1994,2670.21,2,65.84,1
SLV,"El Salvador",1995,2773.33,2,66.33,2
SLV,"El Salvador",1996,2775.05,2,67.08,1
SLV,"El Salvador",1997,2842.88,2,67.9,1
SLV,"El Salvador",1998,2900.32,2,68.48,3
SLV,"El Salvador",1999,2946.43,2,69.38,1
SLV,"El Salvador",2000,2964.89,2,69.86,3
SLV,"El Salvador",2001,2978.6,2,69.6,4
SLV,"El Salvador",2002,3016.06,2,70.23,3
SLV,"El Salvador",2003,3057.16,2,70.14,1
SLV,"El Salvador",2005,3163.36,2,70.44,6
SLV,"El Salvador",2006,3302.35,2,70.77,2
SLV,"El Salvador",2007,3359.16,2,71.11,2
SLV,"El Salvador",2008,3420.45,2,71.42,2
SLV,"El Salvador",2009,3337.81,2,71.58,3
SLV,"El Salvador",2010,3398.49,2,71.85,3
SLV,"El Salvador",2011,3514.07,2,71.86,1
SLV,"El Salvador",2013,3665.15,2,71.77,1
SLV,"El Salvador",2014,3713.95,2,71.75,1
SLV,"El Salvador",2015,3790.34,2,71.81,3
SLV,"El Salvador",2017,3954.84,2,72.31,1
SLV,"El Salvador",2018,4046.16,2,72.56,3
SLV,"El Salvador",2019,4143.11,2,72.56,2
SLV,"El Salvador",2020,3808.53,2,71.06,4
SLV,"El Salvador",2021,4247.55,2,70.75,1
SLV,"El Salvador",2022,4349.4,2,71.47,2
SOM,Somalia,1961,300.51,3,43.56,1
SOM,Somalia,1964,287.18,3,44.3,1
SOM,Somalia,1965,263.1,3,44.54,1
SOM,Somalia,1969,274.58,3,45.37,1
SOM,Somalia,1974,261.54,3,43.82,1
SOM,Somalia,1977,309.81,3,46.92,2
SOM,Somalia,1980,239.47,3,47.49,1
SOM,Somalia,1981,252.49,3,47.67,1
SOM,Somalia,1983,221.45,3,48.17,1
SOM,Somalia,1985,231.96,3,48.28,1
SOM,Somalia,1986,217.82,3,48.37,1
SOM,Somalia,1987,231.39,3,48.9,2
SOM,Somalia,1988,239.05,3,43.84,1
SOM,Somalia,1989,252.36,3,46.72,2
SOM,Somalia,1994,210.45,3,50.33,3
SOM,Somalia,1995,211.09,3,50.6,1
SOM,Somalia,1996,219.94,3,50.45,2
SOM,Somalia,1997,214.85,3,50.2,4
SOM,Somalia,1998,219.71,3,50.66,2
SOM,Somalia,1999,226.44,3,50.52,1
SOM,Somalia,2000,233.03,3,50.66,8
SOM,Somalia,2001,239.84,3,50.74,2
SOM,Somalia,2002,248.64,3,50.73,2
SOM,Somalia,2003,257.91,3,50.61,2
SOM,Somalia,2004,266.26,3,50.54,3
SOM,Somalia,2005,275.46,3,50.66,5
SOM,Somalia,2006,284.47,3,50.6,9
SOM,Somalia,2007,294.21,3,50.52,3
SOM,Somalia,2008,304.74,3,51.12,3
SOM,Somalia,2009,317.04,3,51.85,1
SOM,Somalia,2010,329.97,3,50.56,3
SOM,Somalia,2011,349.58,3,51.3,1
SOM,Somalia,2012,369.62,3,53.16,3
SOM,Somalia,2013,397.11,3,53.84,3
SOM,Somalia,2014,417.52,3,54.28,2
SOM,Somalia,2015,445.58,3,54.86,5
SOM,Somalia,2016,458.92,3,55.04,2
SOM,Somalia,2017,506.5,3,55.65,1
SOM,Somalia,2018,498.98,3,56.38,2
SOM,Somalia,2019,494.56,3,57.08,4
SOM,Somalia,2020,463.03,3,55.97,3
SOM,Somalia,2021,461.84,3,55.28,2
SOM,Somalia,2022,460.3,3,56.11,1
SRB,Serbia,2007,5431.28,2,73.63,2
SRB,Serbia,2009,5578.01,2,73.99,2
SRB,Serbia,2010,5690.7,2,74.34,5
SRB,Serbia,2012,5739.31,2,74.84,3
SRB,Serbia,2013,5793.34,2,75.19,2
SRB,Serbia,2014,5716.54,2,75.34,5
SRB,Serbia,2016,6024.96,2,75.69,2
SRB,Serbia,2017,6200.26,2,75.54,1
SRB,Serbia,2018,6524.08,2,75.89,1
SRB,Serbia,2019,6870.76,2,75.94,1
SRB,Serbia,2020,6850.97,2,74.48,1
SRB,Serbia,2021,7465.68,2,72.78,1
SRB,Serbia,2022,7857.4,2,75.48,1
SSD,"South Sudan",2008,2289.18,2,53.54,3
SSD,"South Sudan",2009,2293.8,2,53.89,1
SSD,"South Sudan",2010,2295.07,2,54.81,2
SSD,"South Sudan",2012,1069.2,3,55.86,2
SSD,"South Sudan",2013,1165.16,2,55.75,3
SSD,"South Sudan",2014,1197.09,2,54.97,2
SSD,"South Sudan",2015,1080.15,3,55.57,1
STP,"Sao Tome and Principe",1983,1179.56,2,59.43,1
STP,"Sao Tome and Principe",1986,1071.36,3,57.53,1
STP,"Sao Tome and Principe",1989,1013.51,3,60.16,1
STP,"Sao Tome and Principe",2005,1089.15,3,63.71,1
STP,"Sao Tome and Principe",2021,1428.29,2,67.59,1
STP,"Sao Tome and Principe",2022,1403.23,2,68.79,1
SUR,Suriname,1969,5840.34,2,60.22,1
SUR,Suriname,2006,7599.36,2,67.57,1
SUR,Suriname,2008,8129.11,2,68.82,1
SUR,Suriname,2021,6973.9,2,70.27,1
SUR,Suriname,2022,7081.33,2,70.29,1
SVK,Slovakia,1997,8647.39,2,72.7,1
SVK,Slovakia,1998,8966.22,2,72.55,1
SVK,Slovakia,1999,8914.68,2,72.9,1
SVK,Slovakia,2000,8997.21,2,73.05,1
SVK,Slovakia,2001,9277.36,2,73.4,1
SVK,Slovakia,2002,9690.68,2,73.6,1
SVK,Slovakia,2003,10168.02,2,73.6,1
SVK,Slovakia,2004,10718.21,2,73.96,2
SVK,Slovakia,2005,11412.16,2,73.9,2
SVK,Slovakia,2006,12430.2,2,74.2,2
SVK,Slovakia,2007,13770.96,1,74.21,1
SVK,Slovakia,2010,14596.15,1,75.11,3
SVK,Slovakia,2012,15159.66,1,76.11,1
SVK,Slovakia,2013,15249.88,1,76.41,1
SVK,Slovakia,2017,17195.29,1,77.17,1
SVK,Slovakia,2019,18250.98,1,77.67,1
SVK,Slovakia,2020,17763.86,1,76.87,1
SVK,Slovakia,2021,18821.12,1,74.61,1
SVK,Slovakia,2022,18959.68,1,77.07,1
SVN,Slovenia,1998,14874.29,1,74.81,1
SVN,Slovenia,2003,17635.36,1,76.86,1
SVN,Slovenia,2004,18425.26,1,77.21,1
SVN,Slovenia,2005,19102.28,1,77.61,1
SVN,Slovenia,2007,21485.78,1,78.56,2
SVN,Slovenia,2012,19894.87,1,80.12,1
SVN,Slovenia,2014,20228.71,1,81.08,2
SVN,Slovenia,2020,22811.81,1,80.53,1
SVN,Slovenia,2021,24659.25,1,80.68,1
SVN,Slovenia,2022,25276.94,1,81.28,1
SWE,Sweden,1976,27653.91,1,74.97,1
SWE,Sweden,1977,27116.01,1,75.38,2
SWE,Sweden,1985,31775.4,1,76.67,1
SWE,Sweden,1990,34902.92,1,77.54,2
SWE,Sweden,1999,39785.38,1,79.44,1
SWE,Sweden,2002,42831.02,1,79.85,2
SWE,Sweden,2005,46188.84,1,80.55,2
SWE,Sweden,2013,48927.6,1,81.96,1
SWE,Sweden,2018,52363.38,1,82.56,1
SWE,Sweden,2020,51715.78,1,82.36,1
SWE,Sweden,2021,54458.35,1,83.06,1
SWE,Sweden,2022,54878.29,1,83.11,1
SWZ,Eswatini,1983,1304.05,2,58.17,1
SWZ,Eswatini,1984,1340.02,2,60,1
SWZ,Eswatini,1990,2033.43,2,63.07,1
SWZ,Eswatini,1992,1975.26,2,61.74,1
SWZ,Eswatini,1996,2163.67,2,53.87,1
SWZ,Eswatini,2000,2279.16,2,47.26,2
SWZ,Eswatini,2001,2282.06,2,45.98,1
SWZ,Eswatini,2005,2647.51,2,42.12,1
SWZ,Eswatini,2006,2792.14,2,43.12,1
SWZ,Eswatini,2007,2899.22,2,43.64,2
SWZ,Eswatini,2008,2903.38,2,44.18,1
SWZ,Eswatini,2014,3367.36,2,53.05,1
SWZ,Eswatini,2016,3492.83,2,56.66,1
SWZ,Eswatini,2019,3687.99,2,60.55,1
SWZ,Eswatini,2021,3621.26,2,57.07,1
SWZ,Eswatini,2022,3582.22,2,56.36,1
SXM,"Sint Maarten (Dutch part)",2017,33945.42,1,75.03,1
SYC,Seychelles,1997,11284.85,2,71.21,1
SYC,Seychelles,2002,11218.26,2,71.09,1
SYC,Seychelles,2004,10412.09,2,72.66,1
SYC,Seychelles,2006,12105.45,2,72.22,1
SYC,Seychelles,2013,14050.31,1,73.12,1
SYC,Seychelles,2014,14395.62,1,73.23,1
SYC,Seychelles,2016,16962.68,1,74.31,1
SYR,"Syrian Arab Republic",1967,588.02,3,58.1,1
SYR,"Syrian Arab Republic",1974,869.85,3,63.12,1
SYR,"Syrian Arab Republic",1977,1006.95,3,63.76,2
SYR,"Syrian Arab Republic",1999,1271.32,2,70.42,1
SYR,"Syrian Arab Republic",2001,1230.87,2,71.64,1
SYR,"Syrian Arab Republic",2002,1249.01,2,71.94,1
SYR,"Syrian Arab Republic",2004,1363.62,2,72.47,1
SYR,"Syrian Arab Republic",2006,1420.72,2,73.35,1
SYR,"Syrian Arab Republic",2008,1423.6,2,73.55,1
SYR,"Syrian Arab Republic",2015,847.73,3,65.12,2
SYR,"Syrian Arab Republic",2019,771.52,3,71.82,1
SYR,"Syrian Arab Republic",2020,740.81,3,72.14,1
SYR,"Syrian Arab Republic",2021,734.33,3,72.06,2
SYR,"Syrian Arab Republic",2022,712.27,3,72.3,2
TCA,"Turks and Caicos Islands",2017,24681.72,1,76.7,1
TCD,Chad,1966,499.3,3,39.15,1
TCD,Chad,1969,504.48,3,40.26,1
TCD,Chad,1971,481.7,3,40.19,1
TCD,Chad,1977,472.65,3,42.26,1
TCD,Chad,1981,336.15,3,43.31,1
TCD,Chad,1985,451.66,3,45.05,1
TCD,Chad,1986,420.46,3,45.21,1
TCD,Chad,1987,396.28,3,42.8,2
TCD,Chad,1988,442.4,3,45.78,4
TCD,Chad,1991,437.46,3,45.94,2
TCD,Chad,1993,372.8,3,46.32,1
TCD,Chad,1995,388.7,3,46.71,1
TCD,Chad,1996,380.1,3,47.01,1
TCD,Chad,1997,387.96,3,47.22,2
TCD,Chad,1998,400.9,3,47.22,1
TCD,Chad,1999,384.41,3,47.37,1
TCD,Chad,2000,368.08,3,47.44,2
TCD,Chad,2001,397.36,3,47.85,3
TCD,Chad,2003,458.92,3,48.21,1
TCD,Chad,2004,586.54,3,48.23,3
TCD,Chad,2005,661.01,3,48.31,1
TCD,Chad,2006,641.78,3,48.29,2
TCD,Chad,2007,640.34,3,48.75,3
TCD,Chad,2008,637.19,3,49.02,3
TCD,Chad,2009,640.76,3,49.2,4
TCD,Chad,2010,702.84,3,49.58,4
TCD,Chad,2011,679.02,3,50.01,2
TCD,Chad,2012,713.81,3,50.54,4
TCD,Chad,2017,637.44,3,52.31,2
TCD,Chad,2018,631.01,3,52.82,1
TCD,Chad,2019,630.86,3,53.26,2
TCD,Chad,2020,601.33,3,52.78,2
TCD,Chad,2021,574.17,3,52.52,1
TCD,Chad,2022,570.22,3,53,2
TGO,Togo,1966,691.45,3,44.37,1
TGO,Togo,1971,720.52,3,46.59,1
TGO,Togo,1983,693.2,3,52.64,1
TGO,Togo,1988,719,3,54.35,1
TGO,Togo,1989,726.29,3,54.39,1
TGO,Togo,1994,620.18,3,54.04,1
TGO,Togo,1995,640.35,3,54.04,2
TGO,Togo,1996,671.5,3,54.1,2
TGO,Togo,1998,706.69,3,54.2,2
TGO,Togo,1999,704.04,3,54.54,1
TGO,Togo,2001,667.3,3,54.86,2
TGO,Togo,2002,675.44,3,55.31,1
TGO,Togo,2003,702.8,3,55.64,1
TGO,Togo,2006,629.08,3,56.22,1
TGO,Togo,2007,603.84,3,56.51,1
TGO,Togo,2008,610.41,3,56.7,2
TGO,Togo,2009,625.71,3,57.01,1
TGO,Togo,2010,644.56,3,57.3,3
TGO,Togo,2013,709.09,3,58.68,1
TGO,Togo,2015,751.05,3,59.4,1
TGO,Togo,2017,774.28,3,60.15,1
TGO,Togo,2020,806.96,3,61.04,1
TGO,Togo,2022,862.76,3,61.59,1
THA,Thailand,1962,632.98,3,52.79,1
THA,Thailand,1966,779.3,3,55.25,1
THA,Thailand,1975,1125.84,3,61.27,1
THA,Thailand,1977,1291.92,2,62.35,1
THA,Thailand,1978,1394.18,2,62.74,3
THA,Thailand,1980,1482.09,2,64.01,1
THA,Thailand,1981,1538.43,2,64.6,2
THA,Thailand,1983,1645.99,2,65.79,1
THA,Thailand,1984,1707.93,2,66.73,2
THA,Thailand,1985,1754.63,2,67.59,1
THA,Thailand,1986,1818.91,2,68.42,1
THA,Thailand,1987,1957.76,2,69.45,1
THA,Thailand,1988,2180.41,2,69.69,1
THA,Thailand,1989,2406.27,2,70.12,1
THA,Thailand,1990,2631.52,2,70.44,1
THA,Thailand,1991,2810.57,2,70.72,4
THA,Thailand,1992,2989.85,2,70.89,4
THA,Thailand,1993,3187,2,71.07,5
THA,Thailand,1994,3391.49,2,71.23,7
THA,Thailand,1995,3614.93,2,70.95,3
THA,Thailand,1996,3766.86,2,71.65,2
THA,Thailand,1997,3614.61,2,72.5,3
THA,Thailand,1999,3403.09,2,72.54,7
THA,Thailand,2000,3514.72,2,72.32,6
THA,Thailand,2001,3599.03,2,72.61,6
THA,Thailand,2002,3783.75,2,72.93,6
THA,Thailand,2003,4018.16,2,73.16,5
THA,Thailand,2004,4232.77,2,73.08,7
THA,Thailand,2005,4372.26,2,73.82,6
THA,Thailand,2006,4551.53,2,74.94,3
THA,Thailand,2007,4760.67,2,75.19,5
THA,Thailand,2008,4805.76,2,75.49,6
THA,Thailand,2009,4737.46,2,75.84,1
THA,Thailand,2010,5059.36,2,76.13,3
THA,Thailand,2011,5070.24,2,76.42,5
THA,Thailand,2012,5403.88,2,76.77,2
THA,Thailand,2013,5516.61,2,77.08,3
THA,Thailand,2014,5541.47,2,77.42,8
THA,Thailand,2015,5688.85,2,77.72,2
THA,Thailand,2016,5857.78,2,78.05,4
THA,Thailand,2017,6076.74,2,78.39,6
THA,Thailand,2019,6434.54,2,78.97,3
THA,Thailand,2020,6035.19,2,79.27,7
THA,Thailand,2021,6122.49,2,78.72,6
THA,Thailand,2022,6272.58,2,79.68,11
TJK,Tajikistan,1992,827.59,3,55.07,3
TJK,Tajikistan,1993,682.73,3,52.87,1
TJK,Tajikistan,1994,528.05,3,57.48,1
TJK,Tajikistan,1995,452.9,3,59.34,1
TJK,Tajikistan,1996,369.93,3,59.13,2
TJK,Tajikistan,1997,371.66,3,60.35,2
TJK,Tajikistan,1998,389.09,3,61.52,3
TJK,Tajikistan,1999,401.41,3,62.62,3
TJK,Tajikistan,2000,429.54,3,63.26,2
TJK,Tajikistan,2001,461.68,3,64.06,3
TJK,Tajikistan,2002,501.81,3,64.85,6
TJK,Tajikistan,2003,546.39,3,65.55,4
TJK,Tajikistan,2004,590.96,3,66.03,2
TJK,Tajikistan,2005,618.33,3,66.51,3
TJK,Tajikistan,2006,649.16,3,67.01,3
TJK,Tajikistan,2007,686.48,3,67.22,4
TJK,Tajikistan,2008,726.19,3,67.69,2
TJK,Tajikistan,2009,739.21,3,68.04,1
TJK,Tajikistan,2010,770.6,3,67.74,4
TJK,Tajikistan,2011,809.37,3,68.15,2
TJK,Tajikistan,2012,849.52,3,68.48,3
TJK,Tajikistan,2013,889.88,3,68.89,1
TJK,Tajikistan,2014,925.97,3,69.07,2
TJK,Tajikistan,2015,956.92,3,69.31,4
TJK,Tajikistan,2016,997.35,3,69.55,2
TJK,Tajikistan,2017,1042.26,3,69.9,3
TJK,Tajikistan,2018,1094.8,3,70.35,1
TJK,Tajikistan,2019,1148.35,2,70.87,1
TJK,Tajikistan,2020,1171.9,2,67.99,1
TJK,Tajikistan,2021,1254.07,2,71.59,3
TKM,Turkmenistan,1993,2684.18,2,63.8,1
TKM,Turkmenistan,2000,2255.01,2,65.03,1
TLS,Timor-Leste,2001,1192.79,2,59.36,1
TLS,Timor-Leste,2003,964.32,3,60.87,2
TLS,Timor-Leste,2005,964.03,3,62.33,1
TLS,Timor-Leste,2006,897.57,3,63.07,1
TLS,Timor-Leste,2007,961.85,3,63.72,2
TLS,Timor-Leste,2014,1312.96,2,66.79,1
TLS,Timor-Leste,2015,1319.59,2,67.14,1
TLS,Timor-Leste,2016,1333.66,2,67.45,1
TLS,Timor-Leste,2020,1947.84,2,68.47,1
TLS,Timor-Leste,2021,2015.69,2,67.74,1
TLS,Timor-Leste,2022,1578.38,2,69.06,1
TON,Tonga,1982,2709.79,2,66.07,2
TON,Tonga,1990,2987.64,2,67.29,1
TON,Tonga,1997,3632.11,2,68.49,1
TON,Tonga,1998,3689.22,2,68.64,2
TON,Tonga,2001,3901.18,2,69.13,1
TON,Tonga,2004,3928.06,2,69.67,1
TON,Tonga,2009,3630.76,2,70.01,1
TON,Tonga,2011,3892.77,2,70.38,1
TON,Tonga,2014,4058.82,2,70.54,1
TON,Tonga,2015,4123.9,2,70.61,1
TON,Tonga,2016,4419.81,2,70.66,3
TON,Tonga,2018,4590.84,2,70.78,1
TON,Tonga,2019,4576.85,2,70.87,2
TON,Tonga,2020,4656.93,2,70.93,1
TON,Tonga,2022,4594.63,2,71.27,1
TTO,"Trinidad and Tobago",1963,5002.66,2,63.82,1
TTO,"Trinidad and Tobago",1974,6261.25,2,66.85,1
TTO,"Trinidad and Tobago",1990,6060.69,2,68.27,1
TTO,"Trinidad and Tobago",1993,6683.21,2,68.81,1
TTO,"Trinidad and Tobago",1996,7576.88,2,69.01,1
TTO,"Trinidad and Tobago",1997,8116.26,2,68.72,2
TTO,"Trinidad and Tobago",2004,13662.83,1,71.08,2
TTO,"Trinidad and Tobago",2005,15081.57,1,71.31,1
TTO,"Trinidad and Tobago",2010,17945.42,1,72.72,1
TTO,"Trinidad and Tobago",2018,17399.46,1,73.8,1
TTO,"Trinidad and Tobago",2022,15868.1,1,74.71,1
TUN,Tunisia,1962,1340.33,2,45.51,1
TUN,Tunisia,1964,1109.85,3,47.36,2
TUN,Tunisia,1969,1162.96,2,52.52,1
TUN,Tunisia,1973,1422.83,2,57.2,2
TUN,Tunisia,1977,1653.44,2,61.54,1
TUN,Tunisia,1979,1788.22,2,63.21,1
TUN,Tunisia,1982,1884.78,2,65.42,1
TUN,Tunisia,1986,1974.72,2,68.23,1
TUN,Tunisia,1988,2009.64,2,69.57,3
TUN,Tunisia,1990,2114.47,2,70.11,1
TUN,Tunisia,2003,3058.23,2,74.31,1
TUN,Tunisia,2007,3642.12,2,75.07,2
TUN,Tunisia,2009,3835.26,2,75.27,1
TUN,Tunisia,2017,4062.23,2,75.84,1
TUN,Tunisia,2018,4128.1,2,75.95,1
TUN,Tunisia,2020,3749.27,2,75.29,1
TUN,Tunisia,2021,3902.54,2,73.77,2
TUN,Tunisia,2022,3983.49,2,74.26,1
TUR,Turkey,1964,2684.8,2,53.71,4
TUR,Turkey,1965,2692.14,2,54.26,1
TUR,Turkey,1966,2918.89,2,54.71,4
TUR,Turkey,1967,2978.67,2,55.36,2
TUR,Turkey,1968,3101.21,2,55.84,3
TUR,Turkey,1969,3149.66,2,56.38,1
TUR,Turkey,1970,3176.01,2,56.9,2
TUR,Turkey,1971,3274.15,2,57.41,2
TUR,Turkey,1972,3433.85,2,58.07,1
TUR,Turkey,1974,3578.5,2,59.05,1
TUR,Turkey,1975,3756.48,2,59.5,1
TUR,Turkey,1976,4065.59,2,59.97,5
TUR,Turkey,1977,4118.25,2,60.74,2
TUR,Turkey,1978,4096.63,2,61.37,2
TUR,Turkey,1979,3991.94,2,61.91,1
TUR,Turkey,1980,3817.19,2,62.5,2
TUR,Turkey,1981,3923.74,2,63.01,1
TUR,Turkey,1983,4078.36,2,64.15,1
TUR,Turkey,1984,4253.19,2,64.71,3
TUR,Turkey,1985,4336.22,2,65.24,2
TUR,Turkey,1986,4542.53,2,65.77,2
TUR,Turkey,1987,4873.1,2,66.28,2
TUR,Turkey,1988,4887.6,2,66.79,2
TUR,Turkey,1990,5154.62,2,67.71,2
TUR,Turkey,1991,5101.21,2,68.17,2
TUR,Turkey,1992,5267.52,2,68.49,2
TUR,Turkey,1993,5573.57,2,68.91,1
TUR,Turkey,1994,5221.81,2,69.3,2
TUR,Turkey,1995,5541.75,2,69.61,4
TUR,Turkey,1996,5861.7,2,70.14,2
TUR,Turkey,1998,6276.81,2,71.04,6
TUR,Turkey,1999,5991.37,2,70.69,6
TUR,Turkey,2000,6325.1,2,71.86,5
TUR,Turkey,2001,5887.69,2,72.23,7
TUR,Turkey,2002,6192.19,2,72.58,3
TUR,Turkey,2003,6473.46,2,72.89,3
TUR,Turkey,2004,7028.76,2,73.24,9
TUR,Turkey,2005,7579.37,2,73.53,8
TUR,Turkey,2006,8023.15,2,73.84,3
TUR,Turkey,2007,8414.25,2,74.19,4
TUR,Turkey,2008,8376.15,2,74.45,1
TUR,Turkey,2009,7862.87,2,74.76,3
TUR,Turkey,2010,8396.92,2,75.07,2
TUR,Turkey,2011,9201.34,2,74.94,3
TUR,Turkey,2012,9519.82,2,75.68,1
TUR,Turkey,2014,10556.12,2,76.56,1
TUR,Turkey,2015,11050,2,76.65,1
TUR,Turkey,2017,11953.67,2,77.14,2
TUR,Turkey,2018,12148.29,2,77.56,1
TUR,Turkey,2019,12073.87,2,77.83,4
TUR,Turkey,2020,12179.66,2,75.85,10
TUR,Turkey,2021,13449.93,1,76.03,3
TUR,Turkey,2022,14055.1,1,78.47,3
TUV,Tuvalu,1972,2337.9,2,54.36,1
TUV,Tuvalu,1984,1496.61,2,61.54,1
TUV,Tuvalu,1987,1908.43,2,61.44,1
TUV,Tuvalu,1990,2450.8,2,61.66,1
TUV,Tuvalu,1993,2619.7,2,62.65,1
TUV,Tuvalu,2011,3028.25,2,63.97,1
TUV,Tuvalu,2015,3357.83,2,64.06,1
TUV,Tuvalu,2020,4233.02,2,64.38,1
TUV,Tuvalu,2021,4396.05,2,64.55,1
TZA,"Tanzania, United Republic of",1964,918.55,3,43.75,2
TZA,"Tanzania, United Republic of",1967,1030.12,3,44.76,1
TZA,"Tanzania, United Republic of",1968,1059.95,3,45.37,1
TZA,"Tanzania, United Republic of",1974,573,3,48.31,1
TZA,"Tanzania, United Republic of",1977,552.29,3,49.84,3
TZA,"Tanzania, United Republic of",1978,544.24,3,50.32,1
TZA,"Tanzania, United Republic of",1979,539.4,3,50.91,1
TZA,"Tanzania, United Republic of",1980,536.93,3,51.2,1
TZA,"Tanzania, United Republic of",1982,498.37,3,51.53,1
TZA,"Tanzania, United Republic of",1983,480.4,3,51.54,1
TZA,"Tanzania, United Republic of",1984,486.73,3,51.55,1
TZA,"Tanzania, United Republic of",1985,476.98,3,51.56,1
TZA,"Tanzania, United Republic of",1986,486.83,3,51.67,2
TZA,"Tanzania, United Republic of",1987,493.83,3,51.73,1
TZA,"Tanzania, United Republic of",1988,513.87,3,51.84,1
TZA,"Tanzania, United Republic of",1989,519.22,3,51.74,1
TZA,"Tanzania, United Republic of",1990,541.54,3,51.48,3
TZA,"Tanzania, United Republic of",1991,538.97,3,51.31,3
TZA,"Tanzania, United Republic of",1992,528.78,3,50.99,1
TZA,"Tanzania, United Republic of",1993,518.66,3,50.87,2
TZA,"Tanzania, United Republic of",1994,506.97,3,50.8,2
TZA,"Tanzania, United Republic of",1995,508.84,3,50.79,2
TZA,"Tanzania, United Republic of",1996,522.33,3,50.74,1
TZA,"Tanzania, United Republic of",1997,529.95,3,50.62,5
TZA,"Tanzania, United Republic of",1998,535.36,3,50.91,4
TZA,"Tanzania, United Republic of",1999,546.61,3,51.75,1
TZA,"Tanzania, United Republic of",2000,555.35,3,52.36,6
TZA,"Tanzania, United Republic of",2001,573.4,3,53.16,5
TZA,"Tanzania, United Republic of",2002,598.42,3,53.86,3
TZA,"Tanzania, United Republic of",2003,621.72,3,54.9,2
TZA,"Tanzania, United Republic of",2004,650.52,3,55.6,2
TZA,"Tanzania, United Republic of",2005,680.05,3,56.3,3
TZA,"Tanzania, United Republic of",2006,704.5,3,56.91,8
TZA,"Tanzania, United Republic of",2007,731.52,3,57.52,2
TZA,"Tanzania, United Republic of",2008,752.54,3,58.09,4
TZA,"Tanzania, United Republic of",2009,772.93,3,58.89,4
TZA,"Tanzania, United Republic of",2011,839,3,61.05,4
TZA,"Tanzania, United Republic of",2012,851.91,3,62.03,1
TZA,"Tanzania, United Republic of",2014,913.81,3,63.87,2
TZA,"Tanzania, United Republic of",2015,939.13,3,64.65,4
TZA,"Tanzania, United Republic of",2016,970.16,3,65.39,4
TZA,"Tanzania, United Republic of",2017,1001.89,3,66,1
TZA,"Tanzania, United Republic of",2018,1024.02,3,66.54,1
TZA,"Tanzania, United Republic of",2019,1051.77,3,66.99,6
TZA,"Tanzania, United Republic of",2020,1041.26,3,66.41,5
TZA,"Tanzania, United Republic of",2021,1054.32,3,66.2,3
TZA,"Tanzania, United Republic of",2022,1070.59,3,66.78,2
UGA,Uganda,1982,359.21,3,43.18,1
UGA,Uganda,1986,329.58,3,45.32,1
UGA,Uganda,1987,332.19,3,46.62,1
UGA,Uganda,1988,348.37,3,46.7,1
UGA,Uganda,1989,358.77,3,46.47,1
UGA,Uganda,1990,369.84,3,46.44,3
UGA,Uganda,1991,377.78,3,46.32,1
UGA,Uganda,1992,377.61,3,46.37,1
UGA,Uganda,1994,406.59,3,46.35,1
UGA,Uganda,1996,468.43,3,46.67,1
UGA,Uganda,1997,478.25,3,46.98,4
UGA,Uganda,1998,487.01,3,47.17,3
UGA,Uganda,1999,509.46,3,47.79,4
UGA,Uganda,2000,509.2,3,48.34,4
UGA,Uganda,2001,519.46,3,49.01,4
UGA,Uganda,2002,547.41,3,49.65,4
UGA,Uganda,2003,564.72,3,50.37,3
UGA,Uganda,2004,585.34,3,51.55,3
UGA,Uganda,2005,604.4,3,52.98,3
UGA,Uganda,2006,650.27,3,54.37,6
UGA,Uganda,2007,684.54,3,55.24,4
UGA,Uganda,2008,722.57,3,55.82,3
UGA,Uganda,2009,749.34,3,56.49,2
UGA,Uganda,2010,768.62,3,57.06,2
UGA,Uganda,2011,816.52,3,57.96,3
UGA,Uganda,2012,823.58,3,58.82,5
UGA,Uganda,2013,828.99,3,59.76,4
UGA,Uganda,2016,874.65,3,61.65,3
UGA,Uganda,2017,871.09,3,62.12,1
UGA,Uganda,2018,895.08,3,62.71,2
UGA,Uganda,2019,920.94,3,62.99,8
UGA,Uganda,2020,917.04,3,62.85,7
UGA,Uganda,2021,919.4,3,62.71,3
UGA,Uganda,2022,933.09,3,63.64,6
UKR,Ukraine,1992,2538.85,2,68.77,1
UKR,Ukraine,1993,2177.23,2,68.13,2
UKR,Ukraine,1994,1687.48,2,67.54,1
UKR,Ukraine,1995,1493.38,2,66.74,2
UKR,Ukraine,1996,1355.57,2,67.02,1
UKR,Ukraine,1997,1326.28,2,67.58,3
UKR,Ukraine,1998,1311.59,2,68.37,1
UKR,Ukraine,2000,1409.22,2,67.68,4
UKR,Ukraine,2001,1547.28,2,67.84,1
UKR,Ukraine,2003,1814.26,2,68.21,1
UKR,Ukraine,2005,2122.6,2,67.96,1
UKR,Ukraine,2006,2298.13,2,68.08,3
UKR,Ukraine,2007,2498.35,2,68.22,2
UKR,Ukraine,2008,2567.69,2,68.25,1
UKR,Ukraine,2009,2188.17,2,69.19,2
UKR,Ukraine,2010,2285.93,2,70.27,1
UKR,Ukraine,2012,2426.93,2,70.94,3
UKR,Ukraine,2013,2432.42,2,71.16,1
UKR,Ukraine,2016,2156.08,2,71.48,2
UKR,Ukraine,2017,2217.75,2,71.78,1
UKR,Ukraine,2018,2308.67,2,71.58,1
UKR,Ukraine,2020,2324.11,2,71.19,3
UKR,Ukraine,2021,2426.61,2,69.65,1
URY,Uruguay,1967,6380.14,2,68.56,1
URY,Uruguay,1986,7663.58,2,72.38,1
URY,Uruguay,1991,8565.27,2,73.31,1
URY,Uruguay,1992,9193.55,2,73.44,1
URY,Uruguay,1993,9388.11,2,73.58,1
URY,Uruguay,1997,11138.87,2,74.3,1
URY,Uruguay,1998,11584.95,2,74.53,1
URY,Uruguay,1999,11357.09,2,74.77,2
URY,Uruguay,2000,11096.33,2,75.03,3
URY,Uruguay,2001,10643.56,2,75.28,1
URY,Uruguay,2002,9806.77,2,75.54,2
URY,Uruguay,2003,9878.76,2,75.78,1
URY,Uruguay,2004,10366.91,2,76.01,1
URY,Uruguay,2005,11131.4,2,76.19,1
URY,Uruguay,2007,12310.48,2,76.5,3
URY,Uruguay,2009,13691.71,1,76.74,1
URY,Uruguay,2010,14722.38,1,76.86,1
URY,Uruguay,2015,17125.9,1,77.48,3
URY,Uruguay,2016,17357.23,1,77.57,1
URY,Uruguay,2017,17611.6,1,77.62,1
URY,Uruguay,2018,17608.94,1,77.61,1
URY,Uruguay,2019,17758.44,1,77.51,3
URY,Uruguay,2020,16439.31,1,78.43,2
URY,Uruguay,2022,18213.7,1,78,2
USA,"United States",1960,18991.54,1,69.77,2
USA,"United States",1961,19108.94,1,70.27,2
USA,"United States",1962,19965.14,1,70.12,3
USA,"United States",1963,20545.78,1,69.92,3
USA,"United States",1964,21437.58,1,70.17,6
USA,"United States",1965,22526.21,1,70.21,3
USA,"United States",1966,23714.94,1,70.21,6
USA,"United States",1967,24044.57,1,70.56,5
USA,"United States",1968,24948.36,1,69.95,3
USA,"United States",1969,25471.62,1,70.51,7
USA,"United States",1970,25231.13,1,70.81,3
USA,"United States",1971,25734.48,1,71.11,3
USA,"United States",1972,26798.53,1,71.16,5
USA,"United States",1973,28042.55,1,71.36,7
USA,"United States",1974,27637.3,1,71.96,2
USA,"United States",1975,27309.87,1,72.6,5
USA,"United States",1976,28509.14,1,72.86,1
USA,"United States",1977,29528.97,1,73.26,6
USA,"United States",1978,30835,1,73.36,5
USA,"United States",1979,31462.1,1,73.8,4
USA,"United States",1980,31081.62,1,73.61,8
USA,"United States",1981,31559.13,1,74.01,4
USA,"United States",1982,30696.08,1,74.36,13
USA,"United States",1983,31810.92,1,74.46,12
USA,"United States",1984,33818.82,1,74.56,14
USA,"United States",1985,34918.13,1,74.56,15
USA,"United States",1986,35794.89,1,74.61,7
USA,"United States",1987,36701.95,1,74.77,11
USA,"United States",1988,37889.38,1,74.77,22
USA,"United States",1989,38911.54,1,75.02,19
USA,"United States",1990,39200.07,1,75.21,24
USA,"United States",1991,38637.84,1,75.37,36
USA,"United States",1992,39447.95,1,75.62,32
USA,"United States",1993,40002.48,1,75.42,30
USA,"United States",1994,41106.99,1,75.62,16
USA,"United States",1995,41710.82,1,75.62,17
USA,"United States",1996,42783.82,1,76.03,14
USA,"United States",1997,44151.69,1,76.43,33
USA,"United States",1998,45596.43,1,76.58,32
USA,"United States",1999,47234.25,1,76.58,22
USA,"United States",2000,48616.25,1,76.64,31
USA,"United States",2001,48597.42,1,76.84,27
USA,"United States",2002,48967.37,1,76.94,31
USA,"United States",2003,49905.52,1,77.04,23
USA,"United States",2004,51348.35,1,77.49,20
USA,"United States",2005,52649.57,1,77.49,16
USA,"United States",2006,53596.32,1,77.69,30
USA,"United States",2007,54152.83,1,77.99,23
USA,"United States",2008,53703.96,1,78.04,22
USA,"United States",2009,51863.62,1,78.39,17
USA,"United States",2010,52821.4,1,78.54,15
USA,"United States",2011,53259.26,1,78.64,22
USA,"United States",2012,54080.23,1,78.74,25
USA,"United States",2013,54844.24,1,78.74,28
USA,"United States",2014,55817.56,1,78.84,20
USA,"United States",2015,57040.21,1,78.69,29
USA,"United States",2016,57658.67,1,78.54,27
USA,"United States",2017,58703.14,1,78.54,24
USA,"United States",2018,60127.21,1,78.64,20
USA,"United States",2019,61400.55,1,78.79,21
USA,"United States",2020,59493.15,1,76.98,23
USA,"United States",2021,62996.29,1,76.33,43
USA,"United States",2022,64342.12,1,77.43,27
UZB,Uzbekistan,1992,1320.6,2,65.11,2
UZB,Uzbekistan,1998,1204.09,2,65.04,1
UZB,Uzbekistan,1999,1238.37,2,65.38,1
UZB,Uzbekistan,2000,1269.72,2,65.72,1
UZB,Uzbekistan,2005,1549.05,2,67.49,1
UZB,Uzbekistan,2011,2271.01,2,69.65,1
UZB,Uzbekistan,2020,3249.05,2,70.33,1
UZB,Uzbekistan,2021,3442.72,2,70.86,1
UZB,Uzbekistan,2022,3576.72,2,71.67,1
VCT,"Saint Vincent and the Grenadines",1967,1643.36,2,66.67,1
VCT,"Saint Vincent and the Grenadines",1971,1973.63,2,68.73,1
VCT,"Saint Vincent and the Grenadines",1977,2207.59,2,69.68,1
VCT,"Saint Vincent and the Grenadines",1979,2469.59,2,69.75,1
VCT,"Saint Vincent and the Grenadines",1980,2512.07,2,70.18,1
VCT,"Saint Vincent and the Grenadines",1986,3196.99,2,71.64,1
VCT,"Saint Vincent and the Grenadines",1987,3189.97,2,72.05,2
VCT,"Saint Vincent and the Grenadines",1992,4042.58,2,72.62,1
VCT,"Saint Vincent and the Grenadines",1999,4989.05,2,71.3,1
VCT,"Saint Vincent and the Grenadines",2002,5436.01,2,72.17,1
VCT,"Saint Vincent and the Grenadines",2004,6065.8,2,73.04,1
VCT,"Saint Vincent and the Grenadines",2005,6238.03,2,73.52,1
VCT,"Saint Vincent and the Grenadines",2010,6671.27,2,74.72,2
VCT,"Saint Vincent and the Grenadines",2011,6667.82,2,74.6,1
VCT,"Saint Vincent and the Grenadines",2013,6989.48,2,73.8,1
VCT,"Saint Vincent and the Grenadines",2016,7702.62,2,74.28,2
VCT,"Saint Vincent and the Grenadines",2020,8025.28,2,72.13,1
VCT,"Saint Vincent and the Grenadines",2021,8139.64,2,69.63,2
VIR,"Virgin Islands, U.S.",2004,44466.29,1,77.77,1
VIR,"Virgin Islands, U.S.",2017,34435.49,1,79.37,2
VNM,"Viet Nam",1984,595.49,3,67.31,3
VNM,"Viet Nam",1985,603.98,3,67.6,2
VNM,"Viet Nam",1986,607.59,3,68.01,2
VNM,"Viet Nam",1987,616.72,3,68.39,3
VNM,"Viet Nam",1988,635.4,3,68.47,2
VNM,"Viet Nam",1989,668.32,3,69.08,3
VNM,"Viet Nam",1990,687.86,3,69.21,5
VNM,"Viet Nam",1991,713.75,3,69.85,7
VNM,"Viet Nam",1992,759.91,3,69.96,5
VNM,"Viet Nam",1993,805.61,3,70.62,4
VNM,"Viet Nam",1994,861.12,3,70.76,3
VNM,"Viet Nam",1995,927.63,3,71.38,2
VNM,"Viet Nam",1996,998.92,3,71.51,7
VNM,"Viet Nam",1997,1064.78,3,71.8,4
VNM,"Viet Nam",1998,1110.11,3,72.11,6
VNM,"Viet Nam",1999,1148.04,2,72.32,5
VNM,"Viet Nam",2000,1212.2,2,72.46,11
VNM,"Viet Nam",2001,1273.81,2,72.65,7
VNM,"Viet Nam",2002,1340.52,2,72.8,6
VNM,"Viet Nam",2003,1418.74,2,72.98,5
VNM,"Viet Nam",2004,1510.94,2,73.14,6
VNM,"Viet Nam",2005,1609.96,2,73.27,11
VNM,"Viet Nam",2006,1699.68,2,73.32,11
VNM,"Viet Nam",2007,1788.95,2,73.44,7
VNM,"Viet Nam",2008,1856.01,2,73.41,10
VNM,"Viet Nam",2009,1927.13,2,73.5,6
VNM,"Viet Nam",2010,2027.58,2,73.51,7
VNM,"Viet Nam",2011,2132.9,2,73.69,5
VNM,"Viet Nam",2012,2224.11,2,73.7,4
VNM,"Viet Nam",2013,2320.08,2,73.77,10
VNM,"Viet Nam",2014,2439.29,2,73.86,3
VNM,"Viet Nam",2015,2577.57,2,73.88,5
VNM,"Viet Nam",2016,2715.58,2,73.94,9
VNM,"Viet Nam",2017,2868.14,2,73.96,9
VNM,"Viet Nam",2018,3048.28,2,73.98,7
VNM,"Viet Nam",2019,3241.08,2,74.09,8
VNM,"Viet Nam",2020,3303.17,2,75.38,11
VNM,"Viet Nam",2021,3358.22,2,73.62,8
VNM,"Viet Nam",2022,3603.86,2,74.58,8
VUT,Vanuatu,1979,2945.84,2,60.45,1
VUT,Vanuatu,1981,2604.28,2,61.82,2
VUT,Vanuatu,1985,2746.54,2,64.23,1
VUT,Vanuatu,1987,2530.44,2,64.58,1
VUT,Vanuatu,1988,2424.53,2,66.04,3
VUT,Vanuatu,1989,2399.67,2,66.13,1
VUT,Vanuatu,1990,2613.89,2,66.68,3
VUT,Vanuatu,1992,2631.76,2,67.35,2
VUT,Vanuatu,1993,2587.03,2,67.53,1
VUT,Vanuatu,1994,2755.42,2,67.74,1
VUT,Vanuatu,1998,2768.49,2,68.76,1
VUT,Vanuatu,1999,2720.84,2,68.24,2
VUT,Vanuatu,2001,2653.21,2,69.04,3
VUT,Vanuatu,2002,2453.23,2,69.2,3
VUT,Vanuatu,2004,2533.08,2,69.31,1
VUT,Vanuatu,2005,2603.57,2,69.39,1
VUT,Vanuatu,2006,2756.33,2,69.46,1
VUT,Vanuatu,2008,2849.61,2,69.6,1
VUT,Vanuatu,2009,2862.54,2,69.65,2
VUT,Vanuatu,2011,2857.67,2,69.55,2
VUT,Vanuatu,2014,2798.19,2,69.46,1
VUT,Vanuatu,2015,2746.59,2,69.51,1
VUT,Vanuatu,2016,2812.11,2,69.65,1
VUT,Vanuatu,2017,2920.84,2,69.71,2
VUT,Vanuatu,2018,2934.42,2,69.8,2
VUT,Vanuatu,2020,2747.31,2,70.3,1
VUT,Vanuatu,2021,2642.67,2,70.45,1
WSM,Samoa,1983,2357.07,2,65.74,2
WSM,Samoa,1989,2655.65,2,67.47,1
WSM,Samoa,1990,2534.12,2,67.66,1
WSM,Samoa,1991,2471.07,2,67.88,1
WSM,Samoa,2001,3137.46,2,71.02,1
WSM,Samoa,2004,3535.74,2,71.7,1
WSM,Samoa,2005,3755.78,2,71.75,1
WSM,Samoa,2009,3875.94,2,70.07,1
WSM,Samoa,2012,4007.91,2,72.17,1
WSM,Samoa,2015,4084.36,2,72.52,1
WSM,Samoa,2018,4321.01,2,72.64,1
WSM,Samoa,2019,4466.08,2,72.16,1
YEM,Yemen,1991,1761.79,2,59.05,2
YEM,Yemen,1993,1838.27,2,59.86,1
YEM,Yemen,1996,1949.98,2,60.57,2
YEM,Yemen,1998,2041.65,2,61.38,2
YEM,Yemen,1999,2053.78,2,61.98,1
YEM,Yemen,2000,2114.65,2,62.59,1
YEM,Yemen,2001,2129.75,2,63.22,3
YEM,Yemen,2002,2148.87,2,63.91,4
YEM,Yemen,2003,2164.84,2,64.54,1
YEM,Yemen,2005,2237.62,2,65.54,4
YEM,Yemen,2006,2234.72,2,65.99,2
YEM,Yemen,2007,2235.73,2,66.56,4
YEM,Yemen,2008,2244.02,2,66.96,1
YEM,Yemen,2009,2257.45,2,67.2,1
YEM,Yemen,2010,2356.2,2,67.28,2
YEM,Yemen,2013,2014.73,2,67.54,1
YEM,Yemen,2015,1362.17,2,65.87,3
YEM,Yemen,2016,1197.96,2,66.06,3
YEM,Yemen,2017,1103.46,3,65.96,3
YEM,Yemen,2018,1079.33,3,64.58,2
YEM,Yemen,2019,1069.79,3,65.09,5
YEM,Yemen,2020,951.13,3,64.65,4
YEM,Yemen,2021,916.13,3,63.75,2
YEM,Yemen,2022,903.53,3,63.72,3
ZAF,"South Africa",1964,4532.23,2,53.91,1
ZAF,"South Africa",1968,4953.8,2,54.88,1
ZAF,"South Africa",1969,5029.65,2,55.19,1
ZAF,"South Africa",1974,5385.83,2,57.12,1
ZAF,"South Africa",1977,5155.69,2,58.49,1
ZAF,"South Africa",1978,5168.07,2,58.98,1
ZAF,"South Africa",1981,5498.59,2,60.36,1
ZAF,"South Africa",1982,5291.38,2,60.93,1
ZAF,"South Africa",1983,5015.37,2,61.46,1
ZAF,"South Africa",1984,5091.72,2,61.91,2
ZAF,"South Africa",1986,4712.82,2,62.91,1
ZAF,"South Africa",1987,4664.13,2,63.04,1
ZAF,"South Africa",1988,4714.22,2,63.34,2
ZAF,"South Africa",1990,4544.23,2,63.38,2
ZAF,"South Africa",1991,4396.36,2,63.26,2
ZAF,"South Africa",1993,4193.6,2,63.04,2
ZAF,"South Africa",1994,4258.26,2,62.61,2
ZAF,"South Africa",1995,4337.3,2,62.26,2
ZAF,"South Africa",1996,4465.51,2,61.46,4
ZAF,"South Africa",1997,4527.05,2,60.8,2
ZAF,"South Africa",1998,4494.86,2,60,2
ZAF,"South Africa",1999,4552.85,2,59.24,5
ZAF,"South Africa",2000,4700.88,2,58.47,5
ZAF,"South Africa",2001,4786.48,2,57.26,6
ZAF,"South Africa",2002,4916.81,2,55.67,9
ZAF,"South Africa",2003,5011.62,2,54.33,2
ZAF,"South Africa",2004,5187.36,2,54.04,3
ZAF,"South Africa",2005,5406.08,2,53.98,1
ZAF,"South Africa",2006,5650.99,2,54.28,2
ZAF,"South Africa",2007,5891.42,2,54.99,3
ZAF,"South Africa",2008,6009.72,2,56.02,4
ZAF,"South Africa",2009,5847.06,2,57.45,3
ZAF,"South Africa",2010,5953.95,2,58.9,1
ZAF,"South Africa",2011,6067.12,2,60.65,3
ZAF,"South Africa",2012,6121.56,2,61.85,2
ZAF,"South Africa",2013,6170.88,2,62.53,1
ZAF,"South Africa",2014,6155.01,2,63.38,2
ZAF,"South Africa",2015,6112.27,2,63.95,1
ZAF,"South Africa",2016,6095.3,2,64.75,3
ZAF,"South Africa",2017,6125.69,2,65.4,5
ZAF,"South Africa",2019,6032.83,2,66.18,6
ZAF,"South Africa",2020,5569.58,2,65.25,2
ZAF,"South Africa",2021,5756.2,2,62.34,4
ZAF,"South Africa",2022,5783.86,2,61.48,8
ZMB,Zambia,1978,1129.47,3,54.61,1
ZMB,Zambia,1979,1062.96,3,54.44,1
ZMB,Zambia,1982,1030.05,3,53.86,2
ZMB,Zambia,1986,910.94,3,51.06,1
ZMB,Zambia,1989,905.75,3,48.7,1
ZMB,Zambia,1990,878.59,3,47.93,1
ZMB,Zambia,1991,856.76,3,47.1,2
ZMB,Zambia,1992,821.85,3,46.51,1
ZMB,Zambia,1995,768.04,3,45.55,1
ZMB,Zambia,1998,781.66,3,44.7,1
ZMB,Zambia,1999,796.38,3,44.66,4
ZMB,Zambia,2000,804.48,3,45.23,3
ZMB,Zambia,2001,822.02,3,46.02,2
ZMB,Zambia,2003,863.65,3,48.28,3
ZMB,Zambia,2004,895.48,3,49.49,1
ZMB,Zambia,2005,929.08,3,50.66,3
ZMB,Zambia,2006,968.56,3,51.8,1
ZMB,Zambia,2007,1013.09,3,52.74,4
ZMB,Zambia,2008,1053.59,3,53.94,2
ZMB,Zambia,2009,1110.72,3,55.3,2
ZMB,Zambia,2010,1183.42,2,56.8,2
ZMB,Zambia,2011,1208.46,2,57.77,1
ZMB,Zambia,2012,1258.79,2,58.87,1
ZMB,Zambia,2013,1280.77,2,59.88,1
ZMB,Zambia,2014,1299.01,2,60.7,1
ZMB,Zambia,2017,1308.77,2,62.12,1
ZMB,Zambia,2019,1301.18,2,62.79,2
ZMB,Zambia,2020,1228.74,2,62.38,3
ZMB,Zambia,2021,1269.11,2,61.22,1
ZMB,Zambia,2022,1298.85,2,61.8,1
ZWE,Zimbabwe,1975,1651.35,2,57.55,1
ZWE,Zimbabwe,1982,1605.24,2,59.88,1
ZWE,Zimbabwe,1991,1691.12,2,58.09,1
ZWE,Zimbabwe,1992,1495.83,2,56.44,1
ZWE,Zimbabwe,1996,1750.58,2,48.96,1
ZWE,Zimbabwe,1998,1779.83,2,46.82,4
ZWE,Zimbabwe,1999,1736.94,2,45.21,2
ZWE,Zimbabwe,2000,1668.43,2,44.69,4
ZWE,Zimbabwe,2001,1681.16,2,41.96,2
ZWE,Zimbabwe,2002,1516.97,2,44.56,2
ZWE,Zimbabwe,2003,1244.27,2,43.39,3
ZWE,Zimbabwe,2005,1082.84,3,44.77,2
ZWE,Zimbabwe,2007,981.95,3,45.61,5
ZWE,Zimbabwe,2008,798.77,3,46.72,1
ZWE,Zimbabwe,2009,882.28,3,48.06,2
ZWE,Zimbabwe,2010,1054.4,3,50.65,4
ZWE,Zimbabwe,2011,1187.32,2,53.35,2
ZWE,Zimbabwe,2013,1375.85,2,57.46,2
ZWE,Zimbabwe,2014,1377.25,2,58.85,2
ZWE,Zimbabwe,2015,1386.42,2,59.59,2
ZWE,Zimbabwe,2016,1379.63,2,60.31,1
ZWE,Zimbabwe,2017,1415.35,2,60.71,2
ZWE,Zimbabwe,2018,1464.32,2,61.41,2
ZWE,Zimbabwe,2019,1350.31,2,61.29,2
ZWE,Zimbabwe,2021,1305.22,2,59.25,2
ZWE,Zimbabwe,2022,1361.91,2,59.39,3
