iso,country_name,year,disaster_type,disaster_count,total_economic_damage,gdp_per_capita,tourism_previous_year,tourism_disaster_year,tourism_following_year,percent_change_during_year,percent_change_after_one_year
ESP,Spain,1962,Flood,1,576082.86,7586.92,NULL,NULL,NULL,NULL,NULL
IRN,"Iran, Islamic Republic of",1962,Earthquake,1,216030.63,2629.73,NULL,NULL,NULL,NULL,NULL
LBY,Libya,1963,Earthquake,1,35564.13,4893.77,NULL,NULL,NULL,NULL,NULL
BGD,Bangladesh,1964,Flood,1,35115.17,472.53,NULL,NULL,NULL,NULL,NULL
BRA,Brazil,1964,Flood,1,3511.59,2785.07,NULL,NULL,NULL,NULL,NULL
FJI,Fiji,1964,Flood,1,7725.21,2256.39,NULL,NULL,NULL,NULL,NULL
IND,India,1964,Flood,1,3511.59,346.01,NULL,NULL,NULL,NULL,NULL
JPN,Japan,1964,Earthquake,1,5618431.99,9084.8,NULL,NULL,NULL,NULL,NULL
MEX,Mexico,1964,Earthquake,1,21068.82,4845.87,NULL,NULL,NULL,NULL,NULL
PAK,Pakistan,1964,Flood,1,3511.59,482.25,NULL,NULL,NULL,NULL,NULL
TUN,Tunisia,1964,Flood,1,21068.82,1109.85,NULL,NULL,NULL,NULL,NULL
TUR,Turkey,1964,Earthquake,1,35115.17,2684.8,NULL,NULL,NULL,NULL,NULL
USA,"United States",1964,Earthquake,1,2184165.34,21437.58,NULL,NULL,NULL,NULL,NULL
USA,"United States",1964,Flood,1,5758892.68,21437.58,NULL,NULL,NULL,NULL,NULL
BOL,"Bolivia, Plurinational State of",1965,Flood,1,691.31,1444.23,NULL,NULL,NULL,NULL,NULL
BRA,Brazil,1965,Flood,2,117528.85,2772.67,NULL,NULL,NULL,NULL,NULL
CHL,Chile,1965,Earthquake,1,864181.13,3564.01,NULL,NULL,NULL,NULL,NULL
CHL,Chile,1965,Flood,1,69134.4,3564.01,NULL,NULL,NULL,NULL,NULL
DZA,Algeria,1965,Earthquake,1,13826.88,2311.74,NULL,NULL,NULL,NULL,NULL
ECU,Ecuador,1965,Flood,1,27653.76,2586.07,NULL,NULL,NULL,NULL,NULL
GRC,Greece,1965,Earthquake,1,55307.52,7481.9,NULL,NULL,NULL,NULL,NULL
HND,Honduras,1965,Flood,1,3456.54,1342.51,NULL,NULL,NULL,NULL,NULL
JOR,Jordan,1965,Flood,1,6913.8,NULL,NULL,NULL,NULL,NULL,NULL
JPN,Japan,1965,Flood,1,622210.36,9510.55,NULL,NULL,NULL,NULL,NULL
KOR,"Korea, Republic of",1965,Flood,1,252341.11,1274.27,NULL,NULL,NULL,NULL,NULL
MAR,Morocco,1965,Flood,1,34567.56,NULL,NULL,NULL,NULL,NULL,NULL
MEX,Mexico,1965,Flood,1,55307.52,5021.35,NULL,NULL,NULL,NULL,NULL
MYS,Malaysia,1965,Flood,1,6913.8,1551.34,NULL,NULL,NULL,NULL,NULL
PRY,Paraguay,1965,Flood,1,13826.88,1710.03,NULL,NULL,NULL,NULL,NULL
SLV,"El Salvador",1965,Earthquake,1,241970.77,2637,NULL,NULL,NULL,NULL,NULL
USA,"United States",1965,Earthquake,1,193576.33,22526.21,NULL,NULL,NULL,NULL,NULL
ARG,Argentina,1966,Flood,1,201333,8041.22,NULL,NULL,NULL,NULL,NULL
BGD,Bangladesh,1966,Flood,1,6710.77,464.56,NULL,NULL,NULL,NULL,NULL
BOL,"Bolivia, Plurinational State of",1966,Flood,2,4147.85,1514.71,NULL,NULL,NULL,NULL,NULL
BRA,Brazil,1966,Flood,2,408799.84,2878.7,NULL,NULL,NULL,NULL,NULL
CHL,Chile,1966,Earthquake,1,2684.45,3891.59,NULL,NULL,NULL,NULL,NULL
COD,"Congo, The Democratic Republic of the",1966,Earthquake,1,1341.87,1278.49,NULL,NULL,NULL,NULL,NULL
DZA,Algeria,1966,Flood,1,67111.24,2161.49,NULL,NULL,NULL,NULL,NULL
GRC,Greece,1966,Earthquake,2,120800.23,7909.25,NULL,NULL,NULL,NULL,NULL
HKG,"Hong Kong",1966,Flood,1,53688.99,5791.1,NULL,NULL,NULL,NULL,NULL
IDN,Indonesia,1966,Flood,1,221466.73,575.86,NULL,NULL,NULL,NULL,NULL
IND,India,1966,Flood,1,9395.22,322.24,NULL,NULL,NULL,NULL,NULL
ITA,Italy,1966,Flood,1,13422205.32,12701.16,NULL,NULL,NULL,NULL,NULL
JOR,Jordan,1966,Flood,1,9395.22,NULL,NULL,NULL,NULL,NULL,NULL
KOR,"Korea, Republic of",1966,Flood,1,12750.96,1391.67,NULL,NULL,NULL,NULL,NULL
LAO,"Lao People's Democratic Republic",1966,Flood,1,102679.66,NULL,NULL,NULL,NULL,NULL,NULL
LKA,"Sri Lanka",1966,Flood,1,33555.26,695.4,NULL,NULL,NULL,NULL,NULL
MNG,Mongolia,1966,Flood,1,167777.74,NULL,NULL,NULL,NULL,NULL,NULL
NPL,Nepal,1966,Earthquake,1,6710.77,349.35,NULL,NULL,NULL,NULL,NULL
PAN,Panama,1966,Flood,1,6710.77,3749.34,NULL,NULL,NULL,NULL,NULL
PER,Peru,1966,Earthquake,1,100666.5,3413.01,NULL,NULL,NULL,NULL,NULL
PRY,Paraguay,1966,Flood,1,6710.77,1702.11,NULL,NULL,NULL,NULL,NULL
SEN,Senegal,1966,Flood,1,335.29,1100.59,NULL,NULL,NULL,NULL,NULL
THA,Thailand,1966,Flood,1,6710.77,779.3,NULL,NULL,NULL,NULL,NULL
TUR,Turkey,1966,Earthquake,1,134221.76,2918.89,NULL,NULL,NULL,NULL,NULL
UGA,Uganda,1966,Earthquake,1,10066.51,NULL,NULL,NULL,NULL,NULL,NULL
VNM,"Viet Nam",1966,Flood,1,67111.24,NULL,NULL,NULL,NULL,NULL,NULL
ALB,Albania,1967,Earthquake,1,130600.79,NULL,NULL,NULL,NULL,NULL,NULL
ARG,Argentina,1967,Flood,1,19590.4,8172.27,NULL,NULL,NULL,NULL,NULL
BRA,Brazil,1967,Flood,4,99909.42,2921.37,NULL,NULL,NULL,NULL,NULL
COL,Colombia,1967,Earthquake,1,3918.37,2194.44,NULL,NULL,NULL,NULL,NULL
DZA,Algeria,1967,Flood,1,19590.4,2313.26,NULL,NULL,NULL,NULL,NULL
ECU,Ecuador,1967,Flood,1,652.7,2540.66,NULL,NULL,NULL,NULL,NULL
GRC,Greece,1967,Earthquake,1,32650.2,8289.87,NULL,NULL,NULL,NULL,NULL
IND,India,1967,Earthquake,1,2612.24,340.08,NULL,NULL,NULL,NULL,NULL
IRQ,Iraq,1967,Flood,1,32650.2,1117.06,NULL,NULL,NULL,NULL,NULL
JPN,Japan,1967,Flood,1,130600.79,11462.93,NULL,NULL,NULL,NULL,NULL
LKA,"Sri Lanka",1967,Flood,1,19590.4,722.51,NULL,NULL,NULL,NULL,NULL
MEX,Mexico,1967,Flood,1,3264.95,5278.11,NULL,NULL,NULL,NULL,NULL
MOZ,Mozambique,1967,Flood,1,1175407.12,NULL,NULL,NULL,NULL,NULL,NULL
MWI,Malawi,1967,Flood,1,3264.95,332.43,NULL,NULL,NULL,NULL,NULL
MYS,Malaysia,1967,Flood,1,167168.64,1654.77,NULL,NULL,NULL,NULL,NULL
PAK,Pakistan,1967,Flood,1,18284.28,546.28,NULL,NULL,NULL,NULL,NULL
PER,Peru,1967,Flood,1,97950.59,3445.55,NULL,NULL,NULL,NULL,NULL
PRT,Portugal,1967,Flood,1,19590.4,6183.79,NULL,NULL,NULL,NULL,NULL
SYR,"Syrian Arab Republic",1967,Flood,1,32650.2,588.02,NULL,NULL,NULL,NULL,NULL
TUR,Turkey,1967,Earthquake,1,19590.4,2978.67,NULL,NULL,NULL,NULL,NULL
URY,Uruguay,1967,Flood,1,254671.69,6380.14,NULL,NULL,NULL,NULL,NULL
VEN,"Venezuela, Bolivarian Republic of",1967,Earthquake,1,914205.54,NULL,NULL,NULL,NULL,NULL,NULL
VEN,"Venezuela, Bolivarian Republic of",1967,Flood,1,26943.15,NULL,NULL,NULL,NULL,NULL,NULL
AUS,Australia,1968,Earthquake,1,16282.56,24355.63,NULL,NULL,NULL,NULL,NULL
BGD,Bangladesh,1968,Flood,1,1248745.86,470.58,NULL,NULL,NULL,NULL,NULL
BOL,"Bolivia, Plurinational State of",1968,Flood,1,18787.57,1672.33,NULL,NULL,NULL,NULL,NULL
ETH,Ethiopia,1968,Flood,1,5761.38,278.86,NULL,NULL,NULL,NULL,NULL
GHA,Ghana,1968,Flood,1,467809.83,1042.42,NULL,NULL,NULL,NULL,NULL
GRC,Greece,1968,Earthquake,1,3757.51,8829.42,NULL,NULL,NULL,NULL,NULL
IDN,Indonesia,1968,Flood,1,49041.43,614.07,NULL,NULL,NULL,NULL,NULL
IND,India,1968,Flood,1,589929.05,344.13,NULL,NULL,NULL,NULL,NULL
IRN,"Iran, Islamic Republic of",1968,Earthquake,2,225450.86,4215.94,NULL,NULL,NULL,NULL,NULL
IRQ,Iraq,1968,Flood,1,18787.57,1290.03,NULL,NULL,NULL,NULL,NULL
ITA,Italy,1968,Earthquake,1,1565629.57,14308.56,NULL,NULL,NULL,NULL,NULL
JPN,Japan,1968,Earthquake,1,820389.93,12794.62,NULL,NULL,NULL,NULL,NULL
KEN,Kenya,1968,Flood,1,313.13,873.4,NULL,NULL,NULL,NULL,NULL
LAO,"Lao People's Democratic Republic",1968,Flood,1,8016.17,NULL,NULL,NULL,NULL,NULL,NULL
MEX,Mexico,1968,Earthquake,1,15030.06,5589.05,NULL,NULL,NULL,NULL,NULL
NIC,Nicaragua,1968,Earthquake,1,12525.05,2371.25,NULL,NULL,NULL,NULL,NULL
NIC,Nicaragua,1968,Flood,1,9393.79,2371.25,NULL,NULL,NULL,NULL,NULL
NPL,Nepal,1968,Flood,1,1878.76,331.72,NULL,NULL,NULL,NULL,NULL
NZL,"New Zealand",1968,Earthquake,1,16714.36,19777,NULL,NULL,NULL,NULL,NULL
PER,Peru,1968,Earthquake,1,626.25,3355.07,NULL,NULL,NULL,NULL,NULL
PHL,Philippines,1968,Earthquake,1,31312.62,1311.52,NULL,NULL,NULL,NULL,NULL
TZA,"Tanzania, United Republic of",1968,Flood,1,6262.52,1059.95,NULL,NULL,NULL,NULL,NULL
ZAF,"South Africa",1968,Flood,1,187875.72,4953.8,NULL,NULL,NULL,NULL,NULL
BRA,Brazil,1969,Flood,1,34263.01,3338.76,NULL,NULL,NULL,NULL,NULL
COL,Colombia,1969,Flood,1,2968.98,2338.11,NULL,NULL,NULL,NULL,NULL
CRI,"Costa Rica",1969,Flood,1,23752.55,4459.99,NULL,NULL,NULL,NULL,NULL
DZA,Algeria,1969,Flood,1,59381.74,2655.44,NULL,NULL,NULL,NULL,NULL
ETH,Ethiopia,1969,Earthquake,1,1900.2,275.06,NULL,NULL,NULL,NULL,NULL
KOR,"Korea, Republic of",1969,Flood,1,133014.29,1836.48,NULL,NULL,NULL,NULL,NULL
LKA,"Sri Lanka",1969,Flood,1,50474.08,785.27,NULL,NULL,NULL,NULL,NULL
MWI,Malawi,1969,Flood,1,1187.45,328.55,NULL,NULL,NULL,NULL,NULL
PER,Peru,1969,Earthquake,1,29690.51,3377.29,NULL,NULL,NULL,NULL,NULL
SUR,Suriname,1969,Flood,1,296.68,5840.34,NULL,NULL,NULL,NULL,NULL
TUN,Tunisia,1969,Flood,1,593815.24,1162.96,NULL,NULL,NULL,NULL,NULL
USA,"United States",1969,Flood,1,2375260.97,25471.62,NULL,NULL,NULL,NULL,NULL
ZAF,"South Africa",1969,Earthquake,1,142515.32,5029.65,NULL,NULL,NULL,NULL,NULL
ARG,Argentina,1970,Flood,1,140264.81,9244.12,NULL,NULL,NULL,NULL,NULL
BEN,Benin,1970,Flood,1,1122.39,720.61,NULL,NULL,NULL,NULL,NULL
BGD,Bangladesh,1970,Flood,1,140264.81,476.5,NULL,NULL,NULL,NULL,NULL
BRA,Brazil,1970,Flood,1,258087.48,3595.95,NULL,NULL,NULL,NULL,NULL
BRB,Barbados,1970,Flood,1,2805.27,12915.45,NULL,NULL,NULL,NULL,NULL
COL,Colombia,1970,Earthquake,1,2244.07,2421.23,NULL,NULL,NULL,NULL,NULL
COL,Colombia,1970,Flood,2,779030.82,2421.23,NULL,NULL,NULL,NULL,NULL
CRI,"Costa Rica",1970,Flood,2,168317.49,4665.12,NULL,NULL,NULL,NULL,NULL
ECU,Ecuador,1970,Earthquake,1,22442.14,2648.65,NULL,NULL,NULL,NULL,NULL
ECU,Ecuador,1970,Flood,2,2917.51,2648.65,NULL,NULL,NULL,NULL,NULL
HUN,Hungary,1970,Flood,1,476900.5,4757.62,NULL,NULL,NULL,NULL,NULL
IND,India,1970,Flood,1,567792.17,369.19,NULL,NULL,NULL,NULL,NULL
IRN,"Iran, Islamic Republic of",1970,Earthquake,1,44885,5085.76,NULL,NULL,NULL,NULL,NULL
ITA,Italy,1970,Flood,1,1505322.04,15813.2,NULL,NULL,NULL,NULL,NULL
MAR,Morocco,1970,Flood,1,168317.49,1039.61,NULL,NULL,NULL,NULL,NULL
MYS,Malaysia,1970,Flood,1,207591.95,1855.25,NULL,NULL,NULL,NULL,NULL
PAN,Panama,1970,Flood,1,84158.74,4500.46,NULL,NULL,NULL,NULL,NULL
PER,Peru,1970,Earthquake,2,2984835.47,3404.49,NULL,NULL,NULL,NULL,NULL
PER,Peru,1970,Flood,1,29175.07,3404.49,NULL,NULL,NULL,NULL,NULL
PNG,"Papua New Guinea",1970,Earthquake,1,9818.44,2028.54,NULL,NULL,NULL,NULL,NULL
ROU,Romania,1970,Flood,1,2805296.2,NULL,NULL,NULL,NULL,NULL,NULL
TUR,Turkey,1970,Earthquake,1,311948.76,3176.01,NULL,NULL,NULL,NULL,NULL
AUS,Australia,1971,Flood,1,107593.16,26975.67,NULL,NULL,NULL,NULL,NULL
BRA,Brazil,1971,Flood,1,27974.04,3907.01,NULL,NULL,NULL,NULL,NULL
CHL,Chile,1971,Earthquake,1,1271750.62,4437.48,NULL,NULL,NULL,NULL,NULL
ECU,Ecuador,1971,Flood,1,268.8,2733.32,NULL,NULL,NULL,NULL,NULL
GUY,Guyana,1971,Flood,1,1075.92,3182.83,NULL,NULL,NULL,NULL,NULL
IND,India,1971,Flood,1,2851217.08,367.03,NULL,NULL,NULL,NULL,NULL
ITA,Italy,1971,Earthquake,1,223793.73,16025.77,NULL,NULL,NULL,NULL,NULL
LAO,"Lao People's Democratic Republic",1971,Flood,1,1075.92,NULL,NULL,NULL,NULL,NULL,NULL
PER,Peru,1971,Flood,1,3227.77,3474.1,NULL,NULL,NULL,NULL,NULL
PRY,Paraguay,1971,Flood,1,268.8,2019.34,NULL,NULL,NULL,NULL,NULL
TUR,Turkey,1971,Earthquake,1,26898.11,3274.15,NULL,NULL,NULL,NULL,NULL
USA,"United States",1971,Earthquake,1,2974949.12,25734.48,NULL,NULL,NULL,NULL,NULL
BWA,Botswana,1972,Flood,1,260.22,1184.47,NULL,NULL,NULL,NULL,NULL
ESP,Spain,1972,Flood,1,104183.81,12784.28,NULL,NULL,NULL,NULL,NULL
HTI,Haiti,1972,Flood,1,4995.72,1619.59,NULL,NULL,NULL,NULL,NULL
IRN,"Iran, Islamic Republic of",1972,Earthquake,1,5209.48,6240.7,NULL,NULL,NULL,NULL,NULL
ITA,Italy,1972,Earthquake,1,1562758.53,16523.13,NULL,NULL,NULL,NULL,NULL
KOR,"Korea, Republic of",1972,Flood,2,382532.27,2255.21,NULL,NULL,NULL,NULL,NULL
NIC,Nicaragua,1972,Earthquake,1,4401770.84,2384.29,NULL,NULL,NULL,NULL,NULL
PAN,Panama,1972,Flood,1,260.22,4879.85,NULL,NULL,NULL,NULL,NULL
PER,Peru,1972,Earthquake,1,104183.81,3500.78,NULL,NULL,NULL,NULL,NULL
PHL,Philippines,1972,Flood,1,1146023.3,1430.59,NULL,NULL,NULL,NULL,NULL
USA,"United States",1972,Flood,1,625103.56,26798.53,NULL,NULL,NULL,NULL,NULL
AUS,Australia,1973,Flood,1,348333.6,27812.45,NULL,NULL,NULL,NULL,NULL
BRA,Brazil,1973,Flood,1,78497.45,4748.26,NULL,NULL,NULL,NULL,NULL
CRI,"Costa Rica",1973,Earthquake,1,981.56,5368.04,NULL,NULL,NULL,NULL,NULL
DZA,Algeria,1973,Flood,1,49061.44,3093.38,NULL,NULL,NULL,NULL,NULL
ESP,Spain,1973,Flood,1,1962444.11,13628.56,NULL,NULL,NULL,NULL,NULL
GTM,Guatemala,1973,Flood,1,12265.54,2715.39,NULL,NULL,NULL,NULL,NULL
JPN,Japan,1973,Earthquake,1,24530.36,16463.28,NULL,NULL,NULL,NULL,NULL
MEX,Mexico,1973,Flood,1,490610.85,6385.2,NULL,NULL,NULL,NULL,NULL
PAK,Pakistan,1973,Flood,1,3245392.21,629.5,NULL,NULL,NULL,NULL,NULL
PHL,Philippines,1973,Earthquake,1,2207.61,1522.02,NULL,NULL,NULL,NULL,NULL
PHL,Philippines,1973,Flood,1,2418.51,1522.02,NULL,NULL,NULL,NULL,NULL
TUN,Tunisia,1973,Flood,1,24530.36,1422.83,NULL,NULL,NULL,NULL,NULL
USA,"United States",1973,Earthquake,2,33116.31,28042.55,NULL,NULL,NULL,NULL,NULL
USA,"United States",1973,Flood,1,2453054.96,28042.55,NULL,NULL,NULL,NULL,NULL
AUS,Australia,1974,Flood,1,26382.67,28231.02,NULL,NULL,NULL,NULL,NULL
BGD,Bangladesh,1974,Flood,1,2558753.64,399.51,NULL,NULL,NULL,NULL,NULL
BOL,"Bolivia, Plurinational State of",1974,Flood,1,46386.29,1983.72,NULL,NULL,NULL,NULL,NULL
BRA,Brazil,1974,Flood,1,534546.46,5013.82,NULL,NULL,NULL,NULL,NULL
CAN,Canada,1974,Flood,1,64057.18,24257.82,NULL,NULL,NULL,NULL,NULL
CHL,Chile,1974,Flood,1,44177.25,4069.02,NULL,NULL,NULL,NULL,NULL
DZA,Algeria,1974,Flood,1,132532.45,3245.61,NULL,NULL,NULL,NULL,NULL
NER,Niger,1974,Flood,1,4418.08,598.96,NULL,NULL,NULL,NULL,NULL
PAK,Pakistan,1974,Earthquake,1,14379.5,632.89,NULL,NULL,NULL,NULL,NULL
PER,Peru,1974,Earthquake,1,44177.25,3866.66,NULL,NULL,NULL,NULL,NULL
PHL,Philippines,1974,Flood,1,78635.43,1540.04,NULL,NULL,NULL,NULL,NULL
SYR,"Syrian Arab Republic",1974,Flood,1,172291.61,869.85,NULL,NULL,NULL,NULL,NULL
TZA,"Tanzania, United Republic of",1974,Flood,1,13253.53,573,NULL,NULL,NULL,NULL,NULL
BRA,Brazil,1975,Flood,1,1031746.54,5148.91,NULL,NULL,NULL,NULL,NULL
GRD,Grenada,1975,Flood,1,19024.2,NULL,NULL,NULL,NULL,NULL,NULL
IND,India,1975,Flood,1,2891072.76,380.16,NULL,NULL,NULL,NULL,NULL
ROU,Romania,1975,Flood,1,202382.47,NULL,NULL,NULL,NULL,NULL,NULL
THA,Thailand,1975,Flood,1,182144.37,1125.84,NULL,NULL,NULL,NULL,NULL
TUR,Turkey,1975,Earthquake,1,68809.84,3756.48,NULL,NULL,NULL,NULL,NULL
USA,"United States",1975,Earthquake,1,4047.76,27309.87,NULL,NULL,NULL,NULL,NULL
CHN,China,1976,Earthquake,1,21435439.35,326.95,NULL,NULL,NULL,NULL,NULL
ECU,Ecuador,1976,Earthquake,2,91866.08,3754.41,NULL,NULL,NULL,NULL,NULL
GTM,Guatemala,1976,Earthquake,1,3827756.9,2944.83,NULL,NULL,NULL,NULL,NULL
IDN,Indonesia,1976,Earthquake,2,842106.45,854.4,NULL,NULL,NULL,NULL,NULL
ITA,Italy,1976,Earthquake,1,13779925.55,19116.61,NULL,NULL,NULL,NULL,NULL
JPN,Japan,1976,Flood,1,153110.13,16801.93,NULL,NULL,NULL,NULL,NULL
PAK,Pakistan,1976,Flood,1,1933017.4,652.84,NULL,NULL,NULL,NULL,NULL
PHL,Philippines,1976,Earthquake,1,512919.3,1683.66,NULL,NULL,NULL,NULL,NULL
PHL,Philippines,1976,Flood,1,5944.39,1683.66,NULL,NULL,NULL,NULL,NULL
TUR,Turkey,1976,Earthquake,1,95693.65,4065.59,NULL,NULL,NULL,NULL,NULL
USA,"United States",1976,Flood,1,156937.71,28509.14,NULL,NULL,NULL,NULL,NULL
ARG,Argentina,1977,Earthquake,1,287526.35,10088.34,NULL,NULL,NULL,NULL,NULL
BOL,"Bolivia, Plurinational State of",1977,Flood,1,35940.88,2182.68,NULL,NULL,NULL,NULL,NULL
DJI,Djibouti,1977,Flood,1,8984.86,NULL,NULL,NULL,NULL,NULL,NULL
GBR,"United Kingdom",1977,Flood,1,3593.8,22260.16,NULL,NULL,NULL,NULL,NULL
GRC,Greece,1977,Flood,1,100634.33,14162.99,NULL,NULL,NULL,NULL,NULL
IDN,Indonesia,1977,Earthquake,1,4312.99,906.72,NULL,NULL,NULL,NULL,NULL
ITA,Italy,1977,Flood,2,697251.98,19523,NULL,NULL,NULL,NULL,NULL
JPN,Japan,1977,Flood,1,43129.2,17370.62,NULL,NULL,NULL,NULL,NULL
KEN,Kenya,1977,Flood,1,35940.88,1165.37,NULL,NULL,NULL,NULL,NULL
KOR,"Korea, Republic of",1977,Flood,2,118604.77,3581.47,NULL,NULL,NULL,NULL,NULL
MOZ,Mozambique,1977,Flood,1,199471.4,NULL,NULL,NULL,NULL,NULL,NULL
PER,Peru,1977,Flood,1,3593.8,3811.7,NULL,NULL,NULL,NULL,NULL
PHL,Philippines,1977,Earthquake,1,359.59,1730.59,NULL,NULL,NULL,NULL,NULL
PHL,Philippines,1977,Flood,1,6875.19,1730.59,NULL,NULL,NULL,NULL,NULL
ROU,Romania,1977,Earthquake,1,7188162.22,NULL,NULL,NULL,NULL,NULL,NULL
SWE,Sweden,1977,Flood,1,610993.57,27116.01,NULL,NULL,NULL,NULL,NULL
TON,Tonga,1977,Earthquake,1,4312.99,NULL,NULL,NULL,NULL,NULL,NULL
USA,"United States",1977,Flood,1,718816.22,29528.97,NULL,NULL,NULL,NULL,NULL
AFG,Afghanistan,1978,Flood,1,173641.35,NULL,NULL,NULL,NULL,NULL,NULL
AUS,Australia,1978,Flood,2,69155.85,29318.75,NULL,NULL,NULL,NULL,NULL
ESP,Spain,1978,Flood,1,83481.73,14805.99,NULL,NULL,NULL,NULL,NULL
GRC,Greece,1978,Earthquake,1,834815.9,14993.69,NULL,NULL,NULL,NULL,NULL
IND,India,1978,Flood,2,554317.73,408.52,NULL,NULL,NULL,NULL,NULL
IRN,"Iran, Islamic Republic of",1978,Earthquake,1,166963.47,5901.81,NULL,NULL,NULL,NULL,NULL
JPN,Japan,1978,Earthquake,1,2888462.66,18120.73,NULL,NULL,NULL,NULL,NULL
KOR,"Korea, Republic of",1978,Flood,1,1335.43,3913.83,NULL,NULL,NULL,NULL,NULL
MEX,Mexico,1978,Flood,1,81144.01,7309.61,NULL,NULL,NULL,NULL,NULL
MOZ,Mozambique,1978,Flood,1,210373.62,NULL,NULL,NULL,NULL,NULL,NULL
NPL,Nepal,1978,Flood,1,1712.9,350.31,NULL,NULL,NULL,NULL,NULL
PER,Peru,1978,Flood,1,6678.6,3619.69,NULL,NULL,NULL,NULL,NULL
SDN,Sudan,1978,Flood,1,83481.73,837.25,NULL,NULL,NULL,NULL,NULL
SEN,Senegal,1978,Flood,1,6678.6,955,NULL,NULL,NULL,NULL,NULL
THA,Thailand,1978,Flood,1,1335704.86,1394.18,NULL,NULL,NULL,NULL,NULL
ZMB,Zambia,1978,Flood,1,667.72,1129.47,NULL,NULL,NULL,NULL,NULL
CAN,Canada,1979,Flood,1,57027.57,27384.68,NULL,NULL,NULL,NULL,NULL
COL,Colombia,1979,Earthquake,2,84041.5,3244.09,NULL,NULL,NULL,NULL,NULL
EGY,Egypt,1979,Flood,1,42020.39,1335.53,NULL,NULL,NULL,NULL,NULL
HND,Honduras,1979,Flood,1,39019.24,1790.83,NULL,NULL,NULL,NULL,NULL
IDN,Indonesia,1979,Earthquake,2,60479.83,989.68,NULL,NULL,NULL,NULL,NULL
IDN,Indonesia,1979,Flood,1,9604.68,989.68,NULL,NULL,NULL,NULL,NULL
IND,India,1979,Flood,1,300146.48,378.22,NULL,NULL,NULL,NULL,NULL
MEX,Mexico,1979,Earthquake,1,90043.8,7814.55,NULL,NULL,NULL,NULL,NULL
PHL,Philippines,1979,Flood,1,20959.44,1822.15,NULL,NULL,NULL,NULL,NULL
PRT,Portugal,1979,Flood,2,96347.07,10469.8,NULL,NULL,NULL,NULL,NULL
BGD,Bangladesh,1980,Flood,1,396497.12,405.23,NULL,NULL,NULL,NULL,NULL
CHN,China,1980,Flood,1,422930.55,430.86,NULL,NULL,NULL,NULL,NULL
DZA,Algeria,1980,Earthquake,1,13745240.03,3742.71,NULL,NULL,NULL,NULL,NULL
GRC,Greece,1980,Earthquake,1,13216.36,15246.99,NULL,NULL,NULL,NULL,NULL
IDN,Indonesia,1980,Flood,1,8987.01,1061.79,NULL,NULL,NULL,NULL,NULL
IND,India,1980,Flood,1,845861.1,394.18,NULL,NULL,NULL,NULL,NULL
IRN,"Iran, Islamic Republic of",1980,Earthquake,2,15859.34,3793.35,NULL,NULL,NULL,NULL,NULL
ITA,Italy,1980,Earthquake,1,52866308.1,21901.93,NULL,NULL,NULL,NULL,NULL
JPN,Japan,1980,Earthquake,1,2642.99,19334.37,NULL,NULL,NULL,NULL,NULL
MEX,Mexico,1980,Earthquake,1,13216.36,8290.29,NULL,NULL,NULL,NULL,NULL
MEX,Mexico,1980,Flood,1,229968.32,8290.29,NULL,NULL,NULL,NULL,NULL
NPL,Nepal,1980,Earthquake,1,647612.18,334.22,NULL,NULL,NULL,NULL,NULL
PER,Peru,1980,Earthquake,1,2642.99,3797.44,NULL,NULL,NULL,NULL,NULL
THA,Thailand,1980,Flood,1,157805.6,1482.09,NULL,NULL,NULL,NULL,NULL
TUR,Turkey,1980,Flood,1,39649.78,3817.19,NULL,NULL,NULL,NULL,NULL
USA,"United States",1980,Flood,1,925160.67,31081.62,NULL,NULL,NULL,NULL,NULL
AUS,Australia,1981,Flood,1,27021.08,31251.82,NULL,NULL,NULL,NULL,NULL
CHN,China,1981,Flood,2,5510166.1,447.12,NULL,NULL,NULL,NULL,NULL
COL,Colombia,1981,Earthquake,1,11978.86,3298.73,NULL,NULL,NULL,NULL,NULL
COL,Colombia,1981,Flood,1,11978.86,3298.73,NULL,NULL,NULL,NULL,NULL
GRC,Greece,1981,Earthquake,1,2156151.98,14876.12,NULL,NULL,NULL,NULL,NULL
IDN,Indonesia,1981,Earthquake,1,11978.86,1119.4,NULL,NULL,NULL,NULL,NULL
IDN,Indonesia,1981,Flood,1,5270.24,1119.4,NULL,NULL,NULL,NULL,NULL
IND,India,1981,Flood,1,598931.07,408.15,NULL,NULL,NULL,NULL,NULL
IRN,"Iran, Islamic Republic of",1981,Earthquake,2,2407703.13,3394.34,NULL,NULL,NULL,NULL,NULL
ITA,Italy,1981,Earthquake,1,1198.17,22060.33,NULL,NULL,NULL,NULL,NULL
PAK,Pakistan,1981,Earthquake,1,11978.86,755.35,NULL,NULL,NULL,NULL,NULL
PER,Peru,1981,Flood,1,14374.49,3909.67,NULL,NULL,NULL,NULL,NULL
PHL,Philippines,1981,Flood,1,64684.87,1881.82,NULL,NULL,NULL,NULL,NULL
ZAF,"South Africa",1981,Flood,1,2395.63,5498.59,NULL,NULL,NULL,NULL,NULL
AFG,Afghanistan,1982,Earthquake,1,2257.65,NULL,NULL,NULL,NULL,NULL,NULL
ALB,Albania,1982,Earthquake,1,11286.84,1818.37,NULL,NULL,NULL,NULL,NULL
BOL,"Bolivia, Plurinational State of",1982,Flood,1,902927.28,1894.06,NULL,NULL,NULL,NULL,NULL
ECU,Ecuador,1982,Flood,1,523923.76,3918.96,NULL,NULL,NULL,NULL,NULL
ESP,Spain,1982,Flood,2,2099305.99,14855.91,NULL,NULL,NULL,NULL,NULL
GTM,Guatemala,1982,Flood,1,225731.82,3041.62,NULL,NULL,NULL,NULL,NULL
IDN,Indonesia,1982,Earthquake,2,11173.17,1118.38,NULL,NULL,NULL,NULL,NULL
IND,India,1982,Flood,1,1580122.74,412.6,NULL,NULL,NULL,NULL,NULL
ITA,Italy,1982,Earthquake,1,79006.46,22135.16,NULL,NULL,NULL,NULL,NULL
JPN,Japan,1982,Earthquake,1,2257.65,20525.3,NULL,NULL,NULL,NULL,NULL
JPN,Japan,1982,Flood,1,72234.21,20525.3,NULL,NULL,NULL,NULL,NULL
LKA,"Sri Lanka",1982,Flood,1,2257.65,1085.26,NULL,NULL,NULL,NULL,NULL
MEX,Mexico,1982,Flood,1,258688.71,8676.57,NULL,NULL,NULL,NULL,NULL
PER,Peru,1982,Earthquake,1,11286.84,3805.24,NULL,NULL,NULL,NULL,NULL
PHL,Philippines,1982,Flood,1,135.12,1898.14,NULL,NULL,NULL,NULL,NULL
POL,Poland,1982,Flood,1,119637.8,NULL,NULL,NULL,NULL,NULL,NULL
SLV,"El Salvador",1982,Earthquake,1,11286.84,2392.38,NULL,NULL,NULL,NULL,NULL
SLV,"El Salvador",1982,Flood,1,632049.52,2392.38,NULL,NULL,NULL,NULL,NULL
TUN,Tunisia,1982,Flood,1,203158.85,1884.78,NULL,NULL,NULL,NULL,NULL
USA,"United States",1982,Flood,1,76522.9,30696.08,NULL,NULL,NULL,NULL,NULL
AFG,Afghanistan,1983,Earthquake,1,6561.35,NULL,NULL,NULL,NULL,NULL,NULL
ARG,Argentina,1983,Flood,2,3936709.09,9617.7,NULL,NULL,NULL,NULL,NULL
BEL,Belgium,1983,Earthquake,1,109353.25,24695.56,NULL,NULL,NULL,NULL,NULL
BOL,"Bolivia, Plurinational State of",1983,Flood,1,105853.81,1778.79,NULL,NULL,NULL,NULL,NULL
BRA,Brazil,1983,Flood,2,765471.31,5664.96,NULL,NULL,NULL,NULL,NULL
CAN,Canada,1983,Flood,1,126849.71,27418.49,NULL,NULL,NULL,NULL,NULL
CHL,Chile,1983,Earthquake,1,2186.88,4030.32,NULL,NULL,NULL,NULL,NULL
CHN,China,1983,Earthquake,1,10935.11,524.41,NULL,NULL,NULL,NULL,NULL
COL,Colombia,1983,Earthquake,1,898663.62,3228.36,NULL,NULL,NULL,NULL,NULL
CRI,"Costa Rica",1983,Earthquake,2,13121.99,5333.85,NULL,NULL,NULL,NULL,NULL
CUB,Cuba,1983,Flood,1,131223.47,4863.89,NULL,NULL,NULL,NULL,NULL
ESP,Spain,1983,Flood,1,8529537.67,15045.4,NULL,NULL,NULL,NULL,NULL
FRA,France,1983,Flood,2,1333013.98,23836.4,NULL,NULL,NULL,NULL,NULL
GIN,Guinea,1983,Earthquake,1,17496.46,503.25,NULL,NULL,NULL,NULL,NULL
IDN,Indonesia,1983,Earthquake,1,2186.88,1139.01,NULL,NULL,NULL,NULL,NULL
IDN,Indonesia,1983,Flood,1,15324.6,1139.01,NULL,NULL,NULL,NULL,NULL
IRN,"Iran, Islamic Republic of",1983,Earthquake,2,21870.22,4236.72,NULL,NULL,NULL,NULL,NULL
JPN,Japan,1983,Earthquake,1,909817.48,21122.96,NULL,NULL,NULL,NULL,NULL
NPL,Nepal,1983,Flood,1,21870.94,339.78,NULL,NULL,NULL,NULL,NULL
PER,Peru,1983,Earthquake,1,1093.8,3325.46,NULL,NULL,NULL,NULL,NULL
PHL,Philippines,1983,Earthquake,1,4870.61,1878.6,NULL,NULL,NULL,NULL,NULL
PHL,Philippines,1983,Flood,1,6.43,1878.6,NULL,NULL,NULL,NULL,NULL
PNG,"Papua New Guinea",1983,Earthquake,1,54676.27,2016.08,NULL,NULL,NULL,NULL,NULL
PNG,"Papua New Guinea",1983,Flood,1,26025.93,2016.08,NULL,NULL,NULL,NULL,NULL
PRT,Portugal,1983,Flood,1,207770.67,11007.49,NULL,NULL,NULL,NULL,NULL
PRY,Paraguay,1983,Flood,1,179339.1,3450.27,NULL,NULL,NULL,NULL,NULL
SEN,Senegal,1983,Flood,1,3074.78,1002.79,NULL,NULL,NULL,NULL,NULL
TUR,Turkey,1983,Earthquake,1,54676.27,4078.36,NULL,NULL,NULL,NULL,NULL
USA,"United States",1983,Earthquake,3,114273.91,31810.92,NULL,NULL,NULL,NULL,NULL
USA,"United States",1983,Flood,2,874823.84,31810.92,NULL,NULL,NULL,NULL,NULL
AFG,Afghanistan,1984,Earthquake,1,10484.72,NULL,NULL,NULL,NULL,NULL,NULL
AUS,Australia,1984,Flood,1,6290.41,31632.39,NULL,NULL,NULL,NULL,NULL
BRA,Brazil,1984,Flood,2,4193766.4,5841.75,NULL,NULL,NULL,NULL,NULL
COL,Colombia,1984,Flood,1,838753.57,3260.28,NULL,NULL,NULL,NULL,NULL
IDN,Indonesia,1984,Earthquake,2,3145.56,1191.59,NULL,NULL,NULL,NULL,NULL
IDN,Indonesia,1984,Flood,1,3145.56,1191.59,NULL,NULL,NULL,NULL,NULL
IND,India,1984,Flood,1,188719.3,438.54,NULL,NULL,NULL,NULL,NULL
ITA,Italy,1984,Earthquake,1,52422.19,23102.81,NULL,NULL,NULL,NULL,NULL
JPN,Japan,1984,Earthquake,1,90166.05,21912.15,NULL,NULL,NULL,NULL,NULL
KOR,"Korea, Republic of",1984,Flood,1,345985.86,5573.84,NULL,NULL,NULL,NULL,NULL
LKA,"Sri Lanka",1984,Flood,1,4193.6,1183.48,NULL,NULL,NULL,NULL,NULL
NZL,"New Zealand",1984,Flood,1,41937.46,25851.73,NULL,NULL,NULL,NULL,NULL
THA,Thailand,1984,Flood,2,845043.97,1707.93,NULL,NULL,NULL,NULL,NULL
USA,"United States",1984,Flood,2,136297.11,33818.82,NULL,NULL,NULL,NULL,NULL
ARG,Argentina,1985,Flood,2,3098374.46,8973.32,NULL,NULL,NULL,NULL,NULL
BEN,Benin,1985,Flood,1,9720.5,791.73,NULL,NULL,NULL,NULL,NULL
BRA,Brazil,1985,Flood,1,405016.59,6167.51,NULL,NULL,NULL,NULL,NULL
CHL,Chile,1985,Earthquake,1,3037622.25,4233.99,NULL,NULL,NULL,NULL,NULL
CHN,China,1985,Flood,3,714347.38,667.13,NULL,NULL,NULL,NULL,NULL
DZA,Algeria,1985,Earthquake,1,2025.31,4002.56,NULL,NULL,NULL,NULL,NULL
IND,India,1985,Flood,2,1636265.98,450.97,NULL,NULL,NULL,NULL,NULL
ITA,Italy,1985,Flood,1,30376.1,23742.39,NULL,NULL,NULL,NULL,NULL
MEX,Mexico,1985,Earthquake,1,8310934.83,8194.16,NULL,NULL,NULL,NULL,NULL
MOZ,Mozambique,1985,Flood,1,1012.3,176.85,NULL,NULL,NULL,NULL,NULL
NGA,Nigeria,1985,Flood,1,16200.35,1428.93,NULL,NULL,NULL,NULL,NULL
PAK,Pakistan,1985,Earthquake,1,4049.91,848.46,NULL,NULL,NULL,NULL,NULL
PNG,"Papua New Guinea",1985,Earthquake,1,2025.31,2002.02,NULL,NULL,NULL,NULL,NULL
SAU,"Saudi Arabia",1985,Flood,1,911286.6,29009.48,NULL,NULL,NULL,NULL,NULL
SWE,Sweden,1985,Flood,1,11745.81,31775.4,NULL,NULL,NULL,NULL,NULL
THA,Thailand,1985,Flood,1,7290.55,1754.63,NULL,NULL,NULL,NULL,NULL
USA,"United States",1985,Flood,2,25313.18,34918.13,NULL,NULL,NULL,NULL,NULL
AUS,Australia,1986,Flood,1,127588.2,33674.17,NULL,NULL,NULL,NULL,NULL
BOL,"Bolivia, Plurinational State of",1986,Flood,1,99368.24,1595.84,NULL,NULL,NULL,NULL,NULL
BRA,Brazil,1986,Earthquake,1,9937.11,6494.28,NULL,NULL,NULL,NULL,NULL
CAN,Canada,1986,Flood,1,59620.52,30183.41,NULL,NULL,NULL,NULL,NULL
CHL,Chile,1986,Flood,1,34182.94,4393.06,NULL,NULL,NULL,NULL,NULL
CHN,China,1986,Flood,2,2983444.99,716.11,NULL,NULL,NULL,NULL,NULL
FJI,Fiji,1986,Flood,1,30605.58,3333.21,NULL,NULL,NULL,NULL,NULL
GRC,Greece,1986,Earthquake,1,1480582.92,14927.76,NULL,NULL,NULL,NULL,NULL
IND,India,1986,Earthquake,1,9937.11,461.73,NULL,NULL,NULL,NULL,NULL
IND,India,1986,Flood,2,747445.82,461.73,NULL,NULL,NULL,NULL,NULL
IRN,"Iran, Islamic Republic of",1986,Flood,2,3161889.75,3234.89,NULL,NULL,NULL,NULL,NULL
ITA,Italy,1986,Flood,1,39747.01,24420.08,NULL,NULL,NULL,NULL,NULL
JAM,Jamaica,1986,Flood,1,151039.07,3720.5,NULL,NULL,NULL,NULL,NULL
LKA,"Sri Lanka",1986,Flood,1,1855.88,1272.91,NULL,NULL,NULL,NULL,NULL
MYS,Malaysia,1986,Flood,1,22854.64,3444.12,NULL,NULL,NULL,NULL,NULL
NZL,"New Zealand",1986,Flood,1,39349.53,26820.43,NULL,NULL,NULL,NULL,NULL
PAN,Panama,1986,Flood,1,695.6,6229.62,NULL,NULL,NULL,NULL,NULL
PER,Peru,1986,Earthquake,1,43721.85,3578,NULL,NULL,NULL,NULL,NULL
PER,Peru,1986,Flood,1,2384.91,3578,NULL,NULL,NULL,NULL,NULL
PHL,Philippines,1986,Flood,1,111.52,1551.41,NULL,NULL,NULL,NULL,NULL
PNG,"Papua New Guinea",1986,Earthquake,1,993.71,2051.25,NULL,NULL,NULL,NULL,NULL
SLV,"El Salvador",1986,Earthquake,1,2981040.06,2297.54,NULL,NULL,NULL,NULL,NULL
THA,Thailand,1986,Flood,1,3974.84,1818.91,NULL,NULL,NULL,NULL,NULL
USA,"United States",1986,Earthquake,1,1431.23,35794.89,NULL,NULL,NULL,NULL,NULL
USA,"United States",1986,Flood,1,49684.12,35794.89,NULL,NULL,NULL,NULL,NULL
VEN,"Venezuela, Bolivarian Republic of",1986,Earthquake,1,1987.42,NULL,NULL,NULL,NULL,NULL,NULL
BGD,Bangladesh,1987,Flood,2,2027339.87,452.66,NULL,NULL,NULL,NULL,NULL
BRA,Brazil,1987,Flood,1,118860.7,6591.61,NULL,NULL,NULL,NULL,NULL
CAN,Canada,1987,Flood,2,354664.75,31001.13,NULL,NULL,NULL,NULL,NULL
CHL,Chile,1987,Earthquake,1,1917.36,4603.28,NULL,NULL,NULL,NULL,NULL
CHL,Chile,1987,Flood,1,339328,4603.28,NULL,NULL,NULL,NULL,NULL
DZA,Algeria,1987,Earthquake,1,1917.36,3746.17,NULL,NULL,NULL,NULL,NULL
ECU,Ecuador,1987,Earthquake,1,2875660.23,3785.72,NULL,NULL,NULL,NULL,NULL
ESP,Spain,1987,Flood,1,2459647.77,16850.09,NULL,NULL,NULL,NULL,NULL
IDN,Indonesia,1987,Earthquake,1,9585.38,1276.13,NULL,NULL,NULL,NULL,NULL
IDN,Indonesia,1987,Flood,3,125954.66,1276.13,NULL,NULL,NULL,NULL,NULL
IND,India,1987,Flood,1,1044823.49,469.21,NULL,NULL,NULL,NULL,NULL
ITA,Italy,1987,Flood,1,134197.45,25196.99,NULL,NULL,NULL,NULL,NULL
JAM,Jamaica,1987,Flood,1,59430.35,3982.11,NULL,NULL,NULL,NULL,NULL
KNA,"Saint Kitts and Nevis",1987,Flood,1,958.68,8203.62,NULL,NULL,NULL,NULL,NULL
KOR,"Korea, Republic of",1987,Flood,1,42176.24,7322.72,NULL,NULL,NULL,NULL,NULL
LBN,Lebanon,1987,Flood,1,19170.76,NULL,NULL,NULL,NULL,NULL,NULL
MDV,Maldives,1987,Flood,1,11502.74,3638.84,NULL,NULL,NULL,NULL,NULL
NPL,Nepal,1987,Flood,1,183064.44,384.66,NULL,NULL,NULL,NULL,NULL
NZL,"New Zealand",1987,Earthquake,1,402592.36,26848.63,NULL,NULL,NULL,NULL,NULL
PNG,"Papua New Guinea",1987,Earthquake,1,5032.18,2062.96,NULL,NULL,NULL,NULL,NULL
POL,Poland,1987,Flood,1,958553.65,NULL,NULL,NULL,NULL,NULL,NULL
THA,Thailand,1987,Flood,1,13803.29,1957.76,NULL,NULL,NULL,NULL,NULL
USA,"United States",1987,Earthquake,2,416012.46,36701.95,NULL,NULL,NULL,NULL,NULL
VCT,"Saint Vincent and the Grenadines",1987,Flood,1,9585.38,3189.97,NULL,NULL,NULL,NULL,NULL
ZAF,"South Africa",1987,Flood,1,1467171.4,4664.13,NULL,NULL,NULL,NULL,NULL
AFG,Afghanistan,1988,Flood,1,478918.66,NULL,NULL,NULL,NULL,NULL,NULL
ARG,Argentina,1988,Flood,1,902577.69,9236.81,NULL,NULL,NULL,NULL,NULL
BGD,Bangladesh,1988,Flood,1,3936343.06,453.84,NULL,NULL,NULL,NULL,NULL
BRA,Brazil,1988,Flood,2,1897254.52,6463.01,NULL,NULL,NULL,NULL,NULL
CAN,Canada,1988,Flood,1,27630.17,31951.55,NULL,NULL,NULL,NULL,NULL
CHN,China,1988,Earthquake,1,495496.48,861.19,NULL,NULL,NULL,NULL,NULL
CHN,China,1988,Flood,5,3616220.13,861.19,NULL,NULL,NULL,NULL,NULL
CRI,"Costa Rica",1988,Flood,1,16577.82,5802.83,NULL,NULL,NULL,NULL,NULL
FRA,France,1988,Flood,1,920997.81,26374.12,NULL,NULL,NULL,NULL,NULL
IDN,Indonesia,1988,Flood,1,8472.99,1324.38,NULL,NULL,NULL,NULL,NULL
IND,India,1988,Earthquake,1,131702.45,502.94,NULL,NULL,NULL,NULL,NULL
IND,India,1988,Flood,2,1744737.04,502.94,NULL,NULL,NULL,NULL,NULL
IRN,"Iran, Islamic Republic of",1988,Flood,1,276299.56,2833.19,NULL,NULL,NULL,NULL,NULL
JAM,Jamaica,1988,Flood,1,810.7,4112.2,NULL,NULL,NULL,NULL,NULL
NER,Niger,1988,Flood,1,18788.29,497.16,NULL,NULL,NULL,NULL,NULL
NPL,Nepal,1988,Earthquake,1,110519.97,405.64,NULL,NULL,NULL,NULL,NULL
THA,Thailand,1988,Flood,1,311566.29,2180.41,NULL,NULL,NULL,NULL,NULL
AUS,Australia,1989,Earthquake,1,1757176.3,36143.15,NULL,NULL,NULL,NULL,NULL
CHN,China,1989,Earthquake,2,383064.15,883.76,NULL,NULL,NULL,NULL,NULL
CHN,China,1989,Flood,1,4900763.89,883.76,NULL,NULL,NULL,NULL,NULL
DJI,Djibouti,1989,Flood,1,1933.09,NULL,NULL,NULL,NULL,NULL,NULL
ECU,Ecuador,1989,Flood,1,26357.65,3866.17,NULL,NULL,NULL,NULL,NULL
ESP,Spain,1989,Flood,1,658941.2,18494.94,NULL,NULL,NULL,NULL,NULL
IRN,"Iran, Islamic Republic of",1989,Flood,1,3514.45,2920.37,NULL,NULL,NULL,NULL,NULL
LKA,"Sri Lanka",1989,Flood,1,61501.42,1314.19,NULL,NULL,NULL,NULL,NULL
MWI,Malawi,1989,Earthquake,1,49200.85,348.2,NULL,NULL,NULL,NULL,NULL
PHL,Philippines,1989,Flood,1,10543.35,1696,NULL,NULL,NULL,NULL,NULL
USA,"United States",1989,Earthquake,1,9840185.29,38911.54,NULL,NULL,NULL,NULL,NULL
AUS,Australia,1990,Flood,2,459308.95,36886.14,NULL,NULL,NULL,NULL,NULL
BGD,Bangladesh,1990,Flood,1,10002.88,473.44,NULL,NULL,NULL,NULL,NULL
BLZ,Belize,1990,Flood,1,3668.15,4111.68,NULL,NULL,NULL,NULL,NULL
CAN,Canada,1990,Flood,1,14170.75,31700.55,NULL,NULL,NULL,NULL,NULL
CHN,China,1990,Earthquake,1,97280.02,905.03,NULL,NULL,NULL,NULL,NULL
CHN,China,1990,Flood,2,1338746.76,905.03,NULL,NULL,NULL,NULL,NULL
CRI,"Costa Rica",1990,Earthquake,1,32510.08,6037.05,NULL,NULL,NULL,NULL,NULL
HND,Honduras,1990,Flood,1,166718.25,1729.83,NULL,NULL,NULL,NULL,NULL
IDN,Indonesia,1990,Earthquake,1,3500.87,1470.92,NULL,NULL,NULL,NULL,NULL
IDN,Indonesia,1990,Flood,1,8002.59,1470.92,NULL,NULL,NULL,NULL,NULL
IRN,"Iran, Islamic Republic of",1990,Earthquake,2,13724745.28,3222.2,NULL,NULL,NULL,NULL,NULL
IRN,"Iran, Islamic Republic of",1990,Flood,1,129040.16,3222.2,NULL,NULL,NULL,NULL,NULL
ITA,Italy,1990,Earthquake,1,833591.27,27625.18,NULL,NULL,NULL,NULL,NULL
JPN,Japan,1990,Flood,1,2834210.33,28422.21,NULL,NULL,NULL,NULL,NULL
KOR,"Korea, Republic of",1990,Flood,1,63353.01,9367.09,NULL,NULL,NULL,NULL,NULL
MEX,Mexico,1990,Flood,1,73355.89,8036.86,NULL,NULL,NULL,NULL,NULL
PAK,Pakistan,1990,Earthquake,1,1667.15,950.88,NULL,NULL,NULL,NULL,NULL
PER,Peru,1990,Earthquake,1,1667.15,2706.92,NULL,NULL,NULL,NULL,NULL
PHL,Philippines,1990,Earthquake,2,617691.47,1704.08,NULL,NULL,NULL,NULL,NULL
PHL,Philippines,1990,Flood,1,71.49,1704.08,NULL,NULL,NULL,NULL,NULL
TUN,Tunisia,1990,Flood,1,404792.11,2114.47,NULL,NULL,NULL,NULL,NULL
TUR,Turkey,1990,Flood,1,250077.02,5154.62,NULL,NULL,NULL,NULL,NULL
TZA,"Tanzania, United Republic of",1990,Flood,1,466.83,541.54,NULL,NULL,NULL,NULL,NULL
USA,"United States",1990,Earthquake,1,21173.19,39200.07,NULL,NULL,NULL,NULL,NULL
USA,"United States",1990,Flood,1,75023.04,39200.07,NULL,NULL,NULL,NULL,NULL
VNM,"Viet Nam",1990,Flood,1,1208.9,687.86,NULL,NULL,NULL,NULL,NULL
AFG,Afghanistan,1991,Flood,1,95966.75,NULL,NULL,NULL,NULL,NULL,NULL
AUT,Austria,1991,Flood,1,131154.84,31919.56,NULL,NULL,NULL,NULL,NULL
BGD,Bangladesh,1991,Flood,1,239916.87,480.67,NULL,NULL,NULL,NULL,NULL
BRA,Brazil,1991,Flood,1,3199.18,6107.65,NULL,NULL,NULL,NULL,NULL
CHN,China,1991,Flood,3,12866136.8,975.46,NULL,NULL,NULL,NULL,NULL
CRI,"Costa Rica",1991,Earthquake,1,159944.58,6018.68,NULL,NULL,NULL,NULL,NULL
IDN,Indonesia,1991,Earthquake,1,28789.74,1545,NULL,NULL,NULL,NULL,NULL
IDN,Indonesia,1991,Flood,1,23671.77,1545,NULL,NULL,NULL,NULL,NULL
IND,India,1991,Earthquake,1,95966.75,531.9,NULL,NULL,NULL,NULL,NULL
IND,India,1991,Flood,3,412656.72,531.9,NULL,NULL,NULL,NULL,NULL
IRN,"Iran, Islamic Republic of",1991,Flood,3,693199.21,3534.65,NULL,NULL,NULL,NULL,NULL
JAM,Jamaica,1991,Flood,1,47983.37,4704.01,NULL,NULL,NULL,NULL,NULL
KHM,Cambodia,1991,Flood,1,239916.87,850.61,NULL,NULL,NULL,NULL,NULL
KOR,"Korea, Republic of",1991,Flood,1,167942.16,10274.48,NULL,NULL,NULL,NULL,NULL
LKA,"Sri Lanka",1991,Flood,1,47983.37,1442.49,NULL,NULL,NULL,NULL,NULL
MEX,Mexico,1991,Flood,1,3199.18,8197.01,NULL,NULL,NULL,NULL,NULL
MMR,Myanmar,1991,Flood,1,127699.73,166.71,NULL,NULL,NULL,NULL,NULL
MWI,Malawi,1991,Flood,1,38386.56,373,NULL,NULL,NULL,NULL,NULL
PAK,Pakistan,1991,Earthquake,1,15994.46,966.52,NULL,NULL,NULL,NULL,NULL
PHL,Philippines,1991,Flood,1,2078.93,1656.38,NULL,NULL,NULL,NULL,NULL
ROU,Romania,1991,Flood,1,79972.29,4409.15,NULL,NULL,NULL,NULL,NULL
THA,Thailand,1991,Flood,1,2364.17,2810.57,NULL,NULL,NULL,NULL,NULL
TUR,Turkey,1991,Flood,1,39986.5,5101.21,NULL,NULL,NULL,NULL,NULL
USA,"United States",1991,Earthquake,1,53581.76,38637.84,NULL,NULL,NULL,NULL,NULL
USA,"United States",1991,Flood,1,1359528.9,38637.84,NULL,NULL,NULL,NULL,NULL
VNM,"Viet Nam",1991,Flood,3,74694.18,713.75,NULL,NULL,NULL,NULL,NULL
AFG,Afghanistan,1992,Flood,1,6209.62,NULL,NULL,NULL,NULL,NULL,NULL
ALB,Albania,1992,Flood,1,10867.19,1086.44,NULL,NULL,NULL,NULL,NULL
ARG,Argentina,1992,Flood,2,791737.45,9293.19,NULL,NULL,NULL,NULL,NULL
BEL,Belgium,1992,Earthquake,1,155242.68,30376.87,NULL,NULL,NULL,NULL,NULL
BOL,"Bolivia, Plurinational State of",1992,Flood,2,310485.36,1724.36,NULL,NULL,NULL,NULL,NULL
BRA,Brazil,1992,Flood,1,40052.27,5973.98,NULL,NULL,NULL,NULL,NULL
CHN,China,1992,Earthquake,1,4889.92,1100.65,NULL,NULL,NULL,NULL,NULL
CHN,China,1992,Flood,6,790339.82,1100.65,NULL,NULL,NULL,NULL,NULL
CUB,Cuba,1992,Flood,1,4020.6,3861.87,NULL,NULL,NULL,NULL,NULL
DEU,Germany,1992,Earthquake,1,77620.98,31425.65,NULL,NULL,NULL,NULL,NULL
DEU,Germany,1992,Flood,1,46728.01,31425.65,NULL,NULL,NULL,NULL,NULL
DZA,Algeria,1992,Flood,1,1396.91,3455.93,NULL,NULL,NULL,NULL,NULL
ECU,Ecuador,1992,Flood,1,31048.82,4000.03,NULL,NULL,NULL,NULL,NULL
EGY,Egypt,1992,Earthquake,1,1862911.44,1979.02,NULL,NULL,NULL,NULL,NULL
HKG,"Hong Kong",1992,Flood,1,77620.98,23585.78,NULL,NULL,NULL,NULL,NULL
IDN,Indonesia,1992,Earthquake,1,155242.68,1617.11,NULL,NULL,NULL,NULL,NULL
IND,India,1992,Flood,3,479621.41,549.24,NULL,NULL,NULL,NULL,NULL
IRN,"Iran, Islamic Republic of",1992,Flood,2,5385986.54,3579.73,NULL,NULL,NULL,NULL,NULL
ITA,Italy,1992,Flood,2,1082506.58,28245.43,NULL,NULL,NULL,NULL,NULL
KGZ,Kyrgyzstan,1992,Earthquake,2,249940.48,928.32,NULL,NULL,NULL,NULL,NULL
LAO,"Lao People's Democratic Republic",1992,Flood,1,33886.26,660.63,NULL,NULL,NULL,NULL,NULL
LKA,"Sri Lanka",1992,Flood,2,392375.72,1482.21,NULL,NULL,NULL,NULL,NULL
MMR,Myanmar,1992,Flood,1,85562.09,180.33,NULL,NULL,NULL,NULL,NULL
NIC,Nicaragua,1992,Earthquake,1,38810.49,1206.97,NULL,NULL,NULL,NULL,NULL
NLD,Netherlands,1992,Flood,1,42846.82,32119.95,NULL,NULL,NULL,NULL,NULL
PAK,Pakistan,1992,Flood,2,1552782.82,1011.63,NULL,NULL,NULL,NULL,NULL
PHL,Philippines,1992,Flood,1,115189.69,1624.35,NULL,NULL,NULL,NULL,NULL
PRI,"Puerto Rico",1992,Flood,1,310485.36,19770.77,NULL,NULL,NULL,NULL,NULL
RUS,"Russian Federation",1992,Flood,1,74672.02,6345.91,NULL,NULL,NULL,NULL,NULL
TJK,Tajikistan,1992,Flood,1,465728.04,827.59,NULL,NULL,NULL,NULL,NULL
TUR,Turkey,1992,Earthquake,1,1164319.74,5267.52,NULL,NULL,NULL,NULL,NULL
USA,"United States",1992,Earthquake,3,426917.55,39447.95,NULL,NULL,NULL,NULL,NULL
VNM,"Viet Nam",1992,Flood,1,74050.77,759.91,NULL,NULL,NULL,NULL,NULL
ARG,Argentina,1993,Flood,3,1646645.61,9920.67,NULL,NULL,NULL,NULL,NULL
AUS,Australia,1993,Flood,1,6936.67,37155.51,NULL,NULL,NULL,NULL,NULL
BEL,Belgium,1993,Flood,1,25634.88,29967.39,NULL,NULL,NULL,NULL,NULL
BLR,Belarus,1993,Flood,1,150791.71,2372.49,NULL,NULL,NULL,NULL,NULL
CHL,Chile,1993,Flood,1,51269.05,6502.65,NULL,NULL,NULL,NULL,NULL
CHN,China,1993,Flood,2,9180201.76,1239.13,NULL,NULL,NULL,NULL,NULL
CUB,Cuba,1993,Flood,1,211108.54,3270.55,NULL,NULL,NULL,NULL,NULL
DEU,Germany,1993,Flood,1,904750.27,30915.87,NULL,NULL,NULL,NULL,NULL
FRA,France,1993,Flood,1,904750.27,28257.1,NULL,NULL,NULL,NULL,NULL
GBR,"United Kingdom",1993,Flood,2,281980.87,31165.15,NULL,NULL,NULL,NULL,NULL
GUM,Guam,1993,Earthquake,1,180949.77,NULL,NULL,NULL,NULL,NULL,NULL
HND,Honduras,1993,Flood,2,172355.24,1734.98,NULL,NULL,NULL,NULL,NULL
IDN,Indonesia,1993,Flood,1,29104.29,1693.11,NULL,NULL,NULL,NULL,NULL
IND,India,1993,Earthquake,1,422217.08,563.37,NULL,NULL,NULL,NULL,NULL
IND,India,1993,Flood,2,11309381.28,563.37,NULL,NULL,NULL,NULL,NULL
IRL,Ireland,1993,Flood,1,57300.66,24958.22,NULL,NULL,NULL,NULL,NULL
IRN,"Iran, Islamic Republic of",1993,Flood,3,1849159.63,3514.52,NULL,NULL,NULL,NULL,NULL
JAM,Jamaica,1993,Flood,1,16587.11,5142.59,NULL,NULL,NULL,NULL,NULL
JPN,Japan,1993,Earthquake,2,2047752.41,29232.44,NULL,NULL,NULL,NULL,NULL
KAZ,Kazakhstan,1993,Flood,1,55087.33,4223.13,NULL,NULL,NULL,NULL,NULL
LKA,"Sri Lanka",1993,Flood,1,467.54,1557.81,NULL,NULL,NULL,NULL,NULL
LUX,Luxembourg,1993,Flood,1,15079.39,73116.19,NULL,NULL,NULL,NULL,NULL
MEX,Mexico,1993,Flood,1,143855.04,8411.8,NULL,NULL,NULL,NULL,NULL
NLD,Netherlands,1993,Flood,1,79919.39,32297.98,NULL,NULL,NULL,NULL,NULL
NPL,Nepal,1993,Flood,1,301583.42,448.13,NULL,NULL,NULL,NULL,NULL
PHL,Philippines,1993,Flood,2,59713.45,1620.36,NULL,NULL,NULL,NULL,NULL
PNG,"Papua New Guinea",1993,Earthquake,1,7539.34,2515.64,NULL,NULL,NULL,NULL,NULL
PNG,"Papua New Guinea",1993,Flood,1,3769.67,2515.64,NULL,NULL,NULL,NULL,NULL
RUS,"Russian Federation",1993,Flood,1,51269.05,5798.91,NULL,NULL,NULL,NULL,NULL
SDN,Sudan,1993,Flood,1,301.69,862.98,NULL,NULL,NULL,NULL,NULL
THA,Thailand,1993,Flood,3,2987108.85,3187,NULL,NULL,NULL,NULL,NULL
TKM,Turkmenistan,1993,Flood,1,150595.83,2684.18,NULL,NULL,NULL,NULL,NULL
TTO,"Trinidad and Tobago",1993,Flood,1,105.81,6683.21,NULL,NULL,NULL,NULL,NULL
TZA,"Tanzania, United Republic of",1993,Flood,1,5293.12,518.66,NULL,NULL,NULL,NULL,NULL
UKR,Ukraine,1993,Flood,2,360392.53,2177.23,NULL,NULL,NULL,NULL,NULL
USA,"United States",1993,Earthquake,1,11309.72,40002.48,NULL,NULL,NULL,NULL,NULL
USA,"United States",1993,Flood,3,18532306.23,40002.48,NULL,NULL,NULL,NULL,NULL
VNM,"Viet Nam",1993,Flood,1,15079.39,805.61,NULL,NULL,NULL,NULL,NULL
YEM,Yemen,1993,Flood,1,2261.94,1838.27,NULL,NULL,NULL,NULL,NULL
CHN,China,1994,Flood,6,11079451.57,1384.93,NULL,NULL,46387000,NULL,NULL
COL,Colombia,1994,Earthquake,1,3527.32,4059.32,NULL,NULL,1433000,NULL,NULL
CRI,"Costa Rica",1994,Flood,1,4408.79,6826.32,NULL,NULL,924000,NULL,NULL
DEU,Germany,1994,Flood,2,578286.9,31609.11,NULL,NULL,14847000,NULL,NULL
DJI,Djibouti,1994,Flood,1,3114.1,NULL,NULL,NULL,21000,NULL,NULL
EGY,Egypt,1994,Flood,1,205743.93,2024.95,NULL,NULL,3133000,NULL,NULL
ETH,Ethiopia,1994,Flood,1,5143.71,235.46,NULL,NULL,103000,NULL,NULL
FRA,France,1994,Flood,2,146959.85,28822.5,NULL,NULL,NULL,NULL,NULL
GBR,"United Kingdom",1994,Flood,2,346825.16,32281.48,NULL,NULL,23537000,NULL,NULL
GRC,Greece,1994,Flood,1,643243.43,15604.03,NULL,NULL,10712000,NULL,NULL
HKG,"Hong Kong",1994,Flood,1,54375.29,25526.53,NULL,NULL,10200000,NULL,NULL
IDN,Indonesia,1994,Earthquake,2,253763.76,1790.33,NULL,NULL,4324000,NULL,NULL
IDN,Indonesia,1994,Flood,4,34161.5,1790.33,NULL,NULL,4324000,NULL,NULL
IND,India,1994,Flood,1,257179.56,588.73,NULL,NULL,2124000,NULL,NULL
IRN,"Iran, Islamic Republic of",1994,Earthquake,1,2057.48,3448.26,NULL,NULL,452000,NULL,NULL
IRN,"Iran, Islamic Republic of",1994,Flood,1,208682.88,3448.26,NULL,NULL,452000,NULL,NULL
ITA,Italy,1994,Flood,1,13667266.61,28583.63,NULL,NULL,55706000,NULL,NULL
JPN,Japan,1994,Earthquake,1,250419.46,29466.76,NULL,NULL,3345000,NULL,NULL
MDA,"Moldova, Republic of",1994,Flood,1,440879.54,1526.43,NULL,NULL,32000,NULL,NULL
NGA,Nigeria,1994,Flood,1,97728.26,1433.39,NULL,NULL,1031000,NULL,NULL
PAK,Pakistan,1994,Flood,1,135203.32,1009.06,NULL,NULL,378000,NULL,NULL
PER,Peru,1994,Flood,1,73480.28,2998.58,NULL,NULL,NULL,NULL,NULL
PHL,Philippines,1994,Earthquake,1,5437.53,1654.75,NULL,NULL,1760000,NULL,NULL
PHL,Philippines,1994,Flood,4,6087.37,1654.75,NULL,NULL,1760000,NULL,NULL
ROU,Romania,1994,Flood,1,4408.79,4295.27,NULL,NULL,5445000,NULL,NULL
RUS,"Russian Federation",1994,Flood,2,412957.7,5071.74,NULL,NULL,10290000,NULL,NULL
THA,Thailand,1994,Flood,2,393851.99,3391.49,NULL,NULL,6952000,NULL,NULL
UGA,Uganda,1994,Earthquake,1,102871.97,406.59,NULL,NULL,160000,NULL,NULL
USA,"United States",1994,Earthquake,2,44091042.86,41106.99,NULL,NULL,79732000,NULL,NULL
USA,"United States",1994,Flood,1,1028718.94,41106.99,NULL,NULL,79732000,NULL,NULL
VNM,"Viet Nam",1994,Flood,1,302737.27,861.12,NULL,NULL,1351000,NULL,NULL
AUT,Austria,1995,Flood,1,285.96,33603.43,NULL,17173000,17090000,NULL,NULL
AZE,Azerbaijan,1995,Flood,3,23157.76,1102.5,NULL,93000,210000,NULL,NULL
BEN,Benin,1995,Flood,1,4431.67,781.06,NULL,580000,516000,NULL,NULL
BGD,Bangladesh,1995,Flood,3,536489.56,537.93,NULL,156000,166000,NULL,NULL
BLZ,Belize,1995,Flood,1,714.9,4966.8,NULL,342000,349000,NULL,NULL
BRA,Brazil,1995,Flood,1,4288.69,6596.34,NULL,1991000,2666000,NULL,NULL
CAN,Canada,1995,Flood,1,104782.18,32595.45,NULL,41657000,43256000,NULL,NULL
CHL,Chile,1995,Earthquake,1,2372.75,7222.16,NULL,NULL,NULL,NULL,NULL
CHN,China,1995,Earthquake,2,165964.75,1520.03,NULL,46387000,51128000,NULL,NULL
CHN,China,1995,Flood,1,9606208.53,1520.03,NULL,46387000,51128000,NULL,NULL
CYP,Cyprus,1995,Earthquake,1,6203.9,19453.76,NULL,2253000,2089000,NULL,NULL
ETH,Ethiopia,1995,Flood,1,714.9,241.53,NULL,103000,109000,NULL,NULL
GEO,Georgia,1995,Flood,1,3144.85,1029.48,NULL,85000,117000,NULL,NULL
GHA,Ghana,1995,Flood,1,17868.93,933.31,NULL,286000,305000,NULL,NULL
GRC,Greece,1995,Earthquake,2,1247520.52,15857.42,NULL,10712000,9782000,NULL,NULL
HND,Honduras,1995,Flood,1,5717.77,1744.5,NULL,NULL,271000,NULL,NULL
IDN,Indonesia,1995,Flood,2,72046.91,1905.54,NULL,4324000,5034000,NULL,NULL
IND,India,1995,Flood,3,372028.96,620.7,NULL,2124000,2288000,NULL,NULL
IRN,"Iran, Islamic Republic of",1995,Flood,2,137088.51,3492.17,NULL,452000,573000,NULL,NULL
JPN,Japan,1995,Earthquake,1,142949532.39,30171.16,NULL,3345000,3837000,NULL,NULL
JPN,Japan,1995,Flood,1,106211.26,30171.16,NULL,3345000,3837000,NULL,NULL
LBY,Libya,1995,Flood,1,60324.69,10839.28,NULL,1832000,1276000,NULL,NULL
LKA,"Sri Lanka",1995,Flood,1,571.92,1682.35,NULL,414000,315000,NULL,NULL
MAR,Morocco,1995,Flood,1,12865.34,1705.45,NULL,2752000,2856000,NULL,NULL
MEX,Mexico,1995,Earthquake,1,30162.35,7970.64,NULL,85446000,90394000,NULL,NULL
MKD,"North Macedonia",1995,Flood,1,350226.65,2876.07,NULL,147000,136000,NULL,NULL
NOR,Norway,1995,Flood,1,428848.49,58380.54,NULL,2880000,2746000,NULL,NULL
NPL,Nepal,1995,Flood,1,1715.05,477.74,NULL,363000,394000,NULL,NULL
PAN,Panama,1995,Flood,1,10006.46,6280.46,NULL,417000,443000,NULL,NULL
PHL,Philippines,1995,Flood,3,1001993.83,1693.81,NULL,1760000,2049000,NULL,NULL
PRK,"Korea, Democratic People's Republic of",1995,Flood,1,21442429.64,NULL,NULL,NULL,NULL,NULL,NULL
ROU,Romania,1995,Flood,1,17154.03,4572.26,NULL,5445000,5205000,NULL,NULL
RUS,"Russian Federation",1995,Earthquake,1,91630.88,4862.65,NULL,10290000,16208000,NULL,NULL
THA,Thailand,1995,Flood,1,200844.01,3614.93,NULL,6952000,7244000,NULL,NULL
TUR,Turkey,1995,Earthquake,1,294189.93,5541.75,NULL,7727000,8614000,NULL,NULL
TUR,Turkey,1995,Flood,2,105068.14,5541.75,NULL,7727000,8614000,NULL,NULL
USA,"United States",1995,Flood,4,4460025.18,41710.82,NULL,79732000,82756000,NULL,NULL
VNM,"Viet Nam",1995,Flood,1,122936.35,927.63,NULL,1351000,1607000,NULL,NULL
ZAF,"South Africa",1995,Flood,1,14295.14,4337.3,NULL,4684000,5186000,NULL,NULL
AUS,Australia,1996,Flood,2,467049.17,40337.11,3726000,4165000,4318000,11.78,15.89
AUT,Austria,1996,Flood,1,6943.82,34301.66,17173000,17090000,16647000,-0.48,-3.06
BGD,Bangladesh,1996,Flood,1,13887.65,552.08,156000,166000,182000,6.41,16.67
CAN,Canada,1996,Flood,1,1013259.23,32801.3,41657000,43256000,45076000,3.84,8.21
CHN,China,1996,Earthquake,2,736056.75,1653.43,46387000,51128000,57588000,10.22,24.15
CHN,China,1996,Flood,2,26268211.97,1653.43,46387000,51128000,57588000,10.22,24.15
CRI,"Costa Rica",1996,Flood,1,347196.9,6871.61,924000,940000,1013000,1.73,9.63
CZE,Czechia,1996,Flood,1,49996.53,11944.72,NULL,NULL,NULL,NULL,NULL
ECU,Ecuador,1996,Earthquake,1,9721.21,4093.84,440000,494000,529000,12.27,20.23
ESP,Spain,1996,Flood,1,800774.5,20658.84,52460000,55077000,62415000,4.99,18.98
FRA,France,1996,Flood,1,8332.87,29683.78,NULL,148263000,157551000,NULL,NULL
HND,Honduras,1996,Flood,1,43052.71,1727.67,NULL,271000,310000,NULL,NULL
IDN,Indonesia,1996,Earthquake,2,7499.3,2020.99,4324000,5034000,5185000,16.42,19.91
IDN,Indonesia,1996,Flood,4,781095.45,2020.99,4324000,5034000,5185000,16.42,19.91
IND,India,1996,Flood,4,269397.2,654.36,2124000,2288000,2374000,7.72,11.77
IRN,"Iran, Islamic Republic of",1996,Flood,3,51288.36,3674.03,452000,573000,764000,26.77,69.03
ITA,Italy,1996,Flood,1,44441.04,29795.66,55706000,59805000,57998000,7.36,4.11
KHM,Cambodia,1996,Flood,1,2083.22,511.67,220000,260000,219000,18.18,-0.45
KOR,"Korea, Republic of",1996,Flood,1,166654.63,14332.14,3753000,3684000,3908000,-1.84,4.13
MAR,Morocco,1996,Flood,1,76383.49,1886.67,2752000,2856000,3203000,3.78,16.39
PRK,"Korea, Democratic People's Republic of",1996,Flood,1,3055331.76,NULL,NULL,NULL,NULL,NULL,NULL
PRT,Portugal,1996,Flood,1,18054.08,16304.38,9511000,9730000,10172000,2.3,6.95
RUS,"Russian Federation",1996,Flood,2,414413.95,4686.86,10290000,16208000,17463000,57.51,69.71
THA,Thailand,1996,Flood,1,694.17,3766.86,6952000,7244000,7294000,4.2,4.92
TUR,Turkey,1996,Earthquake,1,41663.66,5861.7,7727000,8614000,9689000,11.48,25.39
USA,"United States",1996,Flood,4,3777501.57,42783.82,79732000,82756000,82525000,3.79,3.5
VNM,"Viet Nam",1996,Flood,2,210262.1,998.92,1351000,1607000,1716000,18.95,27.02
YEM,Yemen,1996,Flood,2,1680431.79,1949.98,NULL,NULL,NULL,NULL,NULL
ZAF,"South Africa",1996,Flood,1,9526.76,4465.51,4684000,5186000,5170000,10.72,10.38
AFG,Afghanistan,1997,Earthquake,1,13.58,NULL,NULL,NULL,NULL,NULL,NULL
ARM,Armenia,1997,Earthquake,1,45235.3,1039.08,13000,23000,32000,76.92,146.15
ARM,Armenia,1997,Flood,1,10856.47,1039.08,13000,23000,32000,76.92,146.15
AUT,Austria,1997,Flood,1,237486.21,34998.03,17090000,16647000,17352000,-2.59,1.53
AZE,Azerbaijan,1997,Flood,1,33926.29,1158.48,210000,306000,483000,45.71,130
BGD,Bangladesh,1997,Flood,1,310767.74,566.27,166000,182000,172000,9.64,3.61
BOL,"Bolivia, Plurinational State of",1997,Flood,2,94994.48,1962.86,313000,355000,387000,13.42,23.64
CAN,Canada,1997,Flood,1,162847.79,33867.01,43256000,45076000,48064000,4.21,11.12
CHE,Switzerland,1997,Flood,1,92959.16,68640.07,6730000,7039000,7185000,4.59,6.76
CHL,Chile,1997,Earthquake,1,65138.83,8058.94,NULL,NULL,NULL,NULL,NULL
CHL,Chile,1997,Flood,1,247528.41,8058.94,NULL,NULL,NULL,NULL,NULL
CHN,China,1997,Flood,4,3310691.18,1787.77,51128000,57588000,63478000,12.63,24.16
COL,Colombia,1997,Flood,1,4071.36,4265.69,751000,758000,823000,0.93,9.59
CZE,Czechia,1997,Flood,1,2510567.23,11886.35,NULL,NULL,NULL,NULL,NULL
DEU,Germany,1997,Flood,1,488542.64,32779.28,15205000,15837000,16511000,4.16,8.59
ECU,Ecuador,1997,Flood,1,367763.86,4192.86,494000,529000,511000,7.09,3.44
EGY,Egypt,1997,Flood,1,1356.88,2204.67,3896000,3961000,3454000,1.67,-11.34
GBR,"United Kingdom",1997,Flood,2,337093.94,35349.79,25163000,25515000,25745000,1.4,2.31
GEO,Georgia,1997,Flood,2,40033.69,1354.78,117000,313000,317000,167.52,170.94
GRC,Greece,1997,Flood,1,217130.14,16501.03,9782000,10588000,11364000,8.24,16.17
HKG,"Hong Kong",1997,Flood,1,13570.95,26631.87,12974000,11273000,10160000,-13.11,-21.69
HUN,Hungary,1997,Flood,1,13570.95,7952.98,39833000,37315000,33624000,-6.32,-15.59
IDN,Indonesia,1997,Earthquake,1,1492.71,2081.84,5034000,5185000,4606000,3,-8.5
IND,India,1997,Earthquake,1,50211,667.6,2288000,2374000,2359000,3.76,3.1
IND,India,1997,Flood,2,305067.85,667.6,2288000,2374000,2359000,3.76,3.1
IRN,"Iran, Islamic Republic of",1997,Earthquake,3,279555.21,3679.28,573000,764000,1008000,33.33,75.92
IRN,"Iran, Islamic Republic of",1997,Flood,2,33926.29,3679.28,573000,764000,1008000,33.33,75.92
ISR,Israel,1997,Flood,1,54282.36,27081.62,2360000,2295000,2200000,-2.75,-6.78
ITA,Italy,1997,Earthquake,1,6140575.64,30353.38,59805000,57998000,58499000,-3.02,-2.18
JOR,Jordan,1997,Flood,1,1356.88,3280.7,3164000,3068000,3438000,-3.03,8.66
KEN,Kenya,1997,Flood,1,16013.05,1226.2,1003000,1001000,894000,-0.2,-10.87
KGZ,Kyrgyzstan,1997,Earthquake,1,2714.48,671.25,NULL,NULL,290000,NULL,NULL
KOR,"Korea, Republic of",1997,Flood,1,2239.07,15074.49,3684000,3908000,4250000,6.08,15.36
LKA,"Sri Lanka",1997,Flood,1,569.78,1788.47,315000,384000,409000,21.9,29.84
MDA,"Moldova, Republic of",1997,Flood,1,67853.3,1454.81,29000,21000,19000,-27.59,-34.48
PHL,Philippines,1997,Flood,1,102.95,1800.26,2049000,2223000,2149000,8.49,4.88
POL,Poland,1997,Flood,1,4749721.25,6391.13,87439000,87817000,88592000,0.43,1.32
PRY,Paraguay,1997,Flood,1,2289.11,4496.02,12868000,10955000,9818000,-14.87,-23.7
ROU,Romania,1997,Flood,1,149276.84,4546.67,5205000,5149000,4831000,-1.08,-7.19
RUS,"Russian Federation",1997,Flood,1,236264.44,4760.34,16208000,17463000,16188000,7.74,-0.12
SVK,Slovakia,1997,Flood,1,81423.54,8647.39,NULL,NULL,NULL,NULL,NULL
SYC,Seychelles,1997,Flood,1,2306.98,11284.85,142000,136000,134000,-4.23,-5.63
TTO,"Trinidad and Tobago",1997,Earthquake,1,33926.29,8116.26,317000,360000,377000,13.56,18.93
UGA,Uganda,1997,Flood,1,1356.88,478.25,174000,175000,195000,0.57,12.07
UKR,Ukraine,1997,Flood,1,23069.82,1326.28,6750000,14743000,12003000,118.41,77.82
USA,"United States",1997,Flood,5,9967629.8,44151.69,82756000,82525000,74767000,-0.28,-9.65
VEN,"Venezuela, Bolivarian Republic of",1997,Earthquake,1,109922.31,NULL,960000,933000,813000,-2.81,-15.31
AFG,Afghanistan,1998,Earthquake,2,26725.82,NULL,NULL,NULL,NULL,NULL,NULL
ARG,Argentina,1998,Flood,1,1469951.64,11348.2,2764000,3012000,2898000,8.97,4.85
ARM,Armenia,1998,Flood,1,160.14,1128.1,23000,32000,41000,39.13,78.26
AUS,Australia,1998,Flood,4,513146.64,42967.66,4318000,4167000,4459000,-3.5,3.27
BEL,Belgium,1998,Flood,1,13362.91,33566.99,6037000,6179000,6369000,2.35,5.5
BGD,Bangladesh,1998,Flood,1,5746174.61,584.45,182000,172000,173000,-5.49,-4.95
BRA,Brazil,1998,Flood,1,1336.15,6687.5,2850000,4818000,5107000,69.05,79.19
CHN,China,1998,Earthquake,3,505262.72,1909.62,57588000,63478000,72796000,10.23,26.41
CHN,China,1998,Flood,5,42419493.7,1909.62,57588000,63478000,72796000,10.23,26.41
COG,Congo,1998,Flood,1,78.64,2095.34,NULL,NULL,NULL,NULL,NULL
CZE,Czechia,1998,Flood,1,69488.28,11850.84,NULL,NULL,NULL,NULL,NULL
GBR,"United Kingdom",1998,Flood,1,668159.84,36446.26,25515000,25745000,25394000,0.9,-0.47
IDN,Indonesia,1998,Earthquake,1,267263.94,1780.2,5185000,4606000,4728000,-11.17,-8.81
IND,India,1998,Flood,1,706378.39,695.29,2374000,2359000,2482000,-0.63,4.55
IRN,"Iran, Islamic Republic of",1998,Flood,2,198444.09,3704.57,764000,1008000,1321000,31.94,72.91
KGZ,Kyrgyzstan,1998,Flood,1,3207.04,675.06,NULL,290000,165000,NULL,NULL
KOR,"Korea, Republic of",1998,Flood,1,1977752.98,14198.39,3908000,4250000,4660000,8.75,19.24
MEX,Mexico,1998,Flood,1,805399.91,9161.9,92915000,95214000,99869000,2.47,7.48
MWI,Malawi,1998,Flood,1,118.67,419.31,207000,220000,254000,6.28,22.71
NLD,Netherlands,1998,Flood,1,708249.29,37661.73,7841000,9312000,9874000,18.76,25.93
NPL,Nepal,1998,Flood,2,36080.29,511.55,422000,464000,492000,9.95,16.59
NZL,"New Zealand",1998,Flood,1,100223.98,28776.02,1497000,1485000,1607000,-0.8,7.35
PRY,Paraguay,1998,Flood,1,6681.46,4402.11,10955000,9818000,6569000,-10.38,-40.04
ROU,Romania,1998,Flood,1,200447.95,4463.61,5149000,4831000,5224000,-6.18,1.46
RUS,"Russian Federation",1998,Flood,2,22048.95,4515.51,17463000,16188000,18820000,-7.3,7.77
SDN,Sudan,1998,Flood,1,53453.07,1069.27,30000,36000,39000,20,30
SVK,Slovakia,1998,Flood,1,60134.53,8966.22,NULL,NULL,NULL,NULL,NULL
TJK,Tajikistan,1998,Flood,1,88197.21,389.09,2100,3200,4500,52.38,114.29
TUR,Turkey,1998,Earthquake,1,734975.82,6276.81,9689000,9753000,7487000,0.66,-22.73
TUR,Turkey,1998,Flood,1,1336319.68,6276.81,9689000,9753000,7487000,0.66,-22.73
UKR,Ukraine,1998,Flood,1,1682.16,1311.59,14743000,12003000,10990000,-18.59,-25.46
URY,Uruguay,1998,Flood,1,6681.46,11584.95,2463000,2324000,2273000,-5.64,-7.71
USA,"United States",1998,Flood,5,1419171.58,45596.43,82525000,74767000,75796000,-9.4,-8.15
VNM,"Viet Nam",1998,Flood,1,18307.87,1110.11,1716000,1520000,1782000,-11.42,3.85
ZMB,Zambia,1998,Flood,1,27661.63,781.66,341000,362000,404000,6.16,18.48
AUT,Austria,1999,Flood,1,41846.67,37468.87,17352000,17467000,17982000,0.66,3.63
AZE,Azerbaijan,1999,Earthquake,1,6538.48,1343.86,483000,602000,681000,24.64,40.99
BEN,Benin,1999,Flood,1,280.96,838.98,575000,941000,1068000,63.65,85.74
BLR,Belarus,1999,Flood,1,5727.78,2460.37,NULL,NULL,2030000,NULL,NULL
CHE,Switzerland,1999,Flood,1,431542.95,71341.34,7185000,7154000,7821000,-0.43,8.85
CHN,China,1999,Earthquake,1,57539.44,2038.21,63478000,72796000,83444000,14.68,31.45
CHN,China,1999,Flood,5,12102040.96,2038.21,63478000,72796000,83444000,14.68,31.45
COL,Colombia,1999,Earthquake,1,2428889.91,3967.11,823000,725000,707000,-11.91,-14.09
COL,Colombia,1999,Flood,1,3.57,3967.11,823000,725000,707000,-11.91,-14.09
CRI,"Costa Rica",1999,Flood,1,1307.55,7584.42,1167000,1267000,1278000,8.57,9.51
DEU,Germany,1999,Flood,1,562313.89,34152,16511000,17116000,18983000,3.66,14.97
DZA,Algeria,1999,Earthquake,1,79677.03,3471.49,678000,749000,866000,10.47,27.73
ESP,Spain,1999,Earthquake,1,57544.45,23017.84,68068000,72040000,74580000,5.84,9.57
ETH,Ethiopia,1999,Flood,1,3530.89,250.24,112000,115000,136000,2.68,21.43
FRA,France,1999,Flood,1,653853.26,32152.72,NULL,NULL,NULL,NULL,NULL
GBR,"United Kingdom",1999,Flood,1,42736.01,37435.88,25745000,25394000,25209000,-1.36,-2.08
GHA,Ghana,1999,Flood,1,27462.17,1010.25,348000,373000,399000,7.18,14.66
GRC,Greece,1999,Earthquake,1,5492367.95,17358.43,11364000,12606000,13567000,10.93,19.39
GTM,Guatemala,1999,Flood,1,1307.55,3129.12,636000,823000,826000,29.4,29.87
HND,Honduras,1999,Flood,1,1961.69,1714.07,324000,428000,689000,32.1,112.65
HUN,Hungary,1999,Flood,2,383681.11,8560.97,33624000,28803000,31141000,-14.34,-7.38
IDN,Indonesia,1999,Earthquake,1,5100.1,1767.51,4606000,4728000,5064000,2.65,9.94
IND,India,1999,Earthquake,1,2615.1,742.54,2359000,2482000,2649000,5.21,12.29
IND,India,1999,Flood,1,3138.41,742.54,2359000,2482000,2649000,5.21,12.29
IRN,"Iran, Islamic Republic of",1999,Flood,1,56231.17,3725.32,1008000,1321000,1342000,31.05,33.13
JPN,Japan,1999,Flood,1,139924.52,30636.27,4106000,4438000,4757000,8.09,15.85
KHM,Cambodia,1999,Flood,1,654.13,552.9,287000,368000,466000,28.22,62.37
KOR,"Korea, Republic of",1999,Flood,1,434158.77,15714.41,4250000,4660000,5322000,9.65,25.22
MDA,"Moldova, Republic of",1999,Flood,1,5230.92,1316.43,19000,14000,18000,-26.32,-5.26
MEX,Mexico,1999,Earthquake,2,512097.88,9264.98,95214000,99869000,105673000,4.89,10.98
MEX,Mexico,1999,Flood,1,590167.82,9264.98,95214000,99869000,105673000,4.89,10.98
MOZ,Mozambique,1999,Flood,1,16215.36,291.56,NULL,NULL,NULL,NULL,NULL
NIC,Nicaragua,1999,Flood,1,654.13,1420.32,483000,530000,581000,9.73,20.29
NPL,Nepal,1999,Flood,1,2615.1,524.27,464000,492000,464000,6.03,0
PER,Peru,1999,Earthquake,1,1438.38,3250.38,NULL,NULL,NULL,NULL,NULL
PHL,Philippines,1999,Earthquake,1,2346.3,1759.42,2149000,2171000,1992000,1.02,-7.31
PHL,Philippines,1999,Flood,2,31384.82,1759.42,2149000,2171000,1992000,1.02,-7.31
PNG,"Papua New Guinea",1999,Flood,1,56529.29,2112.1,NULL,NULL,NULL,NULL,NULL
PRK,"Korea, Democratic People's Republic of",1999,Flood,1,2615.1,NULL,NULL,NULL,NULL,NULL,NULL
ROU,Romania,1999,Flood,2,78462.42,4453.78,4831000,5224000,5264000,8.13,8.96
RUS,"Russian Federation",1999,Earthquake,1,1176.73,4819.38,16188000,18820000,21169000,16.26,30.77
SLV,"El Salvador",1999,Flood,1,1961.69,2946.43,NULL,NULL,867000,NULL,NULL
SVK,Slovakia,1999,Flood,1,148163.02,8914.68,NULL,NULL,NULL,NULL,NULL
THA,Thailand,1999,Flood,2,17349.19,3403.09,7843000,8651000,9579000,10.3,22.13
TJK,Tajikistan,1999,Flood,1,8047.63,401.41,3200,4500,7700,40.62,140.62
TUR,Turkey,1999,Earthquake,2,27461841.18,5991.37,9753000,7487000,10428000,-23.23,6.92
USA,"United States",1999,Flood,1,392.48,47234.25,74767000,75796000,78343000,1.38,4.78
VEN,"Venezuela, Bolivarian Republic of",1999,Flood,1,4132352.91,NULL,813000,702000,602000,-13.65,-25.95
VNM,"Viet Nam",1999,Flood,3,404734.92,1148.04,1520000,1782000,2140000,17.24,40.79
ZAF,"South Africa",1999,Flood,2,25631.31,4552.85,5898000,6026000,6001000,2.17,1.75
AGO,Angola,2000,Flood,1,12650.16,1932.99,45000,51000,67000,13.33,48.89
ARG,Argentina,2000,Flood,1,379496.8,10631.65,2898000,2909000,2620000,0.38,-9.59
AUS,Australia,2000,Flood,1,335222.33,45859.52,4459000,4931000,4856000,10.59,8.9
AZE,Azerbaijan,2000,Earthquake,1,12650.16,1480.81,602000,681000,767000,13.12,27.41
BGD,Bangladesh,2000,Flood,1,632494.91,620.56,173000,199000,207000,15.03,19.65
BWA,Botswana,2000,Flood,1,6324.72,5062.64,1039000,1306000,1451000,25.7,39.65
CHL,Chile,2000,Flood,1,37949.75,8465.35,NULL,NULL,NULL,NULL,NULL
CHN,China,2000,Earthquake,3,147982.87,2193.9,72796000,83444000,89013000,14.63,22.28
CHN,China,2000,Flood,6,392610.21,2193.9,72796000,83444000,89013000,14.63,22.28
CZE,Czechia,2000,Flood,1,101199.1,12543.94,NULL,NULL,NULL,NULL,NULL
ESP,Spain,2000,Flood,1,94874.38,24106.88,72040000,74580000,75564000,3.53,4.89
GBR,"United Kingdom",2000,Flood,2,7486399.2,38921.9,25394000,25209000,22835000,-0.73,-10.08
HUN,Hungary,2000,Flood,1,69574.78,8967.7,28803000,31141000,30679000,8.12,6.51
IDN,Indonesia,2000,Earthquake,3,92344.35,1828.1,4728000,5064000,5153000,7.11,8.99
IDN,Indonesia,2000,Flood,2,142944.26,1828.1,4728000,5064000,5153000,7.11,8.99
IND,India,2000,Flood,3,1147977.84,756.7,2482000,2649000,2537000,6.73,2.22
IRN,"Iran, Islamic Republic of",2000,Flood,1,7590.09,3885.3,1321000,1342000,1402000,1.59,6.13
ISL,Iceland,2000,Earthquake,2,30360.37,42174.67,281000,328000,329000,16.73,17.08
ITA,Italy,2000,Flood,2,10183167.86,32609.67,59521000,62702000,60960000,5.34,2.42
JPN,Japan,2000,Earthquake,1,632494.91,31430.63,4438000,4757000,4772000,7.19,7.53
JPN,Japan,2000,Flood,1,9411524.1,31430.63,4438000,4757000,4772000,7.19,7.53
KAZ,Kazakhstan,2000,Flood,1,1897.34,4269.33,394000,1683000,2693000,327.16,583.5
KHM,Cambodia,2000,Flood,1,202398.2,598.56,368000,466000,605000,26.63,64.4
KOR,"Korea, Republic of",2000,Flood,2,63250.06,16995.56,4660000,5322000,5147000,14.21,10.45
LAO,"Lao People's Democratic Republic",2000,Flood,1,1264.66,917.23,614000,737000,674000,20.03,9.77
LKA,"Sri Lanka",2000,Flood,1,3794.69,1958.1,465000,445000,397000,-4.3,-14.62
MOZ,Mozambique,2000,Flood,1,530283.51,287.39,NULL,NULL,404000,NULL,NULL
MWI,Malawi,2000,Flood,1,1264.66,418.59,254000,228000,266000,-10.24,4.72
MYS,Malaysia,2000,Flood,1,1264.66,6455.61,7931000,10222000,12775000,28.89,61.08
NGA,Nigeria,2000,Flood,2,8481.57,1421.68,1425000,1492000,1753000,4.7,23.02
NPL,Nepal,2000,Flood,1,7969.71,547.22,492000,464000,361000,-5.69,-26.63
NZL,"New Zealand",2000,Flood,1,1264.66,30848.19,1607000,1787000,1909000,11.2,18.79
PAN,Panama,2000,Flood,1,1644.27,6856.15,555000,600000,737000,8.11,32.79
PHL,Philippines,2000,Flood,1,5160.86,1793.35,2171000,1992000,1797000,-8.25,-17.23
ROU,Romania,2000,Flood,2,127131.38,4569.31,5224000,5264000,4938000,0.77,-5.47
RUS,"Russian Federation",2000,Earthquake,1,1163.86,5323.67,18820000,21169000,21595000,12.48,14.74
RUS,"Russian Federation",2000,Flood,4,55526.28,5323.67,18820000,21169000,21595000,12.48,14.74
SWZ,Eswatini,2000,Flood,1,62.91,2279.16,1253000,1151000,1312000,-8.14,4.71
THA,Thailand,2000,Flood,3,137954.25,3514.72,8651000,9579000,10133000,10.73,17.13
TUR,Turkey,2000,Flood,1,50599.91,6325.1,7487000,10428000,11619000,39.28,55.19
USA,"United States",2000,Earthquake,1,63249.35,48616.25,75796000,78343000,70975000,3.36,-6.36
USA,"United States",2000,Flood,3,361786.58,48616.25,75796000,78343000,70975000,3.36,-6.36
VNM,"Viet Nam",2000,Flood,2,335222.33,1212.2,1782000,2140000,2330000,20.09,30.75
ZAF,"South Africa",2000,Flood,1,202398.2,4700.88,6026000,6001000,5908000,-0.41,-1.96
ZWE,Zimbabwe,2000,Flood,1,92217.81,1668.43,2250000,1967000,2217000,-12.58,-1.47
ARG,Argentina,2001,Flood,1,922666.38,10051.94,2909000,2620000,2820000,-9.93,-3.06
AUS,Australia,2001,Flood,3,276799.99,46191.31,4931000,4856000,4841000,-1.52,-1.83
BOL,"Bolivia, Plurinational State of",2001,Flood,1,148856.48,2013.85,319000,316000,334000,-0.94,4.7
BRA,Brazil,2001,Flood,1,55359.71,6823.03,5313000,4773000,3785000,-10.16,-28.76
CHL,Chile,2001,Flood,1,10948.69,8632.01,NULL,NULL,NULL,NULL,NULL
CHN,China,2001,Earthquake,3,111950.48,2359.57,83444000,89013000,97908000,6.67,17.33
CHN,China,2001,Flood,7,874688.01,2359.57,83444000,89013000,97908000,6.67,17.33
DZA,Algeria,2001,Flood,1,369066.41,3610.01,866000,901000,988000,4.04,14.09
FRA,France,2001,Flood,1,162819.9,33640.67,NULL,NULL,NULL,NULL,NULL
GTM,Guatemala,2001,Earthquake,1,61.48,3166.2,826000,835000,884000,1.09,7.02
HUN,Hungary,2001,Flood,1,6151,9354.48,31141000,30679000,31739000,-1.48,1.92
IDN,Indonesia,2001,Flood,1,12302,1868.59,5064000,5153000,5033000,1.76,-0.61
IND,India,2001,Earthquake,1,3226872.01,778.51,2649000,2537000,2384000,-4.23,-10
IND,India,2001,Flood,5,445247.58,778.51,2649000,2537000,2384000,-4.23,-10
IRN,"Iran, Islamic Republic of",2001,Flood,2,127696.87,3917.3,1342000,1402000,1585000,4.47,18.11
ITA,Italy,2001,Flood,1,123022.14,33245.28,62702000,60960000,63561000,-2.78,1.37
JPN,Japan,2001,Earthquake,1,615110.68,31476.05,4757000,4772000,5239000,0.32,10.13
KHM,Cambodia,2001,Flood,1,18453,632.83,466000,605000,787000,29.83,68.88
KOR,"Korea, Republic of",2001,Flood,1,93496.77,17684.05,5322000,5147000,5347000,-3.29,0.47
MAR,Morocco,2001,Flood,1,2706.61,2078.97,4458000,4596000,4709000,3.1,5.63
MOZ,Mozambique,2001,Flood,1,44288.06,317.19,NULL,404000,943000,NULL,NULL
MWI,Malawi,2001,Flood,1,8242.8,388.26,228000,266000,383000,16.67,67.98
NGA,Nigeria,2001,Flood,1,3690.31,1465.46,1492000,1753000,2046000,17.49,37.13
PAK,Pakistan,2001,Earthquake,1,614.81,1057.87,557000,500000,498000,-10.23,-10.59
PAK,Pakistan,2001,Flood,1,302634.33,1057.87,557000,500000,498000,-10.23,-10.59
PER,Peru,2001,Earthquake,1,369066.41,3261.66,NULL,NULL,NULL,NULL,NULL
PHL,Philippines,2001,Flood,1,9842.03,1807.71,1992000,1797000,1933000,-9.79,-2.96
POL,Poland,2001,Flood,1,861154.96,7494.96,84515000,61431000,50735000,-27.31,-39.97
PRI,"Puerto Rico",2001,Flood,1,179612.19,27722.37,4566000,4908000,4364000,7.49,-4.42
PRK,"Korea, Democratic People's Republic of",2001,Flood,1,11564.22,NULL,NULL,NULL,NULL,NULL,NULL
ROU,Romania,2001,Flood,2,166079.85,4875.3,5264000,4938000,4794000,-6.19,-8.93
RUS,"Russian Federation",2001,Flood,3,357994.04,5618.96,21169000,21595000,23309000,2.01,10.11
SDN,Sudan,2001,Flood,1,2460.69,1150.18,38000,50000,52000,31.58,36.84
SLV,"El Salvador",2001,Earthquake,2,2274064.73,2978.6,867000,804000,885000,-7.27,2.08
SVK,Slovakia,2001,Flood,1,7381.34,9277.36,NULL,NULL,NULL,NULL,NULL
TCD,Chad,2001,Flood,1,1230.34,397.36,43000,57000,32000,32.56,-25.58
THA,Thailand,2001,Flood,2,35060.84,3599.03,9579000,10133000,10873000,5.78,13.51
TUR,Turkey,2001,Flood,1,30755.71,5887.69,10428000,11619000,13256000,11.42,27.12
UKR,Ukraine,2001,Flood,1,18453,1547.28,11691000,11877000,12793000,1.59,9.43
USA,"United States",2001,Earthquake,1,2460443.45,48597.42,78343000,70975000,64434000,-9.4,-17.75
USA,"United States",2001,Flood,2,40597.74,48597.42,78343000,70975000,64434000,-9.4,-17.75
VNM,"Viet Nam",2001,Flood,2,109120.91,1273.81,2140000,2330000,2628000,8.88,22.8
WSM,Samoa,2001,Flood,1,1845.16,3137.46,NULL,NULL,NULL,NULL,NULL
ZWE,Zimbabwe,2001,Flood,1,4428.81,1681.16,1967000,2217000,2041000,12.71,3.76
ALB,Albania,2002,Flood,1,21192.5,2247.5,354000,470000,557000,32.77,57.34
AUT,Austria,2002,Flood,1,2906435.24,39313.72,18180000,18611000,19078000,2.37,4.94
BGR,Bulgaria,2002,Flood,1,1211.04,4264.27,5104000,5563000,6241000,8.99,22.28
BOL,"Bolivia, Plurinational State of",2002,Flood,1,121101.2,2029.67,316000,334000,427000,5.7,35.13
CHL,Chile,2002,Flood,1,242203.12,8810.69,NULL,NULL,NULL,NULL,NULL
CHN,China,2002,Flood,7,5726645.68,2557.89,89013000,97908000,91662000,9.99,2.98
CRI,"Costa Rica",2002,Flood,1,1211.04,7989.56,1320000,1335000,1514000,1.14,14.7
CZE,Czechia,2002,Flood,1,2906435.24,13179.99,NULL,NULL,20108000,NULL,NULL
DEU,Germany,2002,Flood,1,14047769.27,35460.41,17861000,17969000,18399000,0.6,3.01
DOM,"Dominican Republic",2002,Flood,1,605.52,4312.88,3090000,3058000,3680000,-1.04,19.09
DZA,Algeria,2002,Flood,1,1816.56,3754.66,901000,988000,1166000,9.66,29.41
ECU,Ecuador,2002,Flood,2,19376.65,4174.9,641000,683000,761000,6.55,18.72
ESP,Spain,2002,Flood,1,105358.39,25205.32,75564000,79313000,82326000,4.96,8.95
FRA,France,2002,Flood,1,1441107.57,33753.58,NULL,NULL,NULL,NULL,NULL
GEO,Georgia,2002,Earthquake,1,423854.92,1768.6,302000,298000,313000,-1.32,3.64
HND,Honduras,2002,Flood,1,121101.2,1807.97,672000,788000,887000,17.26,31.99
HTI,Haiti,2002,Flood,1,1211.04,1304.53,499000,482000,518000,-3.41,3.81
HUN,Hungary,2002,Flood,1,36330.5,9825.94,30679000,31739000,31412000,3.46,2.39
IDN,Indonesia,2002,Flood,2,425792.3,1926.37,5153000,5033000,4467000,-2.33,-13.31
IND,India,2002,Flood,2,61485.69,793.62,2537000,2384000,2726000,-6.03,7.45
IRN,"Iran, Islamic Republic of",2002,Earthquake,1,363304.32,4198.95,1402000,1585000,1546000,13.05,10.27
IRN,"Iran, Islamic Republic of",2002,Flood,2,76366.33,4198.95,1402000,1585000,1546000,13.05,10.27
ITA,Italy,2002,Earthquake,2,1569475.02,33285.41,60960000,63561000,63026000,4.27,3.39
ITA,Italy,2002,Flood,2,782315.07,33285.41,60960000,63561000,63026000,4.27,3.39
JAM,Jamaica,2002,Flood,1,24220.1,5031.2,2117000,2131000,2483000,0.66,17.29
KHM,Cambodia,2002,Flood,1,120.82,662.19,605000,787000,701000,30.08,15.87
KOR,"Korea, Republic of",2002,Flood,1,417799.71,18940.38,5147000,5347000,4753000,3.89,-7.65
MAR,Morocco,2002,Flood,1,242203.12,2127.51,4596000,4709000,5021000,2.46,9.25
MDA,"Moldova, Republic of",2002,Flood,1,1007.29,1547.57,16000,18000,21000,12.5,31.25
NIC,Nicaragua,2002,Flood,1,60.77,1475.49,584000,579000,646000,-0.86,10.62
NZL,"New Zealand",2002,Flood,1,605.52,32636.14,1909000,2045000,2104000,7.12,10.21
PAK,Pakistan,2002,Flood,1,36.46,1059.04,500000,498000,501000,-0.4,0.2
PAN,Panama,2002,Flood,1,605.52,6825.18,737000,800000,897000,8.55,21.71
PHL,Philippines,2002,Earthquake,1,2075.35,1837.25,1797000,1933000,1907000,7.57,6.12
PHL,Philippines,2002,Flood,2,2230.49,1837.25,1797000,1933000,1907000,7.57,6.12
ROU,Romania,2002,Flood,1,351.02,5248.55,4938000,4794000,5595000,-2.92,13.3
RUS,"Russian Federation",2002,Flood,3,662389.17,5910.17,21595000,23309000,22521000,7.94,4.29
SEN,Senegal,2002,Flood,1,49626.21,1042.26,NULL,NULL,502000,NULL,NULL
SVK,Slovakia,2002,Flood,1,3633.12,9690.68,NULL,NULL,NULL,NULL,NULL
THA,Thailand,2002,Flood,1,43387.28,3783.75,10133000,10873000,10082000,7.3,-0.5
TJK,Tajikistan,2002,Flood,1,3434.38,501.81,5200,NULL,NULL,NULL,NULL
TUR,Turkey,2002,Earthquake,1,115046.71,6192.19,11619000,13256000,14030000,14.09,20.75
USA,"United States",2002,Flood,3,1318795.33,48967.37,70975000,64434000,62082000,-9.22,-12.53
VEN,"Venezuela, Bolivarian Republic of",2002,Flood,1,3633.12,NULL,792000,590000,435000,-25.51,-45.08
VNM,"Viet Nam",2002,Flood,3,101846.8,1340.52,2330000,2628000,2429000,12.79,4.25
ARG,Argentina,2003,Flood,1,1217538.33,9545.53,2820000,2995000,3457000,6.21,22.59
ASM,"American Samoa",2003,Flood,1,59206.59,13201.73,NULL,NULL,NULL,NULL,NULL
AUS,Australia,2003,Flood,2,91178.35,48394.13,4841000,4746000,5215000,-1.96,7.73
AZE,Azerbaijan,2003,Flood,1,65127.39,1918.61,834000,1038000,1279000,24.46,53.36
BOL,"Bolivia, Plurinational State of",2003,Flood,1,1183.87,2050.07,334000,427000,480000,27.84,43.71
BRA,Brazil,2003,Flood,1,358792.58,6941.44,3785000,4133000,4794000,9.19,26.66
CAN,Canada,2003,Flood,3,41444.9,39270.02,44896000,38903000,38845000,-13.35,-13.48
CHN,China,2003,Earthquake,6,593172.55,2797.18,97908000,91662000,109038000,-6.38,11.37
CHN,China,2003,Flood,5,18152343.32,2797.18,97908000,91662000,109038000,-6.38,11.37
DOM,"Dominican Republic",2003,Flood,2,52954.07,4194.02,3058000,3680000,3907000,20.34,27.76
DZA,Algeria,2003,Earthquake,1,5920668.11,3945.9,988000,1166000,1234000,18.02,24.9
FRA,France,2003,Flood,1,1776200.51,33840.62,NULL,NULL,190282000,NULL,NULL
GRC,Greece,2003,Flood,1,710480.49,20632.26,14918000,14785000,14268000,-0.89,-4.36
HND,Honduras,2003,Flood,1,23682.49,1842.3,788000,887000,1026000,12.56,30.2
IND,India,2003,Flood,1,200118.38,841.28,2384000,2726000,3457000,14.35,45.01
IRN,"Iran, Islamic Republic of",2003,Earthquake,2,617722.21,4511.43,1585000,1546000,1659000,-2.46,4.67
IRN,"Iran, Islamic Republic of",2003,Flood,1,992.28,4511.43,1585000,1546000,1659000,-2.46,4.67
ITA,Italy,2003,Earthquake,1,664716.16,33159.84,63561000,63026000,58480000,-0.84,-7.99
ITA,Italy,2003,Flood,2,953227.64,33159.84,63561000,63026000,58480000,-0.84,-7.99
JPN,Japan,2003,Earthquake,3,1429249.53,31830.22,5239000,5212000,6138000,-0.52,17.16
JPN,Japan,2003,Flood,1,8289.27,31830.22,5239000,5212000,6138000,-0.52,17.16
LKA,"Sri Lanka",2003,Flood,1,34340.22,2053.25,457000,583000,681000,27.57,49.02
MDG,Madagascar,2003,Flood,1,177619.76,433.6,NULL,NULL,NULL,NULL,NULL
MEX,Mexico,2003,Earthquake,1,137714.76,9222,100153000,92330000,99250000,-7.81,-0.9
MNG,Mongolia,2003,Flood,1,319.56,1775.65,235000,205000,305000,-12.77,29.79
NGA,Nigeria,2003,Flood,1,3043.33,1717.21,2046000,2253000,2646000,10.12,29.33
RUS,"Russian Federation",2003,Earthquake,1,12551.5,6370.45,23309000,22521000,22064000,-3.38,-5.34
SDN,Sudan,2003,Flood,1,217880.79,1226.42,52000,52000,61000,0,17.31
THA,Thailand,2003,Flood,2,31261.15,4018.16,10873000,10082000,11737000,-7.27,7.95
TJK,Tajikistan,2003,Flood,1,23682.49,546.39,NULL,NULL,NULL,NULL,NULL
TUR,Turkey,2003,Earthquake,1,159858.07,6473.46,13256000,14030000,17517000,5.84,32.14
USA,"United States",2003,Earthquake,1,236827.07,49905.52,64434000,62082000,67606000,-3.65,4.92
USA,"United States",2003,Flood,2,145648.01,49905.52,64434000,62082000,67606000,-3.65,4.92
VNM,"Viet Nam",2003,Flood,3,124334.69,1418.74,2628000,2429000,2928000,-7.57,11.42
ZWE,Zimbabwe,2003,Flood,1,236827.07,1244.27,2041000,2256000,1854000,10.53,-9.16
ALB,Albania,2004,Flood,1,199.46,2522.45,557000,645000,748000,15.8,34.29
AUS,Australia,2004,Flood,3,60546.31,49902.02,4746000,5215000,5499000,9.88,15.87
BGD,Bangladesh,2004,Earthquake,1,576629.05,702.66,245000,271000,208000,10.61,-15.1
BGD,Bangladesh,2004,Flood,1,2537167.95,702.66,245000,271000,208000,10.61,-15.1
BRA,Brazil,2004,Flood,1,426.8,7258.78,4133000,4794000,5358000,15.99,29.64
CAN,Canada,2004,Flood,1,230651.76,40108.76,38903000,38845000,36160000,-0.15,-7.05
CHN,China,2004,Earthquake,2,143004.31,3061.83,91662000,109038000,120292000,18.96,31.23
CHN,China,2004,Flood,4,2289794.67,3061.83,91662000,109038000,120292000,18.96,31.23
DEU,Germany,2004,Earthquake,1,13839.03,35670.49,18399000,20137000,21500000,9.45,16.85
ESP,Spain,2004,Flood,1,16474.16,25825.31,82326000,85981000,92563000,4.44,12.43
GBR,"United Kingdom",2004,Flood,1,110712.99,42167.36,24715000,27755000,29970000,12.3,21.26
GEO,Georgia,2004,Flood,1,2486.42,2105,313000,368000,560000,17.57,78.91
IDN,Indonesia,2004,Earthquake,4,5212265.84,2065.71,4467000,5321000,5002000,19.12,11.98
IDN,Indonesia,2004,Flood,1,69195.17,2065.71,4467000,5321000,5002000,19.12,11.98
IND,India,2004,Earthquake,1,1179552.83,892.6,2726000,3457000,3919000,26.82,43.76
IND,India,2004,Flood,2,3201444.45,892.6,2726000,3457000,3919000,26.82,43.76
IRN,"Iran, Islamic Republic of",2004,Earthquake,1,190287.79,4607.45,1546000,1659000,1889000,7.31,22.19
JPN,Japan,2004,Earthquake,1,32291230.17,32515.12,5212000,6138000,6728000,17.77,29.09
JPN,Japan,2004,Flood,1,2248853.78,32515.12,5212000,6138000,6728000,17.77,29.09
KEN,Kenya,2004,Earthquake,1,115325.52,1191.25,1146000,1361000,1479000,18.76,29.06
KOR,"Korea, Republic of",2004,Flood,2,7605.82,20364.76,4753000,5818000,6023000,22.41,26.72
LKA,"Sri Lanka",2004,Earthquake,1,1518264.59,2150.39,583000,681000,669000,16.81,14.75
MAR,Morocco,2004,Earthquake,1,461303.52,2301.08,5021000,5732000,6077000,14.16,21.03
MDV,Maldives,2004,Earthquake,1,542146.56,8180.3,564000,617000,395000,9.4,-29.96
MEX,Mexico,2004,Flood,1,4151.42,9421.29,92330000,99250000,103146000,7.49,11.71
MKD,"North Macedonia",2004,Flood,1,4151.42,3473.77,158000,165000,197000,4.43,24.68
MMR,Myanmar,2004,Earthquake,1,576629.05,463.33,597000,657000,660000,10.05,10.55
MYS,Malaysia,2004,Earthquake,1,576629.05,7025.35,10577000,15703000,16431000,48.46,55.35
MYS,Malaysia,2004,Flood,1,11532.77,7025.35,10577000,15703000,16431000,48.46,55.35
NZL,"New Zealand",2004,Flood,2,282548.5,34367.01,2104000,2334000,2366000,10.93,12.45
PRK,"Korea, Democratic People's Republic of",2004,Flood,1,23064.82,NULL,NULL,NULL,NULL,NULL,NULL
RUS,"Russian Federation",2004,Flood,3,65458.39,6856.68,22521000,22064000,22201000,-2.03,-1.42
SOM,Somalia,2004,Earthquake,1,115325.52,266.26,NULL,NULL,NULL,NULL,NULL
SVN,Slovenia,2004,Earthquake,1,11532.77,18425.26,1373000,1499000,1555000,9.18,13.26
SYC,Seychelles,2004,Earthquake,1,34597.59,10412.09,127000,126000,135000,-0.79,6.3
THA,Thailand,2004,Earthquake,1,1153258.09,4232.77,10082000,11737000,11567000,16.42,14.73
THA,Thailand,2004,Flood,1,201819.84,4232.77,10082000,11737000,11567000,16.42,14.73
TJK,Tajikistan,2004,Flood,1,13839.03,590.96,NULL,NULL,NULL,NULL,NULL
USA,"United States",2004,Flood,3,582971.64,51348.35,62082000,67606000,71484000,8.9,15.14
VNM,"Viet Nam",2004,Flood,1,9225.78,1510.94,2429000,2928000,3477000,20.54,43.15
AFG,Afghanistan,2005,Earthquake,1,55.76,363.64,NULL,NULL,NULL,NULL,NULL
AUS,Australia,2005,Flood,1,64694.16,50853.2,5215000,5499000,5532000,5.45,6.08
AUT,Austria,2005,Flood,1,780790.19,40989.01,19374000,19952000,20269000,2.98,4.62
BGR,Bulgaria,2005,Flood,3,509744.43,5236.09,6982000,7282000,7499000,4.3,7.4
CAN,Canada,2005,Flood,1,398202.87,41006.22,38845000,36160000,33390000,-6.91,-14.04
CHE,Switzerland,2005,Flood,1,2342371.28,76282.98,NULL,7229000,7863000,NULL,NULL
CHL,Chile,2005,Earthquake,1,5576.93,10104.42,NULL,NULL,NULL,NULL,NULL
CHN,China,2005,Flood,10,5198792.12,3390.72,109038000,120292000,124942000,10.32,14.59
COL,Colombia,2005,Flood,1,11153.87,4457.28,840000,981000,2096000,16.79,149.52
CRI,"Costa Rica",2005,Flood,1,27885.39,8655.34,1771000,1959000,2071000,10.62,16.94
DEU,Germany,2005,Flood,1,245391.57,36006.86,20137000,21500000,23569000,6.77,17.04
DZA,Algeria,2005,Flood,1,8093.38,4223.6,1234000,1443000,1638000,16.94,32.74
ETH,Ethiopia,2005,Flood,2,6915.23,302.48,184000,227000,330000,23.37,79.35
GUY,Guyana,2005,Flood,1,518779.34,3867.93,122000,117000,113000,-4.1,-7.38
HUN,Hungary,2005,Flood,1,53539.58,11278.62,33934000,36173000,38318000,6.6,12.92
IND,India,2005,Earthquake,1,1115414.86,947.73,3457000,3919000,4447000,13.36,28.64
IND,India,2005,Flood,5,6904417.7,947.73,3457000,3919000,4447000,13.36,28.64
IRN,"Iran, Islamic Republic of",2005,Earthquake,1,89233.1,4650.36,1659000,1889000,2735000,13.86,64.86
JPN,Japan,2005,Earthquake,1,446166.23,33098.55,6138000,6728000,7334000,9.61,19.49
KAZ,Kazakhstan,2005,Flood,1,8546.63,6787.41,4291000,4365000,4707000,1.72,9.69
KEN,Kenya,2005,Flood,1,557.62,1223.45,1361000,1479000,1601000,8.67,17.63
KGZ,Kyrgyzstan,2005,Flood,1,2966.84,820.71,398000,319000,766000,-19.85,92.46
MDA,"Moldova, Republic of",2005,Flood,1,8646.72,1919.45,69000,67000,63000,-2.9,-8.7
NGA,Nigeria,2005,Flood,1,163.71,1889.25,2646000,2778000,3056000,4.99,15.5
NZL,"New Zealand",2005,Flood,1,80309.72,35120.74,2334000,2366000,2409000,1.37,3.21
PAK,Pakistan,2005,Earthquake,1,5800157.42,1201.23,648000,798000,898000,23.15,38.58
PAK,Pakistan,2005,Flood,1,33462.32,1201.23,648000,798000,898000,23.15,38.58
PAN,Panama,2005,Flood,1,7808.14,7935.87,1004000,1070000,1215000,6.57,21.02
PER,Peru,2005,Earthquake,1,55.76,3835.13,1650000,1938000,2227000,17.45,34.97
PHL,Philippines,2005,Flood,1,574.78,2037.88,2291000,2623000,2843000,14.49,24.09
ROU,Romania,2005,Flood,3,1464539.85,6328.09,6600000,5839000,6037000,-11.53,-8.53
RUS,"Russian Federation",2005,Flood,2,26399.83,7323.39,22064000,22201000,22486000,0.62,1.91
SOM,Somalia,2005,Flood,1,22.16,275.46,NULL,NULL,NULL,NULL,NULL
SVN,Slovenia,2005,Flood,1,5576.93,19102.28,1499000,1555000,1617000,3.74,7.87
THA,Thailand,2005,Flood,2,243160.37,4372.26,11737000,11567000,13822000,-1.45,17.76
TJK,Tajikistan,2005,Flood,1,55770.78,618.33,NULL,NULL,NULL,NULL,NULL
USA,"United States",2005,Flood,5,814621.4,52649.57,67606000,71484000,183178000,5.74,170.95
VEN,"Venezuela, Bolivarian Republic of",2005,Flood,2,56886.02,NULL,618000,846000,883000,36.89,42.88
VNM,"Viet Nam",2005,Flood,3,60232.47,1609.96,2928000,3477000,3583000,18.75,22.37
ZAF,"South Africa",2005,Earthquake,1,22308.45,5406.08,6815000,7518000,8509000,10.32,24.86
BOL,"Bolivia, Plurinational State of",2006,Flood,1,37819.64,2221.43,524000,521000,573000,-0.57,9.35
CHN,China,2006,Earthquake,2,7770.25,3800.77,120292000,124942000,131873000,3.87,9.63
CHN,China,2006,Flood,9,1823440.38,3800.77,120292000,124942000,131873000,3.87,9.63
DZA,Algeria,2006,Flood,1,1296.83,4279.62,1443000,1638000,1743000,13.51,20.79
ECU,Ecuador,2006,Flood,1,3025.46,4706.98,860000,841000,937000,-2.21,8.95
ETH,Ethiopia,2006,Flood,1,3457.97,325.54,227000,330000,358000,45.37,57.71
FJI,Fiji,2006,Flood,1,540.46,4295.41,547000,NULL,542000,NULL,-0.91
GRC,Greece,2006,Flood,1,6114.54,23220.53,15938000,17284000,NULL,8.45,NULL
GUY,Guyana,2006,Flood,1,182614.06,4076.78,117000,113000,134000,-3.42,14.53
HND,Honduras,2006,Flood,1,8644.57,2056.53,1118000,1136000,1309000,1.61,17.08
IDN,Indonesia,2006,Earthquake,2,3409156.5,2244.08,5002000,4871000,5506000,-2.62,10.08
IDN,Indonesia,2006,Flood,3,115943.91,2244.08,5002000,4871000,5506000,-2.62,10.08
IND,India,2006,Flood,1,3663087.55,1008.23,3919000,4447000,5082000,13.47,29.68
IRN,"Iran, Islamic Republic of",2006,Earthquake,1,45666.38,4778.79,1889000,2735000,2219000,44.79,17.47
IRN,"Iran, Islamic Republic of",2006,Flood,1,17289.14,4778.79,1889000,2735000,2219000,44.79,17.47
IRQ,Iraq,2006,Flood,1,1404.78,3471.99,NULL,NULL,NULL,NULL,NULL
LKA,"Sri Lanka",2006,Flood,1,3241.36,2427.79,669000,689000,592000,2.99,-11.51
MYS,Malaysia,2006,Flood,1,23772.57,7469.81,16431000,17547000,20973000,6.79,27.64
NAM,Namibia,2006,Flood,1,9173.6,3835,856000,961000,1048000,12.27,22.43
NZL,"New Zealand",2006,Flood,1,3241.36,35659.6,2366000,2409000,2455000,1.82,3.76
PHL,Philippines,2006,Flood,4,15296.72,2110.42,2623000,2843000,3092000,8.39,17.88
RUS,"Russian Federation",2006,Earthquake,1,59430.35,7949.9,22201000,22486000,22909000,1.28,3.19
RUS,"Russian Federation",2006,Flood,2,143077.94,7949.9,22201000,22486000,22909000,1.28,3.19
THA,Thailand,2006,Flood,2,37754.58,4551.53,11567000,13822000,14464000,19.5,25.05
TJK,Tajikistan,2006,Earthquake,1,23772.57,649.16,NULL,NULL,NULL,NULL,NULL
TUR,Turkey,2006,Flood,1,342536.47,8023.15,21125000,19820000,27215000,-6.18,28.83
UKR,Ukraine,2006,Flood,1,25776.43,2298.13,20489000,21714000,26162000,5.98,27.69
USA,"United States",2006,Earthquake,1,162083.56,53596.32,71484000,183178000,175299000,156.25,145.23
USA,"United States",2006,Flood,7,1597603.47,53596.32,71484000,183178000,175299000,156.25,145.23
VNM,"Viet Nam",2006,Flood,2,9724.78,1699.68,3477000,3583000,4229000,3.05,21.63
ZAF,"South Africa",2006,Flood,2,233400.55,5650.99,7518000,8509000,9208000,13.18,22.48
ARG,Argentina,2007,Flood,2,42023.97,12811.9,4173000,4562000,4700000,9.32,12.63
AUS,Australia,2007,Flood,1,1365762.83,52531.76,5532000,5644000,5586000,2.02,0.98
BGD,Bangladesh,2007,Flood,2,119767.2,825.51,200000,289000,467000,44.5,133.5
BOL,"Bolivia, Plurinational State of",2007,Flood,2,619846.18,2283.43,521000,573000,594000,9.98,14.01
BRA,Brazil,2007,Flood,1,131323.56,8003.25,5017000,5026000,5050000,0.18,0.66
CHE,Switzerland,2007,Flood,1,367705.24,81254.17,7863000,8448000,8608000,7.44,9.47
CHL,Chile,2007,Earthquake,1,105058.84,11051.35,NULL,NULL,3713000,NULL,NULL
CHN,China,2007,Earthquake,1,359300.88,4319.03,124942000,131873000,130027000,5.55,4.07
CHN,China,2007,Flood,8,5249946.79,4319.03,124942000,131873000,130027000,5.55,4.07
CRI,"Costa Rica",2007,Flood,1,84047.22,9779.51,2071000,2302000,2409000,11.15,16.32
DZA,Algeria,2007,Flood,2,45239.59,4339.25,1638000,1743000,1772000,6.41,8.18
ESP,Spain,2007,Flood,1,420234.66,27338.8,96152000,98907000,97670000,2.87,1.58
FJI,Fiji,2007,Flood,2,38871.97,4223.45,NULL,542000,627000,NULL,NULL
GBR,"United Kingdom",2007,Earthquake,1,63034.88,44524.57,32713000,32778000,31888000,0.2,-2.52
GBR,"United Kingdom",2007,Flood,3,8875359.11,44524.57,32713000,32778000,31888000,0.2,-2.52
IDN,Indonesia,2007,Earthquake,2,735411.2,2355.15,4871000,5506000,6234000,13.04,27.98
IDN,Indonesia,2007,Flood,1,1020120.12,2355.15,4871000,5506000,6234000,13.04,27.98
IND,India,2007,Flood,2,395178.85,1069.25,4447000,5082000,5283000,14.28,18.8
IRN,"Iran, Islamic Republic of",2007,Flood,1,23112.72,5084.72,2735000,2219000,2034000,-18.87,-25.63
JPN,Japan,2007,Earthquake,2,13394983.36,33990.04,7334000,8347000,8351000,13.81,13.87
KGZ,Kyrgyzstan,2007,Flood,1,210.18,900.03,766000,1656000,2379000,116.19,210.57
KHM,Cambodia,2007,Flood,1,1050.9,1030.23,1700000,2015000,2125000,18.53,25
LKA,"Sri Lanka",2007,Flood,1,52.19,2575.08,689000,592000,526000,-14.08,-23.66
MEX,Mexico,2007,Flood,1,3151761.04,9877.7,97701000,93582000,92948000,-4.22,-4.86
MOZ,Mozambique,2007,Flood,2,179650.8,442.05,1095000,1259000,1439000,14.98,31.42
MYS,Malaysia,2007,Flood,2,1016968.84,7769.6,17547000,20973000,22052000,19.52,25.67
NPL,Nepal,2007,Flood,1,2521.45,633.23,384000,527000,500000,37.24,30.21
PAK,Pakistan,2007,Flood,1,343666.01,1265.36,898000,840000,823000,-6.46,-8.35
PER,Peru,2007,Earthquake,1,630352.35,4407.79,2227000,2451000,2581000,10.06,15.9
PHL,Philippines,2007,Flood,2,6933.82,2209.35,2843000,3092000,3139000,8.76,10.41
PRK,"Korea, Democratic People's Republic of",2007,Flood,1,315175.82,NULL,NULL,NULL,NULL,NULL,NULL
RUS,"Russian Federation",2007,Earthquake,1,441246.29,8640.41,22486000,22909000,23676000,1.88,5.29
RUS,"Russian Federation",2007,Flood,1,27054.68,8640.41,22486000,22909000,23676000,1.88,5.29
RWA,Rwanda,2007,Flood,1,9.29,497.17,531000,610000,669000,14.88,25.99
SDN,Sudan,2007,Flood,1,315175.82,1372.11,328000,436000,440000,32.93,34.15
THA,Thailand,2007,Flood,1,1575.64,4760.67,13822000,14464000,14584000,4.64,5.51
UGA,Uganda,2007,Flood,1,74.35,684.54,539000,642000,844000,19.11,56.59
URY,Uruguay,2007,Flood,1,47276.34,12310.48,1824000,1815000,2255000,-0.49,23.63
USA,"United States",2007,Flood,2,764827.9,54152.83,183178000,175299000,175703000,-4.3,-4.08
VNM,"Viet Nam",2007,Flood,4,829963.87,1788.95,3583000,4229000,4236000,18.03,18.22
AUS,Australia,2008,Flood,4,2089253.79,53336.1,5644000,5586000,5490000,-1.03,-2.73
BLZ,Belize,2008,Flood,1,9810.57,6183.94,880000,846000,941000,-3.86,6.93
BRA,Brazil,2008,Flood,2,1123037.12,8330.76,5026000,5050000,4802000,0.48,-4.46
CHL,Chile,2008,Flood,1,23270,11356.09,NULL,3713000,3657000,NULL,NULL
CHN,China,2008,Earthquake,2,86496113.45,4711.64,131873000,130027000,126476000,-1.4,-4.09
CHN,China,2008,Flood,5,2420093.78,4711.64,131873000,130027000,126476000,-1.4,-4.09
COD,"Congo, The Democratic Republic of the",2008,Earthquake,1,7082.51,367.84,47000,50000,53000,6.38,12.77
COL,Colombia,2008,Earthquake,1,10117.26,5048.57,2381000,2545000,2649000,6.89,11.26
CRI,"Costa Rica",2008,Flood,1,22258.41,10104.91,2302000,2409000,2309000,4.65,0.3
DZA,Algeria,2008,Flood,1,352087.54,4367.57,1743000,1772000,1912000,1.66,9.7
ECU,Ecuador,2008,Flood,1,1011745.07,4939.9,937000,1005000,968000,7.26,3.31
GBR,"United Kingdom",2008,Flood,1,50587.04,44065.62,32778000,31888000,31072000,-2.72,-5.2
IDN,Indonesia,2008,Flood,2,1752.93,2464.6,5506000,6234000,6324000,13.22,14.86
IND,India,2008,Flood,3,146703.2,1086.51,5082000,5283000,5168000,3.96,1.69
ITA,Italy,2008,Flood,1,281265.25,33769.9,70271000,70719000,71692000,0.64,2.02
JPN,Japan,2008,Earthquake,2,280253.67,33557.65,8347000,8351000,6790000,0.05,-18.65
KAZ,Kazakhstan,2008,Flood,1,131526.59,8216.52,5311000,4117000,3774000,-22.48,-28.94
NPL,Nepal,2008,Flood,1,29.31,666.87,527000,500000,510000,-5.12,-3.23
PAK,Pakistan,2008,Earthquake,1,10117.26,1258.05,840000,823000,855000,-2.02,1.79
PAK,Pakistan,2008,Flood,1,104209.54,1258.05,840000,823000,855000,-2.02,1.79
PAN,Panama,2008,Flood,1,10117.26,10288.15,1428000,1575000,1562000,10.29,9.38
PHL,Philippines,2008,Flood,5,40041.55,2264.95,3092000,3139000,3017000,1.52,-2.43
THA,Thailand,2008,Flood,3,28171.35,4805.76,14464000,14584000,14150000,0.83,-2.17
UKR,Ukraine,2008,Flood,1,1011745.07,2567.69,26162000,28827000,24033000,10.19,-8.14
USA,"United States",2008,Flood,2,10119474.56,53703.96,175299000,175703000,160508000,0.23,-8.44
VNM,"Viet Nam",2008,Flood,2,488672.75,1856.01,4229000,4236000,3747000,0.17,-11.4
YEM,Yemen,2008,Flood,1,404697.74,2244.02,NULL,NULL,NULL,NULL,NULL
ZAF,"South Africa",2008,Flood,1,1278.96,6009.72,9208000,9729000,9532000,5.66,3.52
AFG,Afghanistan,2009,Flood,1,20307.45,488.83,NULL,NULL,NULL,NULL,NULL
AUS,Australia,2009,Flood,1,152303.01,53237.01,5586000,5490000,5790000,-1.72,3.65
AUT,Austria,2009,Flood,1,203070.92,42372.48,21935000,21355000,22004000,-2.64,0.31
BFA,"Burkina Faso",2009,Flood,1,152303.01,533.47,272000,269000,274000,-1.1,0.74
BRA,Brazil,2009,Flood,2,609213.47,8246.1,5050000,4802000,5161000,-4.91,2.2
CHN,China,2009,Earthquake,2,322984.67,5128.9,130027000,126476000,133762000,-2.73,2.87
CHN,China,2009,Flood,4,1394082.17,5128.9,130027000,126476000,133762000,-2.73,2.87
CRI,"Costa Rica",2009,Earthquake,1,203070.92,9883.68,2409000,2309000,2495000,-4.15,3.57
CZE,Czechia,2009,Flood,1,152303.01,16272.81,21850000,23285000,21941000,6.57,0.42
DEU,Germany,2009,Flood,1,20307.45,36927.19,24884000,24220000,26875000,-2.67,8
DOM,"Dominican Republic",2009,Flood,2,53207.86,5327.53,4455000,4489000,4478000,0.76,0.52
FJI,Fiji,2009,Flood,1,43911.3,4164.29,627000,605000,692000,-3.51,10.37
GBR,"United Kingdom",2009,Flood,1,491431.55,41712.83,31888000,31072000,30398000,-2.56,-4.67
HND,Honduras,2009,Earthquake,1,101535.82,2076.31,1561000,1589000,1965000,1.79,25.88
IDN,Indonesia,2009,Earthquake,5,2417996.98,2546.22,6234000,6324000,7003000,1.44,12.34
IND,India,2009,Flood,3,2471374.98,1155.1,5283000,5168000,5776000,-2.18,9.33
ITA,Italy,2009,Earthquake,1,2538387.57,31832.99,70719000,71692000,73225000,1.38,3.54
ITA,Italy,2009,Flood,1,20307.45,31832.99,70719000,71692000,73225000,1.38,3.54
JPN,Japan,2009,Earthquake,1,406141.84,31651.08,8351000,6790000,8611000,-18.69,3.11
MNG,Mongolia,2009,Flood,1,95.8,2498.73,469000,465000,557000,-0.85,18.76
NPL,Nepal,2009,Flood,1,60921.63,692.4,500000,510000,603000,2,20.6
PHL,Philippines,2009,Earthquake,1,91.51,2256.73,3139000,3017000,3520000,-3.89,12.14
PHL,Philippines,2009,Flood,2,29764.15,2256.73,3139000,3017000,3520000,-3.89,12.14
POL,Poland,2009,Flood,1,101535.82,10446.53,59935000,53840000,58340000,-10.17,-2.66
PRY,Paraguay,2009,Flood,1,832.86,4727.6,3118000,3183000,3171000,2.08,1.7
SAU,"Saudi Arabia",2009,Flood,1,913819.5,20221.32,17717000,13319000,13025000,-24.82,-26.48
TJK,Tajikistan,2009,Flood,1,1015.16,739.21,325000,207000,160000,-36.31,-50.77
TON,Tonga,2009,Earthquake,1,9646.15,3630.76,65000,74700,65000,14.92,0
TUR,Turkey,2009,Flood,1,558445.56,7862.87,31138000,31760000,32997000,2,5.97
USA,"United States",2009,Flood,2,676226.77,51863.62,175703000,160508000,162275000,-8.65,-7.64
WSM,Samoa,2009,Earthquake,1,125944.65,3875.94,122000,129000,130000,5.74,6.56
AUS,Australia,2010,Flood,2,7401380.43,53578.81,5490000,5790000,5771000,5.46,5.12
BEL,Belgium,2010,Flood,1,237900.85,39991.56,6815000,7186000,7494000,5.44,9.96
BFA,"Burkina Faso",2010,Flood,1,175.87,561.85,269000,274000,238000,1.86,-11.52
BIH,"Bosnia and Herzegovina",2010,Flood,1,86910.39,3980.04,311000,365000,392000,17.36,26.05
BRA,Brazil,2010,Flood,2,801175.56,8792.63,4802000,5161000,5433000,7.48,13.14
CHL,Chile,2010,Earthquake,1,29969148.46,11649.29,3657000,3584000,3963000,-2,8.37
CHN,China,2010,Earthquake,2,503880.82,5647.07,126476000,133762000,135423000,5.76,7.07
CHN,China,2010,Flood,2,18152312.57,5647.07,126476000,133762000,135423000,5.76,7.07
COL,Colombia,2010,Flood,1,998971.95,5214.25,2649000,1701000,2356000,-35.79,-11.06
CZE,Czechia,2010,Flood,2,347202.62,16665.93,23285000,21941000,22810000,-5.77,-2.04
FRA,France,2010,Flood,1,1498457.57,35578.2,192369000,189826000,196595000,-1.32,2.2
HRV,Croatia,2010,Flood,1,79917.96,11965.49,47573000,49006000,49969000,3.01,5.04
HTI,Haiti,2010,Earthquake,1,7991772.73,1317.58,826000,793000,946000,-4,14.53
HUN,Hungary,2010,Flood,1,439547.69,11307.72,40624000,39904000,41304000,-1.77,1.67
IDN,Indonesia,2010,Flood,1,77919.81,2670.81,6324000,7003000,7650000,10.74,20.97
IND,India,2010,Flood,3,2146789.65,1235.16,5168000,5776000,6309000,11.76,22.08
KAZ,Kazakhstan,2010,Flood,1,34540.39,8704.71,3774000,4097000,5685000,8.56,50.64
KHM,Cambodia,2010,Flood,1,69927.94,1155.85,2162000,2508000,2882000,16,33.3
LKA,"Sri Lanka",2010,Flood,1,104892.27,2994.8,538000,766000,976000,42.38,81.41
MAR,Morocco,2010,Flood,1,28969.89,2767.04,8661000,9752000,9784000,12.6,12.97
MEX,Mexico,2010,Earthquake,1,1148817.13,9389.07,88044000,81953000,75732000,-6.92,-13.98
MEX,Mexico,2010,Flood,1,15983.73,9389.07,88044000,81953000,75732000,-6.92,-13.98
NGA,Nigeria,2010,Flood,1,29969.32,2315.47,6053000,6113000,3765000,0.99,-37.8
NZL,"New Zealand",2010,Earthquake,1,6493315.17,35392.02,2473000,2530000,2617000,2.3,5.82
PAK,Pakistan,2010,Flood,1,9490230.3,1256.69,855000,907000,1161000,6.08,35.79
PHL,Philippines,2010,Flood,3,50537,2373.14,3017000,3520000,3917000,16.67,29.83
POL,Poland,2010,Flood,1,3076832.37,10808.4,53840000,58340000,60745000,8.36,12.83
PRT,Portugal,2010,Flood,1,1348611.67,19698.68,6439000,6756000,7264000,4.92,12.81
ROU,Romania,2010,Flood,1,1110284.74,7660.71,7575000,7498000,7611000,-1.02,0.48
RUS,"Russian Federation",2010,Flood,1,65932.37,8755.12,21339000,22281000,24932000,4.41,16.84
SRB,Serbia,2010,Earthquake,1,132124.24,5690.7,645000,683000,764000,5.89,18.45
SVK,Slovakia,2010,Flood,1,24974.32,14596.15,NULL,NULL,NULL,NULL,NULL
THA,Thailand,2010,Flood,1,331658.55,5059.36,14150000,15936000,19230000,12.62,35.9
TJK,Tajikistan,2010,Earthquake,1,1498.43,770.6,207000,160000,183000,-22.71,-11.59
TJK,Tajikistan,2010,Flood,1,203790.11,770.6,207000,160000,183000,-22.71,-11.59
UKR,Ukraine,2010,Flood,1,1898.06,2285.93,24033000,24114000,24535000,0.34,2.09
USA,"United States",2010,Earthquake,1,12487.16,52821.4,160508000,162275000,147271421.88,1.1,-8.25
VEN,"Venezuela, Bolivarian Republic of",2010,Flood,1,169825.21,NULL,567000,535000,625000,-5.64,10.23
VNM,"Viet Nam",2010,Flood,4,659521.7,2027.58,3747000,5050000,6014000,34.77,60.5
BOL,"Bolivia, Plurinational State of",2011,Flood,1,19368.07,2568.52,679000,711000,798000,4.71,17.53
BRA,Brazil,2011,Flood,2,970337.34,9067.99,5161000,5433000,5677000,5.27,10
CAN,Canada,2011,Flood,1,774720.69,42043.64,25621000,25066000,25318000,-2.17,-1.18
CHN,China,2011,Earthquake,2,335453.96,6152.7,133762000,135423000,132405000,1.24,-1.01
CHN,China,2011,Flood,3,10365886.29,6152.7,133762000,135423000,132405000,1.24,-1.01
COL,Colombia,2011,Flood,2,2246689.78,5517.1,1701000,2356000,2434000,38.51,43.09
DZA,Algeria,2011,Flood,1,754383.93,4501.35,2070000,2395000,2634000,15.7,27.25
ESP,Spain,2011,Earthquake,1,193679.99,25510.56,93744000,99187000,98128000,5.81,4.68
GTM,Guatemala,2011,Flood,1,59956.52,3621.37,1384000,1434000,1491000,3.61,7.73
IDN,Indonesia,2011,Earthquake,1,5664.87,2799.62,7003000,7650000,8044000,9.24,14.87
IND,India,2011,Flood,4,1604639.52,1281.61,5776000,6309000,6578000,9.23,13.89
IRL,Ireland,2011,Flood,1,314730.44,47607.89,7134000,7630000,7550000,6.95,5.83
ITA,Italy,2011,Flood,1,527778.5,32388.82,73225000,75866000,76293000,3.61,4.19
JPN,Japan,2011,Earthquake,1,203364136.45,33011.13,8611000,6219000,8358000,-27.78,-2.94
KAZ,Kazakhstan,2011,Flood,1,64882.89,9223.3,4097000,5685000,6163000,38.76,50.43
KHM,Cambodia,2011,Flood,1,504536.39,1221.39,2508000,2882000,3584000,14.91,42.9
KOR,"Korea, Republic of",2011,Flood,1,50356.84,26191.64,8798000,9795000,11140000,11.33,26.62
LKA,"Sri Lanka",2011,Flood,2,484200.34,3234.3,766000,976000,1133000,27.42,47.91
MMR,Myanmar,2011,Earthquake,1,3486.57,895.51,792000,816000,1059000,3.03,33.71
MMR,Myanmar,2011,Flood,1,1646.41,895.51,792000,816000,1059000,3.03,33.71
NAM,Namibia,2011,Flood,1,11620.7,4302.72,1114000,1163000,1245000,4.4,11.76
NGA,Nigeria,2011,Flood,1,4358.03,2370.98,6113000,3765000,4673000,-38.41,-23.56
NZL,"New Zealand",2011,Earthquake,2,17431211.53,35910.42,2530000,2617000,2574000,3.44,1.74
PAK,Pakistan,2011,Flood,1,2421001.7,1261.83,907000,1161000,966000,28,6.5
PHL,Philippines,2011,Flood,7,196378.74,2416.75,3520000,3917000,4273000,11.28,21.39
RUS,"Russian Federation",2011,Flood,1,20351.06,9120.82,22281000,24932000,28177000,11.9,26.46
SAU,"Saudi Arabia",2011,Flood,1,290520.35,22754.11,13025000,15776000,19847000,21.12,52.38
SLV,"El Salvador",2011,Flood,1,968400.68,3514.07,1606000,1634000,1738000,1.74,8.22
THA,Thailand,2011,Flood,2,39043008.85,5070.24,15936000,19230000,22354000,20.67,40.27
TUR,Turkey,2011,Earthquake,2,1688890.48,9201.34,32997000,36769000,37715000,11.43,14.3
USA,"United States",2011,Flood,2,6391444.06,53259.26,162275000,147271421.88,171629890.62,-9.25,5.76
VEN,"Venezuela, Bolivarian Republic of",2011,Flood,1,15494.74,NULL,535000,625000,1061000,16.82,98.32
VNM,"Viet Nam",2011,Flood,2,212081.52,2132.9,5050000,6014000,6848000,19.09,35.6
ZAF,"South Africa",2011,Flood,1,204332.72,6067.12,11303000,12097000,13069000,7.02,15.62
AUS,Australia,2012,Flood,2,557875.07,55257.57,5771000,6032000,6482000,4.52,12.32
BGR,Bulgaria,2012,Flood,1,4174.3,6699.5,8713000,8867000,9192000,1.77,5.5
BRA,Brazil,2012,Flood,1,162239.41,9167.5,5433000,5677000,5813000,4.49,6.99
CAN,Canada,2012,Flood,1,32258.43,42320.64,25066000,25318000,25167000,1.01,0.4
CHL,Chile,2012,Earthquake,1,94876.52,12882.83,3963000,4397000,4457000,10.95,12.47
CHL,Chile,2012,Flood,1,2941.1,12882.83,3963000,4397000,4457000,10.95,12.47
CHN,China,2012,Earthquake,5,1468691.99,6591.66,135423000,132405000,129078000,-2.23,-4.69
CHN,China,2012,Flood,10,14203366.54,6591.66,135423000,132405000,129078000,-2.23,-4.69
CMR,Cameroon,2012,Flood,1,1897.34,1319.67,604000,817000,783000,35.26,29.64
COL,Colombia,2012,Flood,2,96773.87,5675.76,2356000,2434000,2595000,3.31,10.14
COM,Comoros,2012,Flood,1,4744.08,1313.58,18800,22800,21900,21.28,16.49
CRI,"Costa Rica",2012,Earthquake,1,42694.54,11001.52,2526000,2542000,2641000,0.63,4.55
ESP,Spain,2012,Flood,1,374763.45,24763.57,99187000,98128000,103231000,-1.07,4.08
FJI,Fiji,2012,Flood,2,84440.41,4427.98,734000,741000,769000,0.95,4.77
GBR,"United Kingdom",2012,Flood,4,2795069.55,42802.02,31886000,32221000,33567000,1.05,5.27
GEO,Georgia,2012,Flood,1,2846.02,3609.78,2712000,4106000,4954000,51.4,82.67
GTM,Guatemala,2012,Earthquake,1,199241.2,3655.57,1434000,1491000,1516000,3.97,5.72
IND,India,2012,Flood,4,231499.63,1333.1,6309000,6578000,6968000,4.26,10.45
IRN,"Iran, Islamic Republic of",2012,Earthquake,1,474384.05,5058.65,3354000,3834000,4769000,14.31,42.19
ITA,Italy,2012,Earthquake,1,14990527.2,31292.13,75866000,76293000,76762000,0.56,1.18
ITA,Italy,2012,Flood,1,14231.51,31292.13,75866000,76293000,76762000,0.56,1.18
JPN,Japan,2012,Flood,1,1328274.91,33518.44,6219000,8358000,10364000,34.39,66.65
KEN,Kenya,2012,Flood,1,94876.52,1396.3,1823000,1711000,1520000,-6.14,-16.62
LKA,"Sri Lanka",2012,Flood,1,1138.84,3486.86,976000,1133000,1415000,16.09,44.98
MEX,Mexico,2012,Earthquake,1,303605.88,9782.52,75732000,76749000,78100000,1.34,3.13
MMR,Myanmar,2012,Earthquake,1,1110.24,953.12,816000,1059000,2044000,29.78,150.49
NER,Niger,2012,Flood,1,174682.24,463.07,82000,94000,123000,14.63,50
NGA,Nigeria,2012,Flood,1,474384.05,2403.65,3765000,4673000,4038000,24.12,7.25
NPL,Nepal,2012,Flood,1,948.67,775.31,736000,803000,798000,9.1,8.42
PAK,Pakistan,2012,Flood,1,2371918.81,1275.49,1161000,966000,NULL,-16.8,NULL
PAN,Panama,2012,Flood,1,1897.34,12668.29,2004000,2086000,2202000,4.09,9.88
PHL,Philippines,2012,Earthquake,2,11521.33,2533.74,3917000,4273000,4681000,9.09,19.5
PHL,Philippines,2012,Flood,3,71470.7,2533.74,3917000,4273000,4681000,9.09,19.5
PNG,"Papua New Guinea",2012,Flood,1,25617.01,2139.48,165000,175000,182000,6.06,10.3
PRK,"Korea, Democratic People's Republic of",2012,Flood,1,10815.72,NULL,NULL,NULL,NULL,NULL,NULL
PRY,Paraguay,2012,Flood,1,3795.4,5230.26,3365000,3655000,3538000,8.62,5.14
RUS,"Russian Federation",2012,Flood,2,585389.43,9464.01,24932000,28177000,30792000,13.02,23.5
SEN,Senegal,2012,Flood,1,9487.44,1154.06,977000,967000,1069000,-1.02,9.42
SVN,Slovenia,2012,Flood,1,251423.18,19894.87,2236000,2377000,2502000,6.31,11.9
TCD,Chad,2012,Flood,1,9487.44,713.81,77000,86000,97000,11.69,25.97
TJK,Tajikistan,2012,Flood,1,721.33,849.52,183000,244000,208000,33.33,13.66
USA,"United States",2012,Flood,1,165085.42,54080.23,147271421.88,171629890.62,179309906.25,16.54,21.75
VEN,"Venezuela, Bolivarian Republic of",2012,Flood,1,88235.1,NULL,625000,1061000,1085000,69.76,73.6
VNM,"Viet Nam",2012,Flood,1,28463.03,2224.11,6014000,6848000,7572000,13.87,25.91
ZAF,"South Africa",2012,Flood,1,189753.76,6121.56,12097000,13069000,14318000,8.04,18.36
ARG,Argentina,2013,Flood,1,1215591.65,13946.1,6497000,6510000,7165000,0.2,10.28
AUT,Austria,2013,Flood,1,935070.61,43851.37,24151000,24813000,25291000,2.74,4.72
BHS,Bahamas,2013,Flood,1,42078.3,29943.28,5940000,6151000,6320000,3.55,6.4
BOL,"Bolivia, Plurinational State of",2013,Flood,1,2337.72,2793.51,798000,798000,871000,0,9.15
BRA,Brazil,2013,Flood,4,510081.15,9366.74,5677000,5813000,6430000,2.4,13.26
CAN,Canada,2013,Flood,1,5329900.49,42851.17,25318000,25167000,25558000,-0.6,0.95
CHN,China,2013,Earthquake,6,7532272.19,7056.42,132405000,129078000,128499000,-2.51,-2.95
CHN,China,2013,Flood,14,15520858.61,7056.42,132405000,129078000,128499000,-2.51,-2.95
COL,Colombia,2013,Earthquake,1,3740.36,5910.81,2434000,2595000,2866000,6.61,17.75
COL,Colombia,2013,Flood,1,1870.18,5910.81,2434000,2595000,2866000,6.61,17.75
CZE,Czechia,2013,Flood,1,774754.29,16759.78,25750000,26332000,27166000,2.26,5.5
DEU,Germany,2013,Flood,1,12062406.9,40875.03,30411000,31545000,32999000,3.73,8.51
DOM,"Dominican Republic",2013,Flood,1,95.08,6098.91,4901000,5114000,5576000,4.35,13.77
ETH,Ethiopia,2013,Flood,1,2057.48,539.07,597000,681000,770000,14.07,28.98
FRA,France,2013,Flood,1,612471.27,36256.09,197522000,204410000,206599000,3.49,4.6
GBR,"United Kingdom",2013,Flood,1,1402605.2,43281.58,32221000,33567000,35337000,4.18,9.67
GTM,Guatemala,2013,Earthquake,1,1870.18,3717.3,1491000,1516000,1739000,1.68,16.63
IDN,Indonesia,2013,Earthquake,1,121559.45,3055.24,8044000,8802000,9435000,9.42,17.29
IDN,Indonesia,2013,Flood,4,2810821.66,3055.24,8044000,8802000,9435000,9.42,17.29
IND,India,2013,Earthquake,1,112208.56,1399.45,6578000,6968000,13107000,5.93,99.26
IND,India,2013,Flood,3,1273565.75,1399.45,6578000,6968000,13107000,5.93,99.26
IRN,"Iran, Islamic Republic of",2013,Earthquake,1,561042.08,4916.97,3834000,4769000,4968000,24.39,29.58
ITA,Italy,2013,Flood,1,729354.56,30369.13,76293000,76762000,77694000,0.61,1.84
JPN,Japan,2013,Flood,1,1870.18,34239.89,8358000,10364000,13413000,24,60.48
KEN,Kenya,2013,Flood,1,33662.5,1413.94,1711000,1520000,1350000,-11.16,-21.1
KHM,Cambodia,2013,Flood,1,467535.31,1376.3,3584000,4210000,4503000,17.47,25.64
LAO,"Lao People's Democratic Republic",2013,Flood,2,113142.93,1890.28,3330000,3779000,4159000,13.48,24.89
LKA,"Sri Lanka",2013,Flood,1,1870.18,3731.16,1133000,1415000,1665000,24.89,46.95
MOZ,Mozambique,2013,Flood,1,28051.96,559.39,2206000,1970000,1751000,-10.7,-20.63
MRT,Mauritania,2013,Flood,1,1870.18,1502.9,NULL,NULL,NULL,NULL,NULL
MUS,Mauritius,2013,Flood,1,1870.18,8859.21,984000,1015000,1065000,3.15,8.23
MYS,Malaysia,2013,Flood,1,1870.18,8964.81,25033000,25715000,27437000,2.72,9.6
NER,Niger,2013,Flood,1,60521.29,469.69,94000,123000,135000,30.85,43.62
NZL,"New Zealand",2013,Earthquake,1,46753.75,37252.76,2574000,2710000,2854000,5.28,10.88
PAK,Pakistan,2013,Earthquake,1,93506.78,1309.7,966000,NULL,NULL,NULL,NULL
PAK,Pakistan,2013,Flood,1,1402605.2,1309.7,966000,NULL,NULL,NULL,NULL
PHL,Philippines,2013,Earthquake,1,48117.77,2654.42,4273000,4681000,4833000,9.55,13.11
PHL,Philippines,2013,Flood,5,2089683.44,2654.42,4273000,4681000,4833000,9.55,13.11
ROU,Romania,2013,Flood,1,10285.98,8287.96,7937000,8019000,8442000,1.03,6.36
RUS,"Russian Federation",2013,Flood,1,935070.61,9601.54,28177000,30792000,32421000,9.28,15.06
SDN,Sudan,2013,Flood,1,6545.62,1283.46,575000,591000,684000,2.78,18.96
SLB,"Solomon Islands",2013,Earthquake,1,1870.18,2136.72,23900,24400,20100,2.09,-15.9
SLB,"Solomon Islands",2013,Flood,1,1870.18,2136.72,23900,24400,20100,2.09,-15.9
THA,Thailand,2013,Flood,2,541405.21,5516.61,22354000,26547000,24810000,18.76,10.99
UGA,Uganda,2013,Flood,1,2898.92,828.99,1197000,1206000,1266000,0.75,5.76
UKR,Ukraine,2013,Flood,1,19636.16,2432.42,25061000,26025000,13227000,3.85,-47.22
USA,"United States",2013,Flood,5,2129154.5,54844.24,171629890.62,179309906.25,178311359.38,4.47,3.89
VCT,"Saint Vincent and the Grenadines",2013,Flood,1,100987.49,6989.48,200000,200000,205000,0,2.5
VNM,"Viet Nam",2013,Flood,2,73403.07,2320.08,6848000,7572000,7874000,10.57,14.98
AFG,Afghanistan,2014,Flood,1,2760.23,575.15,NULL,NULL,NULL,NULL,NULL
ARG,Argentina,2014,Flood,1,57049.02,13456.13,6510000,7165000,6816000,10.06,4.7
BDI,Burundi,2014,Flood,1,1840.15,299.08,234000,235000,131000,0.43,-44.02
BGD,Bangladesh,2014,Flood,1,147222.93,1159.41,104000,134000,126000,28.85,21.15
BGR,Bulgaria,2014,Flood,2,356095.26,6802.71,9192000,9409000,9317000,2.36,1.36
BIH,"Bosnia and Herzegovina",2014,Flood,1,401715.89,4411.38,529000,536000,678000,1.32,28.17
BRA,Brazil,2014,Flood,1,184028.84,9338.34,5813000,6430000,6306000,10.61,8.48
CAN,Canada,2014,Flood,1,118698.42,43643.24,25167000,25558000,27555000,1.55,9.49
CHL,Chile,2014,Earthquake,1,92014.06,13285.95,4457000,4601000,5487000,3.23,23.11
CHN,China,2014,Earthquake,7,5189609.94,7532.79,129078000,128499000,133820000,-0.45,3.67
CHN,China,2014,Flood,12,8895027.44,7532.79,129078000,128499000,133820000,-0.45,3.67
COD,"Congo, The Democratic Republic of the",2014,Flood,1,13801.86,452.34,191000,334000,354000,74.87,85.34
COL,Colombia,2014,Flood,1,7361.33,6121.84,2595000,2866000,3371000,10.44,29.9
FRA,France,2014,Flood,1,278803.14,36444.39,204410000,206599000,203302000,1.07,-0.54
GBR,"United Kingdom",2014,Flood,1,574169.79,44336.54,33567000,35337000,36792000,5.27,9.61
GRC,Greece,2014,Earthquake,2,577850.1,17903.53,20112000,24272000,26114000,20.68,29.84
HND,Honduras,2014,Flood,1,1288.25,2229.25,1857000,2082000,2093000,12.12,12.71
IDN,Indonesia,2014,Flood,4,853892.29,3170.72,8802000,9435000,10407000,7.19,18.23
IND,India,2014,Flood,5,15150161.51,1484.32,6968000,13107000,13284000,88.1,90.64
IRN,"Iran, Islamic Republic of",2014,Earthquake,2,41406.29,5093.2,4769000,4968000,5237000,4.17,9.81
IRN,"Iran, Islamic Republic of",2014,Flood,1,45087.31,5093.2,4769000,4968000,5237000,4.17,9.81
ITA,Italy,2014,Flood,4,770159.63,30091.35,76762000,77694000,81068000,1.21,5.61
JPN,Japan,2014,Earthquake,1,1840.15,34386.91,10364000,13413000,19737000,29.42,90.44
KHM,Cambodia,2014,Flood,1,1840.15,1464.53,4210000,4503000,4775000,6.96,13.42
KOR,"Korea, Republic of",2014,Flood,1,1840.15,28100.01,12176000,14202000,13232000,16.64,8.67
LKA,"Sri Lanka",2014,Flood,1,1840.15,3932.26,1415000,1665000,1993000,17.67,40.85
MYS,Malaysia,2014,Flood,1,261320.97,9341.73,25715000,27437000,25721000,6.7,0.02
NER,Niger,2014,Flood,1,1840.15,482.75,123000,135000,135000,9.76,9.76
NIC,Nicaragua,2014,Earthquake,1,2760.23,2006.66,1273000,1390000,1456000,9.19,14.38
PAK,Pakistan,2014,Flood,1,1840287,1343.31,NULL,NULL,NULL,NULL,NULL
PHL,Philippines,2014,Flood,1,727.77,2776.92,4681000,4833000,5361000,3.25,14.53
RUS,"Russian Federation",2014,Flood,1,7361.33,9493.81,30792000,32421000,33729000,5.29,9.54
SLB,"Solomon Islands",2014,Flood,1,22083.26,2085.16,24400,20100,21600,-17.62,-11.48
SRB,Serbia,2014,Flood,1,1884695.16,5716.54,922000,1029000,1132000,11.61,22.78
THA,Thailand,2014,Earthquake,1,57049.02,5541.47,26547000,24810000,29923000,-6.54,12.72
THA,Thailand,2014,Flood,1,9201.48,5541.47,26547000,24810000,29923000,-6.54,12.72
TJK,Tajikistan,2014,Flood,1,1840.15,925.97,208000,213000,414000,2.4,99.04
TZA,"Tanzania, United Republic of",2014,Flood,1,1840.15,913.81,1096000,1140000,1137000,4.01,3.74
USA,"United States",2014,Earthquake,1,644100.59,55817.56,179309906.25,178311359.38,176864531.25,-0.56,-1.36
USA,"United States",2014,Flood,2,1555041.9,55817.56,179309906.25,178311359.38,176864531.25,-0.56,-1.36
ZAF,"South Africa",2014,Flood,1,78212.2,6155.01,14318000,14530000,13952000,1.48,-2.56
ZWE,Zimbabwe,2014,Flood,1,18402.96,1377.25,1833000,1880000,2057000,2.56,12.22
AUS,Australia,2015,Flood,1,367621.6,56739.03,6922000,7449000,8269000,7.61,19.46
BDI,Burundi,2015,Flood,1,11947.41,280.97,235000,131000,187000,-44.26,-20.43
BFA,"Burkina Faso",2015,Flood,1,28490.91,630.12,191000,163000,152000,-14.66,-20.42
BGD,Bangladesh,2015,Flood,1,36762.3,1224.39,134000,126000,182000,-5.97,35.82
BGR,Bulgaria,2015,Flood,1,5330.29,7078.86,9409000,9317000,10604000,-0.98,12.7
BRA,Brazil,2015,Flood,1,1838.01,8936.2,6430000,6306000,6547000,-1.93,1.82
CHL,Chile,2015,Earthquake,1,735242.48,13433.92,4601000,5487000,6712000,19.26,45.88
CHL,Chile,2015,Flood,1,1378580.27,13433.92,4601000,5487000,6712000,19.26,45.88
CHN,China,2015,Earthquake,3,30191.66,8016.45,128499000,133820000,141774000,4.14,10.33
CHN,China,2015,Flood,11,6426020.92,8016.45,128499000,133820000,141774000,4.14,10.33
ESP,Spain,2015,Flood,1,1838.01,25969.84,107144000,109834000,115561000,2.51,7.86
FRA,France,2015,Flood,1,849205.4,36702.43,206599000,203302000,203042000,-1.6,-1.72
GBR,"United Kingdom",2015,Flood,1,1102864.08,44964.39,35337000,36792000,39129000,4.12,10.73
GEO,Georgia,2015,Flood,1,21138.16,4086.62,5004000,5256000,5393000,5.04,7.77
GHA,Ghana,2015,Flood,1,11028.76,1721.7,825000,897000,NULL,8.73,NULL
IDN,Indonesia,2015,Flood,1,215977.72,3288.22,9435000,10407000,11519000,10.3,22.09
IND,India,2015,Flood,3,2646873.64,1584,13107000,13284000,14570000,1.35,11.16
IRN,"Iran, Islamic Republic of",2015,Flood,3,584517.97,4952.73,4968000,5237000,4942000,5.41,-0.52
ITA,Italy,2015,Flood,2,251820.67,30387.13,77694000,81068000,84925000,4.34,9.31
JPN,Japan,2015,Flood,1,1286674.88,34960.64,13413000,19737000,24039000,47.15,79.22
KAZ,Kazakhstan,2015,Flood,1,4871.33,10196.12,6333000,6430000,6509000,1.53,2.78
KGZ,Kyrgyzstan,2015,Earthquake,1,11028.76,1105.65,3791000,4000000,3853000,5.51,1.64
LAO,"Lao People's Democratic Republic",2015,Flood,1,9190.75,2121.01,4159000,4684000,4239000,12.62,1.92
MKD,"North Macedonia",2015,Flood,1,79957.99,5262.69,425000,486000,510000,14.35,20
MMR,Myanmar,2015,Flood,1,109367.55,1166.73,3081000,4681000,2907000,51.93,-5.65
MWI,Malawi,2015,Flood,1,358430.84,539.61,819000,805000,849000,-1.71,3.66
MYS,Malaysia,2015,Earthquake,1,2.14,9648.68,27437000,25721000,26757000,-6.25,-2.48
NGA,Nigeria,2015,Flood,1,22976.17,2585.73,4803000,6017000,5265000,25.28,9.62
NPL,Nepal,2015,Earthquake,1,4755181.66,875.54,790000,539000,753000,-31.77,-4.68
NZL,"New Zealand",2015,Flood,2,249063.3,38639.35,2854000,3129000,3494000,9.64,22.42
PAK,Pakistan,2015,Flood,1,919.36,1380.47,NULL,NULL,NULL,NULL,NULL
PHL,Philippines,2015,Flood,2,184.44,2909.86,4833000,5361000,5967000,10.92,23.46
SAU,"Saudi Arabia",2015,Flood,1,1838.01,22453.57,23010000,21834000,20887000,-5.11,-9.23
TJK,Tajikistan,2015,Earthquake,1,4595.38,956.92,213000,414000,344000,94.37,61.5
TLS,Timor-Leste,2015,Earthquake,1,3676.02,1319.59,60000,61600,65600,2.67,9.33
USA,"United States",2015,Flood,4,3126618.72,57040.21,178311359.38,176864531.25,175261484.38,-0.81,-1.71
VNM,"Viet Nam",2015,Flood,1,187486.81,2577.57,7874000,7944000,10013000,0.89,27.17
ARG,Argentina,2016,Flood,2,909417.86,13265.89,6816000,6668000,6711000,-2.17,-1.54
AUS,Australia,2016,Flood,1,22690.21,57401.07,7449000,8269000,8815000,11.01,18.34
BGD,Bangladesh,2016,Flood,1,136140.55,1299.83,126000,182000,237000,44.44,88.1
BRA,Brazil,2016,Flood,2,181520.26,8577.84,6306000,6547000,6589000,3.82,4.49
CHL,Chile,2016,Flood,1,90760.13,13505.1,5487000,6712000,7621000,22.33,38.89
CHN,China,2016,Earthquake,3,181974.94,8516.53,133820000,141774000,153260000,5.94,14.53
CHN,China,2016,Flood,12,28855421.48,8516.53,133820000,141774000,153260000,5.94,14.53
DEU,Germany,2016,Flood,1,1815206.16,42528.06,34970000,35555000,37452000,1.67,7.1
ECU,Ecuador,2016,Earthquake,1,1815206.16,5849.14,1676000,1569000,1806000,-6.38,7.76
ECU,Ecuador,2016,Flood,1,9076.37,5849.14,1676000,1569000,1806000,-6.38,7.76
ESP,Spain,2016,Flood,1,45380.42,26704.34,109834000,115561000,121717000,5.21,10.82
FRA,France,2016,Flood,1,2178247.4,36920.53,203302000,203042000,207274000,-0.13,1.95
GRC,Greece,2016,Flood,1,50825.82,18049.93,26114000,28071000,30161000,7.49,15.5
HTI,Haiti,2016,Flood,1,1815.13,1416.75,1190000,1153000,1262000,-3.11,6.05
IDN,Indonesia,2016,Earthquake,1,90760.13,3416.81,10407000,11519000,14040000,10.69,34.91
IDN,Indonesia,2016,Flood,4,98021.37,3416.81,10407000,11519000,14040000,10.69,34.91
IND,India,2016,Earthquake,1,68069.92,1694.47,13284000,14570000,15543000,9.68,17.01
IND,India,2016,Flood,6,1360496.16,1694.47,13284000,14570000,15543000,9.68,17.01
ITA,Italy,2016,Earthquake,3,4901055.57,30815.09,81068000,84925000,89931000,4.76,10.93
ITA,Italy,2016,Flood,1,90760.13,30815.09,81068000,84925000,89931000,4.76,10.93
JPN,Japan,2016,Earthquake,3,52731731.75,35242.2,19737000,24039000,28691000,21.8,45.37
KOR,"Korea, Republic of",2016,Earthquake,1,19059.95,29467.12,13232000,17242000,13336000,30.31,0.79
LAO,"Lao People's Democratic Republic",2016,Flood,1,45.04,2234.76,4684000,4239000,3869000,-9.5,-17.4
LKA,"Sri Lanka",2016,Flood,1,1089123.7,4217.25,1993000,2168000,2248000,8.78,12.79
MEX,Mexico,2016,Flood,1,22690.21,10100.5,87129000,94853000,99349000,8.87,14.03
MKD,"North Macedonia",2016,Earthquake,1,9076.37,5429.95,486000,510000,631000,4.94,29.84
MKD,"North Macedonia",2016,Flood,1,45380.42,5429.95,486000,510000,631000,4.94,29.84
MMR,Myanmar,2016,Earthquake,1,9076.37,1225.38,4681000,2907000,3443000,-37.9,-26.45
MMR,Myanmar,2016,Flood,1,1815.13,1225.38,4681000,2907000,3443000,-37.9,-26.45
MYS,Malaysia,2016,Flood,1,119803.66,9901.48,25721000,26757000,25948000,4.03,0.88
NPL,Nepal,2016,Flood,1,13613.84,875.19,539000,753000,940000,39.7,74.4
NZL,"New Zealand",2016,Earthquake,1,3539651.48,39197.33,3129000,3494000,3723000,11.67,18.98
NZL,"New Zealand",2016,Flood,1,22690.21,39197.33,3129000,3494000,3723000,11.67,18.98
PAK,Pakistan,2016,Flood,1,1815.13,1452.19,NULL,NULL,NULL,NULL,NULL
PER,Peru,2016,Flood,1,1815.13,6392.25,4381000,4718000,4992000,7.69,13.95
PHL,Philippines,2016,Flood,1,8458.7,3076.34,5361000,5967000,6621000,11.3,23.5
PRK,"Korea, Democratic People's Republic of",2016,Flood,1,55364,NULL,NULL,NULL,NULL,NULL,NULL
RUS,"Russian Federation",2016,Flood,2,10891.5,9269.32,33729000,24571000,24390000,-27.15,-27.69
SRB,Serbia,2016,Flood,1,90760.13,6024.96,1132000,1281000,1497000,13.16,32.24
THA,Thailand,2016,Flood,2,131602.37,5857.78,29923000,32530000,35592000,8.71,18.95
TZA,"Tanzania, United Republic of",2016,Earthquake,1,415682.18,970.16,1137000,1284000,1327000,12.93,16.71
UGA,Uganda,2016,Flood,1,2450.68,874.65,1303000,1323000,1402000,1.53,7.6
URY,Uruguay,2016,Flood,1,2723.05,17357.23,3286000,3632000,4219000,10.53,28.39
USA,"United States",2016,Earthquake,1,18152.03,57658.67,176864531.25,175261484.38,174291750,-0.91,-1.45
USA,"United States",2016,Flood,5,13750185,57658.67,176864531.25,175261484.38,174291750,-0.91,-1.45
VCT,"Saint Vincent and the Grenadines",2016,Flood,1,5899.35,7702.62,207000,227000,303000,9.66,46.38
VNM,"Viet Nam",2016,Flood,3,146377.92,2715.58,7944000,10013000,12922000,26.04,62.66
ZAF,"South Africa",2016,Flood,2,254128.36,6095.3,13952000,15121000,14975000,8.38,7.33
AGO,Angola,2017,Flood,1,1777.24,2911.6,397000,261000,218000,-34.26,-45.09
ALB,Albania,2017,Flood,1,7908.94,4249.82,4736000,5118000,5927000,8.07,25.15
BGD,Bangladesh,2017,Flood,2,558086.68,1373.75,182000,237000,267000,30.22,46.7
BRA,Brazil,2017,Flood,1,88867.07,8628.25,6547000,6589000,6621000,0.64,1.13
CAN,Canada,2017,Flood,1,177734.86,44339.39,30142000,31081000,31274000,3.12,3.76
CHL,Chile,2017,Flood,1,1777.24,13473.35,6712000,7621000,6603000,13.54,-1.62
CHN,China,2017,Earthquake,3,473662.71,9053.23,141774000,153260000,158606000,8.1,11.87
CHN,China,2017,Flood,12,7505732.24,9053.23,141774000,153260000,158606000,8.1,11.87
COL,Colombia,2017,Flood,1,1777.24,6309.68,3675000,4056000,4397000,10.37,19.65
IDN,Indonesia,2017,Flood,2,18661.75,3553.52,11519000,14040000,15810000,21.89,37.25
IND,India,2017,Flood,3,1881320.83,1788.7,14570000,15543000,17423000,6.68,19.58
IRN,"Iran, Islamic Republic of",2017,Earthquake,2,659395.16,5381.19,4942000,4867000,7295000,-1.52,47.61
IRN,"Iran, Islamic Republic of",2017,Flood,2,344805.56,5381.19,4942000,4867000,7295000,-1.52,47.61
ITA,Italy,2017,Earthquake,1,15995.89,31356.22,84925000,89931000,93228601.56,5.89,9.78
ITA,Italy,2017,Flood,1,111084.02,31356.22,84925000,89931000,93228601.56,5.89,9.78
JPN,Japan,2017,Flood,1,622070.95,35861.97,24039000,28691000,31191000,19.35,29.75
LKA,"Sri Lanka",2017,Flood,1,345694.18,4440.51,2168000,2248000,2521000,3.69,16.28
MEX,Mexico,2017,Earthquake,2,7375987.18,10193.77,94853000,99349000,96497000,4.74,1.73
NER,Niger,2017,Flood,1,8886.92,501.62,152000,164000,157000,7.89,3.29
NPL,Nepal,2017,Flood,1,528760.77,951.86,753000,940000,1173000,24.83,55.78
NZL,"New Zealand",2017,Flood,1,63095.64,39691.21,3494000,3723000,3858000,6.55,10.42
PAK,Pakistan,2017,Flood,1,97754,1495.26,NULL,NULL,NULL,NULL,NULL
PER,Peru,2017,Flood,2,2843753.53,6457.42,4718000,4992000,5384000,5.81,14.12
PHL,Philippines,2017,Earthquake,3,18074.1,3247.45,5967000,6621000,7168000,10.96,20.13
PHL,Philippines,2017,Flood,1,7198.33,3247.45,5967000,6621000,7168000,10.96,20.13
PYF,"French Polynesia",2017,Flood,1,1777.24,20317.08,241000,254000,264000,5.39,9.54
THA,Thailand,2017,Flood,3,1162739.81,6076.74,32530000,35592000,38178000,9.41,17.36
USA,"United States",2017,Flood,1,1510744.55,58703.14,175261484.38,174291750,169324921.88,-0.55,-3.39
VNM,"Viet Nam",2017,Flood,4,157876.37,2868.14,10013000,12922000,15498000,29.05,54.78
AUS,Australia,2018,Flood,1,9889.21,58530.78,8815000,9246000,9466000,4.89,7.39
BRA,Brazil,2018,Flood,2,45976.65,8722.34,6589000,6621000,6353000,0.49,-3.58
CHN,China,2018,Earthquake,2,68531.74,9619.21,153260000,158606000,162538000,3.49,6.05
CHN,China,2018,Flood,7,3964380.72,9619.21,153260000,158606000,162538000,3.49,6.05
ESP,Spain,2018,Flood,1,130122.52,27947.32,121717000,124456000,126170000,2.25,3.66
FRA,France,2018,Flood,2,617649.29,38062.44,207274000,211998000,217877000,2.28,5.12
IDN,Indonesia,2018,Earthquake,5,2042059.66,3701.32,14040000,15810000,16107000,12.61,14.72
IND,India,2018,Flood,3,2485326.26,1883.36,15543000,17423000,17914000,12.1,15.25
IRN,"Iran, Islamic Republic of",2018,Earthquake,2,17349.19,5215.35,4867000,7295000,9107000,49.89,87.12
IRN,"Iran, Islamic Republic of",2018,Flood,1,144002.31,5215.35,4867000,7295000,9107000,49.89,87.12
JPN,Japan,2018,Earthquake,2,3903681.42,36138.53,28691000,31191000,31881000,8.71,11.12
JPN,Japan,2018,Flood,1,8241105.55,36138.53,28691000,31191000,31881000,8.71,11.12
KEN,Kenya,2018,Flood,1,303619.46,1596.69,1449000,2025000,2049000,39.75,41.41
MOZ,Mozambique,2018,Flood,1,4424.52,621.15,1514000,2870000,2033000,89.56,34.28
NGA,Nigeria,2018,Flood,1,238558.56,2431.78,NULL,NULL,NULL,NULL,NULL
NZL,"New Zealand",2018,Flood,1,21687.21,40350.91,3723000,3858000,3888000,3.63,4.43
PNG,"Papua New Guinea",2018,Earthquake,1,52916.9,2518.46,182000,195000,211000,7.14,15.93
PRK,"Korea, Democratic People's Republic of",2018,Flood,1,21687.21,NULL,NULL,NULL,NULL,NULL,NULL
QAT,Qatar,2018,Flood,1,8674.6,64410.82,2256000,1819000,2136500,-19.37,-5.3
RUS,"Russian Federation",2018,Flood,1,8674.6,9674.79,24390000,24551000,24419000,0.66,0.12
RWA,Rwanda,2018,Flood,3,38169.94,817.58,1570000,1711000,1634000,8.98,4.08
SOM,Somalia,2018,Flood,1,69398.92,498.98,NULL,NULL,NULL,NULL,NULL
TTO,"Trinidad and Tobago",2018,Flood,1,3209.9,17399.46,465000,501000,480000,7.74,3.23
TUN,Tunisia,2018,Flood,1,31229.69,4128.1,7052000,8299000,9429000,17.68,33.71
USA,"United States",2018,Flood,3,672300.54,60127.21,174291750,169324921.88,165478000,-2.85,-5.06
VNM,"Viet Nam",2018,Flood,2,41639.35,3048.28,12922000,15498000,18009000,19.93,39.37
ALB,Albania,2019,Earthquake,2,634772.58,4542.27,5927000,6406000,2658000,8.08,-55.15
AUS,Australia,2019,Flood,1,1704087.11,58924.73,9246000,9466000,1828000,2.38,-80.23
BGD,Bangladesh,2019,Flood,1,63903.48,1564.21,267000,323000,NULL,20.97,NULL
CAN,Canada,2019,Flood,1,681634.99,45100.29,31274000,32430000,NULL,3.7,NULL
CHN,China,2019,Earthquake,2,1109361.09,10155.51,158606000,162538000,30402000,2.48,-80.83
CHN,China,2019,Flood,3,5627746.42,10155.51,158606000,162538000,30402000,2.48,-80.83
ESP,Spain,2019,Flood,2,2179527.07,28291.63,124456000,126170000,36410000,1.38,-70.74
IDN,Indonesia,2019,Flood,3,1122993.52,3850.9,15810000,16107000,4053000,1.88,-74.36
IND,India,2019,Flood,1,8520434.85,1936.03,17423000,17914000,NULL,2.82,NULL
IRN,"Iran, Islamic Republic of",2019,Earthquake,1,76683.75,5000.99,7295000,9107000,1550000,24.84,-78.75
IRN,"Iran, Islamic Republic of",2019,Flood,2,2198272.46,5000.99,7295000,9107000,1550000,24.84,-78.75
JPN,Japan,2019,Flood,1,85204.64,36043.78,31191000,31881000,4115799.8,2.21,-86.8
LBY,Libya,2019,Flood,1,6049.48,8768.41,NULL,NULL,NULL,NULL,NULL
NPL,Nepal,2019,Flood,1,173817.21,1077.12,1173000,1197000,230000,2.05,-80.39
PAK,Pakistan,2019,Earthquake,1,14484.59,1573.83,NULL,NULL,NULL,NULL,NULL
PHL,Philippines,2019,Earthquake,2,47082.6,3575.88,7168000,8261000,1483000,15.25,-79.31
RUS,"Russian Federation",2019,Flood,3,414093.67,9882.02,24551000,24419000,6359000,-0.54,-74.1
USA,"United States",2019,Earthquake,1,170408.57,61400.55,169324921.88,165478000,45037000,-2.27,-73.4
USA,"United States",2019,Flood,1,8520434.85,61400.55,169324921.88,165478000,45037000,-2.27,-73.4
VNM,"Viet Nam",2019,Flood,2,49418.89,3241.08,15498000,18009000,3837000,16.2,-75.24
ZAF,"South Africa",2019,Flood,1,42602.32,6032.83,15004000,14797000,3886600.1,-1.38,-74.1
ARG,Argentina,2020,Flood,1,8416.52,11393.05,7399000,NULL,NULL,NULL,NULL
AUS,Australia,2020,Flood,1,1009992.85,58132.8,9466000,1828000,NULL,-80.69,NULL
BGD,Bangladesh,2020,Flood,1,420830.17,1604.67,323000,NULL,NULL,NULL,NULL
BOL,"Bolivia, Plurinational State of",2020,Flood,1,8416.52,2949.82,1239000,323299.99,NULL,-73.91,NULL
BRA,Brazil,2020,Flood,4,420830.17,8435.01,6353000,NULL,NULL,NULL,NULL
CAN,Canada,2020,Flood,1,1094159.45,42366.13,32430000,NULL,NULL,NULL,NULL
CHN,China,2020,Earthquake,1,14308.01,10358.17,162538000,30402000,NULL,-81.3,NULL
CHN,China,2020,Flood,2,18348207.33,10358.17,162538000,30402000,NULL,-81.3,NULL
COL,Colombia,2020,Flood,2,29458.17,5891.96,4531000,1396000,NULL,-69.19,NULL
EGY,Egypt,2020,Flood,1,63966.39,3770.87,13026000,NULL,NULL,NULL,NULL
FRA,France,2020,Flood,1,44608.33,35709.2,217877000,117109000,NULL,-46.25,NULL
GRC,Greece,2020,Flood,1,25249.55,17486.95,34005000,7406000,NULL,-78.22,NULL
HRV,Croatia,2020,Earthquake,2,10961286.46,13544.97,60021000,21608000,NULL,-64,NULL
IDN,Indonesia,2020,Flood,4,24660.48,3739.45,16107000,4053000,NULL,-74.84,NULL
IND,India,2020,Flood,3,9687516.96,1806.5,17914000,NULL,NULL,NULL,NULL
IRN,"Iran, Islamic Republic of",2020,Flood,3,1984636.75,5127.96,9107000,1550000,NULL,-82.98,NULL
IRQ,Iraq,2020,Flood,1,84165.89,4214,NULL,NULL,NULL,NULL,NULL
ISR,Israel,2020,Flood,1,488163.03,38049.99,4905000,NULL,NULL,NULL,NULL
ITA,Italy,2020,Flood,2,58916.34,29469.8,95399000,38419000,NULL,-59.73,NULL
JPN,Japan,2020,Flood,1,4881633.17,34650.8,31881000,4115799.8,NULL,-87.09,NULL
KEN,Kenya,2020,Flood,1,8416.52,1609.33,2049000,NULL,NULL,NULL,NULL
KOR,"Korea, Republic of",2020,Flood,1,353497.32,31378.16,17503000,2519000,NULL,-85.61,NULL
MEX,Mexico,2020,Earthquake,1,63124.24,9234.64,97406000,51128000,NULL,-47.51,NULL
MNG,Mongolia,2020,Flood,1,1430.51,4066.03,637000,66900,NULL,-89.5,NULL
MYS,Malaysia,2020,Flood,1,5723.49,10171.47,26101000,4333000,NULL,-83.4,NULL
NER,Niger,2020,Flood,1,8416.52,533.19,192000,85000,NULL,-55.73,NULL
NGA,Nigeria,2020,Flood,1,84165.89,2337.58,NULL,NULL,NULL,NULL,NULL
NPL,Nepal,2020,Flood,1,84165.89,1031.54,1197000,230000,NULL,-80.79,NULL
NZL,"New Zealand",2020,Flood,2,84165.89,39596.53,3888000,996000,NULL,-74.38,NULL
PAK,Pakistan,2020,Flood,1,1262491.24,1526.01,NULL,NULL,NULL,NULL,NULL
PER,Peru,2020,Flood,1,8416.52,5831.83,5275000,1119000,NULL,-78.79,NULL
PHL,Philippines,2020,Earthquake,1,2103.95,3198.67,8261000,1483000,NULL,-82.05,NULL
PRI,"Puerto Rico",2020,Earthquake,2,799577.76,28145.01,4931000,3882000,NULL,-21.27,NULL
ROU,Romania,2020,Flood,1,71541.47,10916.31,12815000,5023000,NULL,-60.8,NULL
SDN,Sudan,2020,Flood,1,210415.09,1056.86,NULL,NULL,NULL,NULL,NULL
SEN,Senegal,2020,Flood,1,15150.16,1361.79,NULL,NULL,NULL,NULL,NULL
SRB,Serbia,2020,Flood,1,23566.68,6850.97,1847000,446000,NULL,-75.85,NULL
THA,Thailand,2020,Flood,1,42083.3,6035.19,39916000,NULL,NULL,NULL,NULL
TLS,Timor-Leste,2020,Flood,1,16833.04,1947.84,74800,NULL,NULL,NULL,NULL
TUR,Turkey,2020,Earthquake,2,664912.05,12179.66,51747000,15971000,NULL,-69.14,NULL
TUR,Turkey,2020,Flood,2,239873.26,12179.66,51747000,15971000,NULL,-69.14,NULL
UKR,Ukraine,2020,Flood,1,129499.13,2324.11,13710000,3382000,NULL,-75.33,NULL
USA,"United States",2020,Flood,2,1914778.87,59493.15,165478000,45037000,NULL,-72.78,NULL
VEN,"Venezuela, Bolivarian Republic of",2020,Flood,1,25249.55,NULL,NULL,NULL,NULL,NULL,NULL
VNM,"Viet Nam",2020,Flood,1,18516.62,3303.17,18009000,3837000,NULL,-78.69,NULL
YEM,Yemen,2020,Flood,2,16833.04,951.13,NULL,NULL,NULL,NULL,NULL
AUS,Australia,2021,Flood,3,2033854.76,59276.5,1828000,NULL,NULL,NULL,NULL
BEL,Belgium,2021,Flood,1,1607790.8,43119.89,2584000,NULL,NULL,NULL,NULL
BRA,Brazil,2021,Flood,5,436515.08,8799.23,NULL,NULL,NULL,NULL,NULL
CAN,Canada,2021,Flood,1,1607790.8,44359.62,NULL,NULL,NULL,NULL,NULL
CHN,China,2021,Earthquake,4,773348.08,11223.26,30402000,NULL,NULL,NULL,NULL
CHN,China,2021,Flood,3,14840709.9,11223.26,30402000,NULL,NULL,NULL,NULL
DEU,Germany,2021,Flood,1,32155810.95,43898.77,12449000,NULL,NULL,NULL,NULL
ESP,Spain,2021,Flood,2,113349.54,26721.15,36410000,NULL,NULL,NULL,NULL
FRA,France,2021,Flood,2,26528.51,38030.86,117109000,NULL,NULL,NULL,NULL
GRC,Greece,2021,Earthquake,2,32156.2,19232.97,7406000,NULL,NULL,NULL,NULL
HTI,Haiti,2021,Earthquake,1,1302367.65,1292.72,NULL,NULL,NULL,NULL,NULL
IDN,Indonesia,2021,Earthquake,1,47188.4,3850.69,4053000,NULL,NULL,NULL,NULL
IDN,Indonesia,2021,Flood,1,40194.54,3850.69,4053000,NULL,NULL,NULL,NULL
IND,India,2021,Flood,2,2572465.42,1965.31,NULL,NULL,NULL,NULL,NULL
IRN,"Iran, Islamic Republic of",2021,Earthquake,2,140681.6,5325.55,1550000,NULL,NULL,NULL,NULL
IRQ,Iraq,2021,Flood,1,11254.67,4182.5,NULL,NULL,NULL,NULL,NULL
JPN,Japan,2021,Earthquake,2,6632135.88,35701.45,4115799.8,NULL,NULL,NULL,NULL
JPN,Japan,2021,Flood,1,80389.79,35701.45,4115799.8,NULL,NULL,NULL,NULL
LAO,"Lao People's Democratic Republic",2021,Earthquake,1,96.51,2556.59,886400.02,NULL,NULL,NULL,NULL
MEX,Mexico,2021,Earthquake,1,160778.87,9728.06,51128000,NULL,NULL,NULL,NULL
MEX,Mexico,2021,Flood,2,48233.59,9728.06,51128000,NULL,NULL,NULL,NULL
MYS,Malaysia,2021,Flood,1,1173687.08,10388.27,4333000,NULL,NULL,NULL,NULL
NZL,"New Zealand",2021,Flood,3,198562.05,41225.79,996000,NULL,NULL,NULL,NULL
PAK,Pakistan,2021,Flood,1,8039.05,1595.03,NULL,NULL,NULL,NULL,NULL
PER,Peru,2021,Flood,1,20097.27,6547.42,1119000,NULL,NULL,NULL,NULL
PHL,Philippines,2021,Flood,1,20097.27,3350.98,1483000,NULL,NULL,NULL,NULL
RUS,"Russian Federation",2021,Flood,1,160778.87,10206.95,6359000,NULL,NULL,NULL,NULL
SWE,Sweden,2021,Flood,1,56272.64,54458.35,1957000,NULL,NULL,NULL,NULL
THA,Thailand,2021,Flood,1,475101.81,6122.49,NULL,NULL,NULL,NULL,NULL
TJK,Tajikistan,2021,Flood,1,7234.79,1254.07,NULL,NULL,NULL,NULL,NULL
TUR,Turkey,2021,Flood,2,251619.06,13449.93,15971000,NULL,NULL,NULL,NULL
USA,"United States",2021,Flood,12,3054800.59,62996.29,45037000,NULL,NULL,NULL,NULL
ZAF,"South Africa",2021,Flood,1,60291.81,5756.2,3886600.1,NULL,NULL,NULL,NULL
AUS,Australia,2022,Flood,4,6286595.4,61009.81,NULL,NULL,NULL,NULL,NULL
BGD,Bangladesh,2022,Flood,1,344251.52,1804.35,NULL,NULL,NULL,NULL,NULL
BGR,Bulgaria,2022,Flood,1,34983.63,9352.33,NULL,NULL,NULL,NULL,NULL
BIH,"Bosnia and Herzegovina",2022,Earthquake,1,19352.34,6327.06,NULL,NULL,NULL,NULL,NULL
BRA,Brazil,2022,Flood,7,849277.61,9032.08,NULL,NULL,NULL,NULL,NULL
CAN,Canada,2022,Flood,1,26795.88,45227.14,NULL,NULL,NULL,NULL,NULL
CHN,China,2022,Earthquake,4,2186092,11555.93,NULL,NULL,NULL,NULL,NULL
CHN,China,2022,Flood,1,3721640.72,11555.93,NULL,NULL,NULL,NULL,NULL
CMR,Cameroon,2022,Flood,1,11164.59,1458.66,NULL,NULL,NULL,NULL,NULL
COL,Colombia,2022,Flood,1,8187.75,6854.21,NULL,NULL,NULL,NULL,NULL
CUB,Cuba,2022,Flood,1,18608.13,7552.32,NULL,NULL,NULL,NULL,NULL
ECU,Ecuador,2022,Flood,1,39449.61,6148.02,NULL,NULL,NULL,NULL,NULL
GTM,Guatemala,2022,Flood,1,151842.62,4385.46,NULL,NULL,NULL,NULL,NULL
IDN,Indonesia,2022,Earthquake,2,46148.22,4024.92,NULL,NULL,NULL,NULL,NULL
IDN,Indonesia,2022,Flood,2,55080.19,4024.92,NULL,NULL,NULL,NULL,NULL
IND,India,2022,Flood,1,3126178.35,2086.08,NULL,NULL,NULL,NULL,NULL
IRN,"Iran, Islamic Republic of",2022,Earthquake,1,106438.6,5460.69,NULL,NULL,NULL,NULL,NULL
IRN,"Iran, Islamic Republic of",2022,Flood,1,149609.98,5460.69,NULL,NULL,NULL,NULL,NULL
JPN,Japan,2022,Earthquake,1,6550088.24,36202.64,NULL,NULL,NULL,NULL,NULL
JPN,Japan,2022,Flood,1,104950.18,36202.64,NULL,NULL,NULL,NULL,NULL
KOR,"Korea, Republic of",2022,Flood,1,314850.54,33690.38,NULL,NULL,NULL,NULL,NULL
MEX,Mexico,2022,Earthquake,1,18608.13,10011.25,NULL,NULL,NULL,NULL,NULL
MYS,Malaysia,2022,Flood,1,178.72,11174.21,NULL,NULL,NULL,NULL,NULL
NGA,Nigeria,2022,Flood,1,3126178.35,2398.99,NULL,NULL,NULL,NULL,NULL
PAK,Pakistan,2022,Flood,1,11164922.87,1642.28,NULL,NULL,NULL,NULL,NULL
PHL,Philippines,2022,Earthquake,2,113436.04,3577.7,NULL,NULL,NULL,NULL,NULL
PHL,Philippines,2022,Flood,1,8187.75,3577.7,NULL,NULL,NULL,NULL,NULL
PRI,"Puerto Rico",2022,Flood,1,12653.73,29819.89,NULL,NULL,NULL,NULL,NULL
SDN,Sudan,2022,Flood,1,7443.54,973.23,NULL,NULL,NULL,NULL,NULL
SUR,Suriname,2022,Flood,1,15630.57,7081.33,NULL,NULL,NULL,NULL,NULL
THA,Thailand,2022,Flood,1,9676.17,6272.58,NULL,NULL,NULL,NULL,NULL
TUR,Turkey,2022,Earthquake,1,37216.26,14055.1,NULL,NULL,NULL,NULL,NULL
USA,"United States",2022,Earthquake,1,186082.04,64342.12,NULL,NULL,NULL,NULL,NULL
USA,"United States",2022,Flood,1,1116492.22,64342.12,NULL,NULL,NULL,NULL,NULL
VNM,"Viet Nam",2022,Flood,1,1116.67,3603.86,NULL,NULL,NULL,NULL,NULL
ZAF,"South Africa",2022,Flood,3,2735405.43,5783.86,NULL,NULL,NULL,NULL,NULL
